id,type,label,bloom_level,difficulty,frequency
ilmu pengetahuan sosial,topic_coarse,Ilmu Pengetahuan Sosial,,,
kehidupan zaman prasejarah,topic_fine,Kehidupan Zaman Prasejarah,,,
paleolithikum,concept,Paleolithikum,C1-Mengingat,1.0,1.0
kebudayaan zaman paleolithikum,concept,Kebudayaan Zaman Paleolithikum,C1-Mengingat,1.0,1.0
q_b126b50336,question,Sebutkan dua kebudayaan yang berkembang pada zaman Paleolithikum yang disebutkan dalam teks,C1-Mengingat,1.0,
zaman neolitikum,concept,Zaman Neolitikum,,,
perencanaan wilayah,topic_coarse,Perencanaan Wilayah,,,
asas penataan ruang,topic_fine,Asas Penataan Ruang,C6-Mencipta,5.0,3.0
penataan ruang,concept,Penataan Ruang,C6-Mencipta,5.0,4.0
q_43d575743e,question,Sebutkan lima dari 14 asas penataan ruang yang dijelaskan dalam teks!,C1-Mengingat,1.0,
konsep ruang,concept,Konsep Ruang,C2-Memahami,2.0,1.0
implementasi tata ruang,concept,Implementasi Tata Ruang,,,
sejarah perdagangan,topic_coarse,Sejarah Perdagangan,,,
jalur rempah nusantara kuno,topic_fine,Jalur Rempah Nusantara Kuno,,,
jalur rempah,concept,Jalur Rempah,C6-Mencipta,5.0,6.0
komoditas aromatik,concept,Komoditas Aromatik,C1-Mengingat,1.0,1.0
barus,concept,Barus,C1-Mengingat,1.0,1.0
q_a671df7a6e,question,Komoditas aromatik utama yang berasal dari kota pelabuhan kuno Barus adalah...,C1-Mengingat,1.0,
konsep nusantara,concept,Konsep Nusantara,,,
dampak jalur rempah,concept,Dampak Jalur Rempah,,,
perdagangan internasional,topic_coarse,Perdagangan Internasional,C5-Mengevaluasi,5.0,16.0
faktor pendorong dan penghambat,topic_fine,Faktor Pendorong dan Penghambat,,,
faktor penghambat perdagangan internasional,concept,Faktor Penghambat Perdagangan Internasional,C1-Mengingat,1.0,1.0
kondisi politik dan keamanan,concept,Kondisi Politik dan Keamanan,C1-Mengingat,1.0,1.0
q_65af9f9a67,question,Sebutkan salah satu faktor penghambat perdagangan internasional yang berkaitan dengan kondisi politik dan keamanan suatu,C1-Mengingat,1.0,
pengertian perdagangan internasional,concept,Pengertian Perdagangan Internasional,,,
analisis dampak kebijakan perdagangan,concept,Analisis Dampak Kebijakan Perdagangan,,,
lembaga keuangan,topic_coarse,Lembaga Keuangan,C2-Memahami,2.0,2.0
definisi dan fungsi bank,topic_fine,Definisi dan Fungsi Bank,,,
bank,concept,Bank,C1-Mengingat,1.0,1.0
penghimpunan dana,concept,Penghimpunan dana,C1-Mengingat,1.0,2.0
penyaluran kredit,concept,Penyaluran kredit,C1-Mengingat,1.0,2.0
q_3ef5c6a865,question,Sebutkan dua fungsi utama bank sebagaimana dijelaskan dalam teks.,C1-Mengingat,1.0,
pengertian lembaga keuangan,concept,Pengertian Lembaga Keuangan,,,
jenis-jenis lembaga keuangan,concept,Jenis-jenis lembaga keuangan,,,
teori perdagangan global,topic_fine,Teori Perdagangan Global,,,
keunggulan komparatif,concept,Keunggulan Komparatif,C6-Mencipta,5.0,4.0
david ricardo,concept,David Ricardo,C1-Mengingat,1.0,2.0
q_de63c8e657,question,Konsep ekonomi utama apa yang menjadi dasar dari teori keunggulan komparatif David Ricardo?,C1-Mengingat,1.0,
teori perdagangan internasional,concept,Teori Perdagangan Internasional,C5-Mengevaluasi,5.0,1.0
teori heckscher-ohlin,concept,Teori Heckscher-Ohlin,C6-Mencipta,5.0,2.0
keanekaragaman hayati,topic_coarse,Keanekaragaman Hayati,C6-Mencipta,5.0,11.0
manfaat keanekaragaman flora dan fauna,topic_fine,Manfaat Keanekaragaman Flora dan Fauna,,,
manfaat sosial,concept,Manfaat sosial,C1-Mengingat,1.0,1.0
flora dan fauna,concept,Flora dan Fauna,C5-Mengevaluasi,5.0,2.0
q_a6611d4967,question,Sebutkan tiga manfaat sosial dari keanekaragaman flora dan fauna.,C1-Mengingat,1.0,
definisi keanekaragaman hayati,concept,Definisi keanekaragaman hayati,,,
analisis dampak keanekaragaman hayati,concept,Analisis dampak keanekaragaman hayati,,,
geografi indonesia,topic_coarse,Geografi Indonesia,,,
letak astronomis indonesia,topic_fine,Letak Astronomis Indonesia,C6-Mencipta,5.0,3.0
letak astronomis,concept,Letak Astronomis,C5-Mengevaluasi,5.0,2.0
garis lintang,concept,Garis Lintang,C1-Mengingat,1.0,1.0
garis bujur,concept,Garis Bujur,C1-Mengingat,1.0,1.0
q_ea335ec612,question,Sebutkan batas koordinat letak astronomis Indonesia secara lengkap!,C1-Mengingat,1.0,
pengaruh letak astronomis,concept,Pengaruh Letak Astronomis,,,
ilmu bumi,topic_coarse,Ilmu Bumi,,,
fenomena iklim global,topic_fine,Fenomena Iklim Global,,,
la nina,concept,La Nina,C5-Mengevaluasi,5.0,2.0
suhu permukaan laut,concept,Suhu Permukaan Laut,C1-Mengingat,1.0,1.0
pasifik ekuator,concept,Pasifik Ekuator,C1-Mengingat,1.0,1.0
q_6f9e3683c3,question,Apa nama fenomena yang ditandai dengan mendinginnya suhu permukaan laut di Samudra Pasifik Ekuator?,C1-Mengingat,1.0,
konsep iklim,concept,Konsep Iklim,,,
dampak la nina terhadap indonesia,concept,Dampak La Nina terhadap Indonesia,,,
ekonomi keuangan,topic_coarse,Ekonomi Keuangan,,,
definisi lembaga keuangan,topic_fine,Definisi Lembaga Keuangan,,,
q_c7c7f9bc95,question,Apa definisi lembaga keuangan secara umum?,C1-Mengingat,1.0,
media sosial,topic_coarse,Media Sosial,C6-Mencipta,5.0,2.0
penggunaan aplikasi media sosial indonesia,topic_fine,Penggunaan Aplikasi Media Sosial Indonesia,,,
we are social,concept,We Are Social,C1-Mengingat,1.0,1.0
aplikasi media sosial,concept,Aplikasi Media Sosial,C1-Mengingat,1.0,1.0
pengguna indonesia,concept,Pengguna Indonesia,C1-Mengingat,1.0,1.0
q_a4cfd1a3ba,question,"Menurut laporan We Are Social, aplikasi apa yang paling banyak digunakan oleh pengguna media sosial di Indonesia?",C1-Mengingat,1.0,
analisis tren media sosial,concept,Analisis Tren Media Sosial,,,
sosiologi sosial,topic_coarse,Sosiologi Sosial,,,
konsep status dan peran sosial,topic_fine,Konsep Status dan Peran Sosial,,,
status sosial,concept,Status sosial,C6-Mencipta,5.0,13.0
status yang diperoleh melalui kelahiran,concept,Status yang diperoleh melalui kelahiran,C1-Mengingat,1.0,1.0
q_04cc0a188e,question,Status sosial yang diperoleh seseorang melalui kelahiran disebut...,C1-Mengingat,1.0,
interaksi sosial,concept,Interaksi Sosial,C6-Mencipta,5.0,9.0
status yang diperoleh melalui pencapaian,concept,Status yang diperoleh melalui pencapaian,,,
ketahanan wilayah,topic_coarse,Ketahanan Wilayah,C6-Mencipta,5.0,5.0
komponen penentu ketahanan wilayah,topic_fine,Komponen Penentu Ketahanan Wilayah,,,
infrastruktur fisik,concept,Infrastruktur fisik,C1-Mengingat,1.0,1.0
infrastruktur nonfisik,concept,Infrastruktur nonfisik,C1-Mengingat,1.0,1.0
q_86cb1fb61e,question,Apa saja yang termasuk dalam infrastruktur fisik dan infrastruktur nonfisik?,C1-Mengingat,1.0,
ketahanan nasional,concept,Ketahanan Nasional,,,
pemanfaatan potensi daerah,concept,Pemanfaatan Potensi Daerah,C3-Menerapkan,3.0,1.0
sosiologi,topic_coarse,Sosiologi,,,
konsep dasar masalah sosial,topic_fine,Konsep Dasar Masalah Sosial,,,
bullying,concept,Bullying,C6-Mencipta,5.0,2.0
gejala awal,concept,Gejala Awal,C1-Mengingat,1.0,1.0
q_4a73124312,question,Sebutkan dua gejala awal yang diamati oleh kelompok Andi yang mengarah pada dugaan adanya kasus bullying.,C1-Mengingat,1.0,
analisis masalah sosial,concept,Analisis Masalah Sosial,,,
sejarah indonesia,topic_coarse,Sejarah Indonesia,,,
sistem pemerintahan masa orde lama,topic_fine,Sistem Pemerintahan Masa Orde Lama,,,
sistem pemerintahan indonesia,concept,Sistem pemerintahan Indonesia,C1-Mengingat,1.0,1.0
periode orde lama,concept,Periode Orde Lama,C1-Mengingat,1.0,1.0
dekrit presiden 1959,concept,Dekrit Presiden 1959,C1-Mengingat,1.0,1.0
q_5b01985820,question,Apa nama sistem pemerintahan yang dianut Indonesia sebelum Dekrit Presiden 1959?,C1-Mengingat,1.0,
proklamasi kemerdekaan 1945,concept,Proklamasi Kemerdekaan 1945,,,
periode orde baru,concept,Periode Orde Baru,,,
reformasi pemerintahan,topic_coarse,Reformasi Pemerintahan,,,
reformasi birokrasi dan bumn,topic_fine,Reformasi Birokrasi dan BUMN,,,
reformasi birokrasi,concept,Reformasi Birokrasi,C6-Mencipta,5.0,5.0
birokrasi patrimonial,concept,Birokrasi Patrimonial,C6-Mencipta,5.0,5.0
sistem merit,concept,Sistem Merit,C6-Mencipta,5.0,3.0
bumn,concept,BUMN,C4-Menganalisis,4.0,2.0
q_ea2be250d6,question,Sebutkan dua langkah utama untuk mereformasi BUMN!,C1-Mengingat,1.0,
implementasi reformasi birokrasi,concept,Implementasi Reformasi Birokrasi,,,
metodologi penelitian,topic_coarse,Metodologi Penelitian,,,
proses penelitian sosial,topic_fine,Proses Penelitian Sosial,C4-Menganalisis,4.0,1.0
pemecahan masalah,concept,Pemecahan Masalah,C6-Mencipta,5.0,3.0
penelitian sosial,concept,Penelitian Sosial,C6-Mencipta,5.0,9.0
permasalahan sosial,concept,Permasalahan Sosial,C5-Mengevaluasi,5.0,3.0
q_3cc74c0b89,question,Apakah langkah pertama dalam bagan proses penelitian sosial setelah mengidentifikasi adanya permasalahan sosial di masya,C1-Mengingat,1.0,
pemahaman konsep masalah,concept,Pemahaman Konsep Masalah,,,
penemuan alternatif solusi,concept,Penemuan Alternatif Solusi,,,
pemberdayaan komunitas,topic_coarse,Pemberdayaan Komunitas,C6-Mencipta,5.0,10.0
masalah sosial dan solusi,topic_fine,Masalah Sosial dan Solusi,,,
masalah sosial,concept,Masalah Sosial,C4-Menganalisis,4.0,9.0
q_28339b6084,question,Sebutkan tiga contoh masalah sosial yang dapat diatasi melalui pemberdayaan komunitas.,C1-Mengingat,1.0,
definisi pemberdayaan komunitas,concept,Definisi Pemberdayaan Komunitas,,,
analisis model pemberdayaan,concept,Analisis Model Pemberdayaan,,,
geosfer dan bumi,topic_coarse,Geosfer dan Bumi,,,
komponen sistem geosfer,topic_fine,Komponen Sistem Geosfer,,,
geosfer,concept,Geosfer,C1-Mengingat,1.0,1.0
litosfer,concept,Litosfer,C2-Memahami,3.0,3.0
q_5c9579822c,question,Apakah definisi dari litosfer menurut teks?,C1-Mengingat,1.0,
hidrosfer,concept,Hidrosfer,C6-Mencipta,5.0,3.0
atmosfer,concept,Atmosfer,C6-Mencipta,5.0,6.0
manajemen sumber daya,topic_coarse,Manajemen Sumber Daya,,,
fungsi dan jenis upah,topic_fine,Fungsi dan Jenis Upah,,,
upah,concept,Upah,C1-Mengingat,1.0,3.0
fungsi upah,concept,Fungsi Upah,C5-Mengevaluasi,5.0,3.0
insentif produktivitas,concept,Insentif Produktivitas,C5-Mengevaluasi,5.0,2.0
q_297d07de6e,question,Sebutkan tiga fungsi penting dari upah!,C1-Mengingat,1.0,
definisi upah,concept,Definisi Upah,,,
sistem pemberian upah,concept,Sistem pemberian upah,C1-Mengingat,1.0,1.0
ekonomi,topic_coarse,Ekonomi,,,
pelaku ekonomi utama,topic_fine,Pelaku Ekonomi Utama,,,
rumah tangga produsen (rtp),concept,Rumah Tangga Produsen (RTP),C6-Mencipta,5.0,3.0
q_b4c3c14ecf,question,Apa yang dimaksud dengan Rumah Tangga Produsen (RTP)?,C1-Mengingat,1.0,
pelaku ekonomi,concept,Pelaku Ekonomi,C5-Mengevaluasi,5.0,6.0
peran rumah tangga produsen,concept,Peran Rumah Tangga Produsen,,,
ilmu pengetahuan alam,topic_coarse,Ilmu Pengetahuan Alam,,,
keanekaragaman hayati dan manfaatnya,topic_fine,Keanekaragaman Hayati dan Manfaatnya,,,
manfaat kulit ari beras,concept,Manfaat kulit ari beras,C1-Mengingat,1.0,1.0
anti beri-beri,concept,Anti beri-beri,C1-Mengingat,1.0,1.0
vitamin b1,concept,Vitamin B1,C1-Mengingat,1.0,1.0
q_32040d929d,question,Siapakah penemu manfaat kulit ari beras sebagai anti beri-beri (vitamin B1)?,C1-Mengingat,1.0,
konsep nutrisi dasar,concept,Konsep nutrisi dasar,,,
pemanfaatan sumber daya alam,concept,Pemanfaatan sumber daya alam,,,
ekonomi makro,topic_coarse,Ekonomi Makro,,,
kebijakan fiskal pemerintah,topic_fine,Kebijakan Fiskal Pemerintah,,,
kebijakan fiskal,concept,Kebijakan Fiskal,C6-Mencipta,5.0,7.0
apbn,concept,APBN,C6-Mencipta,5.0,11.0
apbd,concept,APBD,C4-Menganalisis,4.0,4.0
q_bfc25e08aa,question,Apa instrumen utama yang digunakan dalam Kebijakan Fiskal?,C1-Mengingat,1.0,
kebijakan fiskal ekspansif,concept,Kebijakan Fiskal Ekspansif,C6-Mencipta,5.0,3.0
kebijakan fiskal kontraktif,concept,Kebijakan Fiskal Kontraktif,C6-Mencipta,5.0,2.0
sistem berdasarkan waktu,concept,Sistem berdasarkan waktu,C1-Mengingat,1.0,1.0
sistem berdasarkan hasil,concept,Sistem berdasarkan hasil,C1-Mengingat,1.0,1.0
q_e2373e34f1,question,Sebutkan tiga sistem pemberian upah yang diterapkan!,C1-Mengingat,1.0,
analisis perbandingan sistem upah,concept,Analisis perbandingan sistem upah,,,
pelaku ekonomi dan perannya,topic_fine,Pelaku Ekonomi dan Perannya,,,
konsumsi,concept,Konsumsi,C4-Menganalisis,4.0,5.0
produksi,concept,Produksi,C1-Mengingat,1.0,2.0
distribusi,concept,Distribusi,C1-Mengingat,1.0,2.0
q_e15c0ff2c4,question,"Menurut teks, apa definisi dari pasar",C1-Mengingat,1.0,
interaksi antar pelaku ekonomi,concept,Interaksi Antar Pelaku Ekonomi,,,
geografi fisik,topic_coarse,Geografi Fisik,,,
pembagian benua dan batasnya,topic_fine,Pembagian Benua dan Batasnya,,,
benua eropa,concept,Benua Eropa,C1-Mengingat,1.0,1.0
benua asia,concept,Benua Asia,C3-Menerapkan,3.0,2.0
batas geografis,concept,Batas geografis,C1-Mengingat,1.0,1.0
q_41f8cf5080,question,Sebutkan dua fitur geografis utama yang menjadi batas antara Benua Eropa dan Benua Asia,C1-Mengingat,1.0,
pengenalan benua,concept,Pengenalan Benua,,,
perbandingan karakteristik benua,concept,Perbandingan karakteristik benua,,,
perubahan sosial dan mobilitas,topic_fine,Perubahan Sosial dan Mobilitas,,,
upward mobility,concept,Upward mobility,C1-Mengingat,1.0,1.0
downward mobility,concept,Downward mobility,C1-Mengingat,1.0,1.0
q_55fbbf4729,question,Definisikan istilah 'upward mobility' dan 'downward mobility'.,C1-Mengingat,1.0,
konsep dasar perubahan sosial,concept,Konsep Dasar Perubahan Sosial,,,
dampak mobilitas sosial,concept,Dampak mobilitas sosial,,,
harmoni sosial,topic_coarse,Harmoni Sosial,C6-Mencipta,5.0,12.0
peran generasi muda dalam harmoni,topic_fine,Peran Generasi Muda dalam Harmoni,,,
kampanye sosial,concept,Kampanye Sosial,C6-Mencipta,5.0,9.0
penyebarluasan informasi,concept,Penyebarluasan Informasi,C1-Mengingat,1.0,2.0
q_40a318eed0,question,Apa arti dari istilah 'public hearing' atau audiensi publik?,C1-Mengingat,1.0,
berdialog,concept,Berdialog,,,
ilmu sejarah,topic_coarse,Ilmu Sejarah,,,
definisi dan konsep sejarah,topic_fine,Definisi dan Konsep Sejarah,,,
definisi sejarah,concept,Definisi Sejarah,C5-Mengevaluasi,5.0,2.0
e.h. carr,concept,E.H. Carr,C1-Mengingat,1.0,1.0
q_f7ded43964,question,"Menurut E.H. Carr, sejarah adalah dialog yang abadi antara masa sekarang dan",C1-Mengingat,1.0,
interpretasi sejarah,concept,Interpretasi Sejarah,,,
kegiatan ekonomi,topic_coarse,Kegiatan ekonomi,C3-Menerapkan,3.0,2.0
jenis-jenis kegiatan ekonomi,topic_fine,Jenis-jenis kegiatan ekonomi,,,
q_81041a0178,question,Apa saja tiga bentuk distribusi berdasarkan cara penyalurannya?,C1-Mengingat,1.0,
kebutuhan manusia,concept,Kebutuhan manusia,C5-Mengevaluasi,5.0,3.0
faktor-faktor produksi,concept,Faktor-faktor produksi,C6-Mencipta,5.0,1.0
unsur-unsur penting dalam sejarah,topic_fine,Unsur-unsur Penting dalam Sejarah,,,
unsur penting sejarah,concept,Unsur penting sejarah,C1-Mengingat,1.0,1.0
ruang,concept,Ruang,C1-Mengingat,1.0,1.0
waktu,concept,Waktu,C1-Mengingat,1.0,1.0
manusia,concept,Manusia,C1-Mengingat,1.0,1.0
q_48edb9a6e0,question,Sebutkan tiga unsur penting yang terkandung dalam sejarah.,C1-Mengingat,1.0,
analisis peristiwa sejarah,concept,Analisis Peristiwa Sejarah,,,
perkembangan nasionalisme indonesia,topic_fine,Perkembangan Nasionalisme Indonesia,,,
budi utomo,concept,Budi Utomo,C6-Mencipta,5.0,6.0
pendirian organisasi,concept,Pendirian Organisasi,C1-Mengingat,1.0,1.0
q_4f66e03deb,question,Pada tanggal dan tahun berapakah organisasi Budi Utomo didirikan?,C1-Mengingat,1.0,
kesadaran politik,concept,Kesadaran politik,,,
peran organisasi pergerakan nasional,concept,Peran Organisasi Pergerakan Nasional,,,
pendudukan jepang di indonesia,topic_fine,Pendudukan Jepang di Indonesia,,,
struktur pemerintahan terkecil jepang,concept,Struktur pemerintahan terkecil Jepang,C1-Mengingat,1.0,1.0
tonarigumi,concept,Tonarigumi,C1-Mengingat,1.0,1.0
q_77120dcca9,question,Struktur pemerintahan terkecil yang dibentuk Jepang untuk mengawasi masyarakat dikenal dengan nama apa?,C1-Mengingat,1.0,
dampak politik pendudukan jepang,concept,Dampak Politik Pendudukan Jepang,,,
jenis status sosial,concept,Jenis status sosial,C1-Mengingat,1.0,1.0
q_b172846220,question,Sebutkan tiga jenis status sosial yang dijelaskan dalam teks.,C1-Mengingat,1.0,
peran sosial,concept,Peran sosial,C6-Mencipta,5.0,6.0
letak astronomis dan geografis,topic_fine,Letak Astronomis dan Geografis,,,
koordinat indonesia,concept,Koordinat Indonesia,C1-Mengingat,1.0,1.0
q_d784751079,question,Pada koordinat berapa letak astronomis Indonesia?,C1-Mengingat,1.0,
pengertian letak geografis,concept,Pengertian letak geografis,,,
pengaruh letak astronomis terhadap iklim,concept,Pengaruh Letak Astronomis Terhadap Iklim,,,
sejarah perkembangan bumi,topic_fine,Sejarah Perkembangan Bumi,,,
zaman arkaekum,concept,Zaman Arkaekum,C4-Menganalisis,4.0,2.0
munculnya kehidupan,concept,Munculnya Kehidupan,C1-Mengingat,1.0,1.0
q_1c22b45a9e,question,Pada zaman apakah tanda-tanda kehidupan manusia mulai muncul?,C1-Mengingat,1.0,
pembentukan bumi,concept,Pembentukan Bumi,,,
zaman proterozoikum,concept,Zaman Proterozoikum,,,
stratifikasi dan struktur sosial,topic_fine,Stratifikasi dan Struktur Sosial,,,
stratifikasi sosial,concept,Stratifikasi Sosial,C6-Mencipta,5.0,9.0
penghargaan berdasarkan kinerja,concept,Penghargaan berdasarkan kinerja,C1-Mengingat,1.0,1.0
q_1facd3afdf,question,Istilah untuk sistem di mana penghargaan atau posisi sosial didasarkan pada kinerja atau pendidikan tinggi adalah...,C1-Mengingat,1.0,
struktur sosial,concept,Struktur Sosial,C4-Menganalisis,4.0,4.0
mobilitas sosial,concept,Mobilitas Sosial,C5-Mengevaluasi,5.0,1.0
sosiologi digital,topic_coarse,Sosiologi Digital,,,
prinsip interaksi dunia digital,topic_fine,Prinsip interaksi dunia digital,C1-Mengingat,1.0,1.0
mike ribble,concept,Mike Ribble,C1-Mengingat,1.0,1.0
q_f022e35c5c,question,Sebutkan tiga prinsip interaksi di dunia digital yang dirumuskan oleh Mike Ribble.,C1-Mengingat,1.0,
masyarakat jaringan,concept,Masyarakat Jaringan,C6-Mencipta,5.0,3.0
dampak teknologi informasi,concept,Dampak Teknologi Informasi,,,
ilmu geografi,topic_coarse,Ilmu Geografi,,,
objek kajian geografi,topic_fine,Objek Kajian Geografi,C2-Memahami,2.0,1.0
lapisan air bumi,concept,Lapisan air bumi,C1-Mengingat,1.0,1.0
sungai dan laut,concept,Sungai dan laut,C1-Mengingat,1.0,1.0
q_79e224a976,question,Lapisan air yang ada di bumi seperti sungai dan laut disebut sebagai apa dalam kajian geografi?,C1-Mengingat,1.0,
definisi geografi,concept,Definisi geografi,,,
objek formal geografi,concept,Objek formal geografi,,,
struktur dan komposisi atmosfer,topic_fine,Struktur dan Komposisi Atmosfer,,,
asal kata atmosfer,concept,Asal kata atmosfer,C1-Mengingat,1.0,1.0
arti 'atmos' dalam bahasa yunani,concept,Arti 'atmos' dalam bahasa Yunani,C1-Mengingat,1.0,1.0
q_2a4c8d16d4,question,Apa arti dari kata 'atmos' dalam bahasa Yunani yang menjadi asal kata atmosfer?,C1-Mengingat,1.0,
komposisi utama atmosfer,concept,Komposisi utama atmosfer,,,
komposisi dan sifat atmosfer,topic_fine,Komposisi dan Sifat Atmosfer,,,
gas nitrogen,concept,Gas Nitrogen,C1-Mengingat,1.0,1.0
gas oksigen,concept,Gas Oksigen,C1-Mengingat,1.0,1.0
q_952c661c73,question,Sebutkan dua gas dengan komposisi terbesar yang membentuk atmosfer,C1-Mengingat,1.0,
definisi atmosfer,concept,Definisi atmosfer,,,
fungsi atmosfer,concept,Fungsi atmosfer,C6-Mencipta,5.0,1.0
konsep dasar budaya dan masyarakat,topic_fine,Konsep Dasar Budaya dan Masyarakat,,,
budaya,concept,Budaya,C6-Mencipta,5.0,7.0
masyarakat,concept,Masyarakat,C1-Mengingat,1.0,1.0
rumah adat,concept,Rumah Adat,C5-Mengevaluasi,5.0,2.0
q_c655d51dfb,question,Sebutkan tiga contoh bentuk rumah adat yang disebutkan dalam teks,C1-Mengingat,1.0,
definisi budaya,concept,Definisi Budaya,,,
keragaman sosial budaya,concept,Keragaman Sosial Budaya,C6-Mencipta,5.0,3.0
keruntuhan orde baru,topic_fine,Keruntuhan Orde Baru,C3-Menerapkan,3.0,1.0
tragedi trisakti,concept,Tragedi Trisakti,C6-Mencipta,5.0,3.0
korban tewas,concept,Korban Tewas,C1-Mengingat,1.0,1.0
q_2f00b7b197,question,Kapan Tragedi Trisakti terjadi dan sebutkan salah satu nama korban yang tewas?,C1-Mengingat,1.0,
krisis moneter 1997,concept,Krisis Moneter 1997,C6-Mencipta,5.0,8.0
reformasi indonesia,concept,Reformasi Indonesia,C5-Mengevaluasi,5.0,3.0
peristiwa pasca proklamasi kemerdekaan,topic_fine,Peristiwa Pasca Proklamasi Kemerdekaan,,,
jenderal inggris di surabaya,concept,Jenderal Inggris di Surabaya,C1-Mengingat,1.0,1.0
peristiwa surabaya,concept,Peristiwa Surabaya,C1-Mengingat,1.0,1.0
q_d5d4376ad8,question,Siapa nama jenderal Inggris yang tewas di Surabaya?,C1-Mengingat,1.0,
proklamasi kemerdekaan indonesia,concept,Proklamasi Kemerdekaan Indonesia,C6-Mencipta,5.0,2.0
pertempuran surabaya,concept,Pertempuran Surabaya,,,
komposisi dan fungsi atmosfer,topic_fine,Komposisi dan Fungsi Atmosfer,,,
unsur pembentuk iklim,concept,Unsur pembentuk iklim,C1-Mengingat,1.0,1.0
unsur pembentuk cuaca,concept,Unsur pembentuk cuaca,C1-Mengingat,1.0,1.0
q_366f206f32,question,Sebutkan unsur-unsur pembentuk iklim dan cuaca yang disebutkan dalam teks,C1-Mengingat,1.0,
perbedaan iklim dan cuaca,concept,Perbedaan Iklim dan Cuaca,C5-Mengevaluasi,5.0,2.0
sosiologi dan perubahan,topic_coarse,Sosiologi dan Perubahan,,,
dampak globalisasi dan transformasi sosial,topic_fine,Dampak Globalisasi dan Transformasi Sosial,,,
transformasi sosial,concept,Transformasi Sosial,C6-Mencipta,5.0,5.0
peristiwa historis,concept,Peristiwa Historis,C1-Mengingat,1.0,1.0
dampak globalisasi,concept,Dampak Globalisasi,C1-Mengingat,1.0,1.0
q_4a9a91785a,question,Peristiwa historis apa yang disebut sebagai penyebab utama terjadinya transformasi sosial pasca tahun 1990-an?,C1-Mengingat,1.0,
konsep perubahan sosial,concept,Konsep Perubahan Sosial,,,
analisis dampak sosial,concept,Analisis Dampak Sosial,,,
keuangan daerah,topic_coarse,Keuangan Daerah,,,
anggaran pendapatan belanja daerah,topic_fine,Anggaran Pendapatan Belanja Daerah,,,
rencana keuangan tahunan pemda,concept,Rencana keuangan tahunan Pemda,C1-Mengingat,1.0,1.0
q_b9f38faa6f,question,Apa definisi dari APBD? ,C1-Mengingat,1.0,
komponen apbd,concept,Komponen APBD,,,
model-model pemberdayaan komunitas,topic_fine,Model-model Pemberdayaan Komunitas,,,
model top-down,concept,Model Top-Down,C5-Mengevaluasi,5.0,6.0
model pemberdayaan komunitas,concept,Model pemberdayaan komunitas,C1-Mengingat,1.0,1.0
q_4dfa0c8cdc,question,Sebutkan dua model pemberdayaan komunitas yang dijelaskan dalam teks.,C1-Mengingat,1.0,
analisis kelebihan dan kekurangan model pemberdayaan,concept,Analisis kelebihan dan kekurangan model pemberdayaan,,,
ilmu pengetahuan,topic_coarse,Ilmu Pengetahuan,,,
definisi dan tokoh sejarah,topic_fine,Definisi dan Tokoh Sejarah,,,
tokoh bapak sejarah,concept,Tokoh Bapak Sejarah,C1-Mengingat,1.0,1.0
q_e805a13c4d,question,Siapakah tokoh yang dijuluki sebagai 'Bapak Sejarah'?,C1-Mengingat,1.0,
teori historiografi,concept,Teori historiografi,,,
faktor persebaran flora dan fauna,topic_fine,Faktor Persebaran Flora dan Fauna,,,
persebaran flora dan fauna,concept,Persebaran flora dan fauna,C5-Mengevaluasi,5.0,3.0
iklim,concept,Iklim,C4-Menganalisis,4.0,3.0
suhu udara,concept,Suhu udara,C1-Mengingat,1.0,1.0
q_9392443f09,question,Berapa rata-rata penurunan suhu udara untuk setiap kenaikan ketinggian 100 meter?,C1-Mengingat,1.0,
pengertian iklim,concept,Pengertian iklim,,,
pengaruh ketinggian terhadap suhu,concept,Pengaruh ketinggian terhadap suhu,,,
perubahan corak perjuangan bangsa,topic_fine,Perubahan corak perjuangan bangsa,,,
politik etis,concept,Politik Etis,C6-Mencipta,5.0,3.0
program politik etis,concept,Program Politik Etis,C1-Mengingat,1.0,1.0
q_1701721426,question,Sebutkan tiga program yang dijalankan dalam kebijakan Politik Etis!,C1-Mengingat,1.0,
penjajahan di indonesia,concept,Penjajahan di Indonesia,,,
pergerakan nasional,concept,Pergerakan Nasional,,,
ilmu lingkungan,topic_coarse,Ilmu Lingkungan,,,
perubahan iklim global,topic_fine,Perubahan Iklim Global,C6-Mencipta,5.0,2.0
kenaikan suhu rata-rata global,concept,Kenaikan Suhu Rata-rata Global,C1-Mengingat,1.0,1.0
ipcc 2021,concept,IPCC 2021,C1-Mengingat,1.0,1.0
q_e1369b6715,question,Berapa perkiraan kenaikan suhu rata-rata global menurut Intergovernmental Panel on Climate Change (IPCC) tahun 2021?,C1-Mengingat,1.0,
definisi perubahan iklim,concept,Definisi Perubahan Iklim,C5-Mengevaluasi,5.0,1.0
dampak perubahan iklim,concept,Dampak Perubahan Iklim,C1-Mengingat,1.0,1.0
pengukuran pertumbuhan ekonomi,topic_fine,Pengukuran Pertumbuhan Ekonomi,,,
produk domestik bruto (pdb),concept,Produk Domestik Bruto (PDB),C6-Mencipta,5.0,8.0
pertumbuhan ekonomi,concept,Pertumbuhan Ekonomi,C6-Mencipta,5.0,13.0
pengukuran output negara,concept,Pengukuran Output Negara,C1-Mengingat,1.0,1.0
q_1f2bfd8923,question,Apa kepanjangan dari PDB dan apa yang diukurnya?,C1-Mengingat,1.0,
definisi produksi,concept,Definisi Produksi,,,
faktor-faktor yang mempengaruhi pertumbuhan ekonomi,concept,Faktor-faktor yang mempengaruhi pertumbuhan ekonomi,,,
ekonomi tenaga kerja,topic_coarse,Ekonomi Tenaga Kerja,,,
definisi dan jenis pengangguran,topic_fine,Definisi dan Jenis Pengangguran,,,
pengangguran,concept,Pengangguran,C5-Mengevaluasi,5.0,9.0
angkatan kerja,concept,Angkatan Kerja,C2-Memahami,2.0,5.0
pengangguran terbuka,concept,Pengangguran Terbuka,C3-Menerapkan,3.0,4.0
pengangguran setengah menganggur,concept,Pengangguran Setengah Menganggur,C1-Mengingat,1.0,1.0
q_3eb1e79935,question,Apa definisi pengangguran menurut konteks tersebut?,C1-Mengingat,1.0,
klasifikasi pengangguran,concept,Klasifikasi Pengangguran,,,
pembagian zona waktu indonesia,topic_fine,Pembagian Zona Waktu Indonesia,,,
keputusan presiden nomor 41 tahun 1987,concept,Keputusan Presiden Nomor 41 Tahun 1987,C1-Mengingat,1.0,1.0
zona waktu indonesia,concept,Zona Waktu Indonesia,C6-Mencipta,5.0,3.0
q_ad9d8b4ebe,question,"Berdasarkan Keputusan Presiden Nomor 41 Tahun 1987, ada berapa zona waktu yang ditetapkan di Indonesia?",C1-Mengingat,1.0,
konsep zona waktu,concept,Konsep Zona Waktu,,,
pengaruh zona waktu terhadap aktivitas sosial,concept,Pengaruh Zona Waktu terhadap Aktivitas Sosial,,,
sejarah ekonomi,topic_coarse,Sejarah Ekonomi,,,
asal usul uang kertas,topic_fine,Asal Usul Uang Kertas,,,
jiaozi,concept,Jiaozi,C1-Mengingat,1.0,1.0
uang kertas tertua,concept,Uang Kertas Tertua,C1-Mengingat,1.0,1.0
dinasti tiongkok,concept,Dinasti Tiongkok,C1-Mengingat,1.0,1.0
q_217259097f,question,"Pada era dinasti apa dan di negara mana uang kertas tertua di dunia, Jiaozi, pertama kali beredar?",C1-Mengingat,1.0,
sistem barter,concept,Sistem Barter,C6-Mencipta,5.0,9.0
perkembangan sistem moneter,concept,Perkembangan Sistem Moneter,,,
pendidikan dan pembelajaran,topic_coarse,Pendidikan dan Pembelajaran,,,
kemampuan dasar aksara,topic_fine,Kemampuan Dasar Aksara,,,
kemampuan aksara,concept,Kemampuan aksara,C1-Mengingat,1.0,1.0
tiga kemampuan dasar,concept,Tiga kemampuan dasar,C1-Mengingat,1.0,1.0
q_de5416af06,question,Apa tiga kemampuan dasar yang termasuk dalam kemampuan aksara?,C1-Mengingat,1.0,
pengembangan kemampuan aksara,concept,Pengembangan kemampuan aksara,,,
teori konflik sosial,topic_fine,Teori Konflik Sosial,,,
konflik sosial,concept,Konflik sosial,C6-Mencipta,5.0,14.0
pertentangan kelas,concept,Pertentangan Kelas,C1-Mengingat,1.0,1.0
borjuis,concept,Borjuis,C1-Mengingat,1.0,1.0
proletar,concept,Proletar,C1-Mengingat,1.0,1.0
q_76d7aea646,question,Siapakah tokoh sosiologi yang memandang konflik sebagai pertentangan kelas antara kaum borjuis dan proletar?,C1-Mengingat,1.0,
konsep dasar sosiologi,concept,Konsep Dasar Sosiologi,,,
teori fungsionalisme,concept,Teori Fungsionalisme,,,
era reformasi pasca soeharto,topic_fine,Era Reformasi Pasca Soeharto,,,
kabinet reformasi pembangunan,concept,Kabinet Reformasi Pembangunan,C1-Mengingat,1.0,1.0
b.j. habibie,concept,B.J. Habibie,C5-Mengevaluasi,5.0,3.0
q_1d2c457d27,question,Apa nama kabinet yang dipimpin oleh B.J. Habibie?,C1-Mengingat,1.0,
lengsernya soeharto,concept,Lengsernya Soeharto,,,
tap mpr no. xi/1998,concept,Tap MPR No. XI/1998,,,
tahapan penelitian sejarah,topic_fine,Tahapan penelitian sejarah,C5-Mengevaluasi,5.0,1.0
heuristik,concept,Heuristik,C1-Mengingat,1.0,1.0
penelitian sejarah,concept,Penelitian Sejarah,C3-Menerapkan,3.0,3.0
louis gottschalk,concept,Louis Gottschalk,C1-Mengingat,1.0,1.0
q_3f17acc1b8,question,Apakah definisi dari Heuristik dalam konteks penelitian sejarah?,C1-Mengingat,1.0,
kritik sumber,concept,Kritik Sumber,,,
penelitian berbasis pemecahan konflik,topic_fine,Penelitian berbasis pemecahan konflik,C6-Mencipta,5.0,5.0
identifikasi komponen konflik,concept,Identifikasi Komponen Konflik,C6-Mencipta,5.0,5.0
pengumpulan data,concept,Pengumpulan Data,C6-Mencipta,5.0,2.0
q_ca2c238427,question,Sebutkan dua teknik pengumpulan data yang dijelaskan dalam penelitian berbasis pemecahan konflik!,C1-Mengingat,1.0,
konsep konflik sosial,concept,Konsep Konflik Sosial,,,
analisis data konflik,concept,Analisis Data Konflik,,,
sejarah islam,topic_coarse,Sejarah Islam,,,
konsep jihad dan perang suci,topic_fine,Konsep Jihad dan Perang Suci,,,
fadha’il al-jihad,concept,Fadha’il al-Jihad,C4-Menganalisis,4.0,2.0
kewajiban perang suci,concept,Kewajiban Perang Suci,C1-Mengingat,1.0,1.0
penjajahan,concept,Penjajahan,C5-Mengevaluasi,5.0,2.0
q_56a733e460,question,Siapakah tokoh yang menulis kitab 'Fadha’il al-Jihad' yang berisi tentang kewajiban perang suci melawan penjajah?,C1-Mengingat,1.0,
perkembangan pemikiran politik islam,concept,Perkembangan Pemikiran Politik Islam,,,
pembangunan wilayah,topic_coarse,Pembangunan Wilayah,C1-Mengingat,1.0,1.0
peran masyarakat dalam pembangunan,topic_fine,Peran Masyarakat dalam Pembangunan,,,
kesejahteraan ekonomi,concept,Kesejahteraan Ekonomi,C5-Mengevaluasi,5.0,3.0
partisipasi masyarakat,concept,Partisipasi Masyarakat,C5-Mengevaluasi,5.0,3.0
q_a189a4ebdb,question,"Menurut teks, konsep Society 5.0 diusung oleh negara mana?",C1-Mengingat,1.0,
implementasi kebijakan pembangunan,concept,Implementasi Kebijakan Pembangunan,,,
isu sosial global,topic_coarse,Isu Sosial Global,,,
strategi mengatasi dampak globalisasi,topic_fine,Strategi Mengatasi Dampak Globalisasi,,,
nasionalisme,concept,Nasionalisme,C6-Mencipta,5.0,9.0
tantangan global,concept,Tantangan Global,C1-Mengingat,1.0,1.0
perpecahan sosial,concept,Perpecahan Sosial,C5-Mengevaluasi,5.0,2.0
q_bd1fb54f1d,question,"Menurut teks, apa perbedaan utama antara kewirausahaan biasa dengan kewirausahaan sosial?",C1-Mengingat,1.0,
sejarah dunia,topic_coarse,Sejarah Dunia,,,
penjelajahan samudra dan kolonialisme,topic_fine,Penjelajahan Samudra dan Kolonialisme,,,
portugis,concept,Portugis,C1-Mengingat,1.0,1.0
penaklukan malaka,concept,Penaklukan Malaka,C1-Mengingat,1.0,1.0
ekspedisi samudra,concept,Ekspedisi Samudra,C1-Mengingat,1.0,1.0
q_87384c2de6,question,Siapakah tokoh dari Portugal yang berhasil menguasai Malaka pada tahun 1511?,C1-Mengingat,1.0,
era penjelajahan samudra,concept,Era Penjelajahan Samudra,,,
dampak kolonialisme di asia tenggara,concept,Dampak Kolonialisme di Asia Tenggara,,,
pemberontakan ideologis di indonesia,topic_fine,Pemberontakan Ideologis di Indonesia,,,
pemberontakan kartosuwiryo,concept,Pemberontakan Kartosuwiryo,C1-Mengingat,1.0,1.0
ideologi komunisme,concept,Ideologi Komunisme,C1-Mengingat,1.0,1.0
q_d4f5e42939,question,Apa nama pemberontakan ideologis di Jawa Barat yang dipimpin Kartosuwiryo?,C1-Mengingat,1.0,
periode demokrasi liberal,concept,Periode Demokrasi Liberal,,,
g30s/pki,concept,G30S/PKI,,,
konsep harmoni sosial masyarakat,topic_fine,Konsep Harmoni Sosial Masyarakat,,,
perpecahan,concept,Perpecahan,C1-Mengingat,1.0,1.0
konflik,concept,Konflik,C4-Menganalisis,4.0,3.0
q_95cc727824,question,"Berdasarkan teks, sebutkan dua konsep yang berpotensi merusak harmoni sosial.",C1-Mengingat,1.0,
definisi harmoni sosial,concept,Definisi Harmoni Sosial,,,
upaya membangun harmoni sosial,concept,Upaya Membangun Harmoni Sosial,,,
demografi,topic_coarse,Demografi,,,
proses yang mempengaruhi perubahan penduduk,topic_fine,Proses yang Mempengaruhi Perubahan Penduduk,,,
kelahiran (natalitas),concept,Kelahiran (Natalitas),C1-Mengingat,1.0,1.0
kematian (mortalitas),concept,Kematian (Mortalitas),C1-Mengingat,1.0,1.0
perpindahan (migrasi),concept,Perpindahan (Migrasi),C1-Mengingat,1.0,1.0
q_8f9e819030,question,Sebutkan tiga proses demografi yang memengaruhi perubahan penduduk!,C1-Mengingat,1.0,
definisi penduduk,concept,Definisi penduduk,,,
dinamika kependudukan,concept,Dinamika Kependudukan,C6-Mencipta,5.0,5.0
biologi lingkungan,topic_coarse,Biologi Lingkungan,,,
faktor persebaran flora fauna,topic_fine,Faktor Persebaran Flora Fauna,,,
peran hewan dalam ekosistem,concept,Peran hewan dalam ekosistem,C1-Mengingat,1.0,1.0
q_0da0cef2cd,question,"Menurut teks, contoh hewan yang mampu memindahkan biji durian adalah...",C1-Mengingat,1.0,
konsep dasar ekologi,concept,Konsep dasar ekologi,,,
dampak perubahan iklim terhadap keanekaragaman hayati,concept,Dampak perubahan iklim terhadap keanekaragaman hayati,,,
pengelolaan keuangan,topic_coarse,Pengelolaan Keuangan,C6-Mencipta,5.0,8.0
konsep dasar uang dan pertukaran,topic_fine,Konsep Dasar Uang dan Pertukaran,,,
sistem pertukaran barang,concept,Sistem pertukaran barang,C1-Mengingat,1.0,1.0
uang,concept,Uang,C5-Mengevaluasi,5.0,2.0
q_4c49b534fe,question,Apa nama sistem pertukaran barang sebelum uang digunakan sebagai alat pembayaran?,C1-Mengingat,1.0,
pendapatan,concept,Pendapatan,C5-Mengevaluasi,5.0,2.0
biologi dan kesehatan,topic_coarse,Biologi dan Kesehatan,,,
sumber obat dari keanekaragaman hayati,topic_fine,Sumber Obat dari Keanekaragaman Hayati,,,
siklosporin,concept,Siklosporin,C1-Mengingat,1.0,1.0
transplantasi jaringan manusia,concept,Transplantasi Jaringan Manusia,C1-Mengingat,1.0,1.0
q_8115d528bb,question,"Dari mana siklosporin, yang berguna untuk transplantasi jaringan manusia, dikembangkan?",C1-Mengingat,1.0,
konsep keanekaragaman hayati,concept,Konsep Keanekaragaman Hayati,,,
aplikasi farmakologi,concept,Aplikasi Farmakologi,,,
literasi finansial,topic_coarse,Literasi Finansial,C6-Mencipta,5.0,8.0
jenis-jenis pengeluaran keuangan,topic_fine,Jenis-jenis Pengeluaran Keuangan,,,
pengeluaran jangka pendek,concept,Pengeluaran Jangka Pendek,C3-Menerapkan,3.0,2.0
pengeluaran jangka panjang,concept,Pengeluaran Jangka Panjang,C3-Menerapkan,3.0,2.0
q_8ee028c029,question,Sebutkan dua contoh pengeluaran jangka pendek dan dua contoh pengeluaran jangka panjang!,C1-Mengingat,1.0,
konsep dasar pengelolaan keuangan,concept,Konsep dasar pengelolaan keuangan,,,
perencanaan anggaran keuangan,concept,Perencanaan Anggaran Keuangan,,,
akuntansi keuangan,topic_coarse,Akuntansi Keuangan,,,
syarat kualitatif laporan keuangan,topic_fine,Syarat kualitatif laporan keuangan,C1-Mengingat,1.0,1.0
posisi keuangan,concept,Posisi Keuangan,C3-Menerapkan,3.0,4.0
kinerja keuangan,concept,Kinerja Keuangan,C3-Menerapkan,3.0,3.0
q_47af4db4d2,question,Sebutkan empat syarat kualitatif yang harus dipenuhi oleh sebuah laporan keuangan.,C1-Mengingat,1.0,
pengertian laporan keuangan,concept,Pengertian Laporan Keuangan,,,
aspek kualitatif dan kuantitatif laporan keuangan,concept,Aspek kualitatif dan kuantitatif laporan keuangan,,,
kondisi politik orde lama,topic_fine,Kondisi Politik Orde Lama,,,
orde lama,concept,Orde Lama,C6-Mencipta,5.0,4.0
konflik keamanan negara,concept,Konflik Keamanan Negara,C1-Mengingat,1.0,1.0
stabilitas politik,concept,Stabilitas Politik,C6-Mencipta,5.0,4.0
q_8ca7d566a9,question,Sebutkan dua konflik utama yang menyebabkan kondisi keamanan negara tidak stabil pada awal masa Orde Lama!,C1-Mengingat,1.0,
pergantian masa orde,concept,Pergantian Masa Orde,,,
konsep dasar lembaga sosial,topic_fine,Konsep Dasar Lembaga Sosial,,,
norma,concept,Norma,C1-Mengingat,1.0,1.0
q_2a89b7fc5c,question,Apa yang dimaksud dengan norma?,C1-Mengingat,1.0,
lembaga sosial,concept,Lembaga Sosial,C6-Mencipta,5.0,3.0
fungsi lembaga sosial,concept,Fungsi lembaga sosial,,,
ilmu bencana,topic_coarse,Ilmu Bencana,,,
dinamika dan aspek bencana,topic_fine,Dinamika dan Aspek Bencana,,,
dinamika bencana,concept,Dinamika Bencana,C5-Mengevaluasi,5.0,3.0
kerentanan,concept,Kerentanan,C5-Mengevaluasi,5.0,3.0
ancaman,concept,Ancaman,C5-Mengevaluasi,5.0,3.0
kapasitas,concept,Kapasitas,C5-Mengevaluasi,5.0,4.0
q_0ea981ba64,question,Sebutkan tiga aspek yang membentuk dinamika bencana.,C1-Mengingat,1.0,
jenis-jenis kerentanan,concept,Jenis-jenis Kerentanan,,,
fenomena cuaca,concept,Fenomena Cuaca,C1-Mengingat,1.0,1.0
lapisan atmosfer,concept,Lapisan atmosfer,C2-Memahami,2.0,2.0
q_c6e378b045,question,Di lapisan atmosfer manakah sebagian besar fenomena cuaca seperti hujan dan awan terjadi?,C1-Mengingat,1.0,
lapisan-lapisan atmosfer,concept,Lapisan-lapisan atmosfer,C6-Mencipta,5.0,1.0
keuangan negara,topic_coarse,Keuangan Negara,,,
anggaran pendapatan dan belanja negara,topic_fine,Anggaran Pendapatan dan Belanja Negara,,,
rencana keuangan tahunan,concept,Rencana Keuangan Tahunan,C2-Memahami,2.0,2.0
q_fa1251c1b8,question,"Menurut teks, program apa yang menjadi contoh nyata penggunaan APBN untuk menanggulangi pandemi?",C1-Mengingat,1.0,
analisis kebijakan fiskal,concept,Analisis Kebijakan Fiskal,,,
geopolitik,topic_coarse,Geopolitik,C6-Mencipta,5.0,4.0
aspek geografis indonesia,topic_fine,Aspek Geografis Indonesia,,,
luas wilayah indonesia,concept,Luas wilayah Indonesia,C1-Mengingat,1.0,1.0
badan informasi geospasial (big),concept,Badan Informasi Geospasial (BIG),C1-Mengingat,1.0,1.0
q_6a61846000,question,Berapakah luas total wilayah Indonesia menurut Badan Informasi Geospasial (BIG)?,C1-Mengingat,1.0,
pengertian geopolitik,concept,Pengertian Geopolitik,,,
analisis potensi kerja sama internasional,concept,Analisis Potensi Kerja Sama Internasional,,,
sejarah kolonialisme,topic_coarse,Sejarah Kolonialisme,,,
penyebab penjelajahan samudra eropa,topic_fine,Penyebab Penjelajahan Samudra Eropa,,,
vereenigde oostindische compagnie (voc),concept,Vereenigde Oostindische Compagnie (VOC),C1-Mengingat,1.0,1.0
kolonialisme,concept,Kolonialisme,C4-Menganalisis,4.0,4.0
rempah-rempah,concept,Rempah-rempah,C1-Mengingat,1.0,1.0
q_418cc257ae,question,Kapan Vereenigde Oostindische Compagnie (VOC) didirikan?,C1-Mengingat,1.0,
penjelajahan samudra,concept,Penjelajahan Samudra,C1-Mengingat,1.0,1.0
dampak kolonialisme di indonesia,concept,Dampak Kolonialisme di Indonesia,,,
biologi,topic_coarse,Biologi,,,
klasifikasi dan jenis tumbuhan,topic_fine,Klasifikasi dan Jenis Tumbuhan,,,
flora,concept,Flora,C3-Menerapkan,3.0,2.0
tanaman,concept,Tanaman,C1-Mengingat,1.0,1.0
minyak kayu putih,concept,Minyak kayu putih,C1-Mengingat,1.0,1.0
q_097e7b6e30,question,Tanaman apa yang menjadi bahan utama untuk pembuatan minyak kayu putih?,C1-Mengingat,1.0,
definisi flora,concept,Definisi Flora,,,
sifat endemik,concept,Sifat Endemik,,,
tumbuhan xerophyta,concept,Tumbuhan Xerophyta,C1-Mengingat,1.0,1.0
persyaratan hidup spesies,concept,Persyaratan Hidup Spesies,C5-Mengevaluasi,5.0,3.0
q_8687b11a9a,question,Apakah definisi dari tumbuhan Xerophyta?,C1-Mengingat,1.0,
klasifikasi tumbuhan,concept,Klasifikasi Tumbuhan,,,
adaptasi tumbuhan terhadap lingkungan kering,concept,Adaptasi Tumbuhan terhadap Lingkungan Kering,,,
perbandingan tingkat literasi finansial,topic_fine,Perbandingan Tingkat Literasi Finansial,,,
perbandingan antar negara,concept,Perbandingan antar negara,C1-Mengingat,1.0,1.0
bank dunia 2015,concept,Bank Dunia 2015,C1-Mengingat,1.0,1.0
q_9a2a9ef04d,question,"Menurut penelitian Bank Dunia tahun 2015, bagaimana perbandingan tingkat literasi finansial Indonesia dengan negara teta",C1-Mengingat,1.0,
definisi literasi finansial,concept,Definisi literasi finansial,,,
analisis dampak literasi finansial,concept,Analisis dampak literasi finansial,,,
upaya penanganan konflik,topic_fine,Upaya Penanganan Konflik,,,
manajemen konflik,concept,Manajemen Konflik,C6-Mencipta,5.0,3.0
pencegahan konflik,concept,Pencegahan Konflik,C6-Mencipta,5.0,8.0
q_d100174d99,question,Sebutkan dua pendekatan yang digunakan dalam manajemen konflik.,C1-Mengingat,1.0,
deeskalasi konflik,concept,Deeskalasi Konflik,C3-Menerapkan,3.0,1.0
jenis-jenis pengangguran berdasarkan sifat,topic_fine,Jenis-jenis Pengangguran Berdasarkan Sifat,,,
setengah menganggur,concept,Setengah Menganggur,C4-Menganalisis,4.0,3.0
pengangguran terselubung,concept,Pengangguran Terselubung,C4-Menganalisis,4.0,2.0
q_b6238fb213,question,Sebutkan tiga jenis pengangguran berdasarkan sifatnya!,C1-Mengingat,1.0,
definisi angkatan kerja,concept,Definisi Angkatan Kerja,,,
pengukuran tingkat pengangguran,concept,Pengukuran Tingkat Pengangguran,,,
proses masuknya islam di nusantara,topic_fine,Proses masuknya Islam di Nusantara,,,
teori arab,concept,Teori Arab,C6-Mencipta,5.0,2.0
masuknya islam,concept,Masuknya Islam,C1-Mengingat,1.0,1.0
nusantara,concept,Nusantara,C1-Mengingat,1.0,1.0
q_7eb526a9e0,question,Sebutkan tiga tokoh pendukung Teori Arab mengenai masuknya Islam ke Nusantara,C1-Mengingat,1.0,
pengenalan islam,concept,Pengenalan Islam,,,
penyebaran islam di nusantara,concept,Penyebaran Islam di Nusantara,,,
faktor pemicu kolonialisme eropa,topic_fine,Faktor Pemicu Kolonialisme Eropa,,,
kongsi dagang belanda,concept,Kongsi Dagang Belanda,C1-Mengingat,1.0,1.0
q_cdb9701ee8,question,Apa nama kongsi dagang yang didirikan oleh Belanda untuk beroperasi di Indonesia?,C1-Mengingat,1.0,
kondisi geografis indonesia,concept,Kondisi Geografis Indonesia,C6-Mencipta,5.0,3.0
keanekaragaman hayati dan obat,topic_fine,Keanekaragaman Hayati dan Obat,,,
antibiotik,concept,Antibiotik,C1-Mengingat,1.0,1.0
mikroorganisme,concept,Mikroorganisme,C1-Mengingat,1.0,1.0
sumber obat,concept,Sumber Obat,C1-Mengingat,1.0,1.0
q_af46707296,question,Sebutkan dua contoh antibiotik yang diperoleh dari mikroorganisme.,C1-Mengingat,1.0,
konsep mikroorganisme,concept,Konsep Mikroorganisme,,,
mekanisme kerja antibiotik,concept,Mekanisme Kerja Antibiotik,,,
penelitian konflik sosial,topic_coarse,Penelitian Konflik Sosial,,,
komponen konflik sosial,topic_fine,Komponen konflik sosial,C3-Menerapkan,3.0,1.0
pihak terlibat konflik,concept,Pihak Terlibat Konflik,C1-Mengingat,1.0,1.0
q_5d14cbcc99,question,Siapa saja pihak yang terlibat dalam contoh kasus konflik di Desa Sumber Aman?,C1-Mengingat,1.0,
konsep dasar konflik sosial,concept,Konsep Dasar Konflik Sosial,,,
analisis dampak konflik,concept,Analisis Dampak Konflik,,,
definisi anggaran pendapatan belanja,topic_fine,Definisi Anggaran Pendapatan Belanja,,,
anggaran pendapatan dan belanja negara (apbn),concept,Anggaran Pendapatan dan Belanja Negara (APBN),C6-Mencipta,5.0,4.0
rencana keuangan tahunan pemerintah indonesia,concept,Rencana keuangan tahunan pemerintah Indonesia,C1-Mengingat,1.0,1.0
q_b4dfacb36e,question,Apa yang dimaksud dengan Anggaran Pendapatan dan Belanja Negara (APBN)?,C1-Mengingat,1.0,
komponen apbn,concept,Komponen APBN,,,
perubahan sosial,concept,Perubahan Sosial,C6-Mencipta,5.0,10.0
cakupan kecil,concept,Cakupan kecil,C1-Mengingat,1.0,1.0
q_9f46eca8f1,question,Sebutkan satu contoh perubahan sosial dengan cakupan kecil yang dijelaskan dalam teks!,C1-Mengingat,1.0,
definisi perubahan sosial,concept,Definisi Perubahan Sosial,,,
jenis-jenis perubahan sosial,concept,Jenis-jenis Perubahan Sosial,,,
penerimaan negara,concept,Penerimaan Negara,C3-Menerapkan,3.0,2.0
pengeluaran negara,concept,Pengeluaran Negara,C3-Menerapkan,3.0,2.0
q_53ac0a079b,question,Apa definisi dari Kebijakan Fiskal? ,C1-Mengingat,1.0,
sejarah global,topic_coarse,Sejarah Global,,,
keterkaitan regional dan global,topic_fine,Keterkaitan Regional dan Global,,,
keterkaitan sejarah regional dan global,concept,Keterkaitan Sejarah Regional dan Global,C6-Mencipta,5.0,2.0
dinamika peristiwa sejarah,concept,Dinamika peristiwa sejarah,C1-Mengingat,1.0,1.0
q_5d5aac1582,question,Organisasi regional apa yang disebutkan dalam teks sebagai contoh di kawasan Asia Tenggara?,C1-Mengingat,1.0,
analisis sebab-akibat sejarah,concept,Analisis sebab-akibat sejarah,,,
konsep diferensiasi sosial budaya,topic_fine,Konsep Diferensiasi Sosial Budaya,,,
diferensiasi sosial,concept,Diferensiasi Sosial,C6-Mencipta,5.0,12.0
q_e4ee39a37b,question,Apa yang dimaksud dengan diferensiasi sosial?,C1-Mengingat,1.0,
diferensiasi sosial budaya,concept,Diferensiasi Sosial Budaya,C6-Mencipta,5.0,1.0
definisi dan fungsi penelitian,topic_fine,Definisi dan Fungsi Penelitian,,,
fungsi penelitian,concept,Fungsi penelitian,C1-Mengingat,1.0,1.0
q_a495117144,question,Sebutkan tiga fungsi utama penelitian menurut Nurdin & Hartati (2019).,C1-Mengingat,1.0,
pengertian penelitian,concept,Pengertian Penelitian,,,
jenis-jenis penelitian,concept,Jenis-jenis penelitian,,,
makanan pokok daerah indonesia,topic_fine,Makanan Pokok Daerah Indonesia,,,
sagu,concept,Sagu,C1-Mengingat,1.0,1.0
makanan pokok,concept,Makanan Pokok,C1-Mengingat,1.0,1.0
wilayah indonesia,concept,Wilayah Indonesia,C1-Mengingat,1.0,1.0
q_7f0873026f,question,Di wilayah Indonesia bagian mana sagu menjadi makanan pokok utama?,C1-Mengingat,1.0,
pengetahuan dasar tentang indonesia,concept,Pengetahuan dasar tentang Indonesia,,,
keragaman budaya indonesia,concept,Keragaman Budaya Indonesia,C6-Mencipta,5.0,1.0
hubungan internasional,topic_coarse,Hubungan Internasional,,,
bentuk kerja sama internasional,topic_fine,Bentuk Kerja Sama Internasional,,,
kerja sama bilateral,concept,Kerja Sama Bilateral,C6-Mencipta,5.0,11.0
kerja sama individual,concept,Kerja sama individual,C1-Mengingat,1.0,1.0
q_672fd86ee1,question,Apa sebutan untuk kerja sama yang dijalin Indonesia dengan satu negara lain secara individual?,C1-Mengingat,1.0,
kerja sama regional,concept,Kerja Sama Regional,C5-Mengevaluasi,5.0,2.0
kerja sama multilateral,concept,Kerja Sama Multilateral,C6-Mencipta,5.0,4.0
sejarah internasional,topic_coarse,Sejarah Internasional,,,
politik luar negeri indonesia,topic_fine,Politik Luar Negeri Indonesia,,,
konferensi asia-afrika,concept,Konferensi Asia-Afrika,C3-Menerapkan,3.0,2.0
piagam kaa 1955,concept,Piagam KAA 1955,C1-Mengingat,1.0,1.0
q_53492fdde5,question,Apa nama piagam yang dihasilkan oleh Konferensi Asia-Afrika (KAA) 1955?,C1-Mengingat,1.0,
perang dingin,concept,Perang Dingin,C6-Mencipta,5.0,9.0
gerakan non-blok,concept,Gerakan Non-Blok,C4-Menganalisis,4.0,1.0
pergerakan nasional indonesia,topic_fine,Pergerakan Nasional Indonesia,,,
indische partij,concept,Indische Partij,C1-Mengingat,1.0,1.0
nasionalisme indonesia,concept,Nasionalisme Indonesia,C6-Mencipta,5.0,7.0
persatuan hindia belanda,concept,Persatuan Hindia Belanda,C1-Mengingat,1.0,1.0
q_660f50cc1c,question,Apa slogan yang diperjuangkan oleh Indische Partij untuk mempersatukan semua penduduk Hindia Belanda?,C1-Mengingat,1.0,
perkembangan politik etis,concept,Perkembangan Politik Etis,,,
tahapan proses pemberdayaan komunitas,topic_fine,Tahapan Proses Pemberdayaan Komunitas,,,
analisis swot,concept,Analisis SWOT,C5-Mengevaluasi,5.0,3.0
identifikasi potensi,concept,Identifikasi Potensi,C1-Mengingat,1.0,1.0
masalah komunitas,concept,Masalah Komunitas,C1-Mengingat,1.0,1.0
peluang,concept,Peluang,C1-Mengingat,1.0,1.0
q_e6688210c7,question,"Apa kepanjangan dari analisis SWOT yang digunakan untuk memetakan potensi, masalah, dan peluang?",C1-Mengingat,1.0,
pemberdayaan komunitas lokal,concept,Pemberdayaan Komunitas Lokal,C6-Mencipta,5.0,4.0
perencanaan kegiatan,concept,Perencanaan Kegiatan,C6-Mencipta,5.0,1.0
mengatasi dampak globalisasi dan digitalisasi,topic_fine,Mengatasi Dampak Globalisasi dan Digitalisasi,,,
globalisasi,concept,Globalisasi,C6-Mencipta,5.0,23.0
penguatan nasionalisme,concept,Penguatan Nasionalisme,C3-Menerapkan,3.0,2.0
upaya strategis,concept,Upaya Strategis,C1-Mengingat,1.0,1.0
q_94592adb8e,question,Sebutkan lima upaya utama yang dapat dilakukan untuk mengatasi masalah akibat globalisasi.,C1-Mengingat,1.0,
pemahaman konsep globalisasi,concept,Pemahaman Konsep Globalisasi,,,
implementasi nilai pancasila,concept,Implementasi Nilai Pancasila,,,
konferensi meja bundar dan ris,topic_fine,Konferensi Meja Bundar dan RIS,,,
republik indonesia serikat (ris),concept,Republik Indonesia Serikat (RIS),C6-Mencipta,5.0,4.0
taktik belanda,concept,Taktik Belanda,C1-Mengingat,1.0,1.0
pembentukan ris,concept,Pembentukan RIS,C1-Mengingat,1.0,1.0
q_eb34c34983,question,Taktik apa yang dianggap rakyat digunakan Belanda dengan membentuk RIS?,C1-Mengingat,1.0,
perjuangan kemerdekaan indonesia,concept,Perjuangan Kemerdekaan Indonesia,,,
perubahan sistem pemerintahan indonesia,concept,Perubahan Sistem Pemerintahan Indonesia,,,
ras,concept,Ras,C3-Menerapkan,3.0,3.0
penggolongan masyarakat,concept,Penggolongan Masyarakat,C1-Mengingat,1.0,1.0
q_1de89ef2f8,question,Sebutkan tiga contoh ras yang ada di Indonesia menurut teks!,C1-Mengingat,1.0,
pengertian diferensiasi sosial,concept,Pengertian Diferensiasi Sosial,,,
perspektif dalam masalah sosial,topic_fine,Perspektif dalam Masalah Sosial,,,
perspektif sosiologi,concept,Perspektif Sosiologi,C5-Mengevaluasi,5.0,3.0
q_f5d55738d5,question,Sebutkan tiga perspektif sosiologi yang digunakan untuk mengatasi masalah sosial.,C1-Mengingat,1.0,
analisis mendalam masalah sosial,concept,Analisis mendalam masalah sosial,,,
konsep globalisasi,topic_coarse,Konsep Globalisasi,,,
definisi dan sejarah globalisasi,topic_fine,Definisi dan Sejarah Globalisasi,,,
proses transplanet,concept,Proses Transplanet,C1-Mengingat,1.0,1.0
q_bcbc6832ac,question,Siapakah ahli yang mendefinisikan globalisasi sebagai 'proses transplanet' (transplanetary process)?,C1-Mengingat,1.0,
pengertian dasar globalisasi,concept,Pengertian Dasar Globalisasi,,,
pembangunan berkelanjutan,topic_coarse,Pembangunan Berkelanjutan,C6-Mencipta,5.0,9.0
tujuan pembangunan berkelanjutan (sdgs),topic_fine,Tujuan Pembangunan Berkelanjutan (SDGs),C6-Mencipta,5.0,7.0
agenda 2030,concept,Agenda 2030,C2-Memahami,2.0,2.0
q_31af0dda58,question,"Menurut teks, berapa batas pendapatan harian dalam Dolar Amerika Serikat (USD) yang digunakan untuk mengukur kategori ma",C1-Mengingat,1.0,
studi nama tempat,topic_coarse,Studi Nama Tempat,,,
aspek budaya toponimi,topic_fine,Aspek Budaya Toponimi,,,
toponimi,concept,Toponimi,C6-Mencipta,5.0,9.0
narasumber,concept,Narasumber,C1-Mengingat,1.0,1.0
aspek sejarah,concept,Aspek Sejarah,C3-Menerapkan,3.0,5.0
aspek simbolis,concept,Aspek Simbolis,C5-Mengevaluasi,5.0,4.0
q_061351eb21,question,Sebutkan dua contoh narasumber yang dapat diwawancarai untuk menelusuri toponimi,C1-Mengingat,1.0,
pengertian toponimi,concept,Pengertian Toponimi,,,
analisis makna toponimi,concept,Analisis Makna Toponimi,,,
pemberontakan di luar jawa,topic_fine,Pemberontakan di luar Jawa,,,
di/tii,concept,DI/TII,C5-Mengevaluasi,5.0,2.0
tokoh pemimpin di luar jawa,concept,Tokoh pemimpin di luar Jawa,C1-Mengingat,1.0,1.0
q_ee78905e40,question,Sebutkan dua tokoh pemimpin DI/TII di luar Jawa Barat!,C1-Mengingat,1.0,
era demokrasi liberal,concept,Era Demokrasi Liberal,C4-Menganalisis,4.0,1.0
perkembangan politik pasca-pemberontakan,concept,Perkembangan politik pasca-pemberontakan,,,
aksi sosial,topic_coarse,Aksi Sosial,C6-Mencipta,5.0,3.0
tahapan perencanaan harmoni sosial,topic_fine,Tahapan Perencanaan Harmoni Sosial,,,
perencanaan aksi sosial,concept,Perencanaan Aksi Sosial,C1-Mengingat,1.0,2.0
identifikasi gejala sosial,concept,Identifikasi Gejala Sosial,C4-Menganalisis,4.0,4.0
q_59fd082996,question,Apa kepanjangan dari analisis SWOT yang digunakan dalam tahap perencanaan aksi sosial?,C1-Mengingat,1.0,
pelaksanaan aksi sosial,concept,Pelaksanaan aksi sosial,,,
globalisasi dan digitalisasi,topic_coarse,Globalisasi dan Digitalisasi,,,
respons terhadap globalisasi dan digitalisasi,topic_fine,Respons terhadap Globalisasi dan Digitalisasi,,,
proglobalisasi,concept,Proglobalisasi,C1-Mengingat,1.0,1.0
gerakan global,concept,Gerakan global,C1-Mengingat,1.0,1.0
kepedulian lingkungan,concept,Kepedulian lingkungan,C1-Mengingat,1.0,1.0
q_617249db02,question,Apa nama gerakan global yang dicontohkan sebagai bentuk kepedulian terhadap lingkungan dengan mematikan listrik selama s,C1-Mengingat,1.0,
dampak sosial globalisasi,concept,Dampak sosial globalisasi,,,
dinamika dan struktur penduduk,topic_fine,Dinamika dan Struktur Penduduk,,,
dinamika penduduk,concept,Dinamika Penduduk,C6-Mencipta,5.0,3.0
struktur penduduk,concept,Struktur penduduk,C1-Mengingat,1.0,1.0
jumlah penduduk,concept,Jumlah Penduduk,C2-Memahami,2.0,2.0
persebaran penduduk,concept,Persebaran penduduk,C1-Mengingat,1.0,1.0
q_956af8c215,question,Apa yang dimaksud dengan dinamika penduduk?,C1-Mengingat,1.0,
penduduk,concept,Penduduk,,,
faktor yang mempengaruhi dinamika penduduk,concept,Faktor yang mempengaruhi dinamika penduduk,,,
rumah tangga konsumen,concept,Rumah Tangga Konsumen,C5-Mengevaluasi,5.0,3.0
kelompok pelaku ekonomi,concept,Kelompok pelaku ekonomi,C1-Mengingat,1.0,1.0
q_75fa493850,question,Sebutkan empat kelompok pelaku ekonomi yang dijelaskan dalam teks.,C1-Mengingat,1.0,
peran rumah tangga konsumen,concept,Peran Rumah Tangga Konsumen,,,
sejarah industri,topic_coarse,Sejarah Industri,,,
tahapan revolusi industri,topic_fine,Tahapan Revolusi Industri,,,
revolusi industri 3.0,concept,Revolusi Industri 3.0,C4-Menganalisis,4.0,2.0
teknologi pemicu,concept,Teknologi pemicu,C1-Mengingat,1.0,1.0
q_b42143bcaa,question,Teknologi apa yang menjadi pemicu utama Revolusi Industri 3.0?,C1-Mengingat,1.0,
konsep industrialisasi,concept,Konsep Industrialisasi,,,
dampak revolusi industri,concept,Dampak Revolusi Industri,C5-Mengevaluasi,5.0,1.0
komponen dinamika penduduk,topic_fine,Komponen Dinamika Penduduk,,,
jenis piramida penduduk,concept,Jenis piramida penduduk,C1-Mengingat,1.0,1.0
q_1050855859,question,Sebutkan tiga jenis piramida penduduk yang dijelaskan dalam materi,C1-Mengingat,1.0,
analisis struktur penduduk,concept,Analisis Struktur Penduduk,,,
sumber konflik sosial,topic_fine,Sumber Konflik Sosial,,,
pasal 5 uu ri no. 7 tahun 2012,concept,Pasal 5 UU RI No. 7 Tahun 2012,C1-Mengingat,1.0,1.0
q_9752d38252,question,Sebutkan tiga dari lima sumber konflik sosial yang tercantum dalam Pasal 5 UU RI No. 7 Tahun 2012.,C1-Mengingat,1.0,
pengertian konflik sosial,concept,Pengertian konflik sosial,,,
jenis-jenis konflik sosial,concept,Jenis-jenis Konflik Sosial,,,
sosiologi budaya,topic_coarse,Sosiologi Budaya,,,
konsep dasar kebudayaan dan masyarakat,topic_fine,Konsep Dasar Kebudayaan dan Masyarakat,,,
etnosentrisme,concept,Etnosentrisme,C1-Mengingat,1.0,1.0
q_76b7eeecfd,question,Apa istilah untuk sikap yang merasa kebudayaannya paling baik dibandingkan dengan kebudayaan lain?,C1-Mengingat,1.0,
relativisme budaya,concept,Relativisme Budaya,,,
bioma dan flora,topic_coarse,Bioma dan Flora,,,
klasifikasi zona vegetasi dunia,topic_fine,Klasifikasi Zona Vegetasi Dunia,,,
bioma,concept,Bioma,C4-Menganalisis,4.0,4.0
hutan tropis,concept,Hutan Tropis,C5-Mengevaluasi,5.0,3.0
suhu iklim,concept,Suhu Iklim,C1-Mengingat,1.0,1.0
q_a6de4932fb,question,Berapa rata-rata suhu di bioma Hutan Tropis?,C1-Mengingat,1.0,
pengertian bioma,concept,Pengertian Bioma,,,
pengaruh iklim terhadap vegetasi,concept,Pengaruh Iklim Terhadap Vegetasi,,,
ekonomi internasional,topic_coarse,Ekonomi Internasional,,,
kebijakan perdagangan internasional,topic_fine,Kebijakan perdagangan internasional,C2-Memahami,2.0,1.0
kebijakan perdagangan bebas,concept,Kebijakan Perdagangan Bebas,C1-Mengingat,1.0,1.0
manfaat perdagangan bebas,concept,Manfaat Perdagangan Bebas,C1-Mengingat,1.0,1.0
q_d26853a444,question,Sebutkan tiga manfaat dari penerapan kebijakan perdagangan bebas.,C1-Mengingat,1.0,
dampak kebijakan perdagangan,concept,Dampak Kebijakan Perdagangan,,,
kebijakan moneter bank sentral,topic_fine,Kebijakan Moneter Bank Sentral,,,
kebijakan moneter,concept,Kebijakan Moneter,C6-Mencipta,5.0,6.0
kestabilan nilai rupiah,concept,Kestabilan nilai rupiah,C1-Mengingat,1.0,1.0
pengendalian inflasi,concept,Pengendalian inflasi,C1-Mengingat,1.0,1.0
q_a4cb2de084,question,Apa tujuan utama dari kebijakan moneter?,C1-Mengingat,1.0,
kebijakan ekspansif,concept,Kebijakan Ekspansif,C2-Memahami,2.0,1.0
kebijakan kontraktif,concept,Kebijakan Kontraktif,C6-Mencipta,5.0,1.0
ekonomi dan sosial,topic_coarse,Ekonomi dan Sosial,,,
pengukuran ketimpangan pendapatan,topic_fine,Pengukuran Ketimpangan Pendapatan,,,
kesenjangan ekonomi,concept,Kesenjangan Ekonomi,C6-Mencipta,5.0,5.0
distribusi pendapatan,concept,Distribusi pendapatan,C1-Mengingat,1.0,1.0
q_bf73baecbf,question,Apa dua alat yang digunakan untuk mengukur ketimpangan distribusi pendapatan?,C1-Mengingat,1.0,
konsep pendapatan,concept,Konsep Pendapatan,,,
analisis dampak kesenjangan,concept,Analisis dampak kesenjangan,,,
sumber daya alam,topic_coarse,Sumber Daya Alam,C6-Mencipta,5.0,10.0
klasifikasi sumber daya alam,topic_fine,Klasifikasi Sumber Daya Alam,,,
klasifikasi sda berdasarkan potensi,concept,Klasifikasi SDA berdasarkan potensi,C2-Memahami,2.0,2.0
q_2e7f43fdd6,question,Sebutkan tiga jenis sumber daya alam berdasarkan potensinya!,C1-Mengingat,1.0,
definisi sumber daya alam,concept,Definisi sumber daya alam,,,
klasifikasi sda berdasarkan jenis,concept,Klasifikasi SDA berdasarkan jenis,C2-Memahami,2.0,1.0
definisi neraca pembayaran imf,topic_fine,Definisi Neraca Pembayaran IMF,,,
neraca pembayaran,concept,Neraca Pembayaran,C6-Mencipta,5.0,6.0
international monetary fund (imf),concept,International Monetary Fund (IMF),C1-Mengingat,1.0,1.0
transaksi ekonomi internasional,concept,Transaksi Ekonomi Internasional,C1-Mengingat,1.0,1.0
q_f4f4ec70d9,question,Sebutkan definisi neraca pembayaran menurut International Monetary Fund (IMF).,C1-Mengingat,1.0,
jenis-jenis transaksi neraca pembayaran,concept,Jenis-jenis transaksi neraca pembayaran,,,
pembentukan negara pasca proklamasi,topic_fine,Pembentukan Negara Pasca Proklamasi,,,
sidang ppki ii,concept,Sidang PPKI II,C5-Mengevaluasi,5.0,2.0
jumlah provinsi,concept,Jumlah Provinsi,C1-Mengingat,1.0,1.0
struktur negara awal,concept,Struktur Negara Awal,C1-Mengingat,1.0,1.0
q_ced6999516,question,Berapa jumlah provinsi yang ditetapkan pada Sidang PPKI II?,C1-Mengingat,1.0,
proklamasi kemerdekaan 17 agustus 1945,concept,Proklamasi Kemerdekaan 17 Agustus 1945,,,
pembentukan lembaga negara,concept,Pembentukan Lembaga Negara,,,
bentuk partisipasi generasi muda,topic_fine,Bentuk Partisipasi Generasi Muda,,,
q_338796832e,question,Media apa saja yang dapat digunakan untuk melakukan kampanye sosial?,C1-Mengingat,1.0,
peran generasi muda,concept,Peran Generasi Muda,,,
berkolaborasi,concept,Berkolaborasi,,,
langkah aksi sosial terstruktur,topic_fine,Langkah Aksi Sosial Terstruktur,,,
aksi terstruktur,concept,Aksi terstruktur,C1-Mengingat,1.0,1.0
q_1823d59e09,question,Pihak mana saja yang perlu dilibatkan untuk koordinasi saat akan melaksanakan aksi bakti sosial?,C1-Mengingat,1.0,
konsep harmoni sosial,concept,Konsep Harmoni Sosial,,,
organisasi militer jepang,concept,Organisasi militer Jepang,C1-Mengingat,1.0,1.0
organisasi semimiliter jepang,concept,Organisasi semimiliter Jepang,C1-Mengingat,1.0,1.0
q_1a676ea3ff,question,Sebutkan dua organisasi militer atau semimiliter yang dibentuk oleh Jepang di Indonesia.,C1-Mengingat,1.0,
ekonomi digital,topic_coarse,Ekonomi Digital,C6-Mencipta,5.0,2.0
manifestasi teknologi keuangan,topic_fine,Manifestasi Teknologi Keuangan,,,
crowdfunding,concept,Crowdfunding,C5-Mengevaluasi,5.0,4.0
penggalangan dana online,concept,Penggalangan dana online,C1-Mengingat,1.0,1.0
q_06c893152f,question,Apa yang dimaksud dengan Crowdfunding?,C1-Mengingat,1.0,
microfinance,concept,Microfinance,C6-Mencipta,5.0,4.0
periode orde lama indonesia,topic_fine,Periode Orde Lama Indonesia,,,
presiden orde lama,concept,Presiden Orde Lama,C1-Mengingat,1.0,1.0
masa orde lama,concept,Masa Orde Lama,C1-Mengingat,1.0,1.0
q_a9ae8a068b,question,Siapakah yang menjabat sebagai Presiden selama masa Orde Lama?,C1-Mengingat,1.0,
definisi dan konsep pembangunan berkelanjutan,topic_fine,Definisi dan Konsep Pembangunan Berkelanjutan,,,
kelangkaan modal,concept,Kelangkaan Modal,C6-Mencipta,5.0,2.0
q_efb61e84fb,question,Apa contoh kelangkaan modal yang disebutkan dalam teks?,C1-Mengingat,1.0,
indikator keberlanjutan,concept,Indikator keberlanjutan,,,
tujuan laporan keuangan,topic_fine,Tujuan Laporan Keuangan,,,
laporan keuangan,concept,Laporan Keuangan,C5-Mengevaluasi,5.0,5.0
q_32c674d4c6,question,"Menurut SAK-EMKM, apa tujuan utama dari pembuatan laporan keuangan?",C1-Mengingat,1.0,
pencatatan keuangan,concept,Pencatatan Keuangan,,,
analisis laporan keuangan,concept,Analisis Laporan Keuangan,,,
jalur perdagangan pramodern,topic_fine,Jalur Perdagangan Pramodern,,,
jalur sutra,concept,Jalur Sutra,C4-Menganalisis,4.0,5.0
q_8fcc557a0f,question,Sebutkan dua jalur perdagangan yang menjadi penanda globalisasi awal pada periode pramodern.,C1-Mengingat,1.0,
konsep dunia tanpa batas,concept,Konsep Dunia Tanpa Batas,,,
dampak perkembangan iptek,concept,Dampak Perkembangan IPTEK,C5-Mengevaluasi,5.0,1.0
sejarah asia tenggara,topic_coarse,Sejarah Asia Tenggara,,,
ekspansi dan ideologi jepang,topic_fine,Ekspansi dan Ideologi Jepang,,,
ideologi hakko ichiu,concept,Ideologi Hakko Ichiu,C3-Menerapkan,3.0,2.0
ekspansi jepang,concept,Ekspansi Jepang,C1-Mengingat,1.0,1.0
kawasan kemakmuran bersama asia timur raya,concept,Kawasan Kemakmuran Bersama Asia Timur Raya,C6-Mencipta,5.0,2.0
q_8ed25742ff,question,Apa nama ideologi yang digunakan Jepang untuk membenarkan ekspansinya di Asia?,C1-Mengingat,1.0,
restorasi meiji,concept,Restorasi Meiji,C4-Menganalisis,4.0,1.0
dampak perang pasifik,concept,Dampak Perang Pasifik,,,
tahapan metodologis sejarah,concept,Tahapan Metodologis Sejarah,C1-Mengingat,1.0,1.0
q_fc77e80ac6,question,Sebutkan empat tahapan metodologis dalam penelitian sejarah secara berurutan,C1-Mengingat,1.0,
analisis sumber sejarah,concept,Analisis Sumber Sejarah,,,
ilmu ekonomi,topic_coarse,Ilmu Ekonomi,C6-Mencipta,5.0,1.0
konsep dasar permintaan dan penawaran,topic_fine,Konsep Dasar Permintaan dan Penawaran,,,
hukum permintaan,concept,Hukum permintaan,C5-Mengevaluasi,5.0,4.0
hubungan harga dan jumlah barang diminta,concept,Hubungan Harga dan Jumlah Barang Diminta,C1-Mengingat,1.0,1.0
q_3ae4a84fee,question,"Dalam hukum permintaan, bagaimana hubungan antara tingkat harga dan jumlah barang yang diminta?",C1-Mengingat,1.0,
permintaan,concept,Permintaan,C5-Mengevaluasi,5.0,3.0
hukum penawaran,concept,Hukum Penawaran,C3-Menerapkan,3.0,2.0
keseimbangan pasar,concept,Keseimbangan Pasar,,,
geografi wilayah,topic_coarse,Geografi Wilayah,,,
jenis dan identifikasi wilayah,topic_fine,Jenis dan Identifikasi Wilayah,,,
identifikasi wilayah,concept,Identifikasi wilayah,C1-Mengingat,1.0,1.0
pengelompokan wilayah,concept,Pengelompokan wilayah,C1-Mengingat,1.0,1.0
karakteristik wilayah,concept,Karakteristik Wilayah,C1-Mengingat,1.0,1.0
q_45f14b345e,question,Proses identifikasi dan pengelompokan wilayah berdasarkan karakteristiknya disebut apa?,C1-Mengingat,1.0,
definisi wilayah,concept,Definisi Wilayah,,,
jenis-jenis wilayah,concept,Jenis-jenis Wilayah,,,
fungsi dan manfaat pajak,topic_fine,Fungsi dan Manfaat Pajak,,,
pajak,concept,Pajak,C6-Mencipta,5.0,4.0
manfaat pajak,concept,Manfaat Pajak,C1-Mengingat,1.0,1.0
pembangunan infrastruktur,concept,Pembangunan Infrastruktur,C2-Memahami,2.0,2.0
q_8921afd892,question,"Selain untuk pembangunan infrastruktur, manfaat pajak digunakan untuk membantu sektor usaha apa?",C1-Mengingat,1.0,
definisi pajak,concept,Definisi Pajak,C5-Mengevaluasi,5.0,3.0
jenis-jenis pajak,concept,Jenis-jenis Pajak,,,
unsur dan sumber sejarah,topic_fine,Unsur dan Sumber Sejarah,,,
sumber sejarah,concept,Sumber Sejarah,C6-Mencipta,5.0,6.0
ciri peristiwa sejarah,concept,Ciri peristiwa sejarah,C4-Menganalisis,4.0,2.0
unsur sejarah,concept,Unsur sejarah,C1-Mengingat,1.0,1.0
q_164d252c62,question,Apa saja tiga jenis utama sumber sejarah yang disebutkan dalam teks?,C1-Mengingat,1.0,
asal usul istilah sejarah,topic_fine,Asal Usul Istilah Sejarah,,,
asal kata 'sejarah',concept,Asal kata 'sejarah',C1-Mengingat,1.0,1.0
arti kata 'syajaratun',concept,Arti kata 'syajaratun',C1-Mengingat,1.0,1.0
q_48733ea797,question,Dari bahasa apakah istilah 'sejarah' berasal dan apa arti kata dasarnya?,C1-Mengingat,1.0,
ciri-ciri peristiwa sejarah,concept,Ciri-ciri peristiwa sejarah,C6-Mencipta,5.0,1.0
pengembangan wilayah,topic_coarse,Pengembangan Wilayah,C6-Mencipta,5.0,1.0
indeks kesejahteraan subjektif,topic_fine,Indeks Kesejahteraan Subjektif,,,
kesejahteraan subjektif,concept,Kesejahteraan Subjektif,C1-Mengingat,1.0,1.0
kebahagiaan,concept,Kebahagiaan,C1-Mengingat,1.0,1.0
dimensi penilaian,concept,Dimensi Penilaian,C1-Mengingat,1.0,1.0
q_449b8ef5eb,question,Sebutkan tiga dimensi yang digunakan untuk menilai indeks kesejahteraan subjektif (kebahagiaan).,C1-Mengingat,1.0,
paradigma agropolitan,concept,Paradigma Agropolitan,C5-Mengevaluasi,5.0,2.0
hukum ketenagakerjaan,topic_coarse,Hukum Ketenagakerjaan,,,
perlindungan upah pekerja,topic_fine,Perlindungan Upah Pekerja,,,
kebijakan pemerintah,concept,Kebijakan Pemerintah,C6-Mencipta,5.0,6.0
perlindungan pekerja,concept,Perlindungan Pekerja,C1-Mengingat,1.0,1.0
q_473e464e4a,question,Apa kebijakan yang diterapkan pemerintah untuk melindungi pekerja dari upah terlalu rendah?,C1-Mengingat,1.0,
jenis-jenis upah,concept,Jenis-jenis Upah,,,
teknologi informasi,topic_coarse,Teknologi Informasi,,,
penggunaan internet di indonesia,topic_fine,Penggunaan Internet di Indonesia,,,
penggunaan internet,concept,Penggunaan internet,C1-Mengingat,1.0,1.0
data bps,concept,Data BPS,C6-Mencipta,5.0,2.0
tren digital,concept,Tren digital,C1-Mengingat,1.0,1.0
q_a502084703,question,Berapa persen peningkatan penggunaan internet oleh individu di Indonesia dari tahun 2016 hingga 2020 menurut data BPS?,C1-Mengingat,1.0,
definisi masyarakat digital,concept,Definisi masyarakat digital,,,
analisis tren penggunaan internet,concept,Analisis tren penggunaan internet,,,
pembangunan negara,topic_coarse,Pembangunan Negara,,,
tolok ukur pembangunan manusia,topic_fine,Tolok Ukur Pembangunan Manusia,,,
redistribusi pendapatan,concept,Redistribusi Pendapatan,C6-Mencipta,5.0,3.0
tolok ukur pembangunan,concept,Tolok Ukur Pembangunan,C1-Mengingat,1.0,1.0
q_cb5794d10e,question,Sebutkan dua contoh program pemerintah terkait redistribusi pendapatan yang dijelaskan dalam teks,C1-Mengingat,1.0,
konsep pembangunan,concept,Konsep Pembangunan,,,
indikator kualitas hidup,concept,Indikator Kualitas Hidup,,,
ilmu kependudukan,topic_coarse,Ilmu Kependudukan,,,
struktur dan komposisi penduduk,topic_fine,Struktur dan Komposisi Penduduk,,,
bonus demografi,concept,Bonus Demografi,C6-Mencipta,5.0,4.0
populasi produktif,concept,Populasi Produktif,C1-Mengingat,1.0,1.0
populasi nonproduktif,concept,Populasi Nonproduktif,C1-Mengingat,1.0,1.0
q_e1046f6005,question,Apa istilah yang digunakan untuk menggambarkan kondisi di mana jumlah masyarakat berusia produktif lebih banyak daripada,C1-Mengingat,1.0,
definisi populasi,concept,Definisi Populasi,,,
dampak bonus demografi,concept,Dampak Bonus Demografi,,,
unsur-unsur budaya masyarakat,topic_fine,Unsur-unsur Budaya Masyarakat,,,
adat istiadat,concept,Adat Istiadat,C1-Mengingat,1.0,1.0
masyarakat pesisir,concept,Masyarakat Pesisir,C1-Mengingat,1.0,1.0
q_fae9f0d4d5,question,Apa nama upacara adat masyarakat pesisir sebagai wujud terima kasih atas tangkapan ikan?,C1-Mengingat,1.0,
era demokrasi liberal 1950-an,topic_fine,Era Demokrasi Liberal 1950-an,,,
ketidakseimbangan relasi pusat dan daerah,concept,Ketidakseimbangan relasi Pusat dan Daerah,C1-Mengingat,1.0,1.0
kesenjangan alokasi dana pembangunan,concept,Kesenjangan alokasi dana pembangunan,C1-Mengingat,1.0,1.0
perasaan daerah penghasil devisa,concept,Perasaan daerah penghasil devisa,C1-Mengingat,1.0,1.0
q_8f89006c7d,question,Apa penyebab utama ketidakseimbangan relasi Pusat dan Daerah pada era 1950-an?,C1-Mengingat,1.0,
pemberontakan prri,concept,Pemberontakan PRRI,C6-Mencipta,5.0,2.0
kerja sama internasional,topic_coarse,Kerja Sama Internasional,C6-Mencipta,5.0,6.0
bentuk kerja sama bilateral,topic_fine,Bentuk Kerja Sama Bilateral,,,
indonesia dan malaysia,concept,Indonesia dan Malaysia,C1-Mengingat,1.0,1.0
militer-pertahanan,concept,Militer-pertahanan,C1-Mengingat,1.0,1.0
q_50abc89310,question,Apakah nama wadah kerja sama bilateral antara Indonesia dengan Malaysia yang spesifik bergerak dalam bidang militer-pert,C1-Mengingat,1.0,
konsep kerja sama internasional,concept,Konsep Kerja Sama Internasional,,,
jenis-jenis kerja sama regional,concept,Jenis-jenis kerja sama regional,,,
sejarah lokal,topic_coarse,Sejarah Lokal,,,
perjuangan tokoh daerah,topic_fine,Perjuangan Tokoh Daerah,,,
ratu kalinyamat,concept,Ratu Kalinyamat,C6-Mencipta,5.0,7.0
perlawanan terhadap bangsa asing,concept,Perlawanan terhadap Bangsa Asing,C6-Mencipta,5.0,2.0
q_5031a32f37,question,Di gunung manakah Ratu Kalinyamat melakukan pertapaan setelah suaminya dibunuh?,C1-Mengingat,1.0,
pengetahuan dasar sejarah indonesia,concept,Pengetahuan dasar sejarah Indonesia,,,
analisis peran tokoh sejarah,concept,Analisis peran tokoh sejarah,,,
sumber daya alam nonhayati,concept,Sumber Daya Alam Nonhayati,C3-Menerapkan,3.0,2.0
sda abiotik,concept,SDA Abiotik,C1-Mengingat,1.0,1.0
q_77cbc4f9ef,question,Sebutkan dua contoh sumber daya alam nonhayati (abiotik)!,C1-Mengingat,1.0,
klasifikasi sda berdasarkan sifat,concept,Klasifikasi SDA berdasarkan sifat,C2-Memahami,2.0,1.0
sejarah politik luar negeri,topic_coarse,Sejarah Politik Luar Negeri,,,
kebijakan luar negeri indonesia,topic_fine,Kebijakan Luar Negeri Indonesia,,,
konferensi kolombo,concept,Konferensi Kolombo,C6-Mencipta,5.0,2.0
politik bebas aktif,concept,Politik Bebas Aktif,C5-Mengevaluasi,5.0,3.0
q_6a51e21ced,question,Siapa yang menginisiasi Konferensi Kolombo (1954)?,C1-Mengingat,1.0,
peran indonesia dalam gerakan non-blok,concept,Peran Indonesia dalam Gerakan Non-Blok,,,
komponen dan siklus hidrosfer,topic_fine,Komponen dan Siklus Hidrosfer,,,
rawa-rawa,concept,Rawa-rawa,C1-Mengingat,1.0,1.0
q_771396b4d2,question,Apakah definisi dari rawa-rawa?,C1-Mengingat,1.0,
ekosistem lahan basah,concept,Ekosistem lahan basah,,,
dampak pendudukan jepang,topic_fine,Dampak Pendudukan Jepang,,,
sistem ekonomi perang jepang,concept,Sistem ekonomi perang Jepang,C1-Mengingat,1.0,1.0
mandiri daerah,concept,Mandiri daerah,C1-Mengingat,1.0,1.0
q_81c7c1680e,question,Apa nama sistem ekonomi yang menuntut setiap daerah untuk mandiri guna memenuhi kebutuhan perang Jepang?,C1-Mengingat,1.0,
klasifikasi laut berdasarkan letak,topic_fine,Klasifikasi Laut Berdasarkan Letak,,,
klasifikasi laut,concept,Klasifikasi laut,C1-Mengingat,1.0,1.0
letak laut,concept,Letak laut,C1-Mengingat,1.0,1.0
q_6c7a5fbdf5,question,Sebutkan tiga jenis klasifikasi laut berdasarkan letaknya,C1-Mengingat,1.0,
pengertian laut,concept,Pengertian laut,,,
jenis-jenis laut berdasarkan karakteristik fisik,concept,Jenis-jenis laut berdasarkan karakteristik fisik,,,
kebijakan orde baru indonesia,topic_fine,Kebijakan Orde Baru Indonesia,,,
dwifungsi abri,concept,Dwifungsi ABRI,C6-Mencipta,5.0,6.0
peran militer dalam politik,concept,Peran Militer dalam Politik,C6-Mencipta,5.0,2.0
q_9cddc2c0d9,question,Apa yang dimaksud dengan Dwifungsi ABRI?,C1-Mengingat,1.0,
orde baru,concept,Orde Baru,C6-Mencipta,5.0,5.0
stabilitas politik orde baru,concept,Stabilitas Politik Orde Baru,C6-Mencipta,5.0,2.0
geografi regional,topic_coarse,Geografi Regional,,,
faktor pengaruh interaksi wilayah,topic_fine,Faktor Pengaruh Interaksi Wilayah,,,
interaksi wilayah,concept,Interaksi Wilayah,C6-Mencipta,5.0,5.0
edward ullman,concept,Edward Ullman,C1-Mengingat,1.0,1.0
faktor interaksi wilayah,concept,Faktor Interaksi Wilayah,C1-Mengingat,1.0,1.0
q_661175838f,question,Siapakah tokoh yang menyebutkan tiga faktor utama yang memengaruhi interaksi wilayah?,C1-Mengingat,1.0,
konsep wilayah,concept,Konsep Wilayah,,,
analisis pola interaksi,concept,Analisis Pola Interaksi,,,
pemanfaatan sumber daya tambang,topic_fine,Pemanfaatan Sumber Daya Tambang,,,
kegiatan pemanfaatan sumber daya tambang,concept,Kegiatan pemanfaatan sumber daya tambang,C1-Mengingat,1.0,1.0
tahapan pemanfaatan tambang,concept,Tahapan pemanfaatan tambang,C1-Mengingat,1.0,1.0
q_53ff142d59,question,Sebutkan empat tahapan dalam kegiatan pemanfaatan sumber daya tambang secara berurutan,C1-Mengingat,1.0,
pengertian sumber daya alam,concept,Pengertian Sumber Daya Alam,,,
analisis dampak pemanfaatan tambang,concept,Analisis dampak pemanfaatan tambang,,,
pembangunan global,topic_coarse,Pembangunan Global,,,
tujuan pembangunan berkelanjutan,topic_fine,Tujuan Pembangunan Berkelanjutan,C2-Memahami,2.0,2.0
sdgs,concept,SDGs,C1-Mengingat,1.0,1.0
q_52557e7c11,question,Apa kepanjangan dari singkatan SDGs yang dibahas dalam teks?,C1-Mengingat,1.0,
indikator pembangunan berkelanjutan,concept,Indikator Pembangunan Berkelanjutan,,,
konsep kemiskinan dan modal budaya,topic_fine,Konsep Kemiskinan dan Modal Budaya,,,
kemiskinan,concept,Kemiskinan,C4-Menganalisis,4.0,4.0
modal budaya,concept,Modal Budaya,C1-Mengingat,1.0,1.0
tokoh sosiologi,concept,Tokoh Sosiologi,C1-Mengingat,1.0,1.0
q_d1aa78d799,question,Siapakah tokoh sosiologi yang mengaitkan kemiskinan dengan kurangnya 'modal budaya'?,C1-Mengingat,1.0,
pengertian kemiskinan,concept,Pengertian Kemiskinan,,,
teori stratifikasi sosial,concept,Teori Stratifikasi Sosial,,,
fauna dan flora endemik,topic_fine,Fauna dan Flora Endemik,,,
fauna endemik,concept,Fauna endemik,C6-Mencipta,5.0,3.0
hewan endemik indonesia,concept,Hewan endemik Indonesia,C1-Mengingat,1.0,1.0
q_c3d34b7055,question,Sebutkan dua contoh hewan yang merupakan fauna endemik Indonesia beserta daerah asalnya.,C1-Mengingat,1.0,
definisi fauna,concept,Definisi Fauna,,,
klasifikasi fauna,concept,Klasifikasi fauna,,,
perkembangan pers era reformasi,topic_fine,Perkembangan Pers Era Reformasi,,,
pers setelah reformasi,concept,Pers setelah Reformasi,C1-Mengingat,1.0,1.0
pilar keempat demokrasi,concept,Pilar keempat demokrasi,C5-Mengevaluasi,5.0,4.0
q_710a23861f,question,Apa sebutan untuk pers setelah era Reformasi?,C1-Mengingat,1.0,
peran media dalam demokrasi,concept,Peran media dalam demokrasi,,,
keragaman alam dan kondisi geografis,topic_fine,Keragaman Alam dan Kondisi Geografis,,,
gunung api aktif indonesia,concept,Gunung api aktif Indonesia,C1-Mengingat,1.0,1.0
q_87401ca0be,question,Berapa jumlah gunung api aktif di Indonesia menurut teks?,C1-Mengingat,1.0,
jenis-jenis bentang alam indonesia,concept,Jenis-jenis bentang alam Indonesia,,,
sejarah revolusi nasional,topic_coarse,Sejarah Revolusi Nasional,,,
pelaku perjuangan rakyat,topic_fine,Pelaku Perjuangan Rakyat,,,
laskar rakyat,concept,Laskar Rakyat,C5-Mengevaluasi,5.0,3.0
milisi independen,concept,Milisi Independen,C1-Mengingat,1.0,1.0
perang sosial,concept,Perang Sosial,C1-Mengingat,1.0,1.0
q_a99540f6ed,question,"Selain tentara resmi (TKR), siapa lagi yang ikut berjuang secara fisik?",C1-Mengingat,1.0,
konsep revolusi nasional,concept,Konsep Revolusi Nasional,,,
peran kelompok sosial dalam revolusi,concept,Peran Kelompok Sosial dalam Revolusi,,,
pengawasan industri fintech indonesia,topic_fine,Pengawasan Industri Fintech Indonesia,,,
fintech,concept,Fintech,C6-Mencipta,5.0,5.0
pengawasan industri,concept,Pengawasan Industri,C1-Mengingat,1.0,1.0
regulasi keuangan,concept,Regulasi Keuangan,C6-Mencipta,5.0,3.0
q_511b6ac234,question,Lembaga apa yang berperan penting mengawasi industri fintech di Indonesia?,C1-Mengingat,1.0,
definisi ekonomi digital,concept,Definisi Ekonomi Digital,,,
analisis risiko fintech,concept,Analisis Risiko Fintech,,,
perubahan politik era reformasi,topic_fine,Perubahan Politik Era Reformasi,,,
pembredelan media,concept,Pembredelan Media,C6-Mencipta,5.0,3.0
uu no. 40/1999 tentang pers,concept,UU No. 40/1999 tentang Pers,C1-Mengingat,1.0,1.0
q_d94c883add,question,Sebutkan salah satu media yang pernah dibredel (ditutup paksa) oleh Orde Baru!,C1-Mengingat,1.0,
struktur politik orde baru,concept,Struktur Politik Orde Baru,,,
peran pers dalam demokrasi,concept,Peran Pers dalam Demokrasi,,,
persaingan blok selama perang dingin,topic_fine,Persaingan Blok Selama Perang Dingin,,,
blok besar,concept,Blok Besar,C1-Mengingat,1.0,1.0
q_aa8ba72931,question,Apa nama dua blok besar yang bersaing selama era Perang Dingin?,C1-Mengingat,1.0,
konsep kerja sama antarnegara,concept,Konsep Kerja Sama Antarnegara,,,
dampak perang dingin terhadap dunia,concept,Dampak Perang Dingin terhadap Dunia,,,
jenis-jenis upah dan standar,topic_fine,Jenis-jenis Upah dan Standar,,,
upah minimum provinsi (ump),concept,Upah Minimum Provinsi (UMP),C6-Mencipta,5.0,5.0
upah minimum kabupaten/kota (umk),concept,Upah Minimum Kabupaten/Kota (UMK),C6-Mencipta,5.0,4.0
q_19780ebffc,question,Apa kepanjangan dari UMP dan UMK?,C1-Mengingat,1.0,
konsep upah,concept,Konsep Upah,,,
syarat terjadinya interaksi sosial,topic_fine,Syarat Terjadinya Interaksi Sosial,,,
kontak sosial,concept,Kontak sosial,C1-Mengingat,1.0,2.0
komunikasi,concept,Komunikasi,C1-Mengingat,1.0,2.0
q_f83a4f5e3c,question,Sebutkan dua syarat utama terjadinya interaksi sosial!,C1-Mengingat,1.0,
jenis-jenis interaksi sosial,concept,Jenis-jenis Interaksi Sosial,,,
tokoh dan konflik kerajaan demak,topic_fine,Tokoh dan Konflik Kerajaan Demak,,,
arya penangsang,concept,Arya Penangsang,C1-Mengingat,1.0,1.0
kerajaan demak,concept,Kerajaan Demak,C1-Mengingat,1.0,1.0
tokoh yang dibunuh,concept,Tokoh yang dibunuh,C1-Mengingat,1.0,1.0
q_f3b1d6c8c4,question,Siapakah tokoh yang dibunuh oleh Arya Penangsang sehingga memicu konflik di Kerajaan Demak?,C1-Mengingat,1.0,
sejarah kerajaan demak,concept,Sejarah Kerajaan Demak,,,
dampak konflik politik lokal,concept,Dampak konflik politik lokal,,,
perbedaan cuaca dan iklim,topic_fine,Perbedaan Cuaca dan Iklim,,,
definisi iklim,concept,Definisi Iklim,C1-Mengingat,1.0,2.0
q_a6a43e91eb,question,Apa definisi dari iklim?,C1-Mengingat,1.0,
definisi cuaca,concept,Definisi Cuaca,,,
pengaruh iklim terhadap musim,concept,Pengaruh iklim terhadap musim,,,
komponen neraca pembayaran,topic_fine,Komponen Neraca Pembayaran,,,
komponen utama,concept,Komponen Utama,C1-Mengingat,1.0,1.0
q_d794171336,question,Sebutkan tiga komponen utama neraca pembayaran menurut Bank Indonesia.,C1-Mengingat,1.0,
analisis neraca pembayaran,concept,Analisis Neraca Pembayaran,,,
sarekat islam (si),concept,Sarekat Islam (SI),C1-Mengingat,1.0,1.0
organisasi cikal bakal,concept,Organisasi cikal bakal,C1-Mengingat,1.0,1.0
q_a61528df28,question,Sebutkan nama organisasi yang menjadi cikal bakal dari Sarekat Islam (SI)!,C1-Mengingat,1.0,
peran sarekat islam dalam pergerakan nasional,concept,Peran Sarekat Islam dalam pergerakan nasional,,,
pembangunan dan ekonomi,topic_coarse,Pembangunan dan Ekonomi,,,
indikator pembangunan manusia,topic_fine,Indikator Pembangunan Manusia,,,
indeks pembangunan manusia (ipm),concept,Indeks Pembangunan Manusia (IPM),C5-Mengevaluasi,5.0,6.0
komponen utama ipm,concept,Komponen utama IPM,C1-Mengingat,1.0,1.0
q_a6382ca6ff,question,Sebutkan tiga komponen utama yang diukur dalam Indeks Pembangunan Manusia (IPM),C1-Mengingat,1.0,
analisis komponen ipm,concept,Analisis komponen IPM,,,
sidang ppki i,concept,Sidang PPKI I,C6-Mencipta,5.0,4.0
pengangkatan presiden,concept,Pengangkatan Presiden,C4-Menganalisis,4.0,2.0
pengangkatan wakil presiden,concept,Pengangkatan Wakil Presiden,C1-Mengingat,1.0,1.0
q_cc6eae27b6,question,Siapa yang diangkat sebagai Presiden dan Wakil Presiden pada Sidang PPKI I?,C1-Mengingat,1.0,
pembentukan knip,concept,Pembentukan KNIP,C4-Menganalisis,4.0,1.0
jalur perdagangan asia tenggara,topic_fine,Jalur Perdagangan Asia Tenggara,,,
komoditas perdagangan,concept,Komoditas perdagangan,C1-Mengingat,1.0,1.0
interaksi nusantara,concept,Interaksi Nusantara,C1-Mengingat,1.0,1.0
q_03748bc5fd,question,Sebutkan salah satu komoditas utama yang diperdagangkan dari Cina melalui Jalur Sutra.,C1-Mengingat,1.0,
pengenalan jalur sutra,concept,Pengenalan Jalur Sutra,,,
analisis pengaruh geografis terhadap perdagangan,concept,Analisis pengaruh geografis terhadap perdagangan,,,
sejarah politik indonesia,topic_coarse,Sejarah Politik Indonesia,,,
peristiwa g30s 1965,topic_fine,Peristiwa G30S 1965,,,
gerakan 30 september (g30s) 1965,concept,Gerakan 30 September (G30S) 1965,C5-Mengevaluasi,5.0,2.0
pki,concept,PKI,C1-Mengingat,1.0,1.0
q_5058a277be,question,Siapa yang dituduh sebagai dalang G30S 1965?,C1-Mengingat,1.0,
era demokrasi terpimpin,concept,Era Demokrasi Terpimpin,,,
penumpasan g30s oleh soeharto,concept,Penumpasan G30S oleh Soeharto,,,
pengukuran pendapatan nasional,topic_fine,Pengukuran Pendapatan Nasional,,,
pendapatan nasional,concept,Pendapatan Nasional,C3-Menerapkan,3.0,2.0
produk nasional bruto (pnb),concept,Produk Nasional Bruto (PNB),C6-Mencipta,5.0,3.0
q_fd6fbf3fbb,question,Apa yang dimaksud dengan pendapatan nasional?,C1-Mengingat,1.0,
perbedaan pdb dan pnb,concept,Perbedaan PDB dan PNB,,,
konsep dasar interaksi sosial,topic_fine,Konsep Dasar Interaksi Sosial,,,
q_09eae0dee7,question,Apakah definisi dari kerja sama menurut teks tersebut?,C1-Mengingat,1.0,
bentuk-bentuk interaksi sosial,concept,Bentuk-bentuk interaksi sosial,,,
asal usul istilah ekonomi,topic_fine,Asal Usul Istilah Ekonomi,,,
homo economicus,concept,Homo Economicus,C6-Mencipta,5.0,2.0
oikonomikos,concept,Oikonomikos,C1-Mengingat,1.0,1.0
bahasa yunani,concept,Bahasa Yunani,C1-Mengingat,1.0,1.0
q_883117a08c,question,Dari bahasa Yunani apakah istilah 'economicus' berasal dan apa artinya?,C1-Mengingat,1.0,
konsep kelangkaan sumber daya,concept,Konsep kelangkaan sumber daya,,,
jenis perubahan dalam pembangunan,topic_fine,Jenis Perubahan dalam Pembangunan,,,
perubahan konstruktif,concept,Perubahan Konstruktif,C1-Mengingat,1.0,1.0
perubahan destruktif,concept,Perubahan Destruktif,C1-Mengingat,1.0,1.0
q_4a6eecc6dc,question,Istilah apa yang digunakan untuk menggambarkan perubahan yang mengarah pada keburukan?,C1-Mengingat,1.0,
definisi pembangunan,concept,Definisi Pembangunan,,,
indikator pembangunan,concept,Indikator Pembangunan,C2-Memahami,3.0,1.0
jenis kerja sama internasional,topic_fine,Jenis Kerja Sama Internasional,,,
g20,concept,G20,C1-Mengingat,1.0,1.0
wto,concept,WTO,C3-Menerapkan,3.0,2.0
q_d98d6f1884,question,Kerja sama Indonesia dalam kelompok G20 dan WTO tergolong dalam jenis kerja sama apa?,C1-Mengingat,1.0,
analisis dampak kerja sama internasional,concept,Analisis Dampak Kerja Sama Internasional,,,
definisi pemanasan global,topic_fine,Definisi Pemanasan Global,,,
pemanasan global,concept,Pemanasan Global,C6-Mencipta,5.0,9.0
peningkatan suhu rata-rata bumi,concept,Peningkatan suhu rata-rata bumi,C1-Mengingat,1.0,1.0
gas rumah kaca,concept,Gas Rumah Kaca,C5-Mengevaluasi,5.0,5.0
q_b04598c24a,question,Apa definisi dari pemanasan global menurut teks?,C1-Mengingat,1.0,
radiasi matahari,concept,Radiasi matahari,,,
dampak pemanasan global,concept,Dampak Pemanasan Global,,,
definisi iklim dan cuaca,topic_fine,Definisi iklim dan cuaca,,,
q_7983855a9b,question,Apa definisi dari iklim menurut teks yang disajikan?,C1-Mengingat,1.0,
perjuangan tokoh lokal,topic_fine,Perjuangan Tokoh Lokal,,,
sultan nuku,concept,Sultan Nuku,C6-Mencipta,5.0,10.0
perebutan takhta tidore,concept,Perebutan Takhta Tidore,C1-Mengingat,1.0,1.0
musuh bangsa asing,concept,Musuh Bangsa Asing,C1-Mengingat,1.0,1.0
q_d185979acc,question,Negara Eropa manakah yang menjadi musuh utama Sultan Nuku dalam perebutan takhta Tidore?,C1-Mengingat,1.0,
analisis perlawanan tokoh daerah,concept,Analisis Perlawanan Tokoh Daerah,,,
kebijakan pendidikan indonesia,topic_coarse,Kebijakan Pendidikan Indonesia,,,
alokasi anggaran dan bantuan pendidikan,topic_fine,Alokasi Anggaran dan Bantuan Pendidikan,,,
bantuan operasional sekolah (bos),concept,Bantuan Operasional Sekolah (BOS),C4-Menganalisis,4.0,4.0
anggaran pendidikan nasional,concept,Anggaran Pendidikan Nasional,C1-Mengingat,1.0,1.0
wajib belajar 9 tahun,concept,Wajib Belajar 9 Tahun,C6-Mencipta,5.0,4.0
q_2f0f710c2b,question,Apa nama program bantuan yang memberikan dana langsung ke sekolah dasar dan menengah?,C1-Mengingat,1.0,
era reformasi,concept,Era Reformasi,C6-Mencipta,5.0,7.0
pemerataan akses pendidikan,concept,Pemerataan Akses Pendidikan,C4-Menganalisis,4.0,3.0
penyebab pemanasan global,topic_fine,Penyebab Pemanasan Global,,,
karbon dioksida (co2),concept,Karbon Dioksida (CO2),C1-Mengingat,1.0,1.0
emisi gas rumah kaca,concept,Emisi Gas Rumah Kaca,C3-Menerapkan,3.0,2.0
aktivitas manusia,concept,Aktivitas manusia,C2-Memahami,2.0,3.0
q_2f084eb799,question,Aktivitas manusia apa yang menjadi sumber utama emisi Karbon Dioksida (CO2)?,C1-Mengingat,1.0,
teori pertumbuhan ekonomi klasik,topic_fine,Teori Pertumbuhan Ekonomi Klasik,,,
teori klasik,concept,Teori Klasik,C6-Mencipta,5.0,4.0
adam smith,concept,Adam Smith,C1-Mengingat,1.0,1.0
q_8f91252942,question,Siapa dua tokoh yang disebutkan dalam Teori Klasik?,C1-Mengingat,1.0,
teori pertumbuhan ekonomi modern,concept,Teori Pertumbuhan Ekonomi Modern,,,
definisi dan pengukuran pertumbuhan ekonomi,topic_fine,Definisi dan Pengukuran Pertumbuhan Ekonomi,,,
produksi barang dan jasa,concept,Produksi barang dan jasa,C1-Mengingat,1.0,1.0
produk domestik bruto,concept,Produk Domestik Bruto,C1-Mengingat,1.0,1.0
q_0158e1336e,question,Apa definisi dari pertumbuhan ekonomi?,C1-Mengingat,1.0,
resistensi terhadap orde baru,topic_fine,Resistensi terhadap Orde Baru,,,
jenderal nasution,concept,Jenderal Nasution,C1-Mengingat,1.0,1.0
ali sadikin,concept,Ali Sadikin,C1-Mengingat,1.0,1.0
dokumen kritik 1980,concept,Dokumen kritik 1980,C1-Mengingat,1.0,1.0
q_d39007e6cd,question,Apa nama dokumen kritik yang dikeluarkan oleh Jenderal Nasution dan Ali Sadikin pada 1980?,C1-Mengingat,1.0,
kebijakan orde baru,concept,Kebijakan Orde Baru,C3-Menerapkan,3.0,1.0
perkembangan politik pasca-malari,concept,Perkembangan politik pasca-Malari,,,
peristiwa pasca g30s 1965,topic_fine,Peristiwa Pasca G30S 1965,,,
supersemar 1966,concept,Supersemar 1966,C1-Mengingat,1.0,1.0
mandat presiden soekarno,concept,Mandat Presiden Soekarno,C1-Mengingat,1.0,1.0
q_57e02c8829,question,Siapa yang diberi mandat oleh Presiden Soekarno melalui Supersemar 1966?,C1-Mengingat,1.0,
demokrasi terpimpin,concept,Demokrasi Terpimpin,C6-Mencipta,5.0,4.0
pergantian kekuasaan politik,concept,Pergantian Kekuasaan Politik,,,
komoditas unggulan nusantara,topic_fine,Komoditas Unggulan Nusantara,,,
kapur barus,concept,Kapur barus,C1-Mengingat,1.0,1.0
barus sumatra,concept,Barus Sumatra,C1-Mengingat,1.0,1.0
q_975e9748e5,question,"Apa komoditas unggulan yang berasal dari Barus, Sumatra, yang diperdagangkan secara internasional pada masa awal?",C1-Mengingat,1.0,
pengenalan nusantara,concept,Pengenalan Nusantara,,,
pengaruh jalur sutra,concept,Pengaruh Jalur Sutra,,,
sosiologi dan budaya,topic_coarse,Sosiologi dan Budaya,,,
pemberdayaan komunitas dan kearifan lokal,topic_fine,Pemberdayaan Komunitas dan Kearifan Lokal,,,
subak,concept,Subak,C1-Mengingat,1.0,1.0
filosofi lokal,concept,Filosofi Lokal,C1-Mengingat,1.0,1.0
q_fc6ba3ad24,question,Apa nama filosofi yang menjadi dasar dari sistem Subak di Bali?,C1-Mengingat,1.0,
komunitas lokal,concept,Komunitas Lokal,C3-Menerapkan,3.0,1.0
implementasi kearifan lokal,concept,Implementasi Kearifan Lokal,,,
jenderal jepang,concept,Jenderal Jepang,C1-Mengingat,1.0,1.0
ppki,concept,PPKI,C3-Menerapkan,3.0,3.0
kekuasaan jepang,concept,Kekuasaan Jepang,C1-Mengingat,1.0,1.0
q_d505a12d97,question,Siapakah Jenderal Jepang yang berwenang memilih anggota PPKI?,C1-Mengingat,1.0,
perang dunia ii,concept,Perang Dunia II,C3-Menerapkan,3.0,2.0
pembentukan negara indonesia,concept,Pembentukan Negara Indonesia,,,
perlawanan terhadap kolonialisme,topic_fine,Perlawanan terhadap Kolonialisme,,,
organisasi pergerakan nasional,concept,Organisasi Pergerakan Nasional,C6-Mencipta,5.0,3.0
q_e6cdaec200,question,Sebutkan tahun berdirinya organisasi Budi Utomo.,C1-Mengingat,1.0,
periode perlawanan indonesia,concept,Periode Perlawanan Indonesia,,,
perkembangan organisasi modern,concept,Perkembangan Organisasi Modern,,,
sejarah asia,topic_coarse,Sejarah Asia,,,
kebangkitan nasionalisme asia,topic_fine,Kebangkitan Nasionalisme Asia,,,
nasionalisme asia,concept,Nasionalisme Asia,C5-Mengevaluasi,5.0,5.0
faktor pendorong eksternal,concept,Faktor Pendorong Eksternal,C1-Mengingat,1.0,1.0
peristiwa 1905,concept,Peristiwa 1905,C1-Mengingat,1.0,1.0
q_235be10c10,question,Peristiwa penting apa yang terjadi pada tahun 1905 yang menjadi faktor pendorong eksternal bagi nasionalisme Asia?,C1-Mengingat,1.0,
imperialisme barat,concept,Imperialisme Barat,C6-Mencipta,5.0,2.0
dampak nasionalisme asia,concept,Dampak Nasionalisme Asia,,,
karakteristik wilayah perdesaan,topic_fine,Karakteristik Wilayah Perdesaan,,,
unsur vital desa,concept,Unsur vital desa,C1-Mengingat,1.0,1.0
karakteristik desa,concept,Karakteristik Desa,C6-Mencipta,5.0,3.0
q_1155a57216,question,Sebutkan tiga unsur vital yang terdapat pada sebuah desa.,C1-Mengingat,1.0,
pengertian desa,concept,Pengertian Desa,,,
perbedaan desa dan kota,concept,Perbedaan desa dan kota,,,
proklamasi kemerdekaan,concept,Proklamasi Kemerdekaan,C1-Mengingat,1.0,1.0
pengetik naskah proklamasi,concept,Pengetik Naskah Proklamasi,C1-Mengingat,1.0,1.0
q_4ef7a1920f,question,Siapakah yang mengetik naskah proklamasi kemerdekaan?,C1-Mengingat,1.0,
peristiwa menjelang kemerdekaan,concept,Peristiwa menjelang kemerdekaan,,,
pengumuman proklamasi,concept,Pengumuman Proklamasi,,,
perubahan iklim,topic_coarse,Perubahan Iklim,C5-Mengevaluasi,5.0,7.0
dampak kenaikan permukaan air laut,topic_fine,Dampak Kenaikan Permukaan Air Laut,,,
kenaikan permukaan air laut,concept,Kenaikan Permukaan Air Laut,C6-Mencipta,5.0,5.0
wilayah kepulauan indonesia,concept,Wilayah kepulauan Indonesia,C1-Mengingat,1.0,1.0
q_36ebc2e9eb,question,Sebutkan tiga wilayah kepulauan di Indonesia yang terdampak langsung oleh kenaikan permukaan air laut.,C1-Mengingat,1.0,
analisis dampak kenaikan permukaan air laut,concept,Analisis dampak kenaikan permukaan air laut,,,
geografi politik,topic_coarse,Geografi Politik,,,
batas wilayah astronomis indonesia,topic_fine,Batas Wilayah Astronomis Indonesia,,,
batas wilayah selatan indonesia,concept,Batas wilayah selatan Indonesia,C1-Mengingat,1.0,1.0
lokasi astronomis,concept,Lokasi astronomis,C1-Mengingat,1.0,1.0
q_60a7d63d4d,question,Pulau apakah yang menjadi batas wilayah paling selatan Indonesia secara astronomis?,C1-Mengingat,1.0,
konsep pulau di indonesia,concept,Konsep pulau di Indonesia,,,
analisis potensi geopolitik indonesia,concept,Analisis potensi geopolitik Indonesia,,,
bahasa dan linguistik,topic_coarse,Bahasa dan Linguistik,,,
definisi istilah dalam kbbi,topic_fine,Definisi Istilah dalam KBBI,,,
hedonisme,concept,Hedonisme,C4-Menganalisis,4.0,2.0
kamus besar bahasa indonesia,concept,Kamus Besar Bahasa Indonesia,C1-Mengingat,1.0,1.0
q_807e25fbf8,question,"Menurut Kamus Besar Bahasa Indonesia, apa yang dimaksud dengan hedonisme?",C1-Mengingat,1.0,
analisis konsep sosial,concept,Analisis Konsep Sosial,,,
pengawasan teknologi finansial,topic_fine,Pengawasan Teknologi Finansial,,,
pengawasan lembaga keuangan,concept,Pengawasan Lembaga Keuangan,C1-Mengingat,1.0,1.0
q_a854f25580,question,Lembaga apakah yang bertugas mengawasi kegiatan fintech di Indonesia?,C1-Mengingat,1.0,
regulasi fintech di indonesia,concept,Regulasi Fintech di Indonesia,,,
pembangunan industri,topic_coarse,Pembangunan Industri,,,
prinsip pembangunan berkelanjutan,topic_fine,Prinsip Pembangunan Berkelanjutan,C5-Mengevaluasi,5.0,1.0
pembangunan industri berkelanjutan,concept,Pembangunan Industri Berkelanjutan,C1-Mengingat,1.0,1.0
aspek ekonomi,concept,Aspek Ekonomi,C1-Mengingat,1.0,1.0
aspek sosial,concept,Aspek Sosial,C1-Mengingat,1.0,1.0
aspek lingkungan,concept,Aspek Lingkungan,C1-Mengingat,1.0,1.0
q_b4aaf472f1,question,Sebutkan tiga aspek yang menjadi dasar prinsip-prinsip pembangunan industri berkelanjutan.,C1-Mengingat,1.0,
industrialisasi,concept,Industrialisasi,C4-Menganalisis,4.0,1.0
peran tokoh dalam revolusi nasional,topic_fine,Peran Tokoh dalam Revolusi Nasional,,,
revolusi nasional,concept,Revolusi Nasional,C2-Memahami,2.0,1.0
peran ismail marzuki,concept,Peran Ismail Marzuki,C2-Memahami,2.0,1.0
q_4791d73df0,question,Jelaskan peran Ismail Marzuki dalam revolusi!,C2-Memahami,2.0,
menjelaskan,method,Menjelaskan,,,
pengenalan revolusi nasional,concept,Pengenalan Revolusi Nasional,,,
analisis kontribusi tokoh sejarah,concept,Analisis Kontribusi Tokoh Sejarah,,,
perkembangan teknologi dan pasar,topic_fine,Perkembangan Teknologi dan Pasar,,,
perkembangan teknologi,concept,Perkembangan Teknologi,C6-Mencipta,5.0,2.0
konsep pasar,concept,Konsep pasar,C2-Memahami,2.0,1.0
perubahan pasar,concept,Perubahan pasar,C2-Memahami,2.0,1.0
q_7408d11cb3,question,Jelaskan bagaimana perkembangan teknologi telah mengubah konsep pasar,C2-Memahami,2.0,
konsep dasar pasar,concept,Konsep dasar pasar,,,
dampak teknologi terhadap struktur industri,concept,Dampak teknologi terhadap struktur industri,,,
struktur dan komponen apbn,topic_fine,Struktur dan Komponen APBN,,,
belanja pemerintah pusat,concept,Belanja Pemerintah Pusat,C2-Memahami,2.0,1.0
transfer ke daerah,concept,Transfer ke Daerah,C2-Memahami,2.0,1.0
q_c990db6f21,question,Jelaskan perbedaan antara Belanja Pemerintah Pusat dan Transfer ke Daerah!,C2-Memahami,2.0,
membandingkan,method,Membandingkan,,,
pengertian apbn,concept,Pengertian APBN,,,
analisis dampak kebijakan fiskal,concept,Analisis Dampak Kebijakan Fiskal,,,
teori perubahan sosial,topic_fine,Teori Perubahan Sosial,,,
perubahan sosial cepat (revolusi),concept,Perubahan Sosial Cepat (Revolusi),C2-Memahami,2.0,1.0
perubahan sosial lambat (evolusi),concept,Perubahan Sosial Lambat (Evolusi),C2-Memahami,2.0,1.0
perbedaan perubahan sosial,concept,Perbedaan Perubahan Sosial,C2-Memahami,2.0,1.0
q_ee429ee361,question,Jelaskan perbedaan mendasar antara perubahan sosial cepat (revolusi) dan lambat (evolusi) beserta masing-masing contohny,C2-Memahami,2.0,
dampak perubahan sosial,concept,Dampak Perubahan Sosial,,,
transaksi berjalan,concept,Transaksi Berjalan,C4-Menganalisis,4.0,2.0
aliran dana internasional,concept,Aliran Dana Internasional,C6-Mencipta,5.0,2.0
q_fb60d28f2c,question,Uraikan komponen-komponen yang termasuk dalam Transaksi Berjalan (Current Account).,C2-Memahami,2.0,
menguraikan,method,Menguraikan,,,
definisi neraca pembayaran,concept,Definisi Neraca Pembayaran,,,
analisis defisit/surplus neraca pembayaran,concept,Analisis Defisit/Surplus Neraca Pembayaran,,,
sosiologi dan komunitas,topic_coarse,Sosiologi dan Komunitas,,,
pemberdayaan masyarakat desa,topic_fine,Pemberdayaan Masyarakat Desa,,,
komunitas,concept,Komunitas,C3-Menerapkan,3.0,5.0
pemberdayaan masyarakat,concept,Pemberdayaan Masyarakat,C3-Menerapkan,3.0,2.0
budidaya tanaman hias,concept,Budidaya Tanaman Hias,C2-Memahami,2.0,1.0
q_6bbc85c55c,question,Mengapa kegiatan budidaya tanaman hias dianggap sebagai contoh pemberdayaan masyarakat desa yang efektif?,C2-Memahami,2.0,
menganalisis contoh,method,Menganalisis contoh,,,
konsep komunitas,concept,Konsep Komunitas,,,
dampak sosial ekonomi komunitas,concept,Dampak Sosial Ekonomi Komunitas,,,
hubungan ketimpangan dan kemiskinan,topic_fine,Hubungan Ketimpangan dan Kemiskinan,,,
ketimpangan ekonomi,concept,Ketimpangan Ekonomi,C6-Mencipta,5.0,5.0
rasio gini,concept,Rasio Gini,C5-Mengevaluasi,5.0,3.0
q_ca507cc0ad,question,Simpulkan hubungan antara masalah ketimpangan ekonomi dengan masalah kemiskinan berdasarkan teks.,C2-Memahami,2.0,
menyimpulkan hubungan,method,Menyimpulkan hubungan,,,
definisi ketimpangan ekonomi,concept,Definisi Ketimpangan Ekonomi,,,
analisis kebijakan pengentasan kemiskinan,concept,Analisis Kebijakan Pengentasan Kemiskinan,,,
perlawanan lokal,concept,Perlawanan Lokal,C3-Menerapkan,3.0,2.0
pengorbanan kepemimpinan,concept,Pengorbanan Kepemimpinan,C2-Memahami,3.0,1.0
q_787e985cc7,question,Uraikan penyebab Ratu Kalinyamat bersumpah untuk menyerahkan harta dan kekuasaannya.,C2-Memahami,3.0,
menganalisis sebab-akibat,method,Menganalisis sebab-akibat,,,
pengenalan tokoh sejarah,concept,Pengenalan Tokoh Sejarah,,,
analisis dampak perjuangan lokal,concept,Analisis Dampak Perjuangan Lokal,,,
dampak industri digital pada budaya,topic_fine,Dampak Industri Digital pada Budaya,,,
digitalisasi,concept,Digitalisasi,C2-Memahami,2.0,1.0
pertukaran budaya,concept,Pertukaran Budaya,C6-Mencipta,5.0,2.0
industri digital,concept,Industri Digital,C2-Memahami,2.0,1.0
q_9a80b4e7e2,question,Simpulkan bagaimana industri digital seperti film dan musik dapat menjadi pendorong pertukaran budaya secara global.,C2-Memahami,2.0,
menganalisis,method,Menganalisis,,,
konsep digitalisasi,concept,Konsep Digitalisasi,,,
dampak globalisasi terhadap identitas lokal,concept,Dampak Globalisasi terhadap Identitas Lokal,,,
biologi dan kesehatan global,topic_fine,Biologi dan Kesehatan Global,,,
christiaan eijkman,concept,Christiaan Eijkman,C2-Memahami,3.0,1.0
industri kesehatan modern,concept,Industri Kesehatan Modern,C2-Memahami,3.0,1.0
q_ac66e5c0dc,question,Terangkan hubungan antara penemuan Christiaan Eijkman dengan industri kesehatan modern yang bernilai miliaran dolar.,C2-Memahami,3.0,
menjelaskan hubungan,method,Menjelaskan hubungan,,,
pengetahuan dasar tentang mikrobiologi,concept,Pengetahuan dasar tentang mikrobiologi,,,
pengembangan vaksin dan obat-obatan,concept,Pengembangan vaksin dan obat-obatan,,,
faktor internal,concept,Faktor Internal,C6-Mencipta,5.0,2.0
peran intelektual,concept,Peran Intelektual,C2-Memahami,2.0,1.0
q_7546f992fd,question,Bagaimana peran kaum intelektual menjadi faktor internal pendorong lahirnya nasionalisme di Asia?,C2-Memahami,2.0,
perjuangan kemerdekaan asia,concept,Perjuangan Kemerdekaan Asia,,,
bentuk kerja sama ekonomi indonesia,topic_fine,Bentuk Kerja Sama Ekonomi Indonesia,,,
kerja sama ekonomi,concept,Kerja sama ekonomi,C2-Memahami,2.0,1.0
hubungan indonesia-malaysia,concept,Hubungan Indonesia-Malaysia,C2-Memahami,2.0,1.0
q_4332b958b8,question,Uraikan tiga bentuk kerja sama di bidang ekonomi dan perdagangan yang terjalin antara Indonesia dan Malaysia.,C2-Memahami,2.0,
pengertian kerja sama internasional,concept,Pengertian Kerja Sama Internasional,,,
perbandingan jenis kerja sama internasional,concept,Perbandingan jenis kerja sama internasional,,,
potensi dan pembangunan,topic_coarse,Potensi dan Pembangunan,,,
pengembangan industri strategis indonesia,topic_fine,Pengembangan Industri Strategis Indonesia,,,
kekayaan alam melimpah,concept,Kekayaan alam melimpah,C2-Memahami,2.0,1.0
potensi negara maju,concept,Potensi negara maju,C2-Memahami,2.0,1.0
pengembangan industri strategis,concept,Pengembangan industri strategis,C2-Memahami,2.0,1.0
q_f663349be3,question,Jelaskan mengapa pemerintah Indonesia merasa perlu mengembangkan industri strategis meskipun telah memiliki kekayaan ala,C2-Memahami,2.0,
menganalisis alasan,method,Menganalisis alasan,,,
konsep kekayaan alam indonesia,concept,Konsep kekayaan alam Indonesia,,,
strategi pembangunan berkelanjutan,concept,Strategi Pembangunan Berkelanjutan,,,
pendorong kerja sama antarnegara,topic_fine,Pendorong Kerja Sama Antarnegara,,,
kerja sama antarnegara,concept,Kerja Sama Antarnegara,C5-Mengevaluasi,5.0,2.0
saling ketergantungan (interdependensi),concept,Saling Ketergantungan (Interdependensi),C5-Mengevaluasi,5.0,2.0
q_4eb194bdd9,question,Jelaskan dengan kata-katamu sendiri mengapa saling ketergantungan (interdependensi) menjadi pendorong utama terjadinya k,C2-Memahami,2.0,
konsep negara,concept,Konsep negara,,,
bentuk-bentuk kerja sama internasional,concept,Bentuk-bentuk Kerja Sama Internasional,,,
geografi bumi,topic_coarse,Geografi Bumi,,,
pembagian dan kelayakan permukaan bumi,topic_fine,Pembagian dan Kelayakan Permukaan Bumi,,,
luas permukaan bumi,concept,Luas permukaan bumi,C2-Memahami,2.0,1.0
proporsi daratan yang dapat dihuni,concept,Proporsi daratan yang dapat dihuni,C2-Memahami,2.0,1.0
"pembagian zona daratan (lautan, gurun, pegunungan)",concept,"Pembagian zona daratan (lautan, gurun, pegunungan)",C2-Memahami,2.0,1.0
q_bb2b27875d,question,Uraikan mengapa sebagian besar permukaan bumi tidak laik huni bagi manusia berdasarkan data yang disajikan,C2-Memahami,2.0,
menganalisis data proporsi,method,Menganalisis data proporsi,,,
pengenalan luas permukaan bumi,concept,Pengenalan luas permukaan bumi,,,
dampak perubahan iklim terhadap kelayakan huni,concept,Dampak perubahan iklim terhadap kelayakan huni,,,
definisi sejarah e.h. carr,concept,Definisi Sejarah E.H. Carr,C2-Memahami,3.0,1.0
definisi sejarah jackson j. spielvogel,concept,Definisi Sejarah Jackson J. Spielvogel,C2-Memahami,3.0,1.0
perbandingan definisi sejarah,concept,Perbandingan Definisi Sejarah,C2-Memahami,3.0,1.0
q_b354204f96,question,Bandingkan definisi sejarah menurut E.H. Carr dengan definisi menurut Jackson J. Spielvogel. Apa perbedaan mendasar kedu,C2-Memahami,3.0,
pengertian dasar sejarah,concept,Pengertian dasar sejarah,,,
sosiologi konflik,topic_coarse,Sosiologi Konflik,,,
dampak konflik terhadap kelompok,topic_fine,Dampak Konflik Terhadap Kelompok,,,
solidaritas kelompok,concept,Solidaritas Kelompok,C2-Memahami,2.0,1.0
dinamika sosial,concept,Dinamika Sosial,C2-Memahami,2.0,2.0
q_c05dd3fde1,question,Jelaskan bagaimana sebuah konflik dengan pihak luar justru dapat meningkatkan solidaritas di dalam sebuah kelompok,C2-Memahami,2.0,
definisi konflik,concept,Definisi konflik,,,
definisi dan cakupan geopolitik,topic_fine,Definisi dan cakupan geopolitik,,,
studi geografi dan politik internasional,concept,Studi geografi dan politik internasional,C2-Memahami,2.0,1.0
makna strategis wilayah,concept,Makna strategis wilayah,C2-Memahami,2.0,1.0
q_e7efcd4d24,question,Simpulkan apa yang dimaksud dengan geopolitik berdasarkan penjelasan awal dalam teks.,C2-Memahami,2.0,
meringkas,method,Meringkas,,,
pengertian dasar geografi,concept,Pengertian dasar geografi,,,
aspek-aspek penting geopolitik,concept,Aspek-aspek penting geopolitik,,,
perbedaan ruang abstrak dan konkret,topic_fine,Perbedaan Ruang Abstrak dan Konkret,,,
ruang abstrak,concept,Ruang Abstrak,C2-Memahami,2.0,1.0
ruang konkret,concept,Ruang Konkret,C2-Memahami,2.0,1.0
q_d5550baef8,question,Bagaimana konsep ruang yang abstrak (seperti negara) berbeda dengan konsep ruang yang konkret (seperti ruang tamu) berda,C2-Memahami,2.0,
definisi ruang,concept,Definisi Ruang,,,
fungsi penataan ruang,concept,Fungsi Penataan Ruang,,,
nasionalisme di tiongkok,topic_fine,Nasionalisme di Tiongkok,,,
nasionalisme tiongkok,concept,Nasionalisme Tiongkok,C2-Memahami,3.0,1.0
san min chu i,concept,San Min Chu I,C2-Memahami,3.0,1.0
q_7d8f43c227,question,Uraikan secara singkat tiga prinsip rakyat (San Min Chu I) yang menjadi dasar gerakan nasionalisme di Tiongkok.,C2-Memahami,3.0,
menganalisis prinsip,method,Menganalisis prinsip,,,
konsep imperialisme barat,concept,Konsep Imperialisme Barat,,,
perkembangan negara-bangsa asia,concept,Perkembangan negara-bangsa Asia,,,
ekonomi pembangunan,topic_coarse,Ekonomi Pembangunan,,,
dampak demografi terhadap pembangunan,topic_fine,Dampak Demografi Terhadap Pembangunan,,,
pembangunan ekonomi,concept,Pembangunan Ekonomi,C3-Menerapkan,3.0,2.0
hambatan pembangunan,concept,Hambatan Pembangunan,C2-Memahami,2.0,1.0
pendorong pembangunan,concept,Pendorong Pembangunan,C2-Memahami,2.0,1.0
q_afe43afdc1,question,Mengapa jumlah penduduk yang besar bisa menjadi penghambat sekaligus pendorong pembangunan ekonomi?,C2-Memahami,2.0,
menganalisis dampak,method,Menganalisis dampak,,,
definisi pembangunan ekonomi,concept,Definisi Pembangunan Ekonomi,,,
teori transisi demografi,concept,Teori Transisi Demografi,,,
karakteristik flora dan fauna endemik,topic_fine,Karakteristik Flora dan Fauna Endemik,,,
flora endemik,concept,Flora endemik,C6-Mencipta,5.0,3.0
kondisi khas wilayah,concept,Kondisi khas wilayah,C2-Memahami,2.0,1.0
q_492cb775bc,question,Jelaskan dengan kata-katamu sendiri mengapa suatu jenis flora atau fauna bisa menjadi endemik di suatu wilayah.,C2-Memahami,2.0,
menjelaskan dengan kata-kata sendiri,method,Menjelaskan dengan kata-kata sendiri,,,
definisi flora dan fauna,concept,Definisi Flora dan Fauna,,,
dampak kepunahan spesies endemik,concept,Dampak kepunahan spesies endemik,,,
demografi dan pembangunan,topic_coarse,Demografi dan Pembangunan,,,
dampak pertumbuhan penduduk cepat,topic_fine,Dampak Pertumbuhan Penduduk Cepat,,,
pertumbuhan penduduk cepat,concept,Pertumbuhan penduduk cepat,C6-Mencipta,5.0,2.0
hambatan pembangunan berkelanjutan,concept,Hambatan pembangunan berkelanjutan,C2-Memahami,2.0,1.0
q_72846dd092,question,Mengapa pertumbuhan penduduk yang cepat dapat menjadi hambatan bagi pembangunan berkelanjutan?,C2-Memahami,2.0,
menjelaskan hubungan sebab akibat,method,Menjelaskan hubungan sebab akibat,,,
proses demografi,concept,Proses demografi,,,
strategi pengendalian pertumbuhan penduduk,concept,Strategi pengendalian pertumbuhan penduduk,,,
peristiwa sejarah,concept,Peristiwa Sejarah,C2-Memahami,2.0,1.0
sifat unik,concept,Sifat Unik,C2-Memahami,2.0,1.0
ciri sejarah,concept,Ciri Sejarah,C2-Memahami,2.0,1.0
q_7a1edb8fe6,question,Jelaskan mengapa suatu peristiwa sejarah dikatakan bersifat 'unik'.,C2-Memahami,2.0,
pengertian sejarah,concept,Pengertian sejarah,,,
ciri abadi sejarah,concept,Ciri Abadi Sejarah,C3-Menerapkan,3.0,1.0
ciri penting sejarah,concept,Ciri Penting Sejarah,C3-Menerapkan,3.0,1.0
ilmu sosial,topic_coarse,Ilmu Sosial,,,
konsep pembangunan dan perubahan,topic_fine,Konsep Pembangunan dan Perubahan,,,
paradigma top-down,concept,Paradigma Top-Down,C2-Memahami,2.0,1.0
kebutuhan masyarakat lokal,concept,Kebutuhan Masyarakat Lokal,C2-Memahami,2.0,1.0
pembangunan,concept,Pembangunan,C6-Mencipta,5.0,3.0
q_45ab5c9302,question,Mengapa paradigma top-down seringkali menimbulkan ketidaksesuaian dengan kebutuhan masyarakat lokal?,C2-Memahami,2.0,
menganalisis perbedaan,method,Menganalisis Perbedaan,,,
paradigma bottom-up,concept,Paradigma Bottom-Up,,,
hidrosfer dan air,topic_coarse,Hidrosfer dan Air,,,
jenis-jenis air di bumi,topic_fine,Jenis-jenis air di bumi,,,
air tanah,concept,Air tanah,C2-Memahami,2.0,1.0
sumber air,concept,Sumber air,C2-Memahami,2.0,1.0
q_a52caad936,question,Seorang petani menggunakan sumur untuk mengairi sawahnya. Jenis air tanah apakah yang ia manfaatkan?,C2-Memahami,2.0,
memahami,method,Memahami,,,
definisi hidrosfer,concept,Definisi hidrosfer,,,
pemanfaatan sumber daya air,concept,Pemanfaatan sumber daya air,,,
tujuan program wajib belajar,topic_fine,Tujuan Program Wajib Belajar,,,
q_5dd3e5df3c,question,Jelaskan tujuan utama dari program Wajib Belajar 9 tahun!,C2-Memahami,2.0,
alokasi anggaran pendidikan 20%,concept,Alokasi Anggaran Pendidikan 20%,,,
implementasi program bos,concept,Implementasi Program BOS,,,
jenis-jenis upah minimum,topic_fine,Jenis-jenis Upah Minimum,,,
perbedaan upah,concept,Perbedaan Upah,C2-Memahami,2.0,1.0
q_b3e44159aa,question,Jelaskan perbedaan antara UMP dan UMK!,C2-Memahami,2.0,
implementasi kebijakan upah,concept,Implementasi Kebijakan Upah,,,
perbandingan ideologi politik masa perang,topic_fine,Perbandingan Ideologi Politik Masa Perang,,,
tujuan putera jepang,concept,Tujuan PUTERA Jepang,C2-Memahami,3.0,1.0
tujuan pergerakan nasional,concept,Tujuan Pergerakan Nasional,C2-Memahami,3.0,1.0
imperialisme jepang,concept,Imperialisme Jepang,C2-Memahami,3.0,1.0
q_5c771278a4,question,Bandingkan tujuan pembentukan organisasi PUTERA oleh Jepang dengan tujuan organisasi pergerakan nasional sebelum kedatan,C2-Memahami,3.0,
konsep nasionalisme,concept,Konsep Nasionalisme,,,
pendekatan lingkungan dalam geografi,topic_fine,Pendekatan Lingkungan dalam Geografi,,,
pendekatan lingkungan,concept,Pendekatan Lingkungan,C6-Mencipta,5.0,3.0
ekologi geografi,concept,Ekologi geografi,C2-Memahami,2.0,1.0
interaksi manusia dan alam,concept,Interaksi Manusia dan Alam,C4-Menganalisis,4.0,3.0
q_68d2fb0df3,question,Terangkan apa yang menjadi fokus utama dalam pendekatan lingkungan (ekologi) pada studi geografi!,C2-Memahami,2.0,
analisis spasial,concept,Analisis spasial,,,
demografi dan statistik,topic_coarse,Demografi dan Statistik,,,
metode pengumpulan data penduduk,topic_fine,Metode Pengumpulan Data Penduduk,,,
sensus canvasser,concept,Sensus Canvasser,C2-Memahami,3.0,1.0
metode householder,concept,Metode Householder,C5-Mengevaluasi,4.0,2.0
q_4320d87568,question,Jelaskan keunggulan dari metode sensus canvasser dibandingkan dengan metode householder!,C2-Memahami,3.0,
membandingkan metode,method,Membandingkan metode,,,
analisis data demografi,concept,Analisis Data Demografi,,,
aspek budaya dan sejarah toponimi,topic_fine,Aspek Budaya dan Sejarah Toponimi,,,
kredibilitas sumber,concept,Kredibilitas Sumber,C2-Memahami,2.0,1.0
q_55e8ad9c50,question,"Mengapa saat melakukan penelusuran toponimi melalui internet, kita harus memperhatikan kredibilitas sumber?",C2-Memahami,2.0,
menganalisis informasi,method,Menganalisis informasi,,,
definisi toponimi,concept,Definisi Toponimi,,,
analisis konten toponimi,concept,Analisis Konten Toponimi,,,
lingkungan dan alam,topic_coarse,Lingkungan dan Alam,,,
interaksi manusia dengan alam,topic_fine,Interaksi Manusia dengan Alam,,,
dampak positif lingkungan,concept,Dampak positif lingkungan,C2-Memahami,2.0,1.0
dampak negatif lingkungan,concept,Dampak negatif lingkungan,C2-Memahami,2.0,1.0
q_d12e4d2832,question,"Mengapa interaksi antara manusia dan alam dapat dikatakan memiliki dua sisi, yaitu positif dan negatif?",C2-Memahami,2.0,
konsep dasar lingkungan,concept,Konsep dasar lingkungan,,,
upaya pelestarian lingkungan,concept,Upaya pelestarian lingkungan,,,
ketenagakerjaan,topic_coarse,Ketenagakerjaan,,,
bekerja,concept,Bekerja,C2-Memahami,2.0,1.0
menganggur,concept,Menganggur,C2-Memahami,2.0,1.0
q_2c2bac195f,question,"Jelaskan apa yang dimaksud dengan ""Angkatan Kerja""! ",C2-Memahami,2.0,
populasi usia kerja,concept,Populasi usia kerja,,,
bukan angkatan kerja,concept,Bukan Angkatan Kerja,C2-Memahami,2.0,2.0
kebijakan perdagangan dan bea masuk,topic_fine,Kebijakan Perdagangan dan Bea Masuk,,,
bea masuk,concept,Bea Masuk,C5-Mengevaluasi,5.0,2.0
manfaat perdagangan internasional,concept,Manfaat Perdagangan Internasional,C2-Memahami,3.0,1.0
q_2e24ff074d,question,Pemerintah Indonesia mengenakan bea masuk yang tinggi untuk mobil mewah yang didatangkan dari Eropa. Manfaat perdagangan,C2-Memahami,3.0,
menganalisis kebijakan,method,Menganalisis kebijakan,,,
konsep dasar perdagangan internasional,concept,Konsep Dasar Perdagangan Internasional,,,
dampak proteksionisme,concept,Dampak proteksionisme,,,
ekonomi global,topic_coarse,Ekonomi Global,,,
faktor pendorong perdagangan internasional,topic_fine,Faktor Pendorong Perdagangan Internasional,,,
faktor pendorong,concept,Faktor Pendorong,C2-Memahami,2.0,1.0
q_1113cbc3b3,question,Mengapa era globalisasi dianggap sebagai faktor pendorong perdagangan internasional?,C2-Memahami,2.0,
konsep dasar perdagangan,concept,Konsep Dasar Perdagangan,,,
dampak perdagangan internasional,concept,Dampak Perdagangan Internasional,,,
lingkungan hidup,topic_coarse,Lingkungan Hidup,,,
komponen dan energi ekosistem,topic_fine,Komponen dan Energi Ekosistem,,,
cahaya matahari,concept,Cahaya matahari,C2-Memahami,2.0,1.0
sumber energi utama,concept,Sumber energi utama,C2-Memahami,2.0,1.0
lingkungan abiotik,concept,Lingkungan abiotik,C2-Memahami,2.0,1.0
q_b7e831475d,question,Mengapa cahaya matahari dianggap sebagai sumber energi utama dalam lingkungan abiotik?,C2-Memahami,2.0,
memahami interaksi,method,Memahami interaksi,,,
definisi lingkungan hidup,concept,Definisi lingkungan hidup,,,
komponen biotik dan abiotik,concept,Komponen biotik dan abiotik,,,
aliran energi dalam ekosistem,concept,Aliran energi dalam ekosistem,,,
kolaborasi teknologi dan ekonomi,topic_fine,Kolaborasi Teknologi dan Ekonomi,C2-Memahami,3.0,1.0
revolusi industri 4.0,concept,Revolusi Industri 4.0,C6-Mencipta,5.0,4.0
society 5.0,concept,Society 5.0,C2-Memahami,3.0,1.0
q_644d1026e7,question,Uraikan tujuan utama dari kolaborasi antara bidang teknologi dan ekonomi dalam Revolusi Industri 4.0 dan Society 5.0!,C2-Memahami,3.0,
menganalisis tujuan,method,Menganalisis tujuan,,,
konsep dasar revolusi industri 4.0,concept,Konsep dasar Revolusi Industri 4.0,,,
implementasi kebijakan berbasis teknologi,concept,Implementasi kebijakan berbasis teknologi,,,
peta,concept,PETA,C3-Menerapkan,3.0,2.0
heiho,concept,Heiho,C2-Memahami,2.0,1.0
tujuan jepang,concept,Tujuan Jepang,C2-Memahami,2.0,1.0
q_c5afbca74d,question,Jelaskan tujuan utama Jepang membentuk organisasi PETA dan Heiho.,C2-Memahami,2.0,
peran peta dan heiho dalam perang dunia ii,concept,Peran PETA dan Heiho dalam Perang Dunia II,,,
sosiologi masyarakat,topic_coarse,Sosiologi Masyarakat,,,
fungsi dan norma lembaga sosial,topic_fine,Fungsi dan Norma Lembaga Sosial,,,
norma sosial,concept,Norma Sosial,C6-Mencipta,5.0,3.0
tradisi budaya,concept,Tradisi Budaya,C2-Memahami,2.0,1.0
q_4b9a9ed5a4,question,"Di beberapa daerah di Indonesia, ada tradisi untuk mengadakan upacara syukuran setelah panen. Tradisi ini merupakan cont",C2-Memahami,2.0,
mengidentifikasi jenis norma,method,Mengidentifikasi jenis norma,,,
definisi lembaga sosial,concept,Definisi Lembaga Sosial,,,
analisis konflik norma,concept,Analisis Konflik Norma,,,
produk budaya,concept,Produk Budaya,C2-Memahami,2.0,1.0
q_8dfbdce217,question,Jelaskan mengapa toponimi dianggap sebagai hasil budaya dari segi sejarah dan simbolis.,C2-Memahami,2.0,
sifat dan kegunaan kayu,topic_fine,Sifat dan Kegunaan Kayu,,,
kayu jati,concept,Kayu jati,C3-Menerapkan,3.0,2.0
kayu premium,concept,Kayu Premium,C2-Memahami,2.0,1.0
industri mebel,concept,Industri Mebel,C2-Memahami,2.0,1.0
q_daef1ea8d1,question,Mengapa kayu jati dianggap sebagai kayu premium dalam industri mebel?,C2-Memahami,2.0,
menganalisis sifat,method,Menganalisis sifat,,,
pengertian kayu,concept,Pengertian kayu,,,
proses pengolahan kayu,concept,Proses pengolahan kayu,,,
peran fauna dalam ekosistem,topic_fine,Peran Fauna dalam Ekosistem,,,
fauna,concept,Fauna,C2-Memahami,2.0,1.0
keseimbangan ekosistem,concept,Keseimbangan Ekosistem,C6-Mencipta,5.0,2.0
peran hewan,concept,Peran Hewan,C2-Memahami,2.0,1.0
q_b161f46121,question,Uraikan peran harimau dalam menjaga keseimbangan ekosistem menurut teks.,C2-Memahami,2.0,
menganalisis teks,method,Menganalisis teks,,,
dampak kepunahan fauna,concept,Dampak Kepunahan Fauna,,,
identifikasi kebutuhan komunitas,concept,Identifikasi Kebutuhan Komunitas,C6-Mencipta,5.0,2.0
efektivitas program,concept,Efektivitas Program,C5-Mengevaluasi,5.0,2.0
q_ffe834db31,question,Jelaskan mengapa identifikasi kebutuhan komunitas menjadi langkah awal yang sangat penting dalam program pemberdayaan.,C2-Memahami,2.0,
dampak positif perubahan sosial,topic_fine,Dampak Positif Perubahan Sosial,C5-Mengevaluasi,5.0,1.0
dampak positif,concept,Dampak Positif,C2-Memahami,2.0,1.0
pola pikir masyarakat berkembang,concept,Pola Pikir Masyarakat Berkembang,C2-Memahami,2.0,1.0
q_3f294f8114,question,Mengapa pola pikir masyarakat yang makin berkembang dianggap sebagai dampak positif dari perubahan sosial?,C2-Memahami,2.0,
dampak negatif perubahan sosial,concept,Dampak negatif perubahan sosial,,,
pembentukan struktur negara awal,topic_fine,Pembentukan Struktur Negara Awal,,,
knip,concept,KNIP,C2-Memahami,2.0,2.0
fungsi knip,concept,Fungsi KNIP,C2-Memahami,3.0,1.0
maklumat wakil presiden no. x,concept,Maklumat Wakil Presiden No. X,C2-Memahami,3.0,1.0
q_d8c7dad32f,question,Jelaskan perbedaan fungsi KNIP sebelum dan sesudah Maklumat Wakil Presiden No. X!,C2-Memahami,3.0,
membandingkan fungsi,method,Membandingkan fungsi,,,
perkembangan lembaga negara pasca-knip,concept,Perkembangan Lembaga Negara Pasca-KNIP,,,
konsep stratifikasi sosial,topic_fine,Konsep Stratifikasi Sosial,,,
nilai dalam masyarakat,concept,Nilai dalam masyarakat,C2-Memahami,2.0,1.0
q_045a4fb6f9,question,Jelaskan mengapa stratifikasi sosial muncul karena adanya sesuatu yang dihargai dalam masyarakat!,C2-Memahami,2.0,
menjelaskan sebab-akibat,method,Menjelaskan sebab-akibat,,,
jenis-jenis stratifikasi sosial,concept,Jenis-jenis stratifikasi sosial,,,
kebijakan bahasa indonesia jepang,concept,Kebijakan Bahasa Indonesia Jepang,C2-Memahami,2.0,1.0
dampak positif nasionalisme,concept,Dampak Positif Nasionalisme,C2-Memahami,2.0,1.0
q_2754697ca6,question,Mengapa kebijakan Jepang yang mewajibkan penggunaan bahasa Indonesia justru memberikan dampak positif bagi bangsa Indone,C2-Memahami,2.0,
periode pendudukan jepang,concept,Periode Pendudukan Jepang,,,
peran bahasa dalam pergerakan nasional,concept,Peran Bahasa dalam Pergerakan Nasional,,,
kritik terhadap birokrasi orde baru,topic_fine,Kritik terhadap Birokrasi Orde Baru,,,
inefisiensi bumn,concept,Inefisiensi BUMN,C2-Memahami,2.0,1.0
kkn,concept,KKN,C4-Menganalisis,4.0,2.0
q_272b5a7a30,question,"Mengapa BUMN pada masa Orde Baru dianggap ""tidak efisien dan sarat KKN""?",C2-Memahami,2.0,
konsep birokrasi,concept,Konsep Birokrasi,,,
letak indonesia,topic_coarse,Letak Indonesia,,,
posisi geografis indonesia,topic_fine,Posisi Geografis Indonesia,,,
posisi silang dunia,concept,Posisi silang dunia,C2-Memahami,2.0,1.0
letak geografis,concept,Letak Geografis,C5-Mengevaluasi,5.0,3.0
q_5624ed4977,question,Terangkan mengapa posisi geografis Indonesia disebut sebagai posisi silang dunia!,C2-Memahami,2.0,
pengertian letak astronomis,concept,Pengertian Letak Astronomis,,,
pengaruh letak geografis terhadap kehidupan,concept,Pengaruh letak geografis terhadap kehidupan,,,
komponen interaksi ekosistem,topic_fine,Komponen Interaksi Ekosistem,,,
produsen,concept,Produsen,C6-Mencipta,5.0,2.0
konsumen,concept,Konsumen,C2-Memahami,2.0,1.0
ekosistem,concept,Ekosistem,C4-Menganalisis,4.0,3.0
interaksi biotik,concept,Interaksi Biotik,C2-Memahami,2.0,1.0
q_b84d1cd1a7,question,Jelaskan perbedaan mendasar antara produsen dan konsumen dalam sebuah ekosistem!,C2-Memahami,2.0,
menjelaskan perbedaan,method,Menjelaskan perbedaan,,,
definisi ekosistem,concept,Definisi Ekosistem,,,
rantai makanan,concept,Rantai Makanan,C6-Mencipta,5.0,1.0
fenomena bintang jatuh,concept,Fenomena bintang jatuh,C2-Memahami,2.0,1.0
q_b3f0897f12,question,Seorang pengamat bintang melihat fenomena 'bintang jatuh'. Fenomena pembakaran benda langit tersebut sebenarnya terjadi ,C2-Memahami,2.0,
menerapkan konsep,method,Menerapkan konsep,,,
interaksi atmosfer dengan benda langit,concept,Interaksi atmosfer dengan benda langit,,,
sejarah islam nusantara,topic_coarse,Sejarah Islam Nusantara,,,
peran jalur perdagangan penyebaran islam,topic_fine,Peran Jalur Perdagangan Penyebaran Islam,,,
jalur perdagangan,concept,Jalur perdagangan,C4-Menganalisis,4.0,2.0
penyebaran islam,concept,Penyebaran Islam,C2-Memahami,3.0,2.0
interaksi budaya,concept,Interaksi Budaya,C6-Mencipta,5.0,4.0
peran pedagang,concept,Peran pedagang,C2-Memahami,2.0,1.0
q_2a4b8fb629,question,Jelaskan mengapa jalur perdagangan menjadi media yang efektif untuk penyebaran agama Islam di Nusantara,C2-Memahami,2.0,
dampak sosial budaya islam di jawa,concept,Dampak sosial budaya Islam di Jawa,,,
ilmu perpajakan,topic_coarse,Ilmu Perpajakan,,,
definisi dan fungsi pajak,topic_fine,Definisi dan Fungsi Pajak,,,
tidak memberikan balas jasa langsung,concept,Tidak memberikan balas jasa langsung,C2-Memahami,2.0,1.0
q_5985dacc83,question,"Apa yang dimaksud dengan ""tidak memberikan balas jasa (kontraprestasi) secara langsung""?",C2-Memahami,2.0,
memahami definisi,method,Memahami definisi,,,
fungsi pajak,concept,Fungsi Pajak,C6-Mencipta,5.0,2.0
peran distribusi dalam produksi,topic_fine,Peran Distribusi dalam Produksi,,,
kegiatan distribusi,concept,Kegiatan distribusi,C2-Memahami,2.0,1.0
keberlangsungan produksi,concept,Keberlangsungan produksi,C2-Memahami,2.0,1.0
q_14de18f900,question,Jelaskan mengapa kegiatan distribusi penting untuk menjaga keberlangsungan produksi perusahaan!,C2-Memahami,2.0,
pengertian kegiatan ekonomi,concept,Pengertian kegiatan ekonomi,,,
analisis rantai pasok,concept,Analisis rantai pasok,,,
ilmu politik,topic_coarse,Ilmu Politik,,,
bebas aktif,concept,Bebas Aktif,C6-Mencipta,5.0,5.0
politik luar negeri,concept,Politik Luar Negeri,C2-Memahami,2.0,1.0
q_78935b5640,question,"Uraikan dengan kata-katamu sendiri makna dari prinsip ""Bebas Aktif"" dalam politik luar negeri Indonesia",C2-Memahami,2.0,
konsep dasar hubungan internasional,concept,Konsep Dasar Hubungan Internasional,,,
implementasi politik luar negeri,concept,Implementasi Politik Luar Negeri,,,
konsep tujuan pembangunan berkelanjutan,topic_fine,Konsep Tujuan Pembangunan Berkelanjutan,,,
konsep gender,concept,Konsep gender,C2-Memahami,2.0,1.0
ketidaksetaraan gender,concept,Ketidaksetaraan gender,C2-Memahami,2.0,1.0
q_d39c128bee,question,Jelaskan konsep 'gender' seperti yang dijelaskan dalam teks dan bagaimana pembedaan berdasarkan gender dapat menyebabkan,C2-Memahami,2.0,
menjelaskan konsep,method,Menjelaskan konsep,,,
pengenalan sdgs,concept,Pengenalan SDGs,,,
implementasi indikator sdgs,concept,Implementasi indikator SDGs,,,
teori kemiskinan dan ketimpangan,topic_fine,Teori Kemiskinan dan Ketimpangan,,,
karl marx,concept,Karl Marx,C2-Memahami,3.0,2.0
georg simmel,concept,Georg Simmel,C3-Menerapkan,3.0,3.0
penyebab kemiskinan,concept,Penyebab kemiskinan,C2-Memahami,2.0,2.0
perbandingan teori sosiologi,concept,Perbandingan Teori Sosiologi,C2-Memahami,3.0,1.0
q_259dabf097,question,Jelaskan bagaimana pandangan Karl Marx mengenai penyebab kemiskinan berbeda dengan pandangan Georg Simmel.,C2-Memahami,3.0,
membandingkan pandangan,method,Membandingkan pandangan,,,
teori konflik,concept,Teori Konflik,C4-Menganalisis,4.0,1.0
analisis dampak ketimpangan sosial,concept,Analisis Dampak Ketimpangan Sosial,,,
era reformasi dan pemilu 1999,topic_fine,Era Reformasi dan Pemilu 1999,,,
pemilu 1999,concept,Pemilu 1999,C2-Memahami,3.0,1.0
peran mpr,concept,Peran MPR,C2-Memahami,3.0,1.0
kepemimpinan gus dur,concept,Kepemimpinan Gus Dur,C2-Memahami,3.0,1.0
q_fc62f8059c,question,"Meskipun PDI-P menang Pemilu 1999, mengapa Gus Dur yang menjadi Presiden? (Implisit dari ""MPR sebagai lembaga pemilih"")",C2-Memahami,3.0,
analisis konteks,method,Analisis Konteks,,,
latar belakang lengsernya soeharto,concept,Latar Belakang Lengsernya Soeharto,,,
implementasi kebijakan reformasi,concept,Implementasi Kebijakan Reformasi,,,
sejarah nusantara,topic_coarse,Sejarah Nusantara,,,
peran komunitas jawi dalam penyebaran ilmu,topic_fine,Peran Komunitas Jawi dalam Penyebaran Ilmu,,,
komunitas jawi,concept,Komunitas Jawi,C6-Mencipta,5.0,3.0
penyebaran ilmu pengetahuan,concept,Penyebaran Ilmu Pengetahuan,C2-Memahami,3.0,1.0
paham baru di nusantara,concept,Paham Baru di Nusantara,C2-Memahami,3.0,1.0
q_7ef4522904,question,Uraikan bagaimana 'Komunitas Jawi' berperan dalam penyebaran ilmu pengetahuan dan paham baru di Nusantara.,C2-Memahami,3.0,
menganalisis peran,method,Menganalisis peran,,,
sejarah islam di nusantara,concept,Sejarah Islam di Nusantara,,,
dampak kolonialisme terhadap budaya lokal,concept,Dampak Kolonialisme terhadap Budaya Lokal,,,
analisis masalah komunitas lokal,topic_fine,Analisis Masalah Komunitas Lokal,,,
identifikasi masalah,concept,Identifikasi Masalah,C6-Mencipta,5.0,2.0
kondisi ekonomi komunitas,concept,Kondisi Ekonomi Komunitas,C2-Memahami,3.0,1.0
q_3586ee1dc4,question,Mengapa komunitas perempuan di Desa Ujung terpaksa menjual udang rebon dengan harga murah kepada tengkulak?,C2-Memahami,3.0,
menganalisis penyebab,method,Menganalisis Penyebab,,,
pengertian pemberdayaan komunitas,concept,Pengertian Pemberdayaan Komunitas,,,
perencanaan kegiatan pemberdayaan,concept,Perencanaan Kegiatan Pemberdayaan,,,
minyak bumi,concept,Minyak bumi,C2-Memahami,2.0,2.0
q_7e8686c313,question,"Klasifikasikan minyak bumi berdasarkan tiga kategori: jenis, sifat, dan potensi!",C2-Memahami,2.0,
menganalisis klasifikasi,method,Menganalisis klasifikasi,,,
dampak pemanfaatan sda,concept,Dampak Pemanfaatan SDA,,,
instrumen kebijakan moneter bank sentral,topic_fine,Instrumen Kebijakan Moneter Bank Sentral,,,
pembelian surat berharga,concept,Pembelian Surat Berharga,C2-Memahami,2.0,1.0
jumlah uang beredar,concept,Jumlah Uang Beredar,C2-Memahami,2.0,1.0
q_996d6a9fdd,question,"Untuk mendorong ekonomi, Bank Sentral membeli surat berharga (SBI/SBN). Instrumen apa yang sedang digunakan?",C2-Memahami,2.0,
definisi kebijakan moneter,concept,Definisi Kebijakan Moneter,,,
dampak kebijakan moneter,concept,Dampak Kebijakan Moneter,,,
konsep struktur sosial,topic_fine,Konsep struktur sosial,,,
selo soemardjan,concept,Selo Soemardjan,C2-Memahami,2.0,1.0
soelaeman soemardi,concept,Soelaeman Soemardi,C2-Memahami,2.0,1.0
q_ff8174e8e8,question,"Jelaskan apa yang dimaksud dengan struktur sosial menurut Selo Soemardjan dan Soelaeman Soemardi, dan berikan satu conto",C2-Memahami,2.0,
unsur-unsur sosial,concept,Unsur-unsur sosial,,,
dinamika perubahan sosial,concept,Dinamika perubahan sosial,,,
sejarah islam indonesia,topic_coarse,Sejarah Islam Indonesia,,,
ajaran islam,concept,Ajaran Islam,C2-Memahami,3.0,1.0
sistem kasta,concept,Sistem kasta,C2-Memahami,3.0,1.0
daya tarik islam,concept,Daya tarik Islam,C2-Memahami,3.0,1.0
masyarakat indonesia,concept,Masyarakat Indonesia,C2-Memahami,3.0,1.0
q_1f9c5c46b0,question,Terangkan mengapa ajaran Islam yang tidak mengenal sistem kasta menjadi daya tarik bagi masyarakat Indonesia pada masa i,C2-Memahami,3.0,
konsep dasar islam,concept,Konsep dasar Islam,,,
struktur sosial pra-islam,concept,Struktur sosial pra-Islam,,,
dampak islam terhadap struktur sosial,concept,Dampak Islam terhadap struktur sosial,,,
sistem perdagangan,topic_coarse,Sistem Perdagangan,,,
perbandingan metode pembayaran modern,topic_fine,Perbandingan Metode Pembayaran Modern,,,
sistem pembayaran tunai,concept,Sistem pembayaran tunai,C2-Memahami,2.0,1.0
sistem pembayaran dompet elektronik,concept,Sistem pembayaran dompet elektronik,C2-Memahami,2.0,1.0
perbandingan metode pembayaran,concept,Perbandingan metode pembayaran,C2-Memahami,2.0,1.0
q_f7065baa4c,question,Bandingkan antara sistem pembayaran tunai dengan sistem pembayaran menggunakan dompet elektronik.,C2-Memahami,2.0,
konsep dasar transaksi perdagangan,concept,Konsep dasar transaksi perdagangan,,,
analisis dampak teknologi pada perdagangan,concept,Analisis dampak teknologi pada perdagangan,,,
dampak globalisasi terhadap negara,topic_fine,Dampak Globalisasi Terhadap Negara,,,
kaum skeptis,concept,Kaum Skeptis,C2-Memahami,3.0,1.0
ketidakmerataan ekonomi,concept,Ketidakmerataan Ekonomi,C2-Memahami,3.0,1.0
keuntungan negara maju,concept,Keuntungan Negara Maju,C2-Memahami,3.0,1.0
q_bf502c5d9b,question,Jelaskan mengapa kaum skeptis menganggap globalisasi hanya menguntungkan negara-negara maju.,C2-Memahami,3.0,
menganalisis argumen,method,Menganalisis Argumen,,,
definisi globalisasi,concept,Definisi Globalisasi,,,
perdebatan keadilan global,concept,Perdebatan Keadilan Global,,,
perumusan proklamasi kemerdekaan,topic_fine,Perumusan Proklamasi Kemerdekaan,,,
laksamana tadashi maeda,concept,Laksamana Tadashi Maeda,C2-Memahami,2.0,1.0
tempat aman perumusan proklamasi,concept,Tempat aman perumusan proklamasi,C2-Memahami,2.0,1.0
kondisi politik pasca-jepang,concept,Kondisi politik pasca-Jepang,C2-Memahami,2.0,1.0
q_cbb4a44dd3,question,Jelaskan mengapa rumah Laksamana Tadashi Maeda dipilih sebagai tempat yang aman untuk merumuskan proklamasi.,C2-Memahami,2.0,
menganalisis konteks,method,Menganalisis konteks,,,
kekalahan jepang dalam perang dunia ii,concept,Kekalahan Jepang dalam Perang Dunia II,C3-Menerapkan,4.0,1.0
pengumuman proklamasi kemerdekaan,concept,Pengumuman Proklamasi Kemerdekaan,,,
konsep orde baru dan dwifungsi abri,topic_fine,Konsep Orde Baru dan Dwifungsi ABRI,,,
peran sosial-politik abri,concept,Peran sosial-politik ABRI,C2-Memahami,2.0,1.0
q_f280de8e8b,question,"Apa yang dimaksud dengan peran ""sosial-politik"" ABRI dalam konsep Dwifungsi?",C2-Memahami,2.0,
trilogi pembangunan,concept,Trilogi Pembangunan,C5-Mengevaluasi,5.0,6.0
dampak dwifungsi abri,concept,Dampak Dwifungsi ABRI,,,
hubungan harmonis dengan alam,topic_fine,Hubungan Harmonis dengan Alam,,,
hubungan dengan alam,concept,Hubungan dengan Alam,C2-Memahami,2.0,1.0
pencegahan perpecahan,concept,Pencegahan Perpecahan,C2-Memahami,2.0,1.0
q_9e123b33f6,question,Uraikan mengapa hubungan yang harmonis dengan alam termasuk dalam ruang lingkup harmoni sosial.,C2-Memahami,2.0,
implementasi nilai harmoni dalam kehidupan,concept,Implementasi Nilai Harmoni dalam Kehidupan,,,
stratifikasi sosial dan lapisan sosial,topic_fine,Stratifikasi Sosial dan Lapisan Sosial,,,
stratifikasi sosial terbuka,concept,Stratifikasi Sosial Terbuka,C4-Menganalisis,4.0,2.0
stratifikasi sosial tertutup,concept,Stratifikasi sosial tertutup,C2-Memahami,3.0,1.0
q_41661fd9a6,question,Uraikan perbedaan mendasar antara sistem stratifikasi sosial terbuka dan sistem stratifikasi sosial tertutup!,C2-Memahami,3.0,
perkembangan sistem pertukaran,topic_fine,Perkembangan Sistem Pertukaran,,,
kesulitan menentukan nilai tukar,concept,Kesulitan menentukan nilai tukar,C2-Memahami,2.0,1.0
ketiadaan kehendak ganda yang selaras,concept,Ketiadaan kehendak ganda yang selaras,C2-Memahami,2.0,1.0
q_0cb3cf0810,question,Jelaskan dua permasalahan utama yang membuat sistem barter dianggap tidak lagi efisien,C2-Memahami,2.0,
kepemilikan komunal,concept,Kepemilikan Komunal,,,
munculnya uang,concept,Munculnya uang,,,
karakteristik masyarakat desa,topic_fine,Karakteristik Masyarakat Desa,,,
hubungan kekerabatan yang kuat,concept,Hubungan kekerabatan yang kuat,C2-Memahami,2.0,1.0
masyarakat desa,concept,Masyarakat desa,C2-Memahami,2.0,1.0
q_5664bcb3dd,question,Apa yang dimaksud dengan karakteristik 'hubungan kekerabatan yang kuat' dalam masyarakat desa?,C2-Memahami,2.0,
definisi masyarakat desa,concept,Definisi masyarakat desa,,,
dampak perubahan sosial di desa,concept,Dampak perubahan sosial di desa,,,
definisi dan karakteristik masalah sosial,topic_fine,Definisi dan Karakteristik Masalah Sosial,,,
sifat subjektif masalah sosial,concept,Sifat subjektif masalah sosial,C2-Memahami,2.0,1.0
perbedaan masalah pribadi dan sosial,concept,Perbedaan masalah pribadi dan sosial,C4-Menganalisis,4.0,3.0
q_8666df984a,question,Mengapa suatu masalah sosial dikatakan memiliki sifat subjektif? Berikan contohnya.,C2-Memahami,2.0,
definisi masalah sosial,concept,Definisi masalah sosial,,,
analisis akar masalah sosial,concept,Analisis akar masalah sosial,,,
dampak neokolonialisme pada negara berkembang,topic_fine,Dampak Neokolonialisme pada Negara Berkembang,,,
neokolonialisme,concept,Neokolonialisme,C2-Memahami,2.0,1.0
negara berkembang,concept,Negara Berkembang,C5-Mengevaluasi,5.0,2.0
kontrol tidak langsung,concept,Kontrol Tidak Langsung,C2-Memahami,2.0,1.0
q_8ee42f4ee5,question,Mengapa negara-negara berkembang sering menjadi target praktik neokolonialisme?,C2-Memahami,2.0,
dampak neokolonialisme,concept,Dampak Neokolonialisme,,,
pelaku dan kegiatan ekonomi,topic_fine,Pelaku dan Kegiatan Ekonomi,,,
kegiatan impor,concept,Kegiatan impor,C2-Memahami,2.0,1.0
q_da094a65d3,question,"Berdasarkan teks, jelaskan mengapa suatu negara melakukan kegiatan impor",C2-Memahami,2.0,
definisi kegiatan ekonomi,concept,Definisi kegiatan ekonomi,,,
dampak kegiatan impor,concept,Dampak kegiatan impor,,,
peran manusia dalam ekosistem,topic_fine,Peran Manusia dalam Ekosistem,,,
agen perubahan dominan,concept,Agen perubahan dominan,C2-Memahami,2.0,1.0
interaksi biotik dan abiotik,concept,Interaksi biotik dan abiotik,C2-Memahami,2.0,1.0
dampak aktivitas manusia,concept,Dampak Aktivitas Manusia,C5-Mengevaluasi,5.0,2.0
q_5067e4874b,question,Mengapa manusia disebut sebagai agen perubahan yang dominan di alam?,C2-Memahami,2.0,
konsep ekologi,concept,Konsep Ekologi,,,
etika lingkungan,concept,Etika lingkungan,,,
sejarah manusia,topic_coarse,Sejarah Manusia,,,
masa berburu dan mengumpulkan makanan,topic_fine,Masa berburu dan mengumpulkan makanan,C2-Memahami,2.0,1.0
cara hidup manusia purba,concept,Cara hidup manusia purba,C2-Memahami,2.0,1.0
q_b8adeb3ac6,question,Uraikan bagaimana cara hidup manusia pada masa berburu dan mengumpulkan makanan tingkat sederhana.,C2-Memahami,2.0,
pengenalan tentang masa prasejarah,concept,Pengenalan tentang masa prasejarah,,,
masa bercocok tanam,concept,Masa bercocok tanam,,,
faktor pengendali pertumbuhan penduduk,topic_fine,Faktor Pengendali Pertumbuhan Penduduk,,,
program keluarga berencana (kb),concept,Program Keluarga Berencana (KB),C2-Memahami,2.0,1.0
anti-natalitas,concept,Anti-natalitas,C2-Memahami,2.0,1.0
natalitas,concept,Natalitas,C3-Menerapkan,3.0,4.0
q_6edef48a13,question,Mengapa program Keluarga Berencana (KB) digolongkan sebagai faktor anti-natalitas?,C2-Memahami,2.0,
memahami konsep,method,Memahami konsep,,,
definisi natalitas,concept,Definisi Natalitas,,,
dampak kebijakan kb terhadap struktur penduduk,concept,Dampak Kebijakan KB terhadap Struktur Penduduk,,,
jenis-jenis kemiskinan,topic_fine,Jenis-jenis Kemiskinan,,,
kemiskinan kultural,concept,Kemiskinan kultural,C2-Memahami,2.0,1.0
kemiskinan struktural,concept,Kemiskinan struktural,C2-Memahami,2.0,1.0
q_f35287a3b2,question,Jelaskan perbedaan penyebab antara kemiskinan kultural dan kemiskinan struktural!,C2-Memahami,2.0,
definisi kemiskinan,concept,Definisi Kemiskinan,,,
pengukuran kemiskinan,concept,Pengukuran Kemiskinan,C5-Mengevaluasi,5.0,1.0
keterkaitan peristiwa regional dan global,topic_fine,Keterkaitan Peristiwa Regional dan Global,,,
kekalahan jepang dalam pd ii,concept,Kekalahan Jepang dalam PD II,C3-Menerapkan,3.0,2.0
hubungan sebab-akibat sejarah,concept,Hubungan Sebab-Akibat Sejarah,C2-Memahami,3.0,1.0
q_8df9f11779,question,Uraikan hubungan sebab-akibat antara kekalahan Jepang dalam Perang Dunia II dengan proklamasi kemerdekaan Indonesia.,C2-Memahami,3.0,
menganalisis hubungan sebab-akibat,method,Menganalisis hubungan sebab-akibat,,,
pengetahuan dasar perang dunia ii,concept,Pengetahuan dasar Perang Dunia II,,,
dampak perang dunia ii terhadap dekolonisasi,concept,Dampak Perang Dunia II terhadap Dekolonisasi,,,
konsep kemiskinan ekonomi,topic_fine,Konsep Kemiskinan Ekonomi,,,
kemiskinan absolut,concept,Kemiskinan Absolut,C2-Memahami,2.0,1.0
kemiskinan relatif,concept,Kemiskinan Relatif,C6-Mencipta,5.0,2.0
q_18d5b7e6ae,question,Uraikan perbedaan utama antara konsep kemiskinan absolut dan kemiskinan relatif.,C2-Memahami,2.0,
membandingkan konsep,method,Membandingkan konsep,,,
pengukuran tingkat kemiskinan,concept,Pengukuran Tingkat Kemiskinan,,,
keterbatasan sistem pertukaran,topic_fine,Keterbatasan Sistem Pertukaran,,,
efektivitas ekonomi,concept,Efektivitas ekonomi,C2-Memahami,2.0,1.0
q_860673e78b,question,Mengapa sistem barter dianggap tidak efektif untuk memenuhi kebutuhan manusia yang semakin beragam?,C2-Memahami,2.0,
konsep kebutuhan manusia,concept,Konsep kebutuhan manusia,,,
perkembangan sistem pembayaran,concept,Perkembangan sistem pembayaran,,,
tujuan pembentukan knip,concept,Tujuan Pembentukan KNIP,C2-Memahami,2.0,1.0
q_a6bb471129,question,Apa tujuan awal pembentukan KNIP menurut hasil Sidang PPKI I?,C2-Memahami,2.0,
peran knip dalam sistem pemerintahan,concept,Peran KNIP dalam Sistem Pemerintahan,,,
perbedaan penelitian sejarah dan sosiologi,topic_fine,Perbedaan Penelitian Sejarah dan Sosiologi,,,
kekhasan penelitian sejarah,concept,Kekhasan Penelitian Sejarah,C2-Memahami,2.0,1.0
interaksi dengan objek,concept,Interaksi dengan Objek,C2-Memahami,2.0,1.0
fokus kajian,concept,Fokus Kajian,C2-Memahami,2.0,1.0
q_a3e4e97d54,question,Uraikan dengan kata-katamu sendiri apa yang membedakan penelitian sejarah dengan penelitian sosiologi berdasarkan peneka,C2-Memahami,2.0,
pengertian penelitian sejarah,concept,Pengertian Penelitian Sejarah,,,
analisis komparatif metode penelitian,concept,Analisis Komparatif Metode Penelitian,,,
sejarah nasional,topic_coarse,Sejarah Nasional,,,
pergerakan nasional indonesia awal,topic_fine,Pergerakan Nasional Indonesia Awal,,,
sarekat dagang islam (sdi),concept,Sarekat Dagang Islam (SDI),C2-Memahami,3.0,1.0
fokus perjuangan awal,concept,Fokus Perjuangan Awal,C2-Memahami,3.0,1.0
q_93c57bf8e3,question,Bandingkan fokus perjuangan awal antara Budi Utomo dengan Sarekat Dagang Islam (SDI)!,C2-Memahami,3.0,
perkembangan politik indonesia,concept,Perkembangan Politik Indonesia,,,
pentingnya karakteristik laporan keuangan,topic_fine,Pentingnya Karakteristik Laporan Keuangan,,,
keterbandingan,concept,Keterbandingan,C2-Memahami,2.0,1.0
investor,concept,Investor,C2-Memahami,2.0,1.0
q_c614fafcb0,question,Jelaskan dengan kata-katamu sendiri mengapa karakteristik 'Keterbandingan' penting bagi seorang investor.,C2-Memahami,2.0,
analisis rasio keuangan,concept,Analisis Rasio Keuangan,,,
jenis-jenis pengangguran dan penyebabnya,topic_fine,Jenis-jenis Pengangguran dan Penyebabnya,,,
pengangguran struktural,concept,Pengangguran Struktural,C6-Mencipta,5.0,3.0
pengangguran friksional,concept,Pengangguran Friksional,C5-Mengevaluasi,5.0,2.0
penyebab pengangguran,concept,Penyebab Pengangguran,C2-Memahami,3.0,1.0
q_48cdb9b480,question,Jelaskan perbedaan penyebab antara pengangguran Struktural dan Friksional!,C2-Memahami,3.0,
definisi pengangguran,concept,Definisi Pengangguran,,,
pengangguran siklikal,concept,Pengangguran Siklikal,,,
alasan perdagangan internasional,topic_fine,Alasan Perdagangan Internasional,,,
kebutuhan produksi negara,concept,Kebutuhan produksi negara,C2-Memahami,2.0,1.0
q_cee2d46476,question,Jelaskan dengan kata-katamu sendiri mengapa suatu negara perlu melakukan perdagangan internasional.,C2-Memahami,2.0,
definisi perdagangan internasional,concept,Definisi Perdagangan Internasional,,,
jenis-jenis perdagangan internasional,concept,Jenis-jenis perdagangan internasional,,,
ekologi bioma,topic_coarse,Ekologi Bioma,,,
adaptasi hewan di tundra,topic_fine,Adaptasi Hewan di Tundra,,,
bioma tundra,concept,Bioma Tundra,C6-Mencipta,5.0,2.0
perubahan warna bulu,concept,Perubahan Warna Bulu,C2-Memahami,2.0,1.0
adaptasi musiman,concept,Adaptasi Musiman,C2-Memahami,2.0,1.0
q_c4be2f9a59,question,Jelaskan fungsi perubahan warna bulu menjadi putih pada hewan di bioma Tundra selama musim dingin!,C2-Memahami,2.0,
karakteristik iklim tundra,concept,Karakteristik Iklim Tundra,,,
dampak perubahan iklim pada bioma,concept,Dampak Perubahan Iklim pada Bioma,,,
sejarah nasionalisme indonesia,topic_coarse,Sejarah Nasionalisme Indonesia,,,
perbandingan organisasi pergerakan nasional,topic_fine,Perbandingan Organisasi Pergerakan Nasional,,,
sarekat islam,concept,Sarekat Islam,C5-Mengevaluasi,5.0,2.0
perluasan keanggotaan,concept,Perluasan Keanggotaan,C2-Memahami,3.0,1.0
faktor pendorong nasionalisme,concept,Faktor Pendorong Nasionalisme,C2-Memahami,3.0,1.0
q_2655d95fd0,question,Mengapa ruang lingkup keanggotaan Sarekat Islam (SI) di bawah H.O.S. Cokroaminoto bisa lebih luas dibandingkan dengan Bu,C2-Memahami,3.0,
konsep nasionalisme indonesia,concept,Konsep Nasionalisme Indonesia,,,
perkembangan politik indonesia abad ke-20,concept,Perkembangan Politik Indonesia Abad ke-20,,,
perdagangan modern,topic_coarse,Perdagangan modern,C3-Menerapkan,3.0,1.0
keunggulan e-commerce dibanding toko fisik,topic_fine,Keunggulan E-Commerce Dibanding Toko Fisik,,,
e-commerce,concept,E-Commerce,C2-Memahami,2.0,2.0
perbandingan harga,concept,Perbandingan Harga,C2-Memahami,2.0,1.0
efisiensi transaksi,concept,Efisiensi Transaksi,C5-Mengevaluasi,5.0,2.0
q_af1303aa61,question,Jelaskan dengan kata-katamu sendiri mengapa harga barang di E-Commerce bisa lebih murah dibandingkan di toko fisik.,C2-Memahami,2.0,
dampak globalisasi terhadap perdagangan,concept,Dampak globalisasi terhadap perdagangan,,,
program bantuan pendidikan nasional,topic_fine,Program Bantuan Pendidikan Nasional,,,
bidikmisi/kip,concept,Bidikmisi/KIP,C2-Memahami,2.0,1.0
fokus pemerataan pendidikan,concept,Fokus pemerataan pendidikan,C2-Memahami,2.0,1.0
q_4060ad288f,question,Apa perbedaan fokus antara program BOS dan program Bidikmisi/KIP?,C2-Memahami,2.0,
evaluasi efektivitas program pendidikan,concept,Evaluasi Efektivitas Program Pendidikan,,,
geosfer dan litosfer,topic_coarse,Geosfer dan Litosfer,,,
perbedaan kerak benua dan samudra,topic_fine,Perbedaan Kerak Benua dan Samudra,,,
kerak benua,concept,Kerak Benua,C2-Memahami,2.0,1.0
kerak samudra,concept,Kerak Samudra,C2-Memahami,2.0,1.0
q_74a4add973,question,Bandingkan karakteristik antara kerak benua dan kerak samudra yang menyusun litosfer,C2-Memahami,2.0,
pengertian litosfer,concept,Pengertian Litosfer,,,
proses tektonik lempeng,concept,Proses Tektonik Lempeng,,,
konsep dasar merkantilisme,topic_fine,Konsep Dasar Merkantilisme,,,
teori merkantilisme,concept,Teori Merkantilisme,C2-Memahami,2.0,1.0
zero-sum game,concept,Zero-sum game,C2-Memahami,2.0,1.0
logam mulia,concept,Logam mulia,C2-Memahami,2.0,1.0
q_1e2e263ddc,question,Jelaskan mengapa perdagangan dalam pandangan teori merkantilisme dianggap sebagai 'zero-sum game'!,C2-Memahami,2.0,
teori keunggulan komparatif,concept,Teori Keunggulan Komparatif,C4-Menganalisis,4.0,1.0
nutrisi dan kesehatan manusia,topic_fine,Nutrisi dan Kesehatan Manusia,,,
makanan fungsional,concept,Makanan fungsional,C2-Memahami,2.0,1.0
nutrasetikal,concept,Nutrasetikal,C2-Memahami,2.0,1.0
perbandingan konsep,concept,Perbandingan konsep,C2-Memahami,2.0,1.0
q_cfecdf87ee,question,Bandingkan antara makanan fungsional dan nutrasetikal berdasarkan definisi yang diberikan,C2-Memahami,2.0,
definisi makanan fungsional,concept,Definisi makanan fungsional,,,
aplikasi nutrasetikal dalam diet,concept,Aplikasi nutrasetikal dalam diet,,,
pembangunan sosial,topic_coarse,Pembangunan Sosial,,,
indeks pembangunan manusia indonesia,topic_fine,Indeks Pembangunan Manusia Indonesia,,,
kesejahteraan sosial,concept,Kesejahteraan Sosial,C4-Menganalisis,4.0,3.0
q_a0bdbc7bb8,question,Jelaskan makna dari status IPM Indonesia dimana sejak tahun 2018 sudah tidak ada provinsi dengan kategori rendah.,C2-Memahami,3.0,
menganalisis data,method,Menganalisis data,,,
definisi kesejahteraan sosial,concept,Definisi Kesejahteraan Sosial,,,
analisis tren ipm antar waktu,concept,Analisis tren IPM antar waktu,,,
peran devisa dalam perdagangan,topic_fine,Peran Devisa dalam Perdagangan,,,
devisa negara,concept,Devisa negara,C2-Memahami,2.0,1.0
fungsi devisa,concept,Fungsi devisa,C2-Memahami,2.0,1.0
q_3de28501a3,question,Jelaskan fungsi utama devisa negara dalam aktivitas perdagangan internasional,C2-Memahami,2.0,
kebijakan nilai tukar mata uang,concept,Kebijakan nilai tukar mata uang,,,
jenis layanan keuangan digital,topic_fine,Jenis Layanan Keuangan Digital,,,
microfinancing,concept,Microfinancing,C2-Memahami,3.0,1.0
peer to peer lending,concept,Peer to Peer Lending,C2-Memahami,3.0,1.0
target pengguna,concept,Target Pengguna,C4-Menganalisis,4.0,2.0
q_ae9c4aa3c6,question,Uraikan perbedaan utama antara layanan Microfinancing dan Peer to Peer (P2P) Lending berdasarkan target penggunanya.,C2-Memahami,3.0,
konsep dasar fintech,concept,Konsep Dasar Fintech,,,
cakupan kerja sama ekonomi,topic_fine,Cakupan Kerja Sama Ekonomi,,,
kerja sama ekonomi internasional,concept,Kerja Sama Ekonomi Internasional,C3-Menerapkan,3.0,2.0
pertukaran faktor produksi,concept,Pertukaran faktor produksi,C2-Memahami,2.0,1.0
hubungan utang-piutang,concept,Hubungan utang-piutang,C2-Memahami,2.0,1.0
q_8fa6cfd419,question,"Berdasarkan teks, jelaskan cakupan kegiatan yang termasuk dalam kerja sama ekonomi internasional!",C2-Memahami,2.0,
definisi kerja sama ekonomi internasional,concept,Definisi Kerja Sama Ekonomi Internasional,,,
jenis-jenis kerja sama ekonomi internasional,concept,Jenis-jenis kerja sama ekonomi internasional,,,
sosiologi klasik,topic_coarse,Sosiologi Klasik,,,
perbandingan pemikiran sosiolog klasik,topic_fine,Perbandingan pemikiran sosiolog klasik,,,
max weber,concept,Max Weber,C2-Memahami,3.0,1.0
fokus kajian sosiologi,concept,Fokus kajian sosiologi,C2-Memahami,3.0,1.0
q_c96336b210,question,Jelaskan perbedaan mendasar antara fokus kajian Karl Marx dengan Max Weber dalam melihat masyarakat,C2-Memahami,3.0,
teori konflik dan teori tindakan sosial,concept,Teori konflik dan teori tindakan sosial,,,
penyebab dan dampak pemanasan global,topic_fine,Penyebab dan Dampak Pemanasan Global,,,
efek rumah kaca,concept,Efek Rumah Kaca,C6-Mencipta,5.0,6.0
deforestasi,concept,Deforestasi,C2-Memahami,2.0,1.0
q_7a923d84c5,question,Bagaimana aktivitas manusia seperti deforestasi dapat memperkuat efek rumah kaca?,C2-Memahami,2.0,
menjelaskan hubungan sebab-akibat,method,Menjelaskan hubungan sebab-akibat,,,
definisi efek rumah kaca,concept,Definisi Efek Rumah Kaca,,,
mitigasi perubahan iklim,concept,Mitigasi Perubahan Iklim,,,
hubungan toponimi dan budaya,topic_fine,Hubungan Toponimi dan Budaya,,,
hubungan timbal balik,concept,Hubungan Timbal Balik,C4-Menganalisis,4.0,2.0
q_84b4722324,question,Jelaskan hubungan timbal balik antara toponimi dan sejarah,C2-Memahami,2.0,
analisis simbolis toponimi,concept,Analisis Simbolis Toponimi,,,
pengaruh ketinggian terhadap flora,topic_fine,Pengaruh Ketinggian Terhadap Flora,,,
persebaran flora,concept,Persebaran Flora,C6-Mencipta,5.0,6.0
ketinggian tempat,concept,Ketinggian Tempat,C4-Menganalisis,4.0,2.0
jenis tanaman budidaya,concept,Jenis Tanaman Budidaya,C2-Memahami,2.0,1.0
q_82f82ad685,question,"Uraikan hubungan antara ketinggian suatu tempat dengan jenis tanaman budidaya yang dapat tumbuh di sana, berdasarkan kla",C2-Memahami,2.0,
menganalisis hubungan,method,Menganalisis hubungan,,,
adaptasi spesies terhadap lingkungan,concept,Adaptasi Spesies Terhadap Lingkungan,,,
cuaca,concept,Cuaca,C2-Memahami,2.0,1.0
durasi waktu,concept,Durasi waktu,C2-Memahami,2.0,1.0
cakupan wilayah,concept,Cakupan wilayah,C2-Memahami,2.0,1.0
q_b435586970,question,Jelaskan perbedaan mendasar antara iklim dan cuaca berdasarkan durasi waktu dan cakupan wilayahnya.,C2-Memahami,2.0,
hubungan populasi dan eksploitasi sda,topic_fine,Hubungan Populasi dan Eksploitasi SDA,,,
peningkatan populasi manusia,concept,Peningkatan populasi manusia,C2-Memahami,2.0,1.0
eksploitasi sumber daya alam,concept,Eksploitasi sumber daya alam,C2-Memahami,2.0,1.0
kelestarian sumber daya alam,concept,Kelestarian sumber daya alam,C2-Memahami,2.0,1.0
q_5bb4a1704b,question,Jelaskan hubungan antara peningkatan populasi manusia dengan tingkat eksploitasi sumber daya alam,C2-Memahami,2.0,
kearifan lokal,concept,Kearifan Lokal,C6-Mencipta,5.0,8.0
q_45d0914f2e,question,Bagaimana praktik memilah sampah di perkotaan dapat dikategorikan sebagai sebuah kearifan lokal menurut penjelasan dalam,C2-Memahami,2.0,
konsep komunitas lokal,concept,Konsep Komunitas Lokal,,,
prinsip swadeshi,concept,Prinsip Swadeshi,C2-Memahami,2.0,1.0
mahatma gandhi,concept,Mahatma Gandhi,C2-Memahami,2.0,1.0
q_0f82f507b4,question,Jelaskan apa yang dimaksud dengan prinsip *Swadeshi* yang digagas oleh Mahatma Gandhi.,C2-Memahami,2.0,
suku bangsa,concept,Suku Bangsa,C4-Menganalisis,4.0,4.0
q_31fde5d252,question,Apa perbedaan mendasar antara diferensiasi berdasarkan Suku Bangsa dan Ras?,C2-Memahami,2.0,
faktor penentu ketahanan wilayah,topic_fine,Faktor Penentu Ketahanan Wilayah,,,
kualitas penduduk,concept,Kualitas Penduduk,C2-Memahami,2.0,1.0
sumber daya manusia,concept,Sumber Daya Manusia,C6-Mencipta,5.0,2.0
ancaman dan gangguan,concept,Ancaman dan Gangguan,C4-Menganalisis,4.0,2.0
q_8d742f8f44,question,Jelaskan dengan kata-katamu sendiri bagaimana kualitas penduduk (unsur nonfisik) dapat mempengaruhi tinggi atau rendahny,C2-Memahami,2.0,
definisi ketahanan nasional,concept,Definisi Ketahanan Nasional,,,
strategi peningkatan ketahanan wilayah,concept,Strategi Peningkatan Ketahanan Wilayah,,,
literasi keuangan,topic_coarse,Literasi Keuangan,,,
pentingnya literasi finansial pelajar,topic_fine,Pentingnya Literasi Finansial Pelajar,,,
keterbatasan penghasilan,concept,Keterbatasan penghasilan,C2-Memahami,2.0,1.0
q_5eee40a27f,question,Jelaskan mengapa seorang pelajar dengan penghasilan terbatas dari orang tua justru sangat memerlukan literasi finansial!,C2-Memahami,2.0,
strategi pengelolaan keuangan pribadi,concept,Strategi pengelolaan keuangan pribadi,,,
ekonomi indonesia,topic_coarse,Ekonomi Indonesia,,,
kondisi ekonomi awal kemerdekaan,topic_fine,Kondisi Ekonomi Awal Kemerdekaan,,,
defisit apbn,concept,Defisit APBN,C2-Memahami,3.0,1.0
utang luar negeri,concept,Utang Luar Negeri,C2-Memahami,3.0,1.0
kondisi ekonomi lemah,concept,Kondisi Ekonomi Lemah,C2-Memahami,3.0,1.0
q_3d898cccef,question,Jelaskan hubungan antara defisit APBN dengan munculnya Utang Luar Negeri (ULN) berdasarkan teks.,C2-Memahami,3.0,
pengertian utang luar negeri,concept,Pengertian Utang Luar Negeri,,,
kebijakan fiskal pasca kemerdekaan,concept,Kebijakan Fiskal Pasca Kemerdekaan,,,
penyebab keruntuhan orde baru,topic_fine,Penyebab Keruntuhan Orde Baru,,,
jatuhnya nilai tukar rupiah,concept,Jatuhnya Nilai Tukar Rupiah,C2-Memahami,2.0,1.0
dampak krisis ekonomi,concept,Dampak Krisis Ekonomi,C2-Memahami,2.0,1.0
q_81895126fb,question,Jelaskan bagaimana Krisis Moneter 1997 (jatuhnya Rupiah) memicu krisis ekonomi di Indonesia!,C2-Memahami,2.0,
konsep nilai tukar mata uang,concept,Konsep Nilai Tukar Mata Uang,,,
dampak krisis moneter terhadap politik indonesia,concept,Dampak Krisis Moneter terhadap Politik Indonesia,,,
era demokrasi liberal dan konflik daerah,topic_fine,Era Demokrasi Liberal dan Konflik Daerah,,,
prri/permesta,concept,PRRI/Permesta,C5-Mengevaluasi,5.0,3.0
ketidakseimbangan pusat-daerah,concept,Ketidakseimbangan Pusat-Daerah,C6-Mencipta,5.0,3.0
pemberontakan politik,concept,Pemberontakan Politik,C2-Memahami,2.0,1.0
q_cac318a980,question,Bagaimana sikap pemerintah pusat terhadap tuntutan PRRI/Permesta?,C2-Memahami,2.0,
penyelesaian konflik politik indonesia,concept,Penyelesaian Konflik Politik Indonesia,,,
geologi,topic_coarse,Geologi,,,
siklus dan jenis batuan,topic_fine,Siklus dan Jenis Batuan,,,
siklus batuan,concept,Siklus Batuan,C2-Memahami,2.0,1.0
batuan sedimen,concept,Batuan Sedimen,C2-Memahami,2.0,1.0
pelapukan batuan,concept,Pelapukan Batuan,C2-Memahami,2.0,1.0
q_e498f56207,question,Seorang geolog menemukan batuan yang terbentuk dari endapan material hasil pelapukan batuan lain yang mengeras. Berdasar,C2-Memahami,2.0,
jenis-jenis batuan,concept,Jenis-jenis batuan,,,
proses pembentukan batuan beku,concept,Proses pembentukan batuan beku,,,
pembangunan nasional,topic_coarse,Pembangunan Nasional,C6-Mencipta,5.0,4.0
peran pendidikan dalam ekonomi,topic_fine,Peran Pendidikan dalam Ekonomi,,,
kualitas sumber daya manusia,concept,Kualitas Sumber Daya Manusia,C2-Memahami,2.0,1.0
kemajuan ekonomi,concept,Kemajuan Ekonomi,C2-Memahami,2.0,1.0
pendidikan sebagai modal,concept,Pendidikan sebagai Modal,C2-Memahami,2.0,1.0
q_c6e6bdeb91,question,Jelaskan mengapa pendidikan dianggap sebagai kunci utama untuk mencapai kemajuan ekonomi suatu negara.,C2-Memahami,2.0,
definisi sumber daya manusia,concept,Definisi Sumber Daya Manusia,,,
strategi peningkatan kualitas sdm,concept,Strategi Peningkatan Kualitas SDM,,,
jenis-jenis pengangguran,topic_fine,Jenis-jenis Pengangguran,,,
perubahan struktur ekonomi,concept,Perubahan Struktur Ekonomi,C2-Memahami,2.0,1.0
q_e0797363e5,question,Sebuah pabrik tekstil tutup karena kalah bersaing (perubahan struktur ekonomi). Para pekerjanya mengalami pengangguran a,C2-Memahami,2.0,
menganalisis penyebab pengangguran,method,Menganalisis penyebab pengangguran,,,
dampak pengangguran,concept,Dampak Pengangguran,C4-Menganalisis,4.0,1.0
pendekatan dalam studi geografi,topic_fine,Pendekatan dalam Studi Geografi,,,
pendekatan kewilayahan,concept,Pendekatan Kewilayahan,C6-Mencipta,5.0,3.0
komprehensivitas studi geografi,concept,Komprehensivitas studi geografi,C2-Memahami,2.0,1.0
q_bd53e85fdc,question,"Berdasarkan konteks, jelaskan mengapa pendekatan kewilayahan dianggap lebih komprehensif dibandingkan dua pendekatan lai",C2-Memahami,2.0,
jenis-jenis pendekatan geografi,concept,Jenis-jenis pendekatan geografi,,,
definisi kerja sama internasional,topic_fine,Definisi Kerja Sama Internasional,,,
saling ketergantungan antarnegara,concept,Saling ketergantungan antarnegara,C2-Memahami,2.0,1.0
q_73a4ae362a,question,Simpulkan definisi kerja sama internasional menurut Dougherty & Pfaltzgraff dalam satu kalimat!,C2-Memahami,2.0,
jenis-jenis kerja sama internasional,concept,Jenis-jenis Kerja Sama Internasional,,,
dampak tata ruang terhadap kesejahteraan,topic_fine,Dampak Tata Ruang Terhadap Kesejahteraan,,,
tata ruang yang baik,concept,Tata Ruang yang Baik,C2-Memahami,3.0,1.0
slum area,concept,Slum Area,C2-Memahami,3.0,1.0
kebahagiaan penduduk,concept,Kebahagiaan Penduduk,C2-Memahami,3.0,1.0
pemerataan wilayah,concept,Pemerataan Wilayah,C3-Menerapkan,3.0,2.0
q_381bfebf5f,question,Uraikan perbedaan dampak terhadap kebahagiaan penduduk antara wilayah dengan tata ruang yang baik dan wilayah dengan 'sl,C2-Memahami,3.0,
membandingkan dampak,method,Membandingkan dampak,,,
konsep pengembangan wilayah,concept,Konsep Pengembangan Wilayah,,,
perencanaan tata ruang berkelanjutan,concept,Perencanaan Tata Ruang Berkelanjutan,,,
perbedaan jenis bank,topic_fine,Perbedaan Jenis Bank,,,
bank umum,concept,Bank Umum,C5-Mengevaluasi,5.0,2.0
bank perkreditan rakyat (bpr),concept,Bank Perkreditan Rakyat (BPR),C2-Memahami,2.0,1.0
fungsi lembaga keuangan,concept,Fungsi Lembaga Keuangan,C5-Mengevaluasi,5.0,3.0
q_b0a32521f4,question,Jelaskan dengan kata-katamu sendiri perbedaan mendasar antara Bank Umum dan Bank Perkreditan Rakyat (BPR).,C2-Memahami,2.0,
perbandingan produk bank,concept,Perbandingan Produk Bank,,,
status dan peran sosial,topic_fine,Status dan Peran Sosial,,,
hubungan status dan peran,concept,Hubungan status dan peran,C2-Memahami,2.0,1.0
q_27e25160ad,question,Terangkan hubungan antara status sosial dan peran sosial berdasarkan konteks yang diberikan.,C2-Memahami,2.0,
definisi status sosial,concept,Definisi status sosial,,,
jenis-jenis status sosial,concept,Jenis-jenis Status Sosial,,,
perbandingan lingkungan alami dan buatan,topic_fine,Perbandingan Lingkungan Alami dan Buatan,,,
lingkungan hidup alami,concept,Lingkungan Hidup Alami,C2-Memahami,2.0,1.0
lingkungan hidup buatan,concept,Lingkungan Hidup Buatan,C2-Memahami,2.0,1.0
karakteristik ekosistem,concept,Karakteristik Ekosistem,C2-Memahami,2.0,1.0
q_9ac0b1f5db,question,Bandingkan karakteristik antara lingkungan hidup alami dan lingkungan hidup buatan!,C2-Memahami,2.0,
dampak aktivitas manusia terhadap lingkungan,concept,Dampak Aktivitas Manusia terhadap Lingkungan,,,
peran kearifan lokal modernisasi,topic_fine,Peran Kearifan Lokal Modernisasi,,,
modernisasi,concept,Modernisasi,C5-Mengevaluasi,5.0,3.0
pelestarian budaya,concept,Pelestarian Budaya,C5-Mengevaluasi,5.0,2.0
tantangan globalisasi,concept,Tantangan Globalisasi,C5-Mengevaluasi,5.0,2.0
q_770f13473f,question,"Uraikan mengapa kearifan lokal, baik yang bersifat fisik maupun nonfisik, perlu dipelihara di tengah arus modernisasi.",C2-Memahami,2.0,
pengertian kearifan lokal,concept,Pengertian kearifan lokal,,,
pengertian modernisasi,concept,Pengertian modernisasi,,,
implementasi nilai lokal dalam kebijakan publik,concept,Implementasi nilai lokal dalam kebijakan publik,,,
konservasi biologi,topic_coarse,Konservasi Biologi,,,
metode pelestarian flora dan fauna,topic_fine,Metode Pelestarian Flora dan Fauna,,,
pelestarian flora dan fauna,concept,Pelestarian flora dan fauna,C2-Memahami,2.0,1.0
metode in situ,concept,Metode in situ,C2-Memahami,2.0,1.0
metode ex situ,concept,Metode ex situ,C2-Memahami,2.0,1.0
q_0594edb325,question,Mengapa metode ex situ diperlukan dalam upaya konservasi?,C2-Memahami,2.0,
memahami perbedaan metode konservasi,method,Memahami perbedaan metode konservasi,,,
pengertian konservasi,concept,Pengertian konservasi,,,
perbandingan efektivitas in situ dan ex situ,concept,Perbandingan efektivitas in situ dan ex situ,,,
respons gerakan sosial orde baru,topic_fine,Respons Gerakan Sosial Orde Baru,,,
respons adaptif,concept,Respons Adaptif,C5-Mengevaluasi,5.0,2.0
nu,concept,NU,C2-Memahami,2.0,1.0
muhammadiyah,concept,Muhammadiyah,C2-Memahami,2.0,1.0
q_181c3ee41e,question,"Apa yang dimaksud dengan ""respons adaptif"" yang ditunjukkan oleh NU dan Muhammadiyah?",C2-Memahami,2.0,
perkembangan islam kontemporer,concept,Perkembangan Islam Kontemporer,,,
biogeografi indonesia,topic_coarse,Biogeografi Indonesia,,,
faktor pengaruh persebaran flora,topic_fine,Faktor Pengaruh Persebaran Flora,,,
pengaruh lingkungan,concept,Pengaruh lingkungan,C2-Memahami,2.0,1.0
q_413da31666,question,Jelaskan bagaimana aktivitas manusia dapat mengubah pola persebaran flora alami.,C2-Memahami,2.0,
dampak perubahan iklim terhadap flora,concept,Dampak perubahan iklim terhadap flora,,,
penggolongan horizontal,concept,Penggolongan Horizontal,C3-Menerapkan,3.0,2.0
q_a3ad177aa6,question,"Jelaskan mengapa diferensiasi sosial disebut sebagai penggolongan ""horizontal""!",C2-Memahami,2.0,
pengertian masyarakat,concept,Pengertian masyarakat,,,
ketenagakerjaan dan populasi,topic_coarse,Ketenagakerjaan dan Populasi,,,
klasifikasi status tenaga kerja,topic_fine,Klasifikasi Status Tenaga Kerja,,,
definisi tenaga kerja,concept,Definisi Tenaga Kerja,C2-Memahami,2.0,3.0
q_1948fbfb3a,question,Seorang ibu rumah tangga berusia 40 tahun yang mendedikasikan seluruh waktunya untuk mengurus rumah dan tidak mencari pe,C2-Memahami,2.0,
menerapkan definisi,method,Menerapkan definisi,,,
teori kemiskinan dan siklusnya,topic_fine,Teori Kemiskinan dan Siklusnya,,,
teori lingkaran setan kemiskinan,concept,Teori lingkaran setan kemiskinan,C2-Memahami,2.0,1.0
ragnar nurkse,concept,Ragnar Nurkse,C2-Memahami,2.0,1.0
q_befc9a18d9,question,"Jelaskan alur (siklus) dari ""teori lingkaran setan kemiskinan"" seperti yang dijelaskan Ragnar Nurkse!",C2-Memahami,2.0,
menjelaskan alur,method,Menjelaskan alur,,,
konsep kemiskinan,concept,Konsep Kemiskinan,,,
strategi pengentasan kemiskinan,concept,Strategi Pengentasan Kemiskinan,,,
peran pers dalam demokrasi indonesia,topic_fine,Peran Pers dalam Demokrasi Indonesia,,,
reformasi,concept,Reformasi,C3-Menerapkan,3.0,2.0
kebebasan pers,concept,Kebebasan Pers,C5-Mengevaluasi,5.0,6.0
uu no. 40/1999,concept,UU No. 40/1999,C2-Memahami,2.0,2.0
q_ef1db8969b,question,"Mengapa pers disebut sebagai ""pilar keempat demokrasi""?",C2-Memahami,2.0,
kontrol media,concept,Kontrol Media,C6-Mencipta,5.0,1.0
perkembangan media pasca-reformasi,concept,Perkembangan media pasca-Reformasi,,,
geografi lingkungan,topic_coarse,Geografi Lingkungan,,,
karakteristik negara kepulauan,topic_fine,Karakteristik negara kepulauan,C5-Mengevaluasi,5.0,1.0
negara maritim,concept,Negara Maritim,C2-Memahami,2.0,1.0
q_2d92a82c02,question,Mengapa Indonesia dijuluki sebagai negara maritim?,C2-Memahami,2.0,
dampak kondisi maritim terhadap ekonomi,concept,Dampak Kondisi Maritim terhadap Ekonomi,,,
kebijakan pemerintah dan industri,topic_fine,Kebijakan Pemerintah dan Industri,,,
subsidi produsen dalam negeri,concept,Subsidi produsen dalam negeri,C2-Memahami,2.0,1.0
perlindungan industri domestik,concept,Perlindungan Industri Domestik,C2-Memahami,2.0,2.0
q_cd817eec93,question,Mengapa pemerintah memberikan subsidi kepada produsen dalam negeri terkait perdagangan internasional?,C2-Memahami,2.0,
memahami tujuan kebijakan,method,Memahami tujuan kebijakan,,,
definisi kebijakan perdagangan internasional,concept,Definisi kebijakan perdagangan internasional,,,
dampak subsidi terhadap neraca perdagangan,concept,Dampak subsidi terhadap neraca perdagangan,,,
krisis politik 1998,concept,Krisis Politik 1998,C2-Memahami,3.0,2.0
dampak imf,concept,Dampak IMF,C2-Memahami,3.0,1.0
gerakan mahasiswa,concept,Gerakan Mahasiswa,C3-Menerapkan,3.0,2.0
q_34afff5ef5,question,Jelaskan peristiwa yang memicu terjadinya Kerusuhan Mei 1998!,C2-Memahami,3.0,
struktur pemerintahan orde baru,concept,Struktur Pemerintahan Orde Baru,,,
era reformasi indonesia,concept,Era Reformasi Indonesia,,,
perubahan sosial cepat,concept,Perubahan sosial cepat,C2-Memahami,2.0,1.0
hubungan sebab-akibat,concept,Hubungan sebab-akibat,C4-Menganalisis,4.0,6.0
q_ecb28c2e1b,question,Jelaskan hubungan sebab-akibat antara perubahan sosial yang cepat dan munculnya permasalahan sosial seperti konflik.,C2-Memahami,2.0,
perbandingan zona vegetasi dunia,topic_fine,Perbandingan Zona Vegetasi Dunia,,,
bioma savana,concept,Bioma Savana,C2-Memahami,2.0,1.0
bioma stepa,concept,Bioma Stepa,C2-Memahami,2.0,1.0
kondisi tanah,concept,Kondisi Tanah,C2-Memahami,2.0,1.0
vegetasi dominan,concept,Vegetasi Dominan,C3-Menerapkan,3.0,2.0
q_66a5bd89ba,question,Bandingkan perbedaan utama antara bioma Savana dan Stepa berdasarkan kondisi tanah dan vegetasinya!,C2-Memahami,2.0,
klasifikasi bioma berdasarkan iklim,concept,Klasifikasi Bioma Berdasarkan Iklim,,,
runtuhnya majapahit,concept,Runtuhnya Majapahit,C2-Memahami,3.0,1.0
q_ec1087aab0,question,Jelaskan kaitan antara runtuhnya Kerajaan Majapahit dengan percepatan proses penyebaran Islam di Indonesia,C2-Memahami,3.0,
struktur kerajaan majapahit,concept,Struktur Kerajaan Majapahit,,,
dampak politik islamisasi,concept,Dampak politik Islamisasi,,,
komponen laporan laba rugi,topic_fine,Komponen Laporan Laba Rugi,,,
laba,concept,Laba,C2-Memahami,2.0,1.0
laporan laba rugi,concept,Laporan Laba Rugi,C6-Mencipta,5.0,2.0
q_38c438eb57,question,Bagaimana sebuah perusahaan dapat dikatakan memperoleh 'laba' berdasarkan komponen-komponen dalam laporan laba rugi?,C2-Memahami,2.0,
geologi bumi,topic_coarse,Geologi Bumi,,,
jenis gerak epirogenetik,topic_fine,Jenis Gerak Epirogenetik,,,
gerak epirogenetik positif,concept,Gerak epirogenetik positif,C2-Memahami,2.0,1.0
gerak epirogenetik negatif,concept,Gerak Epirogenetik Negatif,C6-Mencipta,5.0,2.0
q_32937bc007,question,Jelaskan perbedaan mendasar antara gerak epirogenetik positif dan gerak epirogenetik negatif,C2-Memahami,2.0,
konsep tektonik lempeng,concept,Konsep Tektonik Lempeng,,,
dampak perubahan muka bumi,concept,Dampak perubahan muka bumi,,,
konflik peran,concept,Konflik peran,C6-Mencipta,5.0,2.0
ketegangan peran,concept,Ketegangan peran,C2-Memahami,2.0,1.0
q_a0ecf5c5d0,question,Jelaskan perbedaan antara 'konflik peran' dan 'ketegangan peran' menurut definisi pada teks,C2-Memahami,2.0,
membandingkan definisi,method,Membandingkan definisi,,,
dinamika interaksi sosial,concept,Dinamika interaksi sosial,,,
dampak teknologi pada distribusi,topic_fine,Dampak Teknologi pada Distribusi,,,
jalur distribusi,concept,Jalur Distribusi,C2-Memahami,2.0,1.0
produsen ke konsumen,concept,Produsen ke Konsumen,C2-Memahami,2.0,1.0
q_21e42e445a,question,Jelaskan bagaimana E-Commerce dapat memperpendek jalur distribusi barang dari produsen ke konsumen.,C2-Memahami,2.0,
analisis model bisnis digital,concept,Analisis Model Bisnis Digital,,,
fokus pembangunan orde lama,topic_fine,Fokus Pembangunan Orde Lama,,,
penataan sistem politik,concept,Penataan Sistem Politik,C2-Memahami,2.0,1.0
penataan sistem ekonomi,concept,Penataan Sistem Ekonomi,C2-Memahami,2.0,1.0
q_f6e9e4f69a,question,Jelaskan mengapa fokus pembangunan pada masa Orde Lama adalah pada penataan sistem politik dan ekonomi!,C2-Memahami,2.0,
menganalisis latar belakang,method,Menganalisis latar belakang,,,
perbedaan pembangunan orde baru,concept,Perbedaan Pembangunan Orde Baru,,,
globalisasi dan ekonomi,topic_coarse,Globalisasi dan Ekonomi,,,
pengaruh lembaga internasional,topic_fine,Pengaruh Lembaga Internasional,,,
bank dunia,concept,Bank Dunia,C2-Memahami,3.0,1.0
kebijakan politik,concept,Kebijakan Politik,C2-Memahami,3.0,1.0
kebijakan hukum,concept,Kebijakan Hukum,C2-Memahami,3.0,1.0
q_bec59eb27d,question,Uraikan bagaimana lembaga-lembaga seperti Bank Dunia dapat memengaruhi kebijakan politik dan hukum suatu negara.,C2-Memahami,3.0,
menganalisis pengaruh,method,Menganalisis Pengaruh,,,
dampak globalisasi terhadap kedaulatan negara,concept,Dampak Globalisasi terhadap Kedaulatan Negara,,,
perlawanan sebelum 1908,concept,Perlawanan sebelum 1908,C6-Mencipta,5.0,3.0
perlawanan sesudah 1908,concept,Perlawanan sesudah 1908,C2-Memahami,2.0,1.0
kepemimpinan perlawanan,concept,Kepemimpinan perlawanan,C2-Memahami,2.0,1.0
q_29b7ea1893,question,Bandingkan siapa yang menjadi pemimpin perlawanan pada periode sebelum 1908 dengan periode sesudah 1908.,C2-Memahami,2.0,
faktor pemicu kolonialisme,concept,Faktor pemicu kolonialisme,C6-Mencipta,5.0,1.0
perubahan bentuk perlawanan abad ke-20,concept,Perubahan bentuk perlawanan abad ke-20,,,
ketenagakerjaan dan ekonomi,topic_coarse,Ketenagakerjaan dan Ekonomi,,,
definisi setengah menganggur,concept,Definisi Setengah Menganggur,C2-Memahami,2.0,1.0
q_06a6313997,question,Mengapa seseorang yang bekerja (misal 30 jam/minggu) masih bisa dikategorikan sebagai Setengah Menganggur?,C2-Memahami,2.0,
kedatangan pasukan sekutu di indonesia,topic_fine,Kedatangan Pasukan Sekutu di Indonesia,,,
afnei,concept,AFNEI,C2-Memahami,2.0,1.0
tujuan kedatangan afnei,concept,Tujuan Kedatangan AFNEI,C2-Memahami,2.0,1.0
pelucutan tentara jepang,concept,Pelucutan Tentara Jepang,C2-Memahami,2.0,1.0
pembebasan tawanan perang,concept,Pembebasan Tawanan Perang,C2-Memahami,2.0,1.0
q_65487b2ae3,question,Jelaskan tujuan utama kedatangan AFNEI ke Indonesia!,C2-Memahami,2.0,
situasi kekosongan kekuasaan,concept,Situasi Kekosongan Kekuasaan,,,
konfrontasi dengan nica,concept,Konfrontasi dengan NICA,,,
sejarah ekonomi indonesia,topic_coarse,Sejarah Ekonomi Indonesia,,,
kebijakan ekonomi masa sukarno,topic_fine,Kebijakan Ekonomi Masa Sukarno,,,
devaluasi,concept,Devaluasi,C2-Memahami,2.0,1.0
inflasi,concept,Inflasi,C6-Mencipta,5.0,5.0
gunting sjafruddin,concept,Gunting Sjafruddin,C2-Memahami,2.0,1.0
q_90f8faf61c,question,Apa yang dimaksud dengan Devaluasi?,C2-Memahami,2.0,
konsep dasar ekonomi,concept,Konsep dasar ekonomi,,,
dampak kebijakan ekonomi,concept,Dampak kebijakan ekonomi,C5-Mengevaluasi,5.0,1.0
pentingnya peta kuno dalam toponimi,topic_fine,Pentingnya Peta Kuno dalam Toponimi,,,
peta kuno,concept,Peta Kuno,C2-Memahami,2.0,1.0
sumber informasi sejarah,concept,Sumber Informasi Sejarah,C2-Memahami,2.0,1.0
q_e3c5f72ebf,question,Mengapa peta-peta kuno menjadi sumber informasi yang penting dalam studi toponimi?,C2-Memahami,2.0,
analisis perubahan toponimi,concept,Analisis Perubahan Toponimi,,,
geografi dan sejarah,topic_coarse,Geografi dan Sejarah,,,
pengaruh geografis terhadap kolonialisme,topic_fine,Pengaruh Geografis terhadap Kolonialisme,,,
kekayaan sumber daya alam,concept,Kekayaan Sumber Daya Alam,C6-Mencipta,5.0,3.0
pemicu penjelajahan samudra eropa,concept,Pemicu penjelajahan samudra Eropa,C2-Memahami,2.0,1.0
q_36228afdbd,question,Jelaskan mengapa kondisi geografis Indonesia menjadi faktor utama penjelajahan samudra oleh bangsa-bangsa Eropa!,C2-Memahami,2.0,
pengenalan wilayah tropis,concept,Pengenalan wilayah tropis,,,
dampak sosial ketidakmampuan aksara,topic_fine,Dampak Sosial Ketidakmampuan Aksara,,,
marginalisasi sosial,concept,Marginalisasi sosial,C5-Mengevaluasi,5.0,2.0
buta aksara,concept,Buta Aksara,C2-Memahami,2.0,1.0
q_324a1f1d41,question,Mengapa kelompok masyarakat yang buta aksara cenderung termarginalkan dalam kehidupan sosial?,C2-Memahami,2.0,
menganalisis sebab akibat,method,Menganalisis sebab akibat,,,
definisi komunitas,concept,Definisi Komunitas,,,
strategi pemberdayaan komunitas,concept,Strategi Pemberdayaan Komunitas,,,
dampak rendahnya literasi finansial,topic_fine,Dampak Rendahnya Literasi Finansial,,,
q_6d914cd7c7,question,Jelaskan hubungan antara rendahnya literasi finansial masyarakat dengan potensi terjadinya inflasi di suatu negara!,C2-Memahami,2.0,
strategi peningkatan literasi finansial,concept,Strategi peningkatan literasi finansial,,,
penyebab dan jenis inflasi,topic_fine,Penyebab dan Jenis Inflasi,,,
ekspektasi inflasi,concept,Ekspektasi Inflasi,C2-Memahami,2.0,1.0
demand-pull inflation,concept,Demand-pull inflation,C4-Menganalisis,4.0,2.0
cost-push inflation,concept,Cost-push inflation,C4-Menganalisis,4.0,2.0
q_c41c88cde2,question,"Jelaskan bagaimana ""ekspektasi inflasi"" dapat menyebabkan inflasi benar-benar terjadi!",C2-Memahami,2.0,
menjelaskan mekanisme,method,Menjelaskan mekanisme,,,
definisi inflasi,concept,Definisi Inflasi,,,
dampak inflasi,concept,Dampak Inflasi,,,
fungsi dan penetapan upah minimum,topic_fine,Fungsi dan Penetapan Upah Minimum,,,
upah minimum,concept,Upah Minimum,C6-Mencipta,5.0,3.0
peran pemerintah,concept,Peran Pemerintah,C6-Mencipta,5.0,5.0
q_4c53ceb48e,question,Mengapa pemerintah perlu menetapkan Upah Minimum (UM)?,C2-Memahami,2.0,
dampak kebijakan upah minimum,concept,Dampak Kebijakan Upah Minimum,,,
sifat sumber daya alam,topic_fine,Sifat Sumber Daya Alam,,,
sumber daya terbarukan (renewable),concept,Sumber daya terbarukan (renewable),C2-Memahami,2.0,1.0
q_305c5f9303,question,Jelaskan mengapa keanekaragaman flora dan fauna dianggap sebagai sumber daya yang bersifat dapat diperbarui (renewable).,C2-Memahami,2.0,
pemanfaatan keanekaragaman hayati,concept,Pemanfaatan keanekaragaman hayati,,,
fungsi dan tujuan pajak,topic_fine,Fungsi dan Tujuan Pajak,,,
fungsi alokasi pajak,concept,Fungsi alokasi pajak,C2-Memahami,3.0,1.0
fungsi distribusi pajak,concept,Fungsi distribusi pajak,C2-Memahami,3.0,1.0
perbandingan fungsi pajak,concept,Perbandingan fungsi pajak,C2-Memahami,3.0,1.0
q_aa9cb460ec,question,Bandingkan antara fungsi alokasi dan fungsi distribusi pajak. Apa perbedaan tujuan utama dari kedua fungsi tersebut?,C2-Memahami,3.0,
pendekatan dalam kajian sejarah,topic_fine,Pendekatan dalam Kajian Sejarah,,,
pendekatan multidimensional,concept,Pendekatan Multidimensional,C6-Mencipta,5.0,3.0
sartono kartodirdjo,concept,Sartono Kartodirdjo,C5-Mengevaluasi,5.0,2.0
q_e544c5cffe,question,Uraikan apa yang dimaksud dengan pendekatan multidimensional yang diperkenalkan oleh Sartono Kartodirdjo!,C2-Memahami,2.0,
menganalisis konsep,method,Menganalisis konsep,,,
metodologi penelitian sejarah,concept,Metodologi Penelitian Sejarah,,,
ketenagakerjaan dan demografi,topic_coarse,Ketenagakerjaan dan Demografi,,,
klasifikasi populasi usia kerja,topic_fine,Klasifikasi Populasi Usia Kerja,,,
q_1811da97fe,question,Seorang pensiunan berusia 60 tahun yang menikmati masa tuanya dan tidak mencari pekerjaan. Termasuk dalam kategori apaka,C2-Memahami,2.0,
hubungan pertumbuhan penduduk dan sumber daya,topic_fine,Hubungan Pertumbuhan Penduduk dan Sumber Daya,,,
pertumbuhan penduduk,concept,Pertumbuhan penduduk,C5-Mengevaluasi,5.0,3.0
kelangkaan sumber daya alam,concept,Kelangkaan sumber daya alam,C2-Memahami,2.0,1.0
q_6861dfaf67,question,Jelaskan hubungan antara pertumbuhan penduduk dengan kelangkaan sumber daya alam.,C2-Memahami,2.0,
definisi pembangunan berkelanjutan,concept,Definisi Pembangunan Berkelanjutan,,,
komponen anggaran pendapatan daerah,topic_fine,Komponen Anggaran Pendapatan Daerah,,,
pendapatan asli daerah (pad),concept,Pendapatan Asli Daerah (PAD),C6-Mencipta,5.0,3.0
dana perimbangan,concept,Dana Perimbangan,C2-Memahami,2.0,1.0
q_7082649420,question,Bedakan antara Pendapatan Asli Daerah (PAD) dengan Dana Perimbangan berdasarkan sumber asalnya.,C2-Memahami,2.0,
membandingkan sumber asal,method,Membandingkan sumber asal,,,
pengertian apbd,concept,Pengertian APBD,,,
analisis alokasi dana daerah,concept,Analisis alokasi dana daerah,,,
jenis-jenis layanan keuangan digital,topic_fine,Jenis-jenis Layanan Keuangan Digital,,,
p2p lending,concept,P2P Lending,C4-Menganalisis,4.0,3.0
perbedaan layanan keuangan,concept,Perbedaan Layanan Keuangan,C2-Memahami,2.0,1.0
q_702b22d81a,question,Apa perbedaan utama antara peminjam pada layanan Microfinance dan peminjam pada P2P Lending (berdasarkan deskripsi di te,C2-Memahami,2.0,
ilmu pengetahuan dan teknologi,topic_coarse,Ilmu Pengetahuan dan Teknologi,,,
pengaruh iptek terhadap globalisasi,topic_fine,Pengaruh IPTEK terhadap Globalisasi,,,
perkembangan ilmu pengetahuan dan teknologi (iptek),concept,Perkembangan Ilmu Pengetahuan dan Teknologi (IPTEK),C2-Memahami,2.0,1.0
q_05ab4197ed,question,Jelaskan bagaimana perkembangan ilmu pengetahuan dan teknologi menjadi faktor utama yang memengaruhi proses modernisasi ,C2-Memahami,2.0,
dampak sosial budaya globalisasi,concept,Dampak Sosial Budaya Globalisasi,,,
keruntuhan orde baru dan krisis,topic_fine,Keruntuhan Orde Baru dan Krisis,,,
kabinet pembangunan vii,concept,Kabinet Pembangunan VII,C2-Memahami,3.0,1.0
"korupsi, kolusi, nepotisme (kkn)",concept,"Korupsi, Kolusi, Nepotisme (KKN)",C2-Memahami,3.0,1.0
q_ff641875a8,question,Mengapa pembentukan Kabinet Pembangunan VII (1998) memicu kemarahan publik?,C2-Memahami,3.0,
menganalisis dampak kebijakan,method,Menganalisis dampak kebijakan,,,
gerakan mahasiswa 1998,concept,Gerakan Mahasiswa 1998,,,
kebijakan badan usaha milik negara,topic_fine,Kebijakan Badan Usaha Milik Negara,,,
privatisasi bumn,concept,Privatisasi BUMN,C2-Memahami,2.0,1.0
q_e54d8ecda3,question,"Jelaskan apa yang dimaksud dengan ""Privatisasi"" BUMN!",C2-Memahami,2.0,
dampak privatisasi,concept,Dampak Privatisasi,,,
janji kemerdekaan jepang,concept,Janji Kemerdekaan Jepang,C2-Memahami,2.0,1.0
q_8b395cd4d1,question,Apa tujuan utama Jepang membentuk PPKI dan menjanjikan kemerdekaan kepada Indonesia?,C2-Memahami,2.0,
memahami konteks politik,method,Memahami konteks politik,,,
peran ppki dalam kemerdekaan,concept,Peran PPKI dalam Kemerdekaan,,,
interaksi permintaan dan penawaran,topic_fine,Interaksi Permintaan dan Penawaran,,,
penawaran,concept,Penawaran,C2-Memahami,2.0,1.0
harga keseimbangan,concept,Harga Keseimbangan,C3-Menerapkan,3.0,2.0
q_8ba134bca9,question,Mengapa seorang produsen cenderung menawarkan lebih banyak barang ketika harga di pasar sedang tinggi?,C2-Memahami,2.0,
menganalisis hubungan sebab akibat,method,Menganalisis hubungan sebab akibat,,,
konsep dasar permintaan,concept,Konsep Dasar Permintaan,,,
analisis perubahan kurva penawaran,concept,Analisis perubahan kurva penawaran,,,
perbandingan bentuk negara indonesia,topic_fine,Perbandingan Bentuk Negara Indonesia,,,
negara kesatuan republik indonesia (nkri),concept,Negara Kesatuan Republik Indonesia (NKRI),C2-Memahami,3.0,1.0
bentuk negara federal,concept,Bentuk Negara Federal,C2-Memahami,3.0,1.0
bentuk negara kesatuan,concept,Bentuk Negara Kesatuan,C2-Memahami,3.0,1.0
q_f4ba642ce1,question,Jelaskan perbedaan mendasar antara bentuk negara RIS (Federal) dan NKRI (Kesatuan)!,C2-Memahami,3.0,
konferensi meja bundar (kmb),concept,Konferensi Meja Bundar (KMB),,,
perubahan bentuk negara indonesia,concept,Perubahan Bentuk Negara Indonesia,,,
tujuan pembangunan berkelanjutan sdgs,topic_fine,Tujuan Pembangunan Berkelanjutan SDGs,,,
transisi energi,concept,Transisi energi,C2-Memahami,2.0,1.0
q_ee15f6e383,question,"Mengapa menurut teks, sumber energi dari bahan bakar fosil seperti minyak dan batu bara perlu digantikan untuk mencapai ",C2-Memahami,2.0,
konsep pembangunan berkelanjutan,concept,Konsep Pembangunan Berkelanjutan,,,
jenis-jenis narasi dan cerita,topic_fine,Jenis-jenis Narasi dan Cerita,,,
mitos,concept,Mitos,C2-Memahami,2.0,1.0
legenda,concept,Legenda,C2-Memahami,2.0,1.0
dongeng,concept,Dongeng,C2-Memahami,2.0,1.0
tingkat kepercayaan,concept,Tingkat Kepercayaan,C2-Memahami,2.0,1.0
q_d4393ade67,question,"Jelaskan perbedaan mendasar antara mitos, legenda, dan dongeng berdasarkan tingkat kepercayaan pemilik ceritanya.",C2-Memahami,2.0,
pengertian cerita,concept,Pengertian Cerita,,,
analisis fungsi cerita dalam budaya,concept,Analisis Fungsi Cerita dalam Budaya,,,
sumber dan jenis sejarah,topic_fine,Sumber dan Jenis Sejarah,,,
kesaksian lisan,concept,Kesaksian lisan,C2-Memahami,2.0,1.0
tradisi lisan,concept,Tradisi lisan,C4-Menganalisis,4.0,2.0
perbedaan konsep,concept,Perbedaan konsep,C2-Memahami,2.0,1.0
q_5e40ef1e5b,question,Bedakan antara 'kesaksian lisan' (oral history) dan 'tradisi lisan' (oral tradition).,C2-Memahami,2.0,
jenis kebijakan perdagangan,topic_fine,Jenis Kebijakan Perdagangan,,,
kebijakan tarif,concept,Kebijakan Tarif,C2-Memahami,2.0,1.0
kebijakan bea masuk,concept,Kebijakan Bea Masuk,C2-Memahami,2.0,1.0
q_587003a889,question,Jelaskan perbedaan mendasar antara kebijakan tarif dan kebijakan bea masuk.,C2-Memahami,2.0,
konsep perdagangan internasional,concept,Konsep Perdagangan Internasional,,,
peran dan jenis lembaga keuangan,topic_fine,Peran dan Jenis Lembaga Keuangan,,,
asuransi,concept,Asuransi,C6-Mencipta,5.0,2.0
pengalihan risiko,concept,Pengalihan Risiko,C2-Memahami,2.0,1.0
q_0840409b41,question,Jelaskan peran asuransi sebagai mekanisme pengalihan risiko berdasarkan definisinya.,C2-Memahami,2.0,
dampak transformasi sosial,topic_fine,Dampak Transformasi Sosial,,,
q_ae5cdc8448,question,Jelaskan dengan kata-kata sendiri mengapa transformasi sosial dianggap lebih berpotensi menimbulkan masalah sosial diban,C2-Memahami,2.0,
dampak negatif globalisasi,concept,Dampak Negatif Globalisasi,,,
konsep dasar ilmu sejarah,topic_fine,Konsep Dasar Ilmu Sejarah,,,
filosofi syajaratun,concept,Filosofi Syajaratun,C2-Memahami,2.0,1.0
makna sejarah,concept,Makna Sejarah,C2-Memahami,2.0,1.0
pertumbuhan berkesinambungan,concept,Pertumbuhan Berkesinambungan,C2-Memahami,2.0,1.0
q_857c6f91e3,question,Bagaimana filosofi 'pohon kayu' (Syajaratun) dapat menjelaskan makna dari ilmu sejarah?,C2-Memahami,2.0,
menganalisis makna,method,Menganalisis makna,,,
definisi ilmu sejarah,concept,Definisi Ilmu Sejarah,,,
periodisasi sejarah,concept,Periodisasi Sejarah,,,
dampak eksploitasi sda,topic_fine,Dampak Eksploitasi SDA,,,
eksploitasi sda,concept,Eksploitasi SDA,C2-Memahami,2.0,1.0
kelestarian sumber daya,concept,Kelestarian Sumber Daya,C2-Memahami,2.0,1.0
penurunan potensi sda,concept,Penurunan Potensi SDA,C2-Memahami,2.0,1.0
q_5488b88c2e,question,Uraikan bagaimana eksploitasi yang mengabaikan kelestarian dapat menyebabkan penurunan potensi sumber daya alam,C2-Memahami,2.0,
upaya pelestarian sda,concept,Upaya Pelestarian SDA,,,
kumpulan status,concept,Kumpulan status,C2-Memahami,2.0,1.0
q_112e153ac8,question,Simpulkan apa yang dimaksud dengan seseorang memiliki 'kumpulan status' berdasarkan contoh kepala sekolah.,C2-Memahami,2.0,
peran presiden dalam sistem pemerintahan,topic_fine,Peran Presiden dalam Sistem Pemerintahan,,,
demokrasi parlementer,concept,Demokrasi Parlementer,C6-Mencipta,5.0,8.0
uuds 1950,concept,UUDS 1950,C6-Mencipta,5.0,4.0
peran presiden soekarno,concept,Peran Presiden Soekarno,C3-Menerapkan,3.0,2.0
dekret presiden,concept,Dekret Presiden,C2-Memahami,3.0,1.0
q_0f2938a1f5,question,Apa perbedaan utama peran Presiden Soekarno pada masa Demokrasi Parlementer (UUDS 1950) dan setelah Dekret Presiden (kem,C2-Memahami,3.0,
membandingkan peran,method,Membandingkan peran,,,
pengenalan sistem pemerintahan indonesia,concept,Pengenalan sistem pemerintahan Indonesia,,,
masa orde baru,concept,Masa Orde Baru,,,
angin muson barat laut,concept,Angin Muson Barat Laut,C2-Memahami,2.0,1.0
angin muson tenggara,concept,Angin Muson Tenggara,C2-Memahami,2.0,1.0
pengaruh musim di indonesia,concept,Pengaruh Musim di Indonesia,C2-Memahami,2.0,1.0
q_3a5c454f32,question,Bandingkan sifat antara angin muson barat laut dengan angin muson tenggara yang mempengaruhi musim di Indonesia!,C2-Memahami,2.0,
dampak musim terhadap kehidupan sosial,concept,Dampak Musim Terhadap Kehidupan Sosial,,,
geografi dan budaya,topic_coarse,Geografi dan Budaya,,,
pengaruh lingkungan terhadap budaya,topic_fine,Pengaruh Lingkungan Terhadap Budaya,,,
perbedaan suhu,concept,Perbedaan Suhu,C2-Memahami,3.0,1.0
daerah pegunungan,concept,Daerah Pegunungan,C2-Memahami,3.0,1.0
daerah pesisir,concept,Daerah Pesisir,C2-Memahami,3.0,1.0
q_da7cf6843e,question,Jelaskan bagaimana perbedaan suhu antara daerah pegunungan dan pesisir dapat menciptakan budaya yang berbeda!,C2-Memahami,3.0,
konsep lingkungan fisik,concept,Konsep Lingkungan Fisik,,,
adaptasi budaya terhadap iklim,concept,Adaptasi Budaya Terhadap Iklim,,,
konsep struktur sosial masyarakat,topic_fine,Konsep Struktur Sosial Masyarakat,,,
organisasi sosial,concept,Organisasi sosial,C2-Memahami,2.0,1.0
q_e5ba0d0f7e,question,Mengapa struktur organisasi seperti OSIS dapat dianggap sebagai contoh kecil dari struktur sosial di masyarakat?,C2-Memahami,2.0,
dasar hukum pemungutan pajak,topic_fine,Dasar Hukum Pemungutan Pajak,,,
sifat memaksa,concept,Sifat Memaksa,C2-Memahami,2.0,1.0
dasar hukum,concept,Dasar Hukum,C2-Memahami,2.0,1.0
q_e9417ce51f,question,Mengapa pemungutan pajak di Indonesia harus dilaksanakan berdasarkan undang-undang?,C2-Memahami,2.0,
upaya pencegahan konflik,topic_fine,Upaya Pencegahan Konflik,,,
kepekaan sosial,concept,Kepekaan Sosial,C5-Mengevaluasi,5.0,2.0
kepedulian sosial,concept,Kepedulian sosial,C2-Memahami,2.0,1.0
q_39ed4ab8df,question,Mengapa kepekaan dan kepedulian sosial dianggap sangat penting dalam upaya pencegahan konflik?,C2-Memahami,2.0,
partisipasi masyarakat dalam pembangunan,topic_fine,Partisipasi Masyarakat dalam Pembangunan,,,
subjek pembangunan,concept,Subjek Pembangunan,C2-Memahami,2.0,1.0
keberagaman lokal,concept,Keberagaman Lokal,C2-Memahami,2.0,1.0
q_1e8c97c5c1,question,Mengapa pembangunan infrastruktur seperti jalan tol dapat dianggap sebagai kebijakan negatif oleh sebagian masyarakat?,C2-Memahami,2.0,
konsep pembangunan wilayah,concept,Konsep pembangunan wilayah,,,
implementasi kebijakan berbasis partisipasi,concept,Implementasi Kebijakan Berbasis Partisipasi,,,
geografi dan waktu,topic_coarse,Geografi dan Waktu,,,
standarisasi waktu internasional,topic_fine,Standarisasi waktu internasional,C2-Memahami,2.0,1.0
kebutuhan historis waktu,concept,Kebutuhan historis waktu,C2-Memahami,2.0,1.0
q_6aa42b26fe,question,Jelaskan alasan utama mengapa standarisasi waktu internasional diperlukan pada akhir abad ke-19!,C2-Memahami,2.0,
menjelaskan alasan,method,Menjelaskan alasan,,,
konsep waktu lokal,concept,Konsep waktu lokal,,,
zona waktu dunia,concept,Zona waktu dunia,,,
politik luar negeri indonesia pasca perang dunia ii,topic_fine,Politik Luar Negeri Indonesia Pasca Perang Dunia II,,,
prinsip mendayung di antara dua karang,concept,Prinsip Mendayung di antara Dua Karang,C2-Memahami,2.0,1.0
politik luar negeri bebas aktif,concept,Politik Luar Negeri Bebas Aktif,C4-Menganalisis,4.0,2.0
q_ac1bf38809,question,"Apa yang dimaksud dengan prinsip ""Mendayung di antara Dua Karang""?",C2-Memahami,2.0,
kondisi geopolitik pasca perang dunia ii,concept,Kondisi geopolitik pasca Perang Dunia II,,,
implementasi politik bebas aktif,concept,Implementasi Politik Bebas Aktif,,,
interaksi global,concept,Interaksi Global,C2-Memahami,2.0,1.0
dampak sejarah,concept,Dampak Sejarah,C2-Memahami,2.0,1.0
q_25aff2fd36,question,Jelaskan dengan kata-katamu sendiri mengapa Jalur Sutra dianggap lebih dari sekadar rute perdagangan barang.,C2-Memahami,2.0,
konsep keterkaitan sejarah,concept,Konsep Keterkaitan Sejarah,,,
dampak kolonialisme,concept,Dampak Kolonialisme,,,
tantangan era digital dan sosial,topic_fine,Tantangan Era Digital dan Sosial,,,
kecakapan sosial,concept,Kecakapan Sosial,C3-Menerapkan,3.0,2.0
kreativitas,concept,Kreativitas,C2-Memahami,2.0,1.0
adaptabilitas,concept,Adaptabilitas,C2-Memahami,2.0,1.0
era digital,concept,Era Digital,C6-Mencipta,5.0,3.0
q_afaa17928c,question,Jelaskan hubungan antara pengembangan kecakapan sosial (seperti kreativitas dan adaptabilitas) dengan tantangan yang dib,C2-Memahami,2.0,
pengertian kecakapan sosial,concept,Pengertian Kecakapan Sosial,,,
strategi mengatasi tantangan digital,concept,Strategi Mengatasi Tantangan Digital,,,
interaksi dan diferensiasi wilayah,topic_fine,Interaksi dan Diferensiasi Wilayah,,,
perbedaan karakteristik muka bumi,concept,Perbedaan karakteristik muka bumi,C2-Memahami,2.0,1.0
interaksi antarruang,concept,Interaksi antarruang,C2-Memahami,2.0,1.0
kebutuhan antarwilayah,concept,Kebutuhan antarwilayah,C2-Memahami,2.0,1.0
q_e1927864b0,question,Jelaskan mengapa perbedaan karakteristik muka bumi dapat menyebabkan interaksi antarruang!,C2-Memahami,2.0,
konsep ruang dan wilayah,concept,Konsep ruang dan wilayah,,,
faktor-faktor yang memengaruhi interaksi wilayah,concept,Faktor-faktor yang memengaruhi interaksi wilayah,,,
sumber daya alam tak terbarukan,concept,Sumber daya alam tak terbarukan,C2-Memahami,2.0,1.0
batu bara,concept,Batu bara,C2-Memahami,2.0,1.0
q_1471e65831,question,Mengapa minyak bumi dan batu bara diklasifikasikan sebagai sumber daya alam yang tidak dapat diperbarui?,C2-Memahami,2.0,
dampak penipisan sumber daya alam,concept,Dampak penipisan sumber daya alam,,,
fenomena gerak permukaan bumi,topic_fine,Fenomena Gerak Permukaan Bumi,,,
gerak epirogenetik,concept,Gerak Epirogenetik,C4-Menganalisis,4.0,2.0
perubahan permukaan laut,concept,Perubahan Permukaan Laut,C2-Memahami,3.0,1.0
q_4b25b5655b,question,Bayangkan permukaan air laut di sekitar Pulau Buton tiba-tiba tampak surut secara permanen. Fenomena gerak epirogenetik ,C2-Memahami,3.0,
menganalisis fenomena,method,Menganalisis fenomena,,,
konsep geosfer,concept,Konsep Geosfer,,,
jenis-jenis pergerakan kerak bumi,concept,Jenis-jenis pergerakan kerak bumi,,,
stabilitas sosial,concept,Stabilitas Sosial,C5-Mengevaluasi,5.0,2.0
gejala sosial,concept,Gejala sosial,C4-Menganalisis,4.0,2.0
q_2dc099e42f,question,Jelaskan mengapa perubahan sosial dapat memengaruhi stabilitas sosial dalam masyarakat.,C2-Memahami,2.0,
dampak perubahan sosial terhadap integrasi sosial,concept,Dampak perubahan sosial terhadap integrasi sosial,,,
sistem demokrasi parlementer 1950-1959,topic_fine,Sistem Demokrasi Parlementer 1950-1959,,,
ketidakstabilan kabinet,concept,Ketidakstabilan Kabinet,C3-Menerapkan,3.0,2.0
perbedaan ideologi partai,concept,Perbedaan Ideologi Partai,C3-Menerapkan,3.0,2.0
q_6a93627620,question,"Jelaskan mengapa sistem Demokrasi Parlementer di Indonesia (1950-1959) dianggap ""sangat tidak stabil""!",C2-Memahami,2.0,
pengertian sistem pemerintahan,concept,Pengertian Sistem Pemerintahan,,,
perubahan ke demokrasi terpimpin,concept,Perubahan ke Demokrasi Terpimpin,,,
karakteristik wilayah formal,topic_fine,Karakteristik Wilayah Formal,,,
wilayah formal,concept,Wilayah Formal,C6-Mencipta,5.0,4.0
karakteristik spesifik,concept,Karakteristik Spesifik,C2-Memahami,2.0,1.0
data statistik,concept,Data Statistik,C2-Memahami,2.0,1.0
q_556b044a39,question,"Mengapa dalam proses perwilayahan formal, data statistik dianggap penting?",C2-Memahami,2.0,
peran komunitas dalam pembangunan,topic_fine,Peran Komunitas dalam Pembangunan,,,
q_10dcd737e8,question,Simpulkan tiga peran utama komunitas dalam mendukung pembangunan berkelanjutan,C2-Memahami,2.0,
analisis dampak komunitas,concept,Analisis Dampak Komunitas,,,
penerimaan dan pengeluaran negara,concept,Penerimaan dan Pengeluaran Negara,C2-Memahami,2.0,1.0
q_c48e2a073d,question,Gambarkan tujuan utama dari penyusunan APBN bagi suatu negara.,C2-Memahami,2.0,
definisi apbn,concept,Definisi APBN,,,
tahapan penelitian konflik sosial,topic_fine,Tahapan Penelitian Konflik Sosial,,,
studi literatur,concept,Studi literatur,C2-Memahami,2.0,1.0
prasurvei,concept,Prasurvei,C2-Memahami,2.0,1.0
q_c8d324b8e1,question,Simpulkan langkah-langkah yang harus dilakukan peneliti dari awal identifikasi hingga siap mengumpulkan data di lapangan,C2-Memahami,2.0,
menganalisis tahapan,method,Menganalisis tahapan,,,
pengumpulan data lapangan,concept,Pengumpulan data lapangan,,,
definisi angkatan kerja indonesia,topic_fine,Definisi Angkatan Kerja Indonesia,,,
q_b1f6d38e15,question,"Mengapa seseorang yang ""menganggur"" (tidak bekerja) tetap dianggap sebagai bagian dari ""Angkatan Kerja""?",C2-Memahami,2.0,
definisi populasi usia kerja,concept,Definisi Populasi Usia Kerja,,,
tingkat pengangguran terbuka,concept,Tingkat Pengangguran Terbuka,,,
reformasi dan kebebasan pers,topic_fine,Reformasi dan Kebebasan Pers,,,
membredel media,concept,Membredel media,C2-Memahami,2.0,1.0
siupp,concept,SIUPP,C5-Mengevaluasi,5.0,2.0
q_e25e5580fc,question,"Apa yang dimaksud dengan ""membredel"" media?",C2-Memahami,2.0,
ekonomi moneter,topic_coarse,Ekonomi Moneter,,,
penawaran dan permintaan uang,topic_fine,Penawaran dan Permintaan Uang,,,
penawaran uang,concept,Penawaran Uang,C4-Menganalisis,4.0,3.0
bank sentral,concept,Bank Sentral,C3-Menerapkan,3.0,3.0
alat tukar sah,concept,Alat Tukar Sah,C2-Memahami,2.0,1.0
q_b5f3cb84bc,question,"Jika Bank Sentral memutuskan untuk menambah ""penawaran uang"", faktor apa yang sedang ia pengaruhi?",C2-Memahami,2.0,
definisi uang,concept,Definisi Uang,,,
sistem pemerintahan,topic_coarse,Sistem Pemerintahan,,,
perbedaan sistem presidensial dan parlementer,topic_fine,Perbedaan Sistem Presidensial dan Parlementer,,,
sistem pemerintahan presidensial,concept,Sistem Pemerintahan Presidensial,C2-Memahami,2.0,1.0
sistem pemerintahan parlementer,concept,Sistem pemerintahan Parlementer,C2-Memahami,2.0,1.0
perbedaan mendasar,concept,Perbedaan Mendasar,C2-Memahami,2.0,1.0
q_2d2976180b,question,Jelaskan perbedaan mendasar antara sistem pemerintahan Presidensial dan Parlementer berdasarkan konteks!,C2-Memahami,2.0,
pengertian lembaga negara,concept,Pengertian Lembaga Negara,,,
implementasi sistem pemerintahan di indonesia,concept,Implementasi Sistem Pemerintahan di Indonesia,,,
interaksi sosial asosiatif,concept,Interaksi sosial asosiatif,C2-Memahami,2.0,1.0
interaksi sosial disosiatif,concept,Interaksi sosial disosiatif,C5-Mengevaluasi,5.0,2.0
perbedaan interaksi sosial,concept,Perbedaan interaksi sosial,C2-Memahami,2.0,1.0
q_a85b3614a5,question,Jelaskan perbedaan mendasar antara interaksi sosial asosiatif dan disosiatif!,C2-Memahami,2.0,
konsep interaksi sosial,concept,Konsep Interaksi Sosial,,,
dampak interaksi sosial,concept,Dampak interaksi sosial,,,
neraca pembayaran dan perdagangan,topic_fine,Neraca Pembayaran dan Perdagangan,,,
neraca perdagangan,concept,Neraca perdagangan,C5-Mengevaluasi,5.0,2.0
ekspor,concept,Ekspor,C4-Menganalisis,4.0,3.0
impor,concept,Impor,C4-Menganalisis,4.0,2.0
surplus/defisit,concept,Surplus/Defisit,C3-Menerapkan,3.0,1.0
q_d769c9bfcb,question,"Jika nilai ekspor Indonesia adalah $150 miliar dan nilai impornya adalah $135 miliar, hitunglah neraca perdagangannya da",C3-Menerapkan,3.0,
perhitungan,method,Perhitungan,,,
definisi ekspor dan impor,concept,Definisi Ekspor dan Impor,,,
analisis neraca pembayaran keseluruhan,concept,Analisis Neraca Pembayaran Keseluruhan,,,
melanesoid,concept,Melanesoid,C3-Menerapkan,3.0,1.0
q_e648e51570,question,"Penggolongan masyarakat di Papua berdasarkan warna kulit gelap dan rambut ikal (ras Melanesoid). Terapkan konteks, ini a",C3-Menerapkan,3.0,
menerapkan,method,Menerapkan,,,
klasifikasi dan pemanfaatan sda,topic_fine,Klasifikasi dan Pemanfaatan SDA,,,
sda dapat diperbarui,concept,SDA Dapat Diperbarui,C5-Mengevaluasi,5.0,2.0
dampak penambangan,concept,Dampak Penambangan,C3-Menerapkan,3.0,1.0
ketersediaan sumber daya,concept,Ketersediaan Sumber Daya,C3-Menerapkan,3.0,1.0
q_5bfc022b12,question,"Sebuah perusahaan menambang bijih besi untuk diolah menjadi baja. Berdasarkan sifatnya, jelaskan implikasi dari kegiatan",C3-Menerapkan,3.0,
menerapkan konsep sifat sda pada kasus nyata,method,Menerapkan konsep sifat SDA pada kasus nyata,,,
pengelolaan sumber daya alam berkelanjutan,concept,Pengelolaan Sumber Daya Alam Berkelanjutan,,,
teori uang dan permintaan,topic_fine,Teori Uang dan Permintaan,,,
rumus irving fisher,concept,Rumus Irving Fisher,C3-Menerapkan,3.0,1.0
tingkat harga,concept,Tingkat Harga,C3-Menerapkan,3.0,1.0
q_ba1db6091c,question,"Jika M=100, V=5, dan T=25, terapkan rumus Irving Fisher untuk menghitung P (tingkat harga)!",C3-Menerapkan,3.0,
menerapkan rumus,method,Menerapkan rumus,,,
konsep penawaran uang,concept,Konsep Penawaran Uang,,,
analisis inflasi,concept,Analisis Inflasi,,,
pola pikir modern,topic_coarse,Pola Pikir Modern,,,
sikap terhadap informasi media sosial,topic_fine,Sikap Terhadap Informasi Media Sosial,,,
pola pikir rasional,concept,Pola pikir rasional,C3-Menerapkan,3.0,1.0
pola pikir ilmiah,concept,Pola pikir ilmiah,C3-Menerapkan,3.0,1.0
verifikasi berita,concept,Verifikasi berita,C3-Menerapkan,3.0,1.0
q_89453adde8,question,"Berdasarkan ciri pola pikir masyarakat modern (rasional dan ilmiah), bagaimana sikap yang seharusnya mereka tunjukkan sa",C3-Menerapkan,3.0,
menerapkan prinsip berpikir kritis,method,Menerapkan prinsip berpikir kritis,,,
definisi modernisasi,concept,Definisi modernisasi,,,
karakteristik pola pikir modern,concept,Karakteristik pola pikir modern,,,
etika digital dan literasi informasi,concept,Etika digital dan literasi informasi,,,
kebijakan pendidikan nasional,topic_coarse,Kebijakan Pendidikan Nasional,,,
indikator partisipasi pendidikan,topic_fine,Indikator Partisipasi Pendidikan,,,
angka partisipasi kasar (apk),concept,Angka Partisipasi Kasar (APK),C3-Menerapkan,3.0,1.0
q_ff6d12719b,question,"Jika APK (Angka Partisipasi Kasar) di jenjang SMA meningkat. Terapkan konteks, apa artinya ini?",C3-Menerapkan,3.0,
menerapkan konsep apk dalam konteks kebijakan,method,Menerapkan konsep APK dalam konteks kebijakan,,,
definisi angka partisipasi kasar (apk),concept,Definisi Angka Partisipasi Kasar (APK),,,
konsep wajib belajar,concept,Konsep Wajib Belajar,,,
analisis dampak peningkatan apk terhadap kualitas pendidikan,concept,Analisis dampak peningkatan APK terhadap kualitas pendidikan,,,
marga,concept,Marga,C3-Menerapkan,3.0,1.0
q_b1d07337c2,question,"Seseorang memiliki marga Siregar yang didapat dari ayahnya. Terapkan konteks, ia termasuk dalam sistem klan apa?",C3-Menerapkan,3.0,
sosiologi dan lingkungan,topic_coarse,Sosiologi dan Lingkungan,,,
peran komunitas dalam pembangunan berkelanjutan,topic_fine,Peran Komunitas dalam Pembangunan Berkelanjutan,,,
q_5536f04a24,question,Bayangkan Anda dan teman-teman membentuk komunitas pendaki gunung. Bagaimana cara komunitas Anda menerapkan peran dalam ,C3-Menerapkan,3.0,
analisis dampak sosial lingkungan,concept,Analisis Dampak Sosial Lingkungan,,,
penelitian geografi,topic_coarse,Penelitian Geografi,C3-Menerapkan,3.0,1.0
pendekatan dan metode penelitian geografi,topic_fine,Pendekatan dan Metode Penelitian Geografi,,,
pendekatan keruangan,concept,Pendekatan Keruangan,C6-Mencipta,5.0,4.0
studi kasus,concept,Studi Kasus,C3-Menerapkan,3.0,1.0
analisis dampak lingkungan,concept,Analisis Dampak Lingkungan,C5-Mengevaluasi,5.0,2.0
q_8e0fd8ca1b,question,Seorang peneliti ingin mengetahui dampak pembangunan sebuah mal baru terhadap pola kemacetan di sekitarnya. Bentuk penel,C3-Menerapkan,3.0,
pengertian fenomena geosfer,concept,Pengertian Fenomena Geosfer,,,
jenis-jenis metode penelitian,concept,Jenis-jenis Metode Penelitian,,,
analisis data spasial,concept,Analisis Data Spasial,,,
regulasi teknologi keuangan,topic_fine,Regulasi Teknologi Keuangan,,,
otoritas jasa keuangan (ojk),concept,Otoritas Jasa Keuangan (OJK),C4-Menganalisis,4.0,2.0
perlindungan konsumen,concept,Perlindungan Konsumen,C5-Mengevaluasi,5.0,2.0
q_66a244f897,question,"Terapkan konsep ""peran OJK"". Apa yang akan dilakukan OJK jika menemukan platform P2P Lending yang merugikan ""konsumen""?",C3-Menerapkan,3.0,
menerapkan konsep regulasi,method,Menerapkan konsep regulasi,,,
pengertian fintech,concept,Pengertian Fintech,,,
fungsi ojk,concept,Fungsi OJK,,,
keruntuhan orde baru dan reformasi,topic_fine,Keruntuhan Orde Baru dan Reformasi,,,
reformasi 1998,concept,Reformasi 1998,C3-Menerapkan,3.0,1.0
q_12b12aa918,question,"Empat mahasiswa tewas tertembak saat demonstrasi menuntut Reformasi. Terapkan konteks, peristiwa apa ini?",C3-Menerapkan,3.0,
kondisi politik orde baru,concept,Kondisi politik Orde Baru,,,
perbankan dan keuangan,topic_coarse,Perbankan dan Keuangan,,,
instrumen kredit perdagangan internasional,topic_fine,Instrumen Kredit Perdagangan Internasional,,,
kredit aktif,concept,Kredit aktif,C3-Menerapkan,3.0,1.0
jaminan pembayaran ekspor,concept,Jaminan pembayaran ekspor,C3-Menerapkan,3.0,1.0
q_452b11abe7,question,Seorang eksportir membutuhkan jaminan pembayaran dari bank atas barang yang akan dikirimnya ke luar negeri. Jenis 'kredi,C3-Menerapkan,3.0,
jenis-jenis kredit,concept,Jenis-jenis kredit,,,
manajemen risiko perdagangan,concept,Manajemen risiko perdagangan,,,
perkembangan perdagangan dan pemerintahan,topic_fine,Perkembangan Perdagangan dan Pemerintahan,,,
kausalitas,concept,Kausalitas,C3-Menerapkan,3.0,1.0
perkembangan pusat perdagangan,concept,Perkembangan Pusat Perdagangan,C3-Menerapkan,3.0,1.0
organisasi pemerintahan,concept,Organisasi Pemerintahan,C3-Menerapkan,3.0,1.0
q_467bc9f43d,question,"Dengan menggunakan konsep kausalitas, urutkanlah peristiwa-peristiwa berikut menjadi sebuah alur yang logis: A) Munculny",C3-Menerapkan,3.0,
konsep dasar sejarah,concept,Konsep dasar sejarah,,,
dampak globalisasi perdagangan,concept,Dampak Globalisasi Perdagangan,,,
geografi dunia,topic_coarse,Geografi Dunia,,,
distribusi habitat dan iklim benua,topic_fine,Distribusi Habitat dan Iklim Benua,,,
habitat tropis,concept,Habitat tropis,C3-Menerapkan,3.0,1.0
megafauna,concept,Megafauna,C3-Menerapkan,3.0,1.0
benua afrika,concept,Benua Afrika,C3-Menerapkan,3.0,1.0
q_61c249f9ab,question,"Seorang ahli biologi ingin meneliti hewan megafauna di habitat aslinya yang beriklim tropis. Berdasarkan deskripsi, benu",C3-Menerapkan,3.0,
menerapkan pengetahuan tentang distribusi fauna berdasarkan iklim,method,Menerapkan pengetahuan tentang distribusi fauna berdasarkan iklim,,,
pengenalan benua-benua utama dunia,concept,Pengenalan benua-benua utama dunia,,,
pemahaman tentang zona iklim,concept,Pemahaman tentang zona iklim,,,
analisis dampak perubahan iklim terhadap keanekaragaman hayati,concept,Analisis dampak perubahan iklim terhadap keanekaragaman hayati,,,
unsur-unsur dalam peristiwa sejarah,topic_fine,Unsur-unsur dalam peristiwa sejarah,,,
unsur ruang,concept,Unsur ruang,C3-Menerapkan,3.0,1.0
unsur waktu,concept,Unsur waktu,C3-Menerapkan,3.0,1.0
unsur manusia,concept,Unsur manusia,C3-Menerapkan,3.0,1.0
q_ade93abd5d,question,"Jika seorang sejarawan menemukan sebuah candi kuno, unsur sejarah apa saja yang bisa langsung diidentifikasi dari penemu",C3-Menerapkan,3.0,
tiga unsur sejarah,concept,Tiga unsur sejarah,,,
konsep pembangunan dan kebijakan,topic_fine,Konsep Pembangunan dan Kebijakan,,,
kebijakan publik,concept,Kebijakan publik,C4-Menganalisis,4.0,2.0
imunisasi nasional,concept,Imunisasi Nasional,C3-Menerapkan,3.0,1.0
sentralisasi,concept,Sentralisasi,C3-Menerapkan,3.0,1.0
q_218087f886,question,Sebuah program imunisasi nasional yang diwajibkan oleh pemerintah pusat untuk seluruh daerah tanpa konsultasi lokal meru,C3-Menerapkan,3.0,
analisis dampak kebijakan,concept,Analisis Dampak Kebijakan,,,
interaksi sistem bumi dan manusia,topic_fine,Interaksi Sistem Bumi dan Manusia,,,
antroposfer,concept,Antroposfer,C3-Menerapkan,3.0,1.0
biosfer,concept,Biosfer,C3-Menerapkan,3.0,1.0
interaksi lingkungan,concept,Interaksi Lingkungan,C4-Menganalisis,4.0,2.0
q_94e4071b5e,question,Pembangunan sebuah bendungan raksasa telah mengubah aliran sungai dan merendam area hutan. Tunjukkan bagaimana fenomena ,C3-Menerapkan,3.0,
menerapkan konsep interaksi antar-sfer,method,Menerapkan konsep interaksi antar-sfer,,,
pengertian antroposfer,concept,Pengertian Antroposfer,,,
pengertian hidrosfer,concept,Pengertian Hidrosfer,,,
pengertian biosfer,concept,Pengertian Biosfer,,,
dampak perubahan lingkungan,concept,Dampak perubahan lingkungan,,,
tahapan pengumpulan sumber sejarah,topic_fine,Tahapan Pengumpulan Sumber Sejarah,,,
pengumpulan informasi relevan,concept,Pengumpulan Informasi Relevan,C3-Menerapkan,3.0,1.0
q_20d05c5513,question,"Jika Anda ingin meneliti 'Sejarah Perkembangan Pasar Tradisional di Kotamu dari Tahun 1980 hingga 2000', kegiatan pertam",C3-Menerapkan,3.0,
konsep dasar penelitian sejarah,concept,Konsep Dasar Penelitian Sejarah,,,
membuang informasi yang diragukan,concept,Membuang Informasi yang Diragukan,,,
penggantian presiden soeharto,concept,Penggantian Presiden Soeharto,C3-Menerapkan,3.0,1.0
q_3719e8087b,question,"B.J. Habibie naik menjadi Presiden menggantikan Soeharto yang berhenti. Terapkan konteks, tanggal berapa peristiwa ini t",C3-Menerapkan,3.0,
menerapkan konteks,method,Menerapkan konteks,,,
jenis layanan fintech,topic_fine,Jenis Layanan Fintech,,,
akses permodalan,concept,Akses Permodalan,C3-Menerapkan,3.0,1.0
q_8e549303f3,question,Seorang pemilik usaha warung kopi (pengusaha mikro) ditolak oleh bank saat mengajukan modal. Layanan fintech manakah yan,C3-Menerapkan,3.0,
definisi fintech,concept,Definisi Fintech,,,
masyarakat digital,topic_coarse,Masyarakat Digital,C3-Menerapkan,3.0,1.0
representasi aktivitas di dunia maya,topic_fine,Representasi Aktivitas di Dunia Maya,,,
aktivitas elektronik,concept,Aktivitas elektronik,C3-Menerapkan,3.0,1.0
interaksi dunia maya,concept,Interaksi dunia maya,C3-Menerapkan,3.0,1.0
q_5281ea7d0b,question,Seorang siswa mengikuti kelas online melalui platform video conference. Tunjukkan bagaimana aktivitas ini mencerminkan k,C3-Menerapkan,3.0,
dampak sosial era digital,concept,Dampak sosial era digital,,,
ekonomi mikro,topic_coarse,Ekonomi Mikro,,,
peran pelaku ekonomi,topic_fine,Peran Pelaku Ekonomi,,,
penyedia faktor produksi,concept,Penyedia Faktor Produksi,C3-Menerapkan,3.0,1.0
q_6d6fc3fd61,question,Pak Budi menyewakan ruko miliknya kepada sebuah bank. Uang hasil sewa ia gunakan untuk membayar tagihan listrik dan air ,C3-Menerapkan,3.0,
definisi pelaku ekonomi,concept,Definisi Pelaku Ekonomi,,,
potensi sumber daya,topic_coarse,Potensi Sumber Daya,,,
potensi alam indonesia,topic_fine,Potensi Alam Indonesia,,,
investasi energi terbarukan,concept,Investasi Energi Terbarukan,C3-Menerapkan,3.0,1.0
potensi sumber daya alam,concept,Potensi Sumber Daya Alam,C5-Mengevaluasi,5.0,2.0
kekayaan laut indonesia,concept,Kekayaan Laut Indonesia,C3-Menerapkan,3.0,1.0
q_d10d4bfbec,question,"Jika Anda seorang investor yang ingin berinvestasi di sektor energi terbarukan Indonesia, jenis energi apa yang akan And",C3-Menerapkan,3.0,
pemahaman konsep energi terbarukan,concept,Pemahaman Konsep Energi Terbarukan,,,
analisis kelayakan investasi,concept,Analisis Kelayakan Investasi,,,
analisis swot dan penerapan strategi,topic_fine,Analisis SWOT dan Penerapan Strategi,,,
peluang (opportunity),concept,Peluang (Opportunity),C3-Menerapkan,3.0,1.0
kelemahan (weakness),concept,Kelemahan (Weakness),C3-Menerapkan,3.0,1.0
q_afd6011650,question,"Berdasarkan analisis SWOT pada kasus Desa Ujung, bagaimana 'Opportunity' berupa 'adanya aplikasi jual beli online' dapat",C3-Menerapkan,3.0,
pemahaman swot,concept,Pemahaman SWOT,,,
identifikasi potensi dan masalah,concept,Identifikasi Potensi dan Masalah,C5-Mengevaluasi,5.0,1.0
sistem pertukaran dan kebutuhan,topic_fine,Sistem Pertukaran dan Kebutuhan,,,
ketidakadilan ekonomi,concept,Ketidakadilan ekonomi,C3-Menerapkan,3.0,1.0
satuan ukur,concept,Satuan ukur,C3-Menerapkan,3.0,1.0
q_8bc1a6898c,question,"Jika sebuah komunitas kecil memutuskan untuk kembali ke sistem barter, masalah ketidakadilan seperti apa yang mungkin mu",C3-Menerapkan,3.0,
konsep kebutuhan dan kelangkaan,concept,Konsep kebutuhan dan kelangkaan,,,
definisi sistem barter,concept,Definisi sistem barter,,,
peran uang sebagai alat tukar,concept,Peran uang sebagai alat tukar,,,
koefisien gini,concept,Koefisien Gini,C3-Menerapkan,3.0,1.0
ketimpangan distribusi pendapatan,concept,Ketimpangan Distribusi Pendapatan,C3-Menerapkan,3.0,1.0
kondisi merata,concept,Kondisi Merata,C3-Menerapkan,3.0,1.0
q_d5cfaf414b,question,"Jika sebuah negara memiliki Koefisien Gini 0,6, dan negara tetangganya memiliki Gini ratio 0,3, negara manakah yang memi",C3-Menerapkan,3.0,
menerapkan konsep koefisien gini,method,Menerapkan konsep Koefisien Gini,,,
definisi koefisien gini,concept,Definisi Koefisien Gini,,,
analisis kebijakan pengurangan kesenjangan,concept,Analisis Kebijakan Pengurangan Kesenjangan,,,
perdagangan dan pertukaran budaya awal masehi,topic_fine,Perdagangan dan Pertukaran Budaya Awal Masehi,,,
interaksi nusantara dengan bangsa asing,concept,Interaksi Nusantara dengan bangsa asing,C3-Menerapkan,3.0,1.0
pertukaran budaya india dan lokal,concept,Pertukaran budaya India dan lokal,C3-Menerapkan,3.0,1.0
peran lokasi strategis,concept,Peran lokasi strategis,C3-Menerapkan,3.0,1.0
q_52a14f57b1,question,"Berdasarkan pola interaksi yang dijelaskan, sebutkan tiga contoh lain (selain agama dan candi) dari pertukaran budaya ya",C3-Menerapkan,3.0,
pemahaman tentang jalur perdagangan kuno,concept,Pemahaman tentang jalur perdagangan kuno,,,
dampak jangka panjang interaksi perdagangan,concept,Dampak jangka panjang interaksi perdagangan,,,
sosiologi komunitas,topic_coarse,Sosiologi Komunitas,,,
peran kearifan lokal dalam masyarakat,topic_fine,Peran Kearifan Lokal dalam Masyarakat,,,
kontrol sosial,concept,Kontrol Sosial,C3-Menerapkan,3.0,1.0
perekat sosial,concept,Perekat Sosial,C3-Menerapkan,3.0,1.0
q_0af0c3853b,question,"Jika sebuah kampung memiliki aturan tidak tertulis untuk bekerja bakti membersihkan lingkungan setiap hari Minggu, tunju",C3-Menerapkan,3.0,
konsep kearifan lokal,concept,Konsep Kearifan Lokal,,,
dampak globalisasi terhadap kearifan lokal,concept,Dampak Globalisasi terhadap Kearifan Lokal,,,
perjuangan kemerdekaan,topic_coarse,Perjuangan Kemerdekaan,C6-Mencipta,5.0,1.0
strategi perang fisik indonesia,topic_fine,Strategi Perang Fisik Indonesia,,,
perang gerilya,concept,Perang Gerilya,C4-Menganalisis,4.0,3.0
jenderal soedirman,concept,Jenderal Soedirman,C4-Menganalisis,4.0,2.0
agresi militer belanda,concept,Agresi Militer Belanda,C3-Menerapkan,3.0,1.0
q_a2362eb6f5,question,"Jenderal Soedirman memimpin perang di hutan-hutan Jawa setelah Yogyakarta jatuh. Terapkan konteks, strategi perang apa y",C3-Menerapkan,3.0,
menerapkan strategi perang,method,Menerapkan strategi perang,,,
perjuangan diplomasi dan gerilya,concept,Perjuangan Diplomasi dan Gerilya,,,
perundingan dan konferensi internasional,concept,Perundingan dan Konferensi Internasional,,,
dampak gas rumah kaca,topic_fine,Dampak Gas Rumah Kaca,,,
pupuk sintetis,concept,Pupuk Sintetis,C3-Menerapkan,3.0,1.0
pupuk kompos,concept,Pupuk Kompos,C3-Menerapkan,3.0,1.0
q_191e7e6b1a,question,"Seorang petani beralih dari penggunaan pupuk sintetis ke pupuk kompos. Berdasarkan teks, emisi gas rumah kaca manakah ya",C3-Menerapkan,3.0,
komponen pendapatan daerah,topic_fine,Komponen Pendapatan Daerah,,,
pendapatan daerah,concept,Pendapatan Daerah,C3-Menerapkan,3.0,2.0
penerimaan retribusi,concept,Penerimaan Retribusi,C3-Menerapkan,3.0,1.0
q_fc323c3943,question,Pemerintah daerah menaikkan tarif parkir di area publik yang dikelolanya. Penerimaan dari kenaikan tarif ini akan masuk ,C3-Menerapkan,3.0,
jenis-jenis pendapatan daerah,concept,Jenis-jenis Pendapatan Daerah,,,
analisis pengelolaan keuangan daerah,concept,Analisis Pengelolaan Keuangan Daerah,,,
klasifikasi dan karakteristik wilayah,topic_fine,Klasifikasi dan Karakteristik Wilayah,,,
wilayah,concept,Wilayah,C3-Menerapkan,3.0,1.0
bencana gempa bumi,concept,Bencana Gempa Bumi,C3-Menerapkan,3.0,1.0
aktivitas lempeng tektonik,concept,Aktivitas Lempeng Tektonik,C3-Menerapkan,3.0,1.0
q_b5da68adcc,question,Pemerintah ingin memetakan semua daerah di Indonesia yang rawan bencana gempa bumi berdasarkan data aktivitas lempeng te,C3-Menerapkan,3.0,
menerapkan konsep wilayah pada studi kasus,method,Menerapkan konsep wilayah pada studi kasus,,,
pengertian wilayah,concept,Pengertian Wilayah,,,
analisis interaksi antarwilayah,concept,Analisis Interaksi Antarwilayah,,,
keuangan dan perbankan,topic_coarse,Keuangan dan Perbankan,,,
jenis produk simpanan bank,topic_fine,Jenis Produk Simpanan Bank,,,
kredit pasif,concept,Kredit Pasif,C3-Menerapkan,3.0,1.0
transaksi bisnis,concept,Transaksi Bisnis,C3-Menerapkan,3.0,1.0
cek,concept,Cek,C3-Menerapkan,3.0,1.0
q_30005e1472,question,Seorang pengusaha memerlukan rekening untuk transaksi bisnisnya yang memungkinkan dia melakukan pembayaran dalam jumlah ,C3-Menerapkan,3.0,
pengertian kredit pasif,concept,Pengertian Kredit Pasif,,,
manajemen arus kas bisnis,concept,Manajemen Arus Kas Bisnis,,,
kegiatan perdagangan antar negara,topic_fine,Kegiatan Perdagangan Antar Negara,,,
pasar global,concept,Pasar Global,C3-Menerapkan,3.0,1.0
q_fb9373d316,question,Perusahaan X di Indonesia berhasil menjual produk kerajinan rotan ke pasar Amerika Serikat. Kegiatan apakah yang dilakuk,C3-Menerapkan,3.0,
menerapkan konsep perdagangan,method,Menerapkan konsep perdagangan,,,
pelestarian lingkungan,topic_coarse,Pelestarian Lingkungan,C5-Mengevaluasi,5.0,1.0
upaya mengurangi polusi udara,topic_fine,Upaya Mengurangi Polusi Udara,,,
pelestarian lingkungan hidup,concept,Pelestarian lingkungan hidup,C4-Menganalisis,4.0,2.0
polusi udara,concept,Polusi udara,C3-Menerapkan,3.0,1.0
aktivitas mengurangi polusi,concept,Aktivitas mengurangi polusi,C3-Menerapkan,3.0,1.0
q_25bd28638c,question,"Jika Anda ingin mengurangi polusi udara di lingkungan tempat tinggal Anda, kegiatan sederhana apa yang dapat Anda lakuka",C3-Menerapkan,3.0,
menerapkan tindakan nyata,method,Menerapkan tindakan nyata,,,
definisi pelestarian lingkungan,concept,Definisi pelestarian lingkungan,,,
dampak jangka panjang pelestarian lingkungan,concept,Dampak jangka panjang pelestarian lingkungan,,,
ilmu ketenagakerjaan,topic_coarse,Ilmu Ketenagakerjaan,,,
pencarian kerja,concept,Pencarian Kerja,C3-Menerapkan,3.0,1.0
q_53aba95fa4,question,Seseorang baru lulus kuliah dan sedang aktif mencari pekerjaan pertamanya. Ini adalah contoh pengangguran apa?,C3-Menerapkan,3.0,
teori sistem dunia global,topic_fine,Teori Sistem Dunia Global,,,
konsep dependensi,concept,Konsep Dependensi,C3-Menerapkan,3.0,1.0
immanuel wallerstein,concept,Immanuel Wallerstein,C5-Mengevaluasi,5.0,2.0
q_ef9be1eff5,question,Bagaimana konsep 'dependensi' Immanuel Wallerstein dapat digunakan untuk menjelaskan hubungan antara perusahaan garmen d,C3-Menerapkan,3.0,
teori sistem dunia,concept,Teori Sistem Dunia,,,
analisis ketidaksetaraan global,concept,Analisis Ketidaksetaraan Global,,,
faktor pendorong perdagangan global,topic_fine,Faktor Pendorong Perdagangan Global,,,
perbedaan sumber daya,concept,Perbedaan Sumber Daya,C3-Menerapkan,3.0,1.0
q_d7d495d5a0,question,Sebuah perusahaan di Indonesia berhasil memproduksi mebel rotan dengan jumlah yang jauh melebihi permintaan pasar domest,C3-Menerapkan,3.0,
menerapkan konsep keunggulan komparatif pada studi kasus,method,Menerapkan konsep keunggulan komparatif pada studi kasus,,,
pengertian keunggulan komparatif,concept,Pengertian keunggulan komparatif,,,
analisis kebijakan perdagangan internasional,concept,Analisis Kebijakan Perdagangan Internasional,,,
konsep status sosial,topic_fine,Konsep Status Sosial,,,
status yang melekat,concept,Status yang melekat,C3-Menerapkan,3.0,1.0
assigned status,concept,Assigned Status,C6-Mencipta,5.0,3.0
q_e41dc6eab6,question,"Raden Mas Ario adalah seorang pangeran di sebuah kerajaan. Berdasarkan kelahirannya, status yang melekat pada dirinya ad",C3-Menerapkan,3.0,
investasi asing langsung,concept,Investasi Asing Langsung,C3-Menerapkan,3.0,1.0
peran perusahaan asing,concept,Peran Perusahaan Asing,C3-Menerapkan,3.0,1.0
q_2cbccdb17e,question,Sebuah perusahaan dari Jepang menanamkan modalnya untuk membangun pabrik otomotif di Indonesia. Tentukan peran perusahaa,C3-Menerapkan,3.0,
menerapkan konsep pelaku ekonomi pada studi kasus,method,Menerapkan konsep pelaku ekonomi pada studi kasus,,,
analisis dampak investasi asing,concept,Analisis Dampak Investasi Asing,,,
pencapaian ketahanan wilayah,topic_fine,Pencapaian Ketahanan Wilayah,,,
kerja sama antarwilayah,concept,Kerja Sama Antarwilayah,C3-Menerapkan,3.0,1.0
q_f2d38c3de1,question,Pemerintah kota A ingin mengurangi kemacetan dengan meniru sistem transportasi publik dari kota B di Jepang. Berdasarkan,C3-Menerapkan,3.0,
definisi ketahanan wilayah,concept,Definisi Ketahanan Wilayah,,,
pengembangan strategi ketahanan nasional,concept,Pengembangan Strategi Ketahanan Nasional,,,
analisis laporan keuangan dasar,topic_fine,Analisis Laporan Keuangan Dasar,,,
beban,concept,Beban,C3-Menerapkan,3.0,1.0
laba rugi,concept,Laba Rugi,C3-Menerapkan,3.0,1.0
q_65fe7c25ce,question,Sebuah perusahaan memiliki total pendapatan sebesar Rp100 juta dan total beban sebesar Rp120 juta dalam satu bulan. Berd,C3-Menerapkan,3.0,
menerapkan rumus laba rugi,method,Menerapkan rumus laba rugi,,,
pengertian pendapatan,concept,Pengertian Pendapatan,,,
pengertian beban,concept,Pengertian Beban,,,
kebutuhan,concept,Kebutuhan,C3-Menerapkan,3.0,1.0
vitamin,concept,Vitamin,C3-Menerapkan,3.0,1.0
q_1f6b80e6a4,question,Rina membeli vitamin untuk menjaga daya tahan tubuhnya saat musim hujan. Identifikasi tujuan konsumsi yang dilakukan ole,C3-Menerapkan,3.0,
jenis kegiatan ekonomi,concept,Jenis kegiatan ekonomi,,,
analisis pola konsumsi,concept,Analisis Pola Konsumsi,,,
gerakan mahasiswa orde baru,topic_fine,Gerakan Mahasiswa Orde Baru,,,
peristiwa malari,concept,Peristiwa Malari,C3-Menerapkan,3.0,1.0
resistensi mahasiswa,concept,Resistensi Mahasiswa,C6-Mencipta,5.0,2.0
q_8422d2b935,question,"Demo mahasiswa menolak kedatangan investor Jepang. Terapkan konteks, peristiwa apa yang dimaksud",C3-Menerapkan,3.0,
konteks politik orde baru,concept,Konteks Politik Orde Baru,,,
dampak nkk/bkk,concept,Dampak NKK/BKK,,,
penanganan konflik sosial,topic_fine,Penanganan Konflik Sosial,,,
mediasi konflik,concept,Mediasi Konflik,C3-Menerapkan,3.0,1.0
q_8c48ef9717,question,Dua kelompok pemuda di sebuah desa sering berselisih. Kepala desa kemudian mengundang perwakilan kedua kelompok untuk du,C3-Menerapkan,3.0,
status yang diperoleh,concept,Status yang diperoleh,C4-Menganalisis,4.0,2.0
prestise sosial,concept,Prestise sosial,C5-Mengevaluasi,5.0,3.0
q_91f2acf665,question,Seorang atlet berlatih keras sejak kecil hingga akhirnya memenangkan medali emas di olimpiade. Jenis status sosial apaka,C3-Menerapkan,3.0,
perubahan status sosial,concept,Perubahan status sosial,,,
bantuan pendidikan tinggi mahasiswa,topic_fine,Bantuan Pendidikan Tinggi Mahasiswa,,,
bidikmisi,concept,Bidikmisi,C3-Menerapkan,3.0,1.0
beasiswa pendidikan tinggi,concept,Beasiswa Pendidikan Tinggi,C3-Menerapkan,3.0,1.0
akses pendidikan tinggi,concept,Akses Pendidikan Tinggi,C3-Menerapkan,3.0,1.0
q_c73d4ab99b,question,"Seorang lulusan SMA berprestasi namun tidak mampu secara ekonomi, mendapat beasiswa penuh di Perguruan Tinggi. Terapkan ",C3-Menerapkan,3.0,
program wajib belajar 9 tahun,concept,Program Wajib Belajar 9 Tahun,,,
alokasi anggaran pendidikan,concept,Alokasi Anggaran Pendidikan,C6-Mencipta,5.0,2.0
kebijakan merdeka belajar kampus merdeka,concept,Kebijakan Merdeka Belajar Kampus Merdeka,,,
klasifikasi belanja daerah,topic_fine,Klasifikasi Belanja Daerah,,,
anggaran pendapatan dan belanja daerah (apbd),concept,Anggaran Pendapatan dan Belanja Daerah (APBD),C6-Mencipta,5.0,3.0
jenis belanja daerah,concept,Jenis Belanja Daerah,C3-Menerapkan,3.0,1.0
pengeluaran infrastruktur,concept,Pengeluaran Infrastruktur,C3-Menerapkan,3.0,1.0
q_e53c7292b8,question,Pemerintah kota membangun sebuah jembatan baru untuk menghubungkan dua kecamatan. Klasifikasikan pengeluaran ini ke dala,C3-Menerapkan,3.0,
menerapkan konsep klasifikasi belanja,method,Menerapkan konsep klasifikasi belanja,,,
pemahaman dasar apbd,concept,Pemahaman dasar APBD,,,
pengenalan jenis-jenis belanja daerah,concept,Pengenalan jenis-jenis belanja daerah,,,
analisis dampak fiskal belanja daerah,concept,Analisis dampak fiskal belanja daerah,,,
pendidikan kewarganegaraan,topic_coarse,Pendidikan Kewarganegaraan,,,
penguatan nasionalisme di sekolah,topic_fine,Penguatan Nasionalisme di Sekolah,,,
kegiatan sekolah,concept,Kegiatan Sekolah,C3-Menerapkan,3.0,1.0
q_d9bf05f677,question,"Jika OSIS di sekolahmu ingin mengadakan acara untuk memperkuat nasionalisme, usulkan satu kegiatan konkret berdasarkan c",C3-Menerapkan,3.0,
pemahaman konsep nasionalisme,concept,Pemahaman Konsep Nasionalisme,,,
analisis dampak kegiatan nasionalisme,concept,Analisis Dampak Kegiatan Nasionalisme,,,
klasifikasi pengeluaran jangka pendek,topic_fine,Klasifikasi Pengeluaran Jangka Pendek,,,
q_82efb129a3,question,Seorang siswa setiap hari mengeluarkan uang untuk ongkos angkutan umum dan jajan di kantin. Klasifikasikan kedua jenis p,C3-Menerapkan,3.0,
hukum penawaran dan pasar,topic_fine,Hukum Penawaran dan Pasar,,,
q_1658285a8c,question,"Anda adalah seorang petani cabai. Berdasarkan hukum penawaran, apa yang akan Anda lakukan jika harga cabai di pasaran an",C3-Menerapkan,3.0,
menerapkan konsep hukum penawaran pada situasi pasar,method,Menerapkan konsep hukum penawaran pada situasi pasar,,,
konsep dasar penawaran,concept,Konsep dasar penawaran,,,
hubungan antara harga dan jumlah barang yang ditawarkan,concept,Hubungan antara harga dan jumlah barang yang ditawarkan,,,
pendanaan pendidikan dasar wajib belajar,topic_fine,Pendanaan Pendidikan Dasar Wajib Belajar,,,
q_9b551d18a9,question,"Seorang siswa SD/SMP tidak perlu membayar iuran bulanan karena biayanya ditanggung pemerintah. Terapkan konteks, program",C3-Menerapkan,3.0,
uud 1945,concept,UUD 1945,,,
program beasiswa perguruan tinggi,concept,Program Beasiswa Perguruan Tinggi,,,
bentuk kerja sama ekonomi,topic_fine,Bentuk Kerja Sama Ekonomi,,,
investasi asing,concept,Investasi Asing,C3-Menerapkan,3.0,2.0
hubungan bilateral indonesia-malaysia,concept,Hubungan bilateral Indonesia-Malaysia,C3-Menerapkan,3.0,1.0
q_82fe0f868d,question,Seorang pengusaha Malaysia berencana menanamkan modal di sektor pembangunan perumahan di Indonesia. Berdasarkan informas,C3-Menerapkan,3.0,
analisis dampak kerja sama ekonomi,concept,Analisis dampak kerja sama ekonomi,,,
perumusan pertanyaan penelitian,topic_fine,Perumusan Pertanyaan Penelitian,,,
dampak gawai,concept,Dampak Gawai,C3-Menerapkan,3.0,1.0
pertanyaan penelitian,concept,Pertanyaan Penelitian,C3-Menerapkan,3.0,1.0
q_6156fae71d,question,Seorang peneliti ingin mengetahui dampak penggunaan gawai terhadap pola interaksi sosial di kalangan remaja. Rumuskan sa,C3-Menerapkan,3.0,
jenis kata tanya,concept,Jenis Kata Tanya,,,
perancangan metode penelitian,concept,Perancangan Metode Penelitian,,,
financial technology (fintech),concept,Financial Technology (Fintech),C5-Mengevaluasi,5.0,2.0
q_369fedcbd2,question,Sebuah yayasan sosial ingin menggalang dana secara online untuk membangun sekolah. Jenis layanan fintech manakah yang pa,C3-Menerapkan,3.0,
analisis risiko investasi digital,concept,Analisis risiko investasi digital,,,
pendudukan jepang,concept,Pendudukan Jepang,C3-Menerapkan,3.0,3.0
taiso,concept,Taiso,C3-Menerapkan,3.0,1.0
kinrohoshi,concept,Kinrohoshi,C3-Menerapkan,3.0,1.0
integrasi kurikulum,concept,Integrasi Kurikulum,C3-Menerapkan,3.0,1.0
q_3e6763f5a6,question,Bayangkan Anda adalah seorang guru pada masa pendudukan Jepang. Bagaimana Anda akan mengintegrasikan kegiatan taiso dan ,C3-Menerapkan,3.0,
struktur pemerintahan jepang,concept,Struktur Pemerintahan Jepang,,,
perubahan sistem pendidikan pasca-kemerdekaan,concept,Perubahan Sistem Pendidikan Pasca-Kemerdekaan,,,
mendayung di antara dua karang,concept,Mendayung di antara Dua Karang,C3-Menerapkan,3.0,1.0
q_76d8d8c046,question,"Jika Indonesia mengirimkan pasukan perdamaian untuk meredam konflik di Indocina, prinsip politik apa yang sedang dijalan",C3-Menerapkan,3.0,
konsep blok barat dan blok timur,concept,Konsep Blok Barat dan Blok Timur,,,
dampak kebijakan bebas aktif,concept,Dampak Kebijakan Bebas Aktif,,,
eskalasi konflik,concept,Eskalasi Konflik,C5-Mengevaluasi,5.0,3.0
q_776ea2c905,question,"Untuk mencegah terjadinya perkelahian antar suporter, panitia pertandingan sepak bola membentuk tim khusus yang memantau",C3-Menerapkan,3.0,
dampak investasi asing,topic_fine,Dampak Investasi Asing,,,
daya beli masyarakat,concept,Daya Beli Masyarakat,C3-Menerapkan,3.0,1.0
q_bb6cc35201,question,Sebuah perusahaan asing berinvestasi dengan membangun pabrik baru di sebuah kota kecil. Tunjukkan bagaimana investasi in,C3-Menerapkan,3.0,
menerapkan konsep pembangunan ekonomi pada studi kasus,method,Menerapkan konsep pembangunan ekonomi pada studi kasus,,,
konsep pertumbuhan ekonomi,concept,Konsep Pertumbuhan Ekonomi,,,
analisis kebijakan fiskal dan moneter,concept,Analisis Kebijakan Fiskal dan Moneter,,,
proses penanganan masalah sosial,topic_fine,Proses Penanganan Masalah Sosial,,,
model joel best,concept,Model Joel Best,C3-Menerapkan,3.0,1.0
pengajuan klaim,concept,Pengajuan Klaim,C3-Menerapkan,3.0,1.0
reaksi publik,concept,Reaksi Publik,C3-Menerapkan,3.0,1.0
q_bd3f136a93,question,Sebuah komunitas mengeluhkan tumpukan sampah liar di lingkungannya. Terapkan tiga tahap pertama dari model Joel Best (Pe,C3-Menerapkan,3.0,
menerapkan model,method,Menerapkan model,,,
tahapan model joel best,concept,Tahapan Model Joel Best,,,
sistem keuangan,topic_coarse,Sistem Keuangan,,,
kebijakan moneter dan bank,topic_fine,Kebijakan Moneter dan Bank,,,
pengendalian jumlah uang beredar,concept,Pengendalian jumlah uang beredar,C3-Menerapkan,3.0,1.0
q_c22c300652,question,"Jika pemerintah ingin mengendalikan jumlah uang yang beredar di masyarakat untuk menekan inflasi, bank jenis apa yang ak",C3-Menerapkan,3.0,
menerapkan kebijakan,method,Menerapkan kebijakan,,,
konsep inflasi,concept,Konsep inflasi,,,
instrumen kebijakan moneter,concept,Instrumen Kebijakan Moneter,C5-Mengevaluasi,5.0,1.0
perjanjian internasional,concept,Perjanjian Internasional,C3-Menerapkan,3.0,1.0
q_05d678426a,question,"Jika Indonesia mengadakan perjanjian khusus di bidang ketenagakerjaan hanya dengan negara Arab Saudi, termasuk dalam kat",C3-Menerapkan,3.0,
sejarah perang dunia,topic_coarse,Sejarah Perang Dunia,,,
dampak strategi militer sekutu,topic_fine,Dampak Strategi Militer Sekutu,,,
blokade laut,concept,Blokade laut,C3-Menerapkan,3.0,1.0
dampak perang terhadap sipil,concept,Dampak perang terhadap sipil,C3-Menerapkan,3.0,1.0
strategi sekutu,concept,Strategi Sekutu,C3-Menerapkan,3.0,1.0
q_d98761a399,question,Gunakan informasi tentang dampak blokade laut untuk memprediksi tiga masalah utama yang akan dihadapi oleh penduduk sipi,C3-Menerapkan,3.0,
pemahaman tentang blokade laut,concept,Pemahaman tentang blokade laut,,,
pengetahuan tentang kondisi sosial saat perang,concept,Pengetahuan tentang kondisi sosial saat perang,,,
analisis dampak ekonomi pasca-perang,concept,Analisis dampak ekonomi pasca-perang,,,
prinsip pemanfaatan sda,topic_fine,Prinsip Pemanfaatan SDA,,,
pemanfaatan sda,concept,Pemanfaatan SDA,C3-Menerapkan,3.0,1.0
kelestarian sda,concept,Kelestarian SDA,C3-Menerapkan,3.0,1.0
sumber daya alam terbarukan,concept,Sumber Daya Alam Terbarukan,C3-Menerapkan,3.0,1.0
q_e8408e340f,question,Pemerintah berencana membangun pabrik yang akan memanfaatkan air sungai dalam jumlah besar. Terapkan prinsip utama peman,C3-Menerapkan,3.0,
menerapkan prinsip,method,Menerapkan Prinsip,,,
jenis sumber daya alam,concept,Jenis Sumber Daya Alam,,,
keimin bunka shidoso,concept,Keimin Bunka Shidoso,C3-Menerapkan,3.0,1.0
nasionalisme terselubung,concept,Nasionalisme Terselubung,C6-Mencipta,5.0,2.0
perlawanan budaya,concept,Perlawanan Budaya,C3-Menerapkan,3.0,1.0
q_004e6aa7a7,question,"Jika Anda adalah seorang seniman yang bekerja di bawah Keimin Bunka Shidoso, bagaimana Anda akan menciptakan sebuah kary",C3-Menerapkan,3.0,
menerapkan strategi penyisipan pesan,method,Menerapkan strategi penyisipan pesan,,,
pemahaman kebijakan jepang,concept,Pemahaman kebijakan Jepang,,,
pergerakan kemerdekaan indonesia,concept,Pergerakan Kemerdekaan Indonesia,,,
jaminan kesehatan dan redistribusi pendapatan,topic_fine,Jaminan Kesehatan dan Redistribusi Pendapatan,,,
kecelakaan kerja,concept,Kecelakaan Kerja,C3-Menerapkan,3.0,1.0
perawatan medis,concept,Perawatan Medis,C3-Menerapkan,3.0,1.0
program redistribusi pendapatan,concept,Program Redistribusi Pendapatan,C3-Menerapkan,3.0,1.0
bpjs,concept,BPJS,C3-Menerapkan,3.0,1.0
q_bdca2dd2e5,question,Seorang warga mengalami kecelakaan kerja dan membutuhkan perawatan medis. Program redistribusi pendapatan yang dikelola ,C3-Menerapkan,3.0,
konsep dasar jaminan sosial,concept,Konsep Dasar Jaminan Sosial,,,
analisis kebijakan kesehatan publik,concept,Analisis Kebijakan Kesehatan Publik,,,
dinamika kekuatan global,concept,Dinamika Kekuatan Global,C3-Menerapkan,3.0,1.0
eksploitasi sumber daya,concept,Eksploitasi Sumber Daya,C3-Menerapkan,3.0,1.0
q_4f0475c1c9,question,"Berdasarkan pola pada era kolonialisme, jika sebuah negara adidaya baru menemukan sumber daya langka di suatu kawasan be",C3-Menerapkan,3.0,
konsep kolonialisme,concept,Konsep Kolonialisme,,,
pemahaman hubungan sebab akibat sejarah,concept,Pemahaman Hubungan Sebab Akibat Sejarah,,,
dampak globalisasi kontemporer,concept,Dampak Globalisasi Kontemporer,,,
taktik militer,concept,Taktik militer,C3-Menerapkan,3.0,1.0
perang kemerdekaan,concept,Perang kemerdekaan,C3-Menerapkan,3.0,1.0
q_effc4beb8a,question,"Panglima militer Indonesia memutuskan mundur dari suatu wilayah, namun ia merusak semua fasilitas agar tidak bisa dipaka",C3-Menerapkan,3.0,
menerapkan taktik,method,Menerapkan taktik,,,
konsep dasar peperangan,concept,Konsep dasar peperangan,,,
strategi perang gerilya,concept,Strategi perang gerilya,,,
pengembangan sosial,topic_coarse,Pengembangan Sosial,,,
perencanaan aksi harmoni sosial,topic_fine,Perencanaan Aksi Harmoni Sosial,,,
perencanaan aksi terstruktur,concept,Perencanaan Aksi Terstruktur,C5-Mengevaluasi,5.0,2.0
kampanye anti-perundungan,concept,Kampanye Anti-perundungan,C6-Mencipta,5.0,2.0
monitoring dan evaluasi,concept,Monitoring dan Evaluasi,C3-Menerapkan,3.0,1.0
q_ecbb135a5a,question,Buatlah sebuah jadwal kegiatan sederhana dalam format tabel untuk aksi 'Kampanye Anti-Perundungan di Media Sosial' yang ,C3-Menerapkan,3.0,
pelaksanaan aksi,concept,Pelaksanaan Aksi,,,
pengukuran kemiskinan di indonesia,topic_fine,Pengukuran Kemiskinan di Indonesia,,,
garis kemiskinan bps,concept,Garis Kemiskinan BPS,C3-Menerapkan,3.0,1.0
pengeluaran bulanan,concept,Pengeluaran Bulanan,C3-Menerapkan,3.0,1.0
kriteria kemiskinan,concept,Kriteria Kemiskinan,C3-Menerapkan,3.0,1.0
q_4e3c3fe7cb,question,Sebuah keluarga dengan 5 anggota memiliki total pengeluaran bulanan sebesar Rp 2.500.000. Berdasarkan standar Garis Kemi,C3-Menerapkan,3.0,
menerapkan rumus/standar,method,Menerapkan rumus/standar,,,
definisi garis kemiskinan,concept,Definisi Garis Kemiskinan,,,
analisis dampak kebijakan pengentasan kemiskinan,concept,Analisis Dampak Kebijakan Pengentasan Kemiskinan,,,
peran rakyat dalam perang kemerdekaan,topic_fine,Peran Rakyat dalam Perang Kemerdekaan,,,
peran sosial dalam revolusi,concept,Peran sosial dalam revolusi,C3-Menerapkan,3.0,1.0
dukungan logistik militer,concept,Dukungan logistik militer,C3-Menerapkan,3.0,1.0
peran perempuan dalam perjuangan,concept,Peran perempuan dalam perjuangan,C3-Menerapkan,3.0,1.0
q_723f5f5419,question,"Sekelompok perempuan menyediakan makanan bagi pasukan TKR yang sedang bergerilya. Terapkan konteks, mereka sedang menjal",C3-Menerapkan,3.0,
pemahaman tentang revolusi nasional,concept,Pemahaman tentang Revolusi Nasional,,,
analisis dampak sosial revolusi,concept,Analisis dampak sosial revolusi,,,
konservasi sumber daya,topic_coarse,Konservasi Sumber Daya,,,
jenis kawasan suaka alam,topic_fine,Jenis Kawasan Suaka Alam,,,
cagar alam,concept,Cagar Alam,C3-Menerapkan,3.0,2.0
suaka margasatwa,concept,Suaka Margasatwa,C3-Menerapkan,3.0,1.0
keunikan spesies,concept,Keunikan Spesies,C3-Menerapkan,3.0,1.0
perlindungan satwa,concept,Perlindungan Satwa,C3-Menerapkan,3.0,1.0
q_f42c052a45,question,"Jika Anda menemukan suatu area hutan yang memiliki keunikan jenis primata (satwa) yang tidak ditemukan di tempat lain, j",C3-Menerapkan,3.0,
pengertian kawasan konservasi,concept,Pengertian Kawasan Konservasi,,,
manajemen kawasan konservasi,concept,Manajemen Kawasan Konservasi,,,
pengembangan wilayah perkotaan dan desa,topic_fine,Pengembangan Wilayah Perkotaan dan Desa,,,
tren demografi perkotaan,concept,Tren Demografi Perkotaan,C3-Menerapkan,3.0,1.0
perencanaan kota,concept,Perencanaan Kota,C3-Menerapkan,3.0,1.0
penyediaan fasilitas urban,concept,Penyediaan Fasilitas Urban,C3-Menerapkan,3.0,1.0
q_31369712ad,question,"Melihat tren peningkatan penduduk kota, jika Anda seorang perencana kota, jenis fasilitas apa yang akan Anda prioritaska",C3-Menerapkan,3.0,
perbedaan wilayah perkotaan dan desa,concept,Perbedaan Wilayah Perkotaan dan Desa,,,
analisis tren populasi,concept,Analisis Tren Populasi,,,
manajemen infrastruktur kota,concept,Manajemen Infrastruktur Kota,,,
metode pengumpulan sumber sejarah,topic_fine,Metode Pengumpulan Sumber Sejarah,,,
pandemi covid-19,concept,Pandemi COVID-19,C3-Menerapkan,3.0,1.0
metode historiografi,concept,Metode Historiografi,C3-Menerapkan,3.0,1.0
q_c09fbc9ca6,question,"Andaikan kamu adalah Herodotus yang hidup di masa kini dan ingin menulis sejarah tentang pandemi COVID-19, jenis sumber ",C3-Menerapkan,3.0,
menerapkan konsep sumber sejarah pada kasus kontemporer,method,Menerapkan konsep sumber sejarah pada kasus kontemporer,,,
jenis-jenis sumber sejarah,concept,Jenis-jenis Sumber Sejarah,,,
analisis kredibilitas sumber sejarah,concept,Analisis Kredibilitas Sumber Sejarah,,,
sejarah dan budaya,topic_coarse,Sejarah dan Budaya,,,
tokoh perlawanan lokal indonesia,topic_fine,Tokoh Perlawanan Lokal Indonesia,,,
hubungan antar tokoh daerah,concept,Hubungan Antar Tokoh Daerah,C3-Menerapkan,3.0,1.0
q_422863841e,question,Bayangkan Anda adalah seorang penasihat Pata Alam. Saran apa yang akan Anda berikan untuk mencegah para raja Papua berpi,C3-Menerapkan,3.0,
menerapkan strategi diplomasi,method,Menerapkan strategi diplomasi,,,
pengetahuan tentang sultan nuku,concept,Pengetahuan tentang Sultan Nuku,,,
pemahaman konteks politik lokal papua,concept,Pemahaman konteks politik lokal Papua,,,
analisis perbandingan strategi kepemimpinan,concept,Analisis perbandingan strategi kepemimpinan,,,
kebijakan orde baru dan stabilitas,topic_fine,Kebijakan Orde Baru dan Stabilitas,,,
asas pancasila bagi ormas,concept,Asas Pancasila bagi Ormas,C3-Menerapkan,3.0,1.0
q_63b7fe74d6,question,"Sebuah organisasi kemasyarakatan (ormas) diwajibkan mengganti asasnya menjadi Pancasila. Terapkan konteks, kebijakan apa",C3-Menerapkan,3.0,
konsep orde baru,concept,Konsep Orde Baru,,,
kebijakan politik orde baru,concept,Kebijakan Politik Orde Baru,,,
dampak reformasi terhadap ormas,concept,Dampak Reformasi Terhadap Ormas,,,
konsep pembangunan dan hubungan internasional,topic_fine,Konsep Pembangunan dan Hubungan Internasional,,,
tujuan pembangunan nasional,concept,Tujuan Pembangunan Nasional,C3-Menerapkan,3.0,1.0
ketertiban dunia,concept,Ketertiban Dunia,C3-Menerapkan,3.0,1.0
diplomasi negara asia,concept,Diplomasi Negara Asia,C3-Menerapkan,3.0,1.0
q_0184d8fb3f,question,Bayangkan Anda adalah seorang diplomat dari negara Asia pada tahun 1955. Tunjukkan bagaimana Konferensi Asia-Afrika dapa,C3-Menerapkan,3.0,
menerapkan konsep dalam skenario,method,Menerapkan konsep dalam skenario,,,
pengertian pembangunan nasional,concept,Pengertian Pembangunan Nasional,,,
makna ketertiban dunia,concept,Makna Ketertiban Dunia,,,
analisis kebijakan luar negeri indonesia,concept,Analisis Kebijakan Luar Negeri Indonesia,,,
fungsi dan produk lembaga keuangan,topic_fine,Fungsi dan Produk Lembaga Keuangan,,,
kebutuhan modal petani,concept,Kebutuhan modal petani,C3-Menerapkan,3.0,1.0
jenis produk lembaga keuangan,concept,Jenis produk lembaga keuangan,C3-Menerapkan,3.0,1.0
q_549f448671,question,Seorang petani membutuhkan modal untuk membeli bibit dan pupuk. Produk dari lembaga keuangan manakah yang paling sesuai ,C3-Menerapkan,3.0,
jenis lembaga keuangan,concept,Jenis Lembaga Keuangan,,,
analisis risiko kredit,concept,Analisis risiko kredit,,,
lingkungan dan dampak,topic_coarse,Lingkungan dan Dampak,,,
interaksi manusia dan pencemaran,topic_fine,Interaksi Manusia dan Pencemaran,,,
pencemaran lingkungan,concept,Pencemaran lingkungan,C3-Menerapkan,3.0,1.0
dampak industri,concept,Dampak industri,C3-Menerapkan,3.0,1.0
sungai sebagai sumber daya,concept,Sungai sebagai sumber daya,C3-Menerapkan,3.0,1.0
q_4d3c615cdc,question,"Jika sebuah komunitas tinggal di dekat sungai dan banyak warganya yang bekerja di pabrik tekstil, jenis pencemaran apa y",C3-Menerapkan,3.0,
menerapkan konsep pencemaran pada skenario,method,Menerapkan konsep pencemaran pada skenario,,,
jenis-jenis pencemaran,concept,Jenis-jenis pencemaran,,,
mitigasi dan pengelolaan pencemaran,concept,Mitigasi dan pengelolaan pencemaran,,,
ciri unik sejarah,concept,Ciri Unik Sejarah,C3-Menerapkan,3.0,1.0
penerapan konsep sejarah,concept,Penerapan Konsep Sejarah,C3-Menerapkan,3.0,1.0
q_0068072e5a,question,Sebuah kemenangan tim nasional di ajang olahraga tingkat dunia menjadi momen yang dikenang oleh seluruh bangsa. Tunjukka,C3-Menerapkan,3.0,
unsur-unsur sejarah,concept,Unsur-unsur sejarah,C6-Mencipta,5.0,1.0
sosiologi pendidikan,topic_coarse,Sosiologi Pendidikan,,,
stratifikasi sosial dan dunia kerja,topic_fine,Stratifikasi Sosial dan Dunia Kerja,,,
ilmu pengetahuan (pendidikan),concept,Ilmu Pengetahuan (Pendidikan),C3-Menerapkan,3.0,1.0
posisi sosial,concept,Posisi Sosial,C3-Menerapkan,3.0,1.0
dunia kerja,concept,Dunia Kerja,C3-Menerapkan,3.0,1.0
q_e589cb2e7d,question,Berikan contoh konkret bagaimana kriteria 'Ilmu Pengetahuan (Pendidikan)' digunakan sebagai syarat untuk menempati posis,C3-Menerapkan,3.0,
penyebab ketimpangan distribusi pendapatan,topic_fine,Penyebab Ketimpangan Distribusi Pendapatan,,,
kondisi demografi,concept,Kondisi Demografi,C6-Mencipta,5.0,2.0
pusat kegiatan ekonomi,concept,Pusat kegiatan ekonomi,C3-Menerapkan,3.0,1.0
q_7614818e50,question,"Di sebuah kota besar, aktivitas ekonomi sangat terpusat di pusat kota, sementara daerah pinggiran tertinggal. Faktor pen",C3-Menerapkan,3.0,
definisi kesenjangan ekonomi,concept,Definisi Kesenjangan Ekonomi,,,
dampak kesenjangan ekonomi,concept,Dampak kesenjangan ekonomi,,,
konflik dan interaksi sosial,topic_fine,Konflik dan Interaksi Sosial,,,
persaingan sehat,concept,Persaingan Sehat,C3-Menerapkan,3.0,1.0
q_dd394e6b2d,question,"Dalam sebuah kompetisi antarkelas, tim A dan tim B saling bersaing ketat. Terapkan konsep Georg Simmel untuk menjelaskan",C3-Menerapkan,3.0,
menerapkan konsep simmel,method,Menerapkan konsep Simmel,,,
konsep dasar konflik,concept,Konsep Dasar Konflik,,,
teori interaksi sosial,concept,Teori interaksi sosial,,,
kekayaan alam indonesia,topic_fine,Kekayaan Alam Indonesia,C3-Menerapkan,3.0,1.0
potensi mineral indonesia,concept,Potensi Mineral Indonesia,C3-Menerapkan,3.0,1.0
daya tarik investor asing,concept,Daya Tarik Investor Asing,C3-Menerapkan,3.0,1.0
q_fc373d27da,question,Anda diminta membuat poster untuk pameran pertambangan internasional. Tampilkan lima data potensi mineral Indonesia dari,C3-Menerapkan,3.0,
pemahaman geografis indonesia,concept,Pemahaman Geografis Indonesia,,,
strategi pemasaran sumber daya alam,concept,Strategi Pemasaran Sumber Daya Alam,,,
distribusi iklim dan benua,topic_fine,Distribusi Iklim dan Benua,,,
iklim kutub,concept,Iklim Kutub,C3-Menerapkan,3.0,1.0
iklim gurun,concept,Iklim Gurun,C3-Menerapkan,3.0,1.0
benua,concept,Benua,C3-Menerapkan,3.0,1.0
karakteristik geografis,concept,Karakteristik Geografis,C3-Menerapkan,3.0,1.0
q_3d17c51560,question,Anda adalah seorang perencana ekspedisi yang harus melewati wilayah dengan iklim kutub dan iklim gurun dalam satu benua ,C3-Menerapkan,3.0,
jenis-jenis iklim,concept,Jenis-jenis Iklim,,,
analisis perubahan iklim,concept,Analisis Perubahan Iklim,,,
observasi konflik sosial,concept,Observasi Konflik Sosial,C3-Menerapkan,3.0,1.0
tindakan keselamatan kerja,concept,Tindakan Keselamatan Kerja,C3-Menerapkan,3.0,1.0
q_699d64387f,question,Anda ditugaskan melakukan observasi di sebuah desa yang baru saja mengalami konflik antarwarga. Tindakan keselamatan ker,C3-Menerapkan,3.0,
potensi indonesia,topic_coarse,Potensi Indonesia,,,
pengembangan pariwisata berbasis sumber daya,topic_fine,Pengembangan Pariwisata Berbasis Sumber Daya,,,
potensi pariwisata daerah,concept,Potensi Pariwisata Daerah,C3-Menerapkan,3.0,1.0
ekosistem darat dan laut,concept,Ekosistem Darat dan Laut,C3-Menerapkan,3.0,1.0
q_d4390fcb0d,question,Sebuah pemerintah daerah ingin mengembangkan wilayahnya yang memiliki lembah hijau yang asri dan tradisi pertunjukan sen,C3-Menerapkan,3.0,
pemahaman tentang keanekaragaman hayati indonesia,concept,Pemahaman tentang keanekaragaman hayati Indonesia,,,
strategi konservasi berkelanjutan,concept,Strategi konservasi berkelanjutan,,,
budaya dan masyarakat,topic_coarse,Budaya dan Masyarakat,,,
adaptasi budaya dalam desain,topic_fine,Adaptasi Budaya dalam Desain,,,
adaptasi lingkungan,concept,Adaptasi Lingkungan,C3-Menerapkan,3.0,1.0
arsitektur tradisional,concept,Arsitektur Tradisional,C3-Menerapkan,3.0,1.0
q_dcdd6c5750,question,Seorang arsitek ingin merancang perumahan di daerah pesisir yang rawan banjir dan berhawa panas. Konsep rumah adat manak,C3-Menerapkan,3.0,
menerapkan konsep budaya pada masalah nyata,method,Menerapkan konsep budaya pada masalah nyata,,,
pemahaman konsep budaya,concept,Pemahaman Konsep Budaya,,,
analisis dampak perubahan iklim terhadap budaya,concept,Analisis dampak perubahan iklim terhadap budaya,,,
kerja sama penguasa daerah,concept,Kerja Sama Penguasa Daerah,C3-Menerapkan,3.0,1.0
pembangunan ekonomi daerah,concept,Pembangunan Ekonomi Daerah,C3-Menerapkan,3.0,1.0
q_dc06c91d67,question,Bagaimana prinsip kerja sama yang diterapkan Ratu Kalinyamat dengan penguasa daerah lain dapat diaplikasikan untuk memaj,C3-Menerapkan,3.0,
pemahaman sejarah lokal,concept,Pemahaman Sejarah Lokal,,,
analisis strategi kepemimpinan,concept,Analisis Strategi Kepemimpinan,,,
implementasi model kolaborasi modern,concept,Implementasi Model Kolaborasi Modern,,,
demografi dan kependudukan,topic_coarse,Demografi dan Kependudukan,,,
piramida penduduk,concept,Piramida penduduk,C3-Menerapkan,3.0,1.0
fasilitas pendidikan,concept,Fasilitas pendidikan,C3-Menerapkan,3.0,1.0
kebutuhan demografi,concept,Kebutuhan demografi,C3-Menerapkan,3.0,1.0
q_40ca6e5c3d,question,"Pemerintah berencana membangun lebih banyak sekolah dasar dan fasilitas penitipan anak. Berdasarkan rencana ini, dapat d",C3-Menerapkan,3.0,
konsep dasar dinamika penduduk,concept,Konsep Dasar Dinamika Penduduk,,,
jenis-jenis piramida penduduk,concept,Jenis-jenis piramida penduduk,,,
implikasi kebijakan kependudukan,concept,Implikasi kebijakan kependudukan,,,
perhitungan pertumbuhan ekonomi,topic_fine,Perhitungan Pertumbuhan Ekonomi,,,
pdb riil,concept,PDB Riil,C3-Menerapkan,3.0,1.0
laju pertumbuhan ekonomi,concept,Laju Pertumbuhan Ekonomi,C3-Menerapkan,3.0,1.0
q_e575e641ac,question,"Jika PDB riil suatu negara tahun lalu (PDB_{t-1}) adalah 1.000 triliun dan tahun ini (PDB_t) adalah 1.050 triliun, terap",C3-Menerapkan,3.0,
definisi pdb,concept,Definisi PDB,,,
analisis faktor penentu pertumbuhan ekonomi,concept,Analisis Faktor Penentu Pertumbuhan Ekonomi,,,
karakteristik zona vegetasi dunia,topic_fine,Karakteristik Zona Vegetasi Dunia,,,
iklim dan flora,concept,Iklim dan Flora,C3-Menerapkan,3.0,1.0
q_988316ae91,question,Seorang turis ingin melihat fenomena bunga berwarna-warni yang tumbuh dan mekar dalam waktu sangat singkat. Ke bioma man,C3-Menerapkan,3.0,
pengenalan bioma,concept,Pengenalan Bioma,,,
kebijakan ekonomi orde baru,topic_fine,Kebijakan Ekonomi Orde Baru,,,
repelita,concept,Repelita,C4-Menganalisis,4.0,3.0
ketergantungan finansial,concept,Ketergantungan Finansial,C3-Menerapkan,3.0,1.0
q_3c9b7f44ed,question,"Pemerintah meminjam dana dari IGGI untuk membiayai Repelita. Terapkan konteks, apa kelemahan dari kebijakan ekonomi ini?",C3-Menerapkan,3.0,
konsep trilogi pembangunan,concept,Konsep Trilogi Pembangunan,,,
dampak krisis moneter asia,concept,Dampak Krisis Moneter Asia,,,
demografi penduduk,topic_coarse,Demografi Penduduk,,,
pengukuran pertumbuhan penduduk,topic_fine,Pengukuran Pertumbuhan Penduduk,,,
angka kelahiran kasar (cbr),concept,Angka Kelahiran Kasar (CBR),C3-Menerapkan,3.0,1.0
perhitungan demografi,concept,Perhitungan Demografi,C3-Menerapkan,3.0,1.0
klasifikasi tingkat kelahiran,concept,Klasifikasi Tingkat Kelahiran,C3-Menerapkan,3.0,1.0
q_59cebe1ed2,question,"Di suatu negara dengan jumlah penduduk 5.000.000 jiwa, tercatat ada 125.000 kelahiran dalam setahun. Hitunglah Angka Kel",C3-Menerapkan,3.0,
definisi angka kelahiran kasar,concept,Definisi Angka Kelahiran Kasar,,,
angka kematian kasar (cdr),concept,Angka Kematian Kasar (CDR),,,
pertumbuhan penduduk alami,concept,Pertumbuhan Penduduk Alami,,,
biologi dan lingkungan,topic_coarse,Biologi dan Lingkungan,,,
jenis-jenis flora dan fauna,topic_fine,Jenis-jenis Flora dan Fauna,,,
tanaman pangan alternatif,concept,Tanaman pangan alternatif,C3-Menerapkan,3.0,1.0
q_bbc6a40d6a,question,"Jika sebuah komunitas di daerah pegunungan ingin mengurangi ketergantungan pada beras, tanaman pangan alternatif apa dar",C3-Menerapkan,3.0,
konservasi keanekaragaman hayati,concept,Konservasi keanekaragaman hayati,,,
geografi bencana,topic_coarse,Geografi Bencana,,,
kerawanan bencana di indonesia,topic_fine,Kerawanan Bencana di Indonesia,,,
cincin api pasifik,concept,Cincin Api Pasifik,C5-Mengevaluasi,5.0,2.0
gempa bumi,concept,Gempa Bumi,C3-Menerapkan,3.0,1.0
tsunami,concept,Tsunami,C3-Menerapkan,3.0,1.0
kerawanan bencana,concept,Kerawanan Bencana,C3-Menerapkan,3.0,1.0
q_a43f125dcd,question,"Indonesia, Jepang, dan Cile sering mengalami gempa dan tsunami. Terapkan konteks, mengapa negara-negara ini rawan bencan",C3-Menerapkan,3.0,
menerapkan konsep zona rawan bencana,method,Menerapkan konsep zona rawan bencana,,,
pengertian lempeng tektonik,concept,Pengertian lempeng tektonik,,,
dampak sosial ekonomi bencana,concept,Dampak sosial ekonomi bencana,,,
manajemen bencana,topic_coarse,Manajemen Bencana,,,
dinamika dan aspek kerentanan bencana,topic_fine,Dinamika dan Aspek Kerentanan Bencana,,,
kerentanan lingkungan,concept,Kerentanan Lingkungan,C3-Menerapkan,3.0,1.0
ancaman bencana,concept,Ancaman Bencana,C5-Mengevaluasi,5.0,2.0
q_04041eae0c,question,"Sebuah komunitas nelayan berhasil membangun kembali perahu mereka setelah dihantam badai, tetapi gagal menanam kembali m",C3-Menerapkan,3.0,
definisi bencana,concept,Definisi Bencana,,,
konsep kerentanan,concept,Konsep Kerentanan,,,
strategi mitigasi bencana,concept,Strategi mitigasi bencana,,,
jalur perdagangan dunia nusantara,topic_fine,Jalur Perdagangan Dunia Nusantara,,,
perdagangan antarpulau,concept,Perdagangan Antarpulau,C4-Menganalisis,4.0,2.0
artefak tiongkok,concept,Artefak Tiongkok,C3-Menerapkan,3.0,1.0
jalur perdagangan dunia,concept,Jalur Perdagangan Dunia,C4-Menganalisis,4.0,2.0
q_359168297c,question,"Jika seorang sejarawan menemukan artefak keramik Tiongkok kuno di pesisir utara Jawa, jalur perdagangan manakah yang pal",C3-Menerapkan,3.0,
menerapkan konsep jalur perdagangan pada kasus spesifik,method,Menerapkan konsep jalur perdagangan pada kasus spesifik,,,
pengetahuan tentang jalur sutra,concept,Pengetahuan tentang Jalur Sutra,,,
pemahaman tentang jaringan perdagangan kuno,concept,Pemahaman tentang jaringan perdagangan kuno,,,
dampak globalisasi perdagangan kuno,concept,Dampak globalisasi perdagangan kuno,,,
pendekatan perhitungan pendapatan nasional,topic_fine,Pendekatan Perhitungan Pendapatan Nasional,,,
pendekatan pendapatan,concept,Pendekatan Pendapatan,C3-Menerapkan,3.0,1.0
komponen pendapatan,concept,Komponen Pendapatan,C3-Menerapkan,3.0,1.0
q_80d1268c59,question,"Seorang pengusaha membayar gaji ($w$), sewa ($r$), dan bunga ($i$), lalu mengambil sisanya sebagai laba ($p$). Pendekata",C3-Menerapkan,3.0,
konsep pendapatan nasional,concept,Konsep Pendapatan Nasional,,,
perbandingan metode perhitungan pendapatan nasional,concept,Perbandingan Metode Perhitungan Pendapatan Nasional,,,
tujuan dan penerapan konservasi,topic_fine,Tujuan dan Penerapan Konservasi,,,
konservasi,concept,Konservasi,C6-Mencipta,5.0,3.0
terumbu karang,concept,Terumbu Karang,C3-Menerapkan,3.0,1.0
tujuan konservasi,concept,Tujuan Konservasi,C4-Menganalisis,4.0,3.0
q_2a1fd58a74,question,Pilih salah satu dari tiga tujuan konservasi dan berikan contoh penerapannya untuk melindungi terumbu karang di Indonesi,C3-Menerapkan,3.0,
definisi konservasi,concept,Definisi Konservasi,,,
jenis-jenis tujuan konservasi,concept,Jenis-jenis Tujuan Konservasi,,,
strategi pelestarian spesifik,concept,Strategi Pelestarian Spesifik,,,
kekosongan kekuasaan,concept,Kekosongan Kekuasaan,C3-Menerapkan,3.0,2.0
golongan muda,concept,Golongan Muda,C5-Mengevaluasi,5.0,2.0
peran achmad soebardjo,concept,Peran Achmad Soebardjo,C3-Menerapkan,3.0,1.0
negosiasi politik,concept,Negosiasi politik,C3-Menerapkan,3.0,1.0
q_a66d32df4a,question,"Andaikan Anda adalah Achmad Soebardjo, bagaimana Anda akan menyusun kalimat jaminan untuk meyakinkan golongan muda agar ",C3-Menerapkan,3.0,
menerapkan strategi negosiasi,method,Menerapkan strategi negosiasi,,,
pemahaman latar belakang proklamasi,concept,Pemahaman latar belakang proklamasi,,,
pengetahuan tentang dinamika politik 1945,concept,Pengetahuan tentang dinamika politik 1945,,,
perumusan teks proklamasi,concept,Perumusan teks proklamasi,,,
penyebaran berita bohong (hoaks),concept,Penyebaran Berita Bohong (Hoaks),C3-Menerapkan,3.0,1.0
dampak negatif media,concept,Dampak Negatif Media,C3-Menerapkan,3.0,1.0
q_1f6b2fe458,question,"Seseorang menyebarkan berita bohong (hoaks) di media sosial. Terapkan konteks, ini adalah dampak negatif dari apa?",C3-Menerapkan,3.0,
konsep kebebasan pers,concept,Konsep Kebebasan Pers,,,
struktur media,concept,Struktur Media,,,
regulasi konten digital,concept,Regulasi Konten Digital,,,
klasifikasi transaksi bisnis,topic_fine,Klasifikasi Transaksi Bisnis,,,
beban listrik,concept,Beban Listrik,C3-Menerapkan,3.0,1.0
klasifikasi akun,concept,Klasifikasi Akun,C3-Menerapkan,3.0,2.0
transaksi jasa,concept,Transaksi Jasa,C3-Menerapkan,3.0,1.0
q_2cf439f09a,question,Sebuah perusahaan jasa laundry membayar tagihan listrik bulanan. Klasifikasikan transaksi 'Beban Listrik' ke dalam kelom,C3-Menerapkan,3.0,
definisi akuntansi,concept,Definisi Akuntansi,,,
jenis-jenis akun,concept,Jenis-jenis Akun,,,
pencatatan jurnal umum,concept,Pencatatan Jurnal Umum,,,
peran perusahaan multinasional dalam globalisasi,topic_fine,Peran Perusahaan Multinasional dalam Globalisasi,,,
perusahaan multinasional,concept,Perusahaan Multinasional,C4-Menganalisis,4.0,2.0
integrasi budaya dan ekonomi,concept,Integrasi Budaya dan Ekonomi,C3-Menerapkan,3.0,1.0
q_58241c2167,question,Gunakan konsep perusahaan multinasional pada Toyota untuk menjelaskan bagaimana sebuah produk yang Anda gunakan sehari-h,C3-Menerapkan,3.0,
konsep perusahaan multinasional,concept,Konsep Perusahaan Multinasional,,,
dampak globalisasi terhadap masyarakat lokal,concept,Dampak Globalisasi terhadap Masyarakat Lokal,,,
faktor pendorong interaksi wilayah,topic_fine,Faktor Pendorong Interaksi Wilayah,,,
saling melengkapi,concept,Saling Melengkapi,C6-Mencipta,5.0,4.0
kebutuhan wilayah,concept,Kebutuhan Wilayah,C5-Mengevaluasi,5.0,2.0
q_67254203f9,question,"Wilayah A adalah produsen gandum, sedangkan Wilayah B adalah produsen ikan. Keduanya saling bertukar barang. Faktor inte",C3-Menerapkan,3.0,
potensi wilayah,concept,Potensi Wilayah,,,
dampak interaksi wilayah,concept,Dampak Interaksi Wilayah,,,
potensi pertumbuhan ekonomi indonesia,topic_fine,Potensi Pertumbuhan Ekonomi Indonesia,,,
investasi sektor,concept,Investasi Sektor,C3-Menerapkan,3.0,1.0
kekuatan ekonomi,concept,Kekuatan Ekonomi,C3-Menerapkan,3.0,1.0
q_01700dca62,question,"Jika Anda seorang investor, gunakan informasi tentang manfaat bonus demografi untuk menentukan tiga sektor yang paling m",C3-Menerapkan,3.0,
pemahaman konsep bonus demografi,concept,Pemahaman Konsep Bonus Demografi,,,
pengetahuan sektor ekonomi,concept,Pengetahuan Sektor Ekonomi,,,
analisis dampak kebijakan ekonomi,concept,Analisis Dampak Kebijakan Ekonomi,,,
pemisahan kekuasaan,concept,Pemisahan Kekuasaan,C6-Mencipta,5.0,3.0
q_ca1629d958,question,"Jika militer tidak lagi diizinkan menduduki jabatan gubernur atau bupati. Terapkan konteks, kebijakan reformasi apa yang",C3-Menerapkan,3.0,
runtuhnya orde baru,concept,Runtuhnya Orde Baru,,,
implementasi desentralisasi,concept,Implementasi Desentralisasi,,,
perumusan hipotesis penelitian,topic_fine,Perumusan Hipotesis Penelitian,,,
hipotesis,concept,Hipotesis,C3-Menerapkan,3.0,1.0
pengaruh,concept,Pengaruh,C3-Menerapkan,3.0,1.0
durasi tidur,concept,Durasi Tidur,C3-Menerapkan,3.0,1.0
konsentrasi belajar,concept,Konsentrasi Belajar,C3-Menerapkan,3.0,1.0
q_b404b0adf8,question,Buatlah sebuah contoh hipotesis untuk penelitian dengan judul 'Pengaruh Durasi Tidur terhadap Konsentrasi Belajar Siswa',C3-Menerapkan,3.0,
konsep penelitian,concept,Konsep Penelitian,,,
pengertian hipotesis,concept,Pengertian Hipotesis,,,
pengujian hipotesis,concept,Pengujian Hipotesis,,,
analisis kinerja keuangan perusahaan,topic_fine,Analisis Kinerja Keuangan Perusahaan,,,
perbandingan periode,concept,Perbandingan Periode,C3-Menerapkan,3.0,1.0
q_f42e24057c,question,Sebuah perusahaan ingin membandingkan kinerjanya di tahun ini dengan tahun lalu untuk melihat apakah ada pertumbuhan. Ka,C3-Menerapkan,3.0,
menerapkan konsep perbandingan data,method,Menerapkan konsep perbandingan data,,,
fungsi anggaran pendapatan belanja,topic_fine,Fungsi Anggaran Pendapatan Belanja,,,
bantuan langsung tunai (blt),concept,Bantuan Langsung Tunai (BLT),C3-Menerapkan,3.0,1.0
fungsi apbn,concept,Fungsi APBN,C3-Menerapkan,3.0,2.0
q_79afba3765,question,Pemerintah memberikan Bantuan Langsung Tunai (BLT) kepada masyarakat miskin saat terjadi kenaikan harga BBM. Fungsi APBN,C3-Menerapkan,3.0,
menerapkan konsep fungsi apbn pada studi kasus,method,Menerapkan konsep fungsi APBN pada studi kasus,,,
jenis-jenis fungsi apbn,concept,Jenis-jenis fungsi APBN,,,
sumber daya dapat diperbarui,concept,Sumber Daya Dapat Diperbarui,C3-Menerapkan,3.0,1.0
sumber daya tidak dapat diperbarui,concept,Sumber Daya Tidak Dapat Diperbarui,C3-Menerapkan,3.0,1.0
klasifikasi sda,concept,Klasifikasi SDA,C4-Menganalisis,4.0,2.0
q_c6dceb0a61,question,"Kelompokkan sumber daya berikut ke dalam kategori yang dapat diperbarui atau tidak dapat diperbarui: emas, kayu jati, mi",C3-Menerapkan,3.0,
masyarakat sebagai subjek pembangunan,concept,Masyarakat sebagai subjek pembangunan,C3-Menerapkan,3.0,1.0
kolaborasi pembangunan,concept,Kolaborasi pembangunan,C4-Menganalisis,4.0,2.0
partisipasi komunitas lokal,concept,Partisipasi komunitas lokal,C3-Menerapkan,3.0,1.0
q_4f17be58ab,question,Sebuah perusahaan akan membangun pabrik di sebuah desa agraris. Berdasarkan prinsip 'masyarakat sebagai subjek pembangun,C3-Menerapkan,3.0,
konsep kesejahteraan lokal,concept,Konsep kesejahteraan lokal,,,
definisi subjek pembangunan,concept,Definisi subjek pembangunan,,,
evaluasi dampak pembangunan,concept,Evaluasi Dampak Pembangunan,,,
diplomasi,concept,Diplomasi,C4-Menganalisis,4.0,2.0
perlawanan bangsa asing,concept,Perlawanan Bangsa Asing,C3-Menerapkan,3.0,1.0
q_43dbf74d1b,question,Berikan contoh konkret dari tindakan Sultan Nuku yang menunjukkan penerapan strategi diplomasi dalam perjuangannya.,C3-Menerapkan,3.0,
menerapkan strategi,method,Menerapkan strategi,,,
pengenalan tokoh sejarah lokal,concept,Pengenalan Tokoh Sejarah Lokal,,,
konsep diplomasi,concept,Konsep Diplomasi,,,
analisis dampak diplomasi,concept,Analisis Dampak Diplomasi,,,
permintaan dan penawaran pasar,topic_fine,Permintaan dan Penawaran Pasar,,,
faktor ekspektasi masa depan,concept,Faktor Ekspektasi Masa Depan,C3-Menerapkan,3.0,1.0
q_4be27409da,question,"Jika pemerintah mengumumkan bahwa harga bahan bakar minyak (BBM) akan naik bulan depan, bagaimana hal ini akan memengaru",C3-Menerapkan,3.0,
menerapkan konsep perubahan permintaan akibat ekspektasi,method,Menerapkan konsep perubahan permintaan akibat ekspektasi,,,
konsep permintaan,concept,Konsep Permintaan,,,
pergeseran kurva permintaan,concept,Pergeseran Kurva Permintaan,,,
ekspansi jepang ke hindia belanda,topic_fine,Ekspansi Jepang ke Hindia Belanda,,,
modernisasi meiji,concept,Modernisasi Meiji,C3-Menerapkan,3.0,3.0
kebutuhan sumber daya alam,concept,Kebutuhan Sumber Daya Alam,C3-Menerapkan,3.0,1.0
perang pasifik,concept,Perang Pasifik,C3-Menerapkan,3.0,2.0
q_b5507527f7,question,"Gambarkan dalam bentuk diagram alur sederhana proses masuknya Jepang ke Hindia Belanda, mulai dari pendaratan pertama hi",C3-Menerapkan,3.0,
latar belakang ekspansi jepang,concept,Latar belakang ekspansi Jepang,,,
perkembangan media era reformasi,topic_fine,Perkembangan Media Era Reformasi,,,
penghapusan siupp,concept,Penghapusan SIUPP,C3-Menerapkan,3.0,1.0
q_7387e33a00,question,"Sebuah stasiun TV swasta baru berdiri setelah tahun 1999. Terapkan konteks, mengapa hal ini mudah dilakukan di era Refor",C3-Menerapkan,3.0,
menerapkan konsep penghapusan siupp pada konteks pendirian media baru,method,Menerapkan konsep penghapusan SIUPP pada konteks pendirian media baru,,,
fungsi siupp,concept,Fungsi SIUPP,,,
dampak kebebasan pers terhadap politik indonesia,concept,Dampak kebebasan pers terhadap politik Indonesia,,,
pola cuaca,concept,Pola Cuaca,C3-Menerapkan,3.0,1.0
intensitas badai,concept,Intensitas Badai,C3-Menerapkan,3.0,1.0
q_b5d60ee02c,question,"Seorang nelayan di pesisir utara Jawa mengeluh bahwa dalam lima tahun terakhir, badai di laut menjadi lebih sering dan l",C3-Menerapkan,3.0,
menerapkan konsep perubahan iklim pada studi kasus,method,Menerapkan konsep perubahan iklim pada studi kasus,,,
mitigasi dan adaptasi perubahan iklim,concept,Mitigasi dan Adaptasi Perubahan Iklim,,,
perdagangan bebas,concept,Perdagangan Bebas,C3-Menerapkan,3.0,1.0
petani lokal,concept,Petani Lokal,C3-Menerapkan,3.0,1.0
q_decdfbff5d,question,Bagaimana kebijakan yang didorong oleh WTO untuk perdagangan bebas dapat memengaruhi seorang petani kopi lokal di Indone,C3-Menerapkan,3.0,
prinsip perdagangan internasional,concept,Prinsip Perdagangan Internasional,,,
dampak kebijakan ekonomi regional,concept,Dampak Kebijakan Ekonomi Regional,,,
pencegahan konflik sosial lokal,topic_fine,Pencegahan Konflik Sosial Lokal,,,
pelembagaan mekanisme,concept,Pelembagaan Mekanisme,C3-Menerapkan,3.0,1.0
q_d8fbed1c1f,question,"Berdasarkan data BPS yang menunjukkan peningkatan perkelahian antarkelompok warga, berikan satu contoh penerapan 'pelemb",C3-Menerapkan,3.0,
pengenalan konflik sosial,concept,Pengenalan Konflik Sosial,,,
konsep deeskalasi,concept,Konsep Deeskalasi,,,
manajemen konflik lanjutan,concept,Manajemen Konflik Lanjutan,,,
periode demokrasi parlementer,topic_fine,Periode Demokrasi Parlementer,,,
perubahan sistem pemerintahan,concept,Perubahan Sistem Pemerintahan,C3-Menerapkan,3.0,1.0
konstitusi pengganti,concept,Konstitusi Pengganti,C3-Menerapkan,3.0,1.0
q_2cf307c486,question,"Setelah 5 Juli 1959, Indonesia tidak lagi menggunakan UUDS 1950. Terapkan konteks, UUD apa yang digunakan sebagai pengga",C3-Menerapkan,3.0,
sistem demokrasi parlementer,concept,Sistem Demokrasi Parlementer,,,
konsep dan fungsi komunitas sosial,topic_fine,Konsep dan Fungsi Komunitas Sosial,,,
hubungan sosial,concept,Hubungan Sosial,C3-Menerapkan,3.0,1.0
q_d003611a6a,question,"Sebuah komunitas pecinta buku di suatu desa ingin melakukan pemberdayaan. Berdasarkan konsep dalam teks, berikan satu co",C3-Menerapkan,3.0,
pengaruh iklim terhadap pertanian,topic_fine,Pengaruh Iklim terhadap Pertanian,,,
iklim tropis indonesia,concept,Iklim tropis Indonesia,C3-Menerapkan,3.0,1.0
musim hujan,concept,Musim hujan,C3-Menerapkan,3.0,1.0
kebutuhan air padi,concept,Kebutuhan air padi,C3-Menerapkan,3.0,1.0
q_197d1e2d70,question,"Seorang petani di Jawa Barat ingin menanam padi yang membutuhkan banyak air. Berdasarkan pola musim di Indonesia, period",C3-Menerapkan,3.0,
menerapkan pola musim,method,Menerapkan pola musim,,,
definisi cuaca dan iklim,concept,Definisi cuaca dan iklim,,,
pengenalan musim di indonesia,concept,Pengenalan musim di Indonesia,,,
dampak perubahan iklim terhadap pertanian,concept,Dampak perubahan iklim terhadap pertanian,,,
konsep tindakan sosial,topic_fine,Konsep Tindakan Sosial,,,
tindakan tradisional,concept,Tindakan Tradisional,C4-Menganalisis,4.0,2.0
q_ac27c571dc,question,Berikan satu contoh konkret dari 'Tindakan Tradisional' yang masih sering Anda temui dalam kehidupan masyarakat di lingk,C3-Menerapkan,3.0,
jenis-jenis tindakan sosial,concept,Jenis-jenis Tindakan Sosial,,,
sejarah maritim nusantara,topic_coarse,Sejarah Maritim Nusantara,,,
peran lokasi strategis perdagangan,topic_fine,Peran Lokasi Strategis Perdagangan,,,
jalur perdagangan internasional,concept,Jalur perdagangan internasional,C6-Mencipta,5.0,2.0
pengaruh geografis pada sejarah,concept,Pengaruh Geografis pada Sejarah,C3-Menerapkan,3.0,1.0
interaksi budaya asing,concept,Interaksi Budaya Asing,C3-Menerapkan,3.0,1.0
q_2ae9b903d2,question,Seorang arkeolog menemukan sisa-sisa kapal kuno di dekat Palembang yang berisi keramik Cina dan manik-manik India. Bagai,C3-Menerapkan,3.0,
menerapkan konsep jalur perdagangan pada temuan arkeologis,method,Menerapkan konsep jalur perdagangan pada temuan arkeologis,,,
pemahaman tentang kondisi geografis sumatra,concept,Pemahaman tentang kondisi geografis Sumatra,,,
pengetahuan tentang rute pelayaran kuno,concept,Pengetahuan tentang rute pelayaran kuno,,,
analisis dampak perdagangan terhadap perkembangan kerajaan,concept,Analisis dampak perdagangan terhadap perkembangan kerajaan,,,
bioma dan vegetasi,topic_coarse,Bioma dan Vegetasi,,,
identifikasi bioma berdasarkan ciri,topic_fine,Identifikasi Bioma Berdasarkan Ciri,,,
vegetasi pinus,concept,Vegetasi Pinus,C3-Menerapkan,3.0,1.0
iklim lintang utara,concept,Iklim Lintang Utara,C3-Menerapkan,3.0,1.0
q_7d746c82d0,question,"Seorang peneliti menemukan suatu daerah dengan pohon-pohon pinus sejenis yang sangat rapat, daunnya berbentuk jarum, dan",C3-Menerapkan,3.0,
klasifikasi bioma,concept,Klasifikasi Bioma,,,
kebijakan ketenagakerjaan,topic_coarse,Kebijakan Ketenagakerjaan,,,
program pelatihan keterampilan pemerintah,topic_fine,Program Pelatihan Keterampilan Pemerintah,,,
balai latihan kerja (blk),concept,Balai Latihan Kerja (BLK),C3-Menerapkan,3.0,1.0
keterampilan digital marketing,concept,Keterampilan Digital Marketing,C3-Menerapkan,3.0,1.0
q_8f689ef69e,question,Pemerintah membuka Balai Latihan Kerja (BLK) untuk mengajari keterampilan digital marketing. Kebijakan apa yang sedang d,C3-Menerapkan,3.0,
evaluasi efektivitas program pelatihan,concept,Evaluasi Efektivitas Program Pelatihan,,,
keberlanjutan bisnis,topic_coarse,Keberlanjutan Bisnis,,,
pemilihan sumber bahan baku,topic_fine,Pemilihan Sumber Bahan Baku,,,
bisnis berkelanjutan,concept,Bisnis berkelanjutan,C3-Menerapkan,3.0,1.0
pengelolaan sumber daya alam,concept,Pengelolaan sumber daya alam,C3-Menerapkan,3.0,1.0
q_4c9e016b03,question,"Seorang pengusaha ingin memulai bisnis mebel yang berkelanjutan. Berdasarkan informasi tentang kayu jati, strategi apa y",C3-Menerapkan,3.0,
konsep keberlanjutan,concept,Konsep keberlanjutan,,,
jenis-jenis kayu,concept,Jenis-jenis kayu,,,
nasionalisme dan diaspora,topic_coarse,Nasionalisme dan Diaspora,,,
penerapan ideologi kebangsaan modern,topic_fine,Penerapan Ideologi Kebangsaan Modern,,,
nasionalisme modern,concept,Nasionalisme modern,C3-Menerapkan,3.0,1.0
komunitas diaspora,concept,Komunitas diaspora,C3-Menerapkan,3.0,1.0
penyebaran gagasan positif,concept,Penyebaran gagasan positif,C3-Menerapkan,3.0,1.0
pemerintahan bersih,concept,Pemerintahan bersih,C3-Menerapkan,3.0,1.0
q_b81a77bfd6,question,Jika sebuah organisasi diaspora Indonesia modern ingin meniru kesuksesan 'Komunitas Jawi' dalam menyebarkan gagasan posi,C3-Menerapkan,3.0,
definisi nasionalisme,concept,Definisi Nasionalisme,,,
konsep diaspora,concept,Konsep diaspora,,,
analisis dampak program diaspora,concept,Analisis dampak program diaspora,,,
demografi dan populasi,topic_coarse,Demografi dan Populasi,,,
perhitungan pertumbuhan penduduk,topic_fine,Perhitungan Pertumbuhan Penduduk,,,
mortalitas,concept,Mortalitas,C3-Menerapkan,3.0,2.0
migrasi,concept,Migrasi,C6-Mencipta,5.0,2.0
q_c5f8480a0d,question,"Suatu wilayah pada tahun 2023 mencatat angka kelahiran sebanyak 10.000 jiwa, angka kematian 4.000 jiwa, imigran 1.500 ji",C3-Menerapkan,3.0,
menerapkan rumus pertumbuhan penduduk,method,Menerapkan rumus pertumbuhan penduduk,,,
definisi komponen demografi,concept,Definisi komponen demografi,,,
analisis dampak pertumbuhan penduduk,concept,Analisis dampak pertumbuhan penduduk,,,
analisis tingkat kelahiran dan kematian,topic_fine,Analisis Tingkat Kelahiran dan Kematian,,,
pertambahan penduduk,concept,Pertambahan Penduduk,C3-Menerapkan,3.0,1.0
q_3799f149b5,question,Sebuah negara memiliki angka kelahiran 18 per 1000 penduduk dan angka kematian 15 per 1000 penduduk. Klasifikasikan ting,C3-Menerapkan,3.0,
menerapkan rumus/konsep,method,Menerapkan rumus/konsep,,,
definisi natalitas dan mortalitas,concept,Definisi Natalitas dan Mortalitas,,,
analisis komposisi penduduk,concept,Analisis Komposisi Penduduk,,,
sejarah nasionalisme,topic_coarse,Sejarah Nasionalisme,,,
faktor pendorong kebangsaan,concept,Faktor Pendorong Kebangsaan,C3-Menerapkan,3.0,1.0
perjuangan ekonomi pribumi,concept,Perjuangan Ekonomi Pribumi,C3-Menerapkan,3.0,1.0
q_cc0b26ffe9,question,Seorang pedagang pribumi di Laweyan merasa usahanya tersaingi oleh pedagang Tionghoa pada tahun 1911. Berdasarkan kontek,C3-Menerapkan,3.0,
pengertian nasionalisme,concept,Pengertian Nasionalisme,,,
dampak politik etis,concept,Dampak Politik Etis,,,
organisasi pergerakan modern,concept,Organisasi Pergerakan Modern,,,
klasifikasi akun dalam akuntansi,topic_fine,Klasifikasi Akun dalam Akuntansi,,,
akun riil,concept,Akun Riil,C3-Menerapkan,3.0,1.0
prive,concept,Prive,C3-Menerapkan,3.0,1.0
transaksi ekonomi,concept,Transaksi Ekonomi,C4-Menganalisis,4.0,2.0
q_9262273770,question,"Jika pemilik sebuah toko mengambil sejumlah uang dari kas untuk keperluan pribadi, ke dalam kategori akun riil manakah t",C3-Menerapkan,3.0,
menerapkan konsep klasifikasi akun,method,Menerapkan konsep klasifikasi akun,,,
pengertian akun riil,concept,Pengertian Akun Riil,,,
pengertian prive,concept,Pengertian Prive,,,
jurnal umum,concept,Jurnal Umum,,,
bentuk interaksi sosial,topic_fine,Bentuk Interaksi Sosial,,,
akulturasi,concept,Akulturasi,C5-Mengevaluasi,5.0,2.0
asimilasi,concept,Asimilasi,C3-Menerapkan,3.0,1.0
q_f8d546a592,question,"Sebuah tarian modern dikombinasikan dengan musik gamelan tradisional, namun ciri khas keduanya masih terlihat. Fenomena ",C3-Menerapkan,3.0,
definisi interaksi sosial,concept,Definisi Interaksi Sosial,,,
kekalahan jepang dan proklamasi,topic_fine,Kekalahan Jepang dan Proklamasi,,,
semangat kemerdekaan,concept,Semangat Kemerdekaan,C3-Menerapkan,3.0,1.0
q_64313688d7,question,"Jika Anda seorang penyiar radio pada Agustus 1945 yang baru mendengar berita kekalahan Jepang, bagaimana Anda akan menyu",C3-Menerapkan,3.0,
menerapkan strategi komunikasi persuasif,method,Menerapkan strategi komunikasi persuasif,,,
pemahaman perang dunia ii,concept,Pemahaman Perang Dunia II,,,
pengetahuan tentang situasi politik 1945,concept,Pengetahuan tentang situasi politik 1945,,,
perumusan dan proklamasi kemerdekaan,concept,Perumusan dan Proklamasi Kemerdekaan,,,
kebijakan pembangunan orde baru,topic_fine,Kebijakan Pembangunan Orde Baru,,,
swasembada beras,concept,Swasembada Beras,C3-Menerapkan,3.0,1.0
q_cdd348c014,question,"Pemerintah fokus pada pembangunan pertanian untuk mencapai swasembada beras. Terapkan konteks, ini adalah implementasi d",C3-Menerapkan,3.0,
dampak kebijakan orde baru,concept,Dampak Kebijakan Orde Baru,,,
pengembangan wilayah perdesaan dan perkotaan,topic_fine,Pengembangan Wilayah Perdesaan dan Perkotaan,,,
peningkatan tata kehidupan desa,concept,Peningkatan tata kehidupan desa,C3-Menerapkan,3.0,1.0
perbedaan wilayah desa dan kota,concept,Perbedaan wilayah desa dan kota,C3-Menerapkan,3.0,1.0
pemanfaatan lahan,concept,Pemanfaatan lahan,C3-Menerapkan,3.0,1.0
q_e40d880b7d,question,Sebuah program pemerintah bertujuan meningkatkan 'tata kehidupan' di sebuah desa. Kegiatan apa yang relevan untuk diusul,C3-Menerapkan,3.0,
definisi unsur vital desa,concept,Definisi unsur vital desa,,,
pertempuran melawan sekutu,concept,Pertempuran melawan Sekutu,C3-Menerapkan,3.0,1.0
peran kolonel soedirman,concept,Peran Kolonel Soedirman,C3-Menerapkan,3.0,1.0
vacuum of power,concept,Vacuum of Power,C6-Mencipta,5.0,4.0
q_77015639b4,question,Sebuah pertempuran dipimpin oleh Kolonel Soedirman untuk mengusir Sekutu. Peristiwa apa yang dimaksud?,C3-Menerapkan,3.0,
kedatangan sekutu dan nica,concept,Kedatangan Sekutu dan NICA,,,
perundingan diplomasi indonesia,concept,Perundingan Diplomasi Indonesia,,,
identifikasi risiko investasi,topic_fine,Identifikasi Risiko Investasi,,,
investasi,concept,Investasi,C3-Menerapkan,3.0,3.0
investasi bodong,concept,Investasi Bodong,C3-Menerapkan,3.0,1.0
manajemen keuangan,concept,Manajemen Keuangan,C6-Mencipta,5.0,3.0
q_b48837fba0,question,Seorang teman menawarimu sebuah produk investasi yang menjanjikan keuntungan 50% dalam satu bulan. Berdasarkan ciri-ciri,C3-Menerapkan,3.0,
konsep dasar keuangan,concept,Konsep dasar keuangan,,,
pengertian investasi,concept,Pengertian Investasi,,,
strategi mitigasi risiko keuangan,concept,Strategi Mitigasi Risiko Keuangan,,,
retribusi daerah,concept,Retribusi Daerah,C3-Menerapkan,3.0,1.0
q_6dd1c96b5d,question,"Pemerintah daerah memungut biaya parkir di tepi jalan umum. Terapkan konteks, ini termasuk dalam komponen Pendapatan Dae",C3-Menerapkan,3.0,
analisis struktur apbd,concept,Analisis Struktur APBD,,,
konservasi lingkungan,topic_coarse,Konservasi Lingkungan,C5-Mengevaluasi,5.0,1.0
pemanfaatan data untuk kampanye,topic_fine,Pemanfaatan Data untuk Kampanye,,,
penurunan populasi harimau,concept,Penurunan Populasi Harimau,C3-Menerapkan,3.0,1.0
kampanye kesadaran publik,concept,Kampanye Kesadaran Publik,C6-Mencipta,5.0,2.0
konservasi sumber daya hayati,concept,Konservasi Sumber Daya Hayati,C3-Menerapkan,3.0,1.0
q_a676f0f287,question,"Jika Anda seorang aktivis lingkungan, bagaimana Anda akan menggunakan data penurunan populasi harimau untuk sebuah kampa",C3-Menerapkan,3.0,
menerapkan strategi komunikasi,method,Menerapkan strategi komunikasi,,,
pemahaman tentang ancaman kepunahan,concept,Pemahaman tentang ancaman kepunahan,,,
pengetahuan dasar tentang konservasi,concept,Pengetahuan dasar tentang konservasi,,,
perancangan kebijakan konservasi,concept,Perancangan kebijakan konservasi,,,
pendudukan jepang dan eksploitasi tenaga kerja,topic_fine,Pendudukan Jepang dan Eksploitasi Tenaga Kerja,,,
sistem pemerintahan militer,concept,Sistem Pemerintahan Militer,C3-Menerapkan,3.0,1.0
tenaga kerja paksa,concept,Tenaga Kerja Paksa,C3-Menerapkan,3.0,1.0
propaganda jepang,concept,Propaganda Jepang,C6-Mencipta,5.0,4.0
q_71075d1f60,question,Seorang camat (Soncho) menerima perintah dari atasannya (Guncho) untuk mengumpulkan data pemuda di wilayahnya. Tunjukkan,C3-Menerapkan,3.0,
menerapkan konsep administrasi militer jepang pada skenario lokal,method,Menerapkan konsep administrasi militer Jepang pada skenario lokal,,,
struktur pemerintahan kolonial jepang di indonesia,concept,Struktur pemerintahan kolonial Jepang di Indonesia,,,
dampak sosial ekonomi kebijakan jepang,concept,Dampak sosial ekonomi kebijakan Jepang,,,
neraca pembayaran dan transaksi,topic_fine,Neraca Pembayaran dan Transaksi,,,
transaksi debit,concept,Transaksi Debit,C3-Menerapkan,3.0,1.0
impor barang,concept,Impor Barang,C3-Menerapkan,3.0,1.0
aliran dana keluar,concept,Aliran Dana Keluar,C3-Menerapkan,3.0,1.0
q_54681c2f39,question,Sebuah perusahaan Indonesia mengimpor mesin produksi dari Jepang. Tentukan apakah transaksi ini dicatat sebagai debit at,C3-Menerapkan,3.0,
menerapkan konsep debit/kredit pada kasus impor,method,Menerapkan konsep debit/kredit pada kasus impor,,,
konsep transaksi debit dan kredit,concept,Konsep Transaksi Debit dan Kredit,,,
analisis komponen neraca pembayaran,concept,Analisis Komponen Neraca Pembayaran,,,
pembentukan badan keamanan lokal,concept,Pembentukan Badan Keamanan Lokal,C3-Menerapkan,3.0,1.0
q_491c355b7d,question,"Sebuah badan keamanan dibentuk hanya untuk menjaga keamanan lokal. Terapkan konteks, badan apa yang dimaksud?",C3-Menerapkan,3.0,
pembentukan lembaga negara selanjutnya,concept,Pembentukan Lembaga Negara Selanjutnya,,,
interaksi lingkungan buatan dan alami,topic_fine,Interaksi Lingkungan Buatan dan Alami,,,
lingkungan buatan,concept,Lingkungan buatan,C3-Menerapkan,3.0,1.0
lingkungan alami,concept,Lingkungan alami,C3-Menerapkan,3.0,1.0
dampak pembangunan,concept,Dampak pembangunan,C3-Menerapkan,3.0,1.0
q_7c58094ea0,question,Bayangkan sebuah proyek pembangunan sekolah baru. Tunjukkan bagaimana proyek ini menciptakan lingkungan buatan dan berpo,C3-Menerapkan,3.0,
menerapkan konsep ekologi pada studi kasus,method,Menerapkan konsep ekologi pada studi kasus,,,
konsep ekosistem,concept,Konsep ekosistem,,,
manajemen dampak lingkungan,concept,Manajemen dampak lingkungan,,,
ekspansi dan konflik jepang,topic_fine,Ekspansi dan Konflik Jepang,,,
perjanjian kalijati,concept,Perjanjian Kalijati,C3-Menerapkan,3.0,1.0
q_3fccac049a,question,"Jika Anda adalah seorang jurnalis pada tahun 1942, tulislah sebuah judul berita yang menggambarkan peristiwa Perjanjian ",C3-Menerapkan,3.0,
interaksi sosial dan stigma,topic_fine,Interaksi Sosial dan Stigma,,,
stigma sosial,concept,Stigma Sosial,C3-Menerapkan,3.0,1.0
ketimpangan sosial,concept,Ketimpangan Sosial,C3-Menerapkan,3.0,1.0
q_4d3d3c6576,question,"Di sebuah desa, seorang warga yang menerima bantuan sosial sering diejek sebagai 'si miskin' oleh tetangganya. Menurut G",C3-Menerapkan,3.0,
menerapkan teori simmel,method,Menerapkan teori Simmel,,,
teori sosiologi dasar,concept,Teori Sosiologi Dasar,,,
analisis konflik sosial,concept,Analisis Konflik Sosial,,,
ekonomi dan pembangunan,topic_coarse,Ekonomi dan Pembangunan,,,
faktor penghambat potensi ekonomi daerah,topic_fine,Faktor Penghambat Potensi Ekonomi Daerah,,,
infrastruktur,concept,Infrastruktur,C3-Menerapkan,3.0,1.0
optimalisasi potensi ekonomi,concept,Optimalisasi Potensi Ekonomi,C3-Menerapkan,3.0,1.0
q_db6a4cede4,question,"Sebuah daerah memiliki potensi ekonomi (misal: pariwisata) yang besar, namun tidak berkembang karena jalan dan bandara t",C3-Menerapkan,3.0,
strategi pembangunan daerah,concept,Strategi Pembangunan Daerah,,,
titik balik dan keputusan strategis perang,topic_fine,Titik Balik dan Keputusan Strategis Perang,,,
dampak pengeboman hiroshima,concept,Dampak Pengeboman Hiroshima,C3-Menerapkan,4.0,1.0
implikasi deklarasi perang uni soviet,concept,Implikasi Deklarasi Perang Uni Soviet,C3-Menerapkan,4.0,1.0
q_a1b94933fc,question,"Jika Anda adalah seorang penasihat Kaisar Hirohito, argumen apa yang akan Anda sampaikan setelah mendengar berita pengeb",C3-Menerapkan,4.0,
menerapkan strategi diplomasi/militer dalam situasi krisis,method,Menerapkan strategi diplomasi/militer dalam situasi krisis,,,
pemahaman tentang kondisi militer jepang sebelum 1945,concept,Pemahaman tentang kondisi militer Jepang sebelum 1945,,,
pengetahuan tentang konteks politik perang dingin awal,concept,Pengetahuan tentang konteks politik Perang Dingin awal,,,
analisis dampak perang dingin terhadap jepang,concept,Analisis dampak Perang Dingin terhadap Jepang,,,
konsep dasar komunitas sosial,topic_fine,Konsep Dasar Komunitas Sosial,,,
karakteristik komunitas,concept,Karakteristik Komunitas,C3-Menerapkan,3.0,1.0
ikatan sosial,concept,Ikatan Sosial,C3-Menerapkan,3.0,1.0
q_1c4f219fe7,question,Seorang siswa membentuk kelompok belajar online untuk persiapan ujian. Terapkan karakteristik komunitas yang dijelaskan ,C3-Menerapkan,3.0,
penerapan konsep,method,Penerapan Konsep,C6-Mencipta,5.0,1.0
definisi kelompok sosial,concept,Definisi Kelompok Sosial,,,
q_ecc90ae305,question,Pembangunan jalan tol baru yang didanai oleh APBN merupakan contoh penerapan dari fungsi APBN yang mana? Jelaskan alasan,C3-Menerapkan,3.0,
infrastruktur transportasi,concept,Infrastruktur Transportasi,C3-Menerapkan,3.0,1.0
q_4dc2d26422,question,Jika pemerintah membangun jalan tol yang menghubungkan Kabupaten Brebes dan Kabupaten Wonosobo sehingga waktu tempuh men,C3-Menerapkan,3.0,
konsep interaksi wilayah,concept,Konsep interaksi wilayah,,,
dampak pembangunan infrastruktur,concept,Dampak Pembangunan Infrastruktur,,,
proyek politik mercusuar,concept,Proyek Politik Mercusuar,C3-Menerapkan,3.0,1.0
kondisi ekonomi sulit,concept,Kondisi Ekonomi Sulit,C3-Menerapkan,3.0,1.0
q_044d19233d,question,"Pemerintah membangun stadion megah (seperti Asian Games) di tengah kondisi ekonomi sulit. Terapkan konteks, ini adalah c",C3-Menerapkan,3.0,
kondisi ekonomi indonesia 1950-1959,concept,Kondisi Ekonomi Indonesia 1950-1959,,,
orde baru dan pembangunan ekonomi,concept,Orde Baru dan Pembangunan Ekonomi,,,
sistem pemerintahan orde lama,topic_fine,Sistem Pemerintahan Orde Lama,,,
pergantian kabinet,concept,Pergantian Kabinet,C3-Menerapkan,3.0,1.0
q_398a48abcb,question,"Presiden Soekarno membubarkan badan pembuat UUD. Terapkan konteks, kebijakan apa yang sedang ia keluarkan?",C3-Menerapkan,3.0,
pengenalan demokrasi parlementer,concept,Pengenalan Demokrasi Parlementer,,,
peningkatan kualitas tenaga kerja,topic_fine,Peningkatan Kualitas Tenaga Kerja,,,
kualitas sdm,concept,Kualitas SDM,C4-Menganalisis,4.0,2.0
tingkat pendidikan angkatan kerja,concept,Tingkat Pendidikan Angkatan Kerja,C3-Menerapkan,3.0,1.0
program pelatihan blk,concept,Program Pelatihan BLK,C3-Menerapkan,3.0,1.0
q_518051d51f,question,"Berdasarkan data BPS 2016, sebuah desa mayoritas angkatan kerjanya adalah lulusan SMP. Program pelatihan apa yang cocok ",C3-Menerapkan,3.0,
pemahaman data bps 2016,concept,Pemahaman Data BPS 2016,,,
konsep dasar pendidikan,concept,Konsep Dasar Pendidikan,,,
strategi pembangunan ekonomi berbasis sdm,concept,Strategi Pembangunan Ekonomi Berbasis SDM,,,
perbedaan karakteristik desa dan kota,topic_fine,Perbedaan Karakteristik Desa dan Kota,,,
musyawarah adat,concept,Musyawarah Adat,C3-Menerapkan,3.0,1.0
struktur sosial desa,concept,Struktur Sosial Desa,C3-Menerapkan,3.0,1.0
penyelesaian konflik lokal,concept,Penyelesaian Konflik Lokal,C3-Menerapkan,3.0,1.0
q_c197d77c81,question,"Jika sebuah komunitas selalu menyelesaikan perselisihan melalui musyawarah adat yang dipimpin oleh tetua, karakteristik ",C3-Menerapkan,3.0,
perubahan sosial di pedesaan,concept,Perubahan Sosial di Pedesaan,,,
dinamika dan mitigasi bencana,topic_fine,Dinamika dan Mitigasi Bencana,,,
q_302a5e5317,question,Pemerintah daerah di Sumatra Selatan membangun jalur evakuasi dan sistem peringatan dini tsunami. Tindakan ini merupakan,C3-Menerapkan,3.0,
aspek dinamika bencana,concept,Aspek Dinamika Bencana,,,
strategi pengurangan risiko bencana,concept,Strategi Pengurangan Risiko Bencana,,,
integrasi sosial di sekolah,topic_fine,Integrasi Sosial di Sekolah,,,
primordialisme,concept,Primordialisme,C3-Menerapkan,3.0,1.0
integrasi sosial,concept,Integrasi sosial,C4-Menganalisis,4.0,2.0
q_32098d208e,question,Berikan satu contoh konkret bagaimana primordialisme (sikap memegang teguh hal-hal yang dibawa sejak kecil) dapat mengha,C3-Menerapkan,3.0,
definisi primordialisme,concept,Definisi Primordialisme,,,
dampak konflik sosial,concept,Dampak Konflik Sosial,,,
perlawanan terhadap pendudukan jepang,topic_fine,Perlawanan terhadap Pendudukan Jepang,,,
strategi militer,concept,Strategi Militer,C5-Mengevaluasi,5.0,2.0
q_2a8bbcb6bb,question,"Seandainya Anda adalah seorang pemuda yang baru saja menyelesaikan pelatihan militer di PETA, bagaimana pengetahuan ters",C3-Menerapkan,3.0,
menerapkan pengetahuan militer dalam konteks perang gerilya,method,Menerapkan pengetahuan militer dalam konteks perang gerilya,,,
pengetahuan tentang struktur dan pelatihan peta,concept,Pengetahuan tentang struktur dan pelatihan PETA,,,
pemahaman dasar tentang taktik perang gerilya,concept,Pemahaman dasar tentang taktik perang gerilya,,,
analisis dampak strategi perang gerilya,concept,Analisis dampak strategi perang gerilya,,,
geografi dan pemetaan,topic_coarse,Geografi dan Pemetaan,,,
penerapan sistem koordinat digital,topic_fine,Penerapan Sistem Koordinat Digital,,,
lokasi absolut,concept,Lokasi absolut,C3-Menerapkan,3.0,1.0
peta digital,concept,Peta digital,C3-Menerapkan,3.0,1.0
sistem koordinat,concept,Sistem koordinat,C3-Menerapkan,3.0,1.0
q_963e2431d3,question,Anda sedang merencanakan perjalanan ke luar kota dan ingin menghindari macet. Bagaimana Anda akan menerapkan fungsi peta,C3-Menerapkan,3.0,
menerapkan fungsi peta digital,method,Menerapkan fungsi peta digital,,,
pengertian lokasi absolut,concept,Pengertian lokasi absolut,,,
analisis rute perjalanan,concept,Analisis rute perjalanan,,,
q_5a0aa267f2,question,"Sebuah kabinet dibentuk berdasarkan koalisi partai Nasionalis dan Agama. Terapkan konteks, apa risiko utama yang dihadap",C3-Menerapkan,3.0,
pengertian uuds 1950,concept,Pengertian UUDS 1950,,,
struktur kabinet parlementer,concept,Struktur Kabinet Parlementer,,,
pendekatan interaksionis dalam kelas,topic_fine,Pendekatan Interaksionis dalam Kelas,,,
masalah mencontek,concept,Masalah mencontek,C3-Menerapkan,3.0,1.0
pendekatan interaksionis,concept,Pendekatan Interaksionis,C3-Menerapkan,3.0,1.0
tindakan guru,concept,Tindakan guru,C3-Menerapkan,3.0,1.0
q_b894faa4cd,question,Seorang guru ingin mengatasi masalah siswa yang sering mencontek saat ujian menggunakan pendekatan Interaksionis. Berika,C3-Menerapkan,3.0,
menerapkan teori,method,Menerapkan teori,,,
teori interaksionisme,concept,Teori interaksionisme,,,
analisis dampak interaksi sosial,concept,Analisis dampak interaksi sosial,,,
jenis kerja sama ekonomi,topic_fine,Jenis Kerja Sama Ekonomi,,,
bantuan kemanusiaan,concept,Bantuan Kemanusiaan,C3-Menerapkan,3.0,1.0
q_be241193be,question,"Indonesia, sebagai anggota OKI, memberikan bantuan kemanusiaan kepada Palestina. Terapkan pemahaman Anda untuk menentuka",C3-Menerapkan,3.0,
teknologi dan keuangan,topic_coarse,Teknologi dan Keuangan,,,
metode pembayaran modern,topic_fine,Metode Pembayaran Modern,,,
pembayaran non-tunai,concept,Pembayaran non-tunai,C3-Menerapkan,3.0,1.0
teknologi pembayaran,concept,Teknologi pembayaran,C3-Menerapkan,3.0,1.0
q_d9e09e2073,question,"Jika Anda perlu membayar tagihan listrik dari rumah tanpa menggunakan uang tunai, metode pembayaran modern apa yang bisa",C3-Menerapkan,3.0,
konsep dasar transaksi keuangan,concept,Konsep dasar transaksi keuangan,,,
keamanan transaksi digital,concept,Keamanan transaksi digital,,,
interkoneksi global nusantara,topic_fine,Interkoneksi Global Nusantara,,,
pengaruh budaya asing,concept,Pengaruh Budaya Asing,C3-Menerapkan,3.0,1.0
melting pot,concept,Melting Pot,C3-Menerapkan,3.0,1.0
q_6c5b46c07a,question,"Seorang siswa menemukan bahwa masakan di daerahnya banyak menggunakan pala dan lada, serta beberapa kata dalam bahasa da",C3-Menerapkan,3.0,
pengenalan jalur rempah,concept,Pengenalan Jalur Rempah,,,
pengenalan pengaruh bahasa asing,concept,Pengenalan pengaruh bahasa asing,,,
dampak globalisasi budaya,concept,Dampak globalisasi budaya,,,
partisipasi generasi muda,topic_fine,Partisipasi Generasi Muda,C5-Mengevaluasi,5.0,2.0
audiensi publik,concept,Audiensi Publik,C6-Mencipta,5.0,3.0
pengumpulan masukan,concept,Pengumpulan Masukan,C3-Menerapkan,3.0,1.0
partisipasi sosial,concept,Partisipasi Sosial,C3-Menerapkan,3.0,1.0
q_1efbdbb3d0,question,"Jika OSIS di sekolah Anda ingin mengumpulkan masukan dari seluruh siswa mengenai rencana kantin sehat, metode mana yang ",C3-Menerapkan,3.0,
definisi kampanye sosial,concept,Definisi Kampanye Sosial,,,
definisi audiensi publik,concept,Definisi Audiensi Publik,,,
evaluasi efektivitas partisipasi,concept,Evaluasi efektivitas partisipasi,,,
krisis ekonomi dan politik 1997,topic_fine,Krisis Ekonomi dan Politik 1997,,,
penurunan nilai tukar rupiah,concept,Penurunan Nilai Tukar Rupiah,C3-Menerapkan,3.0,1.0
q_6014ea52d1,question,"Jika nilai tukar Rupiah jatuh dari Rp2.500 ke Rp17.000 per dolar. Terapkan konteks, peristiwa apa yang sedang terjadi? ",C3-Menerapkan,3.0,
penerapan konteks,method,Penerapan Konteks,,,
latar belakang orde baru,concept,Latar Belakang Orde Baru,,,
teori pertumbuhan ekonomi,topic_fine,Teori Pertumbuhan Ekonomi,,,
teori schumpeter,concept,Teori Schumpeter,C5-Mengevaluasi,5.0,2.0
inovasi,concept,Inovasi,C3-Menerapkan,3.0,1.0
q_d5b0d930db,question,Pemerintah ingin mendorong pertumbuhan ekonomi dengan menerapkan Teori Schumpeter. Kegiatan atau kelompok masyarakat man,C3-Menerapkan,3.0,
dampak akses teknologi informasi,topic_fine,Dampak Akses Teknologi Informasi,,,
akses internet,concept,Akses Internet,C3-Menerapkan,3.0,1.0
peningkatan kualitas hidup,concept,Peningkatan Kualitas Hidup,C3-Menerapkan,3.0,1.0
pendidikan,concept,Pendidikan,C5-Mengevaluasi,5.0,2.0
q_f68d503f7a,question,Sebuah desa terpencil mendapatkan akses internet untuk pertama kalinya. Berikan satu contoh konkret bagaimana hal ini da,C3-Menerapkan,3.0,
konsep modernisasi,concept,Konsep Modernisasi,,,
dampak jangka panjang globalisasi,concept,Dampak Jangka Panjang Globalisasi,,,
dampak pada wilayah pesisir,concept,Dampak pada Wilayah Pesisir,C3-Menerapkan,3.0,1.0
q_f898d78e29,question,Seorang petani garam di pesisir Demak mengeluh tambaknya sering gagal panen karena tergenang air laut. Fenomena perubaha,C3-Menerapkan,3.0,
menerapkan konsep kenaikan permukaan air laut pada studi kasus,method,Menerapkan konsep kenaikan permukaan air laut pada studi kasus,,,
konsep permukaan air laut,concept,Konsep Permukaan Air Laut,,,
mitigasi dampak perubahan iklim,concept,Mitigasi dampak perubahan iklim,,,
aksi edukasi pencegahan disintegrasi,topic_fine,Aksi Edukasi Pencegahan Disintegrasi,,,
keahlian desain grafis,concept,Keahlian Desain Grafis,C3-Menerapkan,3.0,1.0
pencegahan hoaks,concept,Pencegahan Hoaks,C3-Menerapkan,3.0,1.0
q_4b1b0e0d1c,question,Jika sebuah kelompok siswa memiliki keahlian desain grafis (Strength) namun melihat adanya banyak berita hoaks di grup w,C3-Menerapkan,3.0,
monitoring aksi edukasi,concept,Monitoring Aksi Edukasi,,,
evaluasi dampak sosial,concept,Evaluasi Dampak Sosial,,,
ekspansi dan kebijakan jepang,topic_fine,Ekspansi dan Kebijakan Jepang,,,
kebijakan penyerahan wajib,concept,Kebijakan Penyerahan Wajib,C3-Menerapkan,3.0,1.0
narasi propaganda jepang,concept,Narasi Propaganda Jepang,C3-Menerapkan,3.0,1.0
q_31d2e6d6bb,question,Bayangkan Anda adalah seorang pemimpin desa. Bagaimana Anda akan menjelaskan kebijakan penyerahan wajib hasil panen kepa,C3-Menerapkan,3.0,
dampak kebijakan kolonial,concept,Dampak Kebijakan Kolonial,,,
pembagian fauna indonesia,topic_fine,Pembagian Fauna Indonesia,,,
garis wallace,concept,Garis Wallace,C4-Menganalisis,4.0,2.0
fauna indonesia barat,concept,Fauna Indonesia Barat,C4-Menganalisis,4.0,2.0
fauna indonesia tengah,concept,Fauna Indonesia Tengah,C3-Menerapkan,3.0,1.0
orangutan,concept,Orangutan,C3-Menerapkan,3.0,1.0
q_2a27265ec0,question,"Seorang turis melihat orangutan di habitat aslinya. Berdasarkan konsep Garis Wallace, di sebelah mana (barat atau timur)",C3-Menerapkan,3.0,
menerapkan konsep garis pemisah,method,Menerapkan konsep garis pemisah,,,
pengenalan garis wallace,concept,Pengenalan Garis Wallace,,,
garis weber,concept,Garis Weber,,,
masa transisi dan g30s,topic_fine,Masa Transisi dan G30S,,,
pidato nawaksara,concept,Pidato Nawaksara,C3-Menerapkan,3.0,1.0
masa transisi 1966-1967,concept,Masa Transisi 1966-1967,C4-Menganalisis,4.0,2.0
hubungan soekarno dan mprs,concept,Hubungan Soekarno dan MPRS,C3-Menerapkan,3.0,1.0
q_b6a6b47046,question,"Presiden Soekarno menyampaikan pidato Nawaksara di depan MPRS. Terapkan konteks, apa yang sedang dilakukan Soekarno?",C3-Menerapkan,3.0,
penerapan konteks historis,method,Penerapan konteks historis,,,
latar belakang g30s,concept,Latar belakang G30S,,,
pengertian supersemar,concept,Pengertian Supersemar,,,
pengukuhan supersemar oleh mprs,concept,Pengukuhan Supersemar oleh MPRS,,,
perhitungan keuntungan investasi,topic_fine,Perhitungan Keuntungan Investasi,,,
keuntungan,concept,Keuntungan,C3-Menerapkan,3.0,1.0
harga jual,concept,Harga Jual,C3-Menerapkan,3.0,1.0
harga beli,concept,Harga Beli,C3-Menerapkan,3.0,1.0
q_4a36450540,question,"Budi membeli emas batangan seberat 2 gram dengan harga Rp950.000 per gram. Dua tahun kemudian, ia menjual seluruh emasny",C3-Menerapkan,3.0,
menerapkan rumus perhitungan keuntungan,method,Menerapkan rumus perhitungan keuntungan,,,
konsep dasar uang,concept,Konsep dasar uang,,,
analisis risiko investasi,concept,Analisis Risiko Investasi,,,
pengelolaan keuangan awal kemerdekaan,topic_fine,Pengelolaan Keuangan Awal Kemerdekaan,,,
pengelolaan utang luar negeri,concept,Pengelolaan Utang Luar Negeri,C3-Menerapkan,3.0,1.0
stabilitas ekonomi pasca kemerdekaan,concept,Stabilitas Ekonomi Pasca Kemerdekaan,C3-Menerapkan,3.0,1.0
q_ca131bb21c,question,"Bayangkan Anda adalah gubernur bank sentral. Berdasarkan teks, bagaimana Anda akan mengarahkan penggunaan pinjaman luar ",C3-Menerapkan,3.0,
menerapkan prinsip pengelolaan utang,method,Menerapkan Prinsip Pengelolaan Utang,,,
pemahaman kondisi ekonomi awal kemerdekaan,concept,Pemahaman Kondisi Ekonomi Awal Kemerdekaan,,,
prinsip dasar pengelolaan utang,concept,Prinsip Dasar Pengelolaan Utang,,,
strategi pemulihan ekonomi nasional,concept,Strategi Pemulihan Ekonomi Nasional,,,
asas dan kegiatan penataan ruang,topic_fine,Asas dan Kegiatan Penataan Ruang,,,
pemanfaatan ruang optimal,concept,Pemanfaatan Ruang Optimal,C3-Menerapkan,3.0,1.0
q_7c6f585786,question,"Jika sebuah komunitas ingin memastikan pembangunan di wilayahnya tidak merusak lingkungan, asas penataan ruang manakah y",C3-Menerapkan,3.0,
konsep penataan ruang,concept,Konsep Penataan Ruang,,,
evaluasi dampak lingkungan,concept,Evaluasi Dampak Lingkungan,,,
konsep penghasilan kotor dan bersih,topic_fine,Konsep Penghasilan Kotor dan Bersih,,,
penghasilan kotor,concept,Penghasilan Kotor,C3-Menerapkan,3.0,1.0
penghasilan bersih,concept,Penghasilan Bersih,C3-Menerapkan,3.0,1.0
pengurangan biaya,concept,Pengurangan Biaya,C3-Menerapkan,3.0,1.0
q_bad1623f7b,question,"Budi mendapatkan penghasilan dari kerja sambilan sebesar Rp 500.000. Sebelum ia menerima uang tersebut, perusahaan memot",C3-Menerapkan,3.0,
menerapkan rumus perhitungan,method,Menerapkan rumus perhitungan,,,
definisi penghasilan,concept,Definisi penghasilan,,,
perencanaan anggaran pribadi,concept,Perencanaan anggaran pribadi,,,
paradigma agropolitan dan pembangunan desa,topic_fine,Paradigma Agropolitan dan Pembangunan Desa,,,
peningkatan pendapatan desa,concept,Peningkatan Pendapatan Desa,C3-Menerapkan,3.0,1.0
penyediaan fasilitas desa,concept,Penyediaan Fasilitas Desa,C3-Menerapkan,3.0,1.0
q_eec132f3d9,question,"Jika Anda seorang kepala desa yang ingin menerapkan prinsip paradigma agropolitan, program apa yang akan Anda usulkan un",C3-Menerapkan,3.0,
menerapkan prinsip agropolitan,method,Menerapkan prinsip agropolitan,,,
definisi agropolitan,concept,Definisi Agropolitan,,,
evaluasi dampak pembangunan desa,concept,Evaluasi Dampak Pembangunan Desa,,,
dampak perubahan iklim pada pertanian,topic_fine,Dampak Perubahan Iklim pada Pertanian,,,
pola hujan tidak teratur,concept,Pola Hujan Tidak Teratur,C3-Menerapkan,3.0,1.0
sistem tadah hujan,concept,Sistem Tadah Hujan,C3-Menerapkan,3.0,1.0
dampak pertanian,concept,Dampak Pertanian,C4-Menganalisis,4.0,2.0
q_edf613f6b1,question,"Berdasarkan informasi bahwa perubahan iklim menyebabkan pola hujan tidak teratur, tunjukkan potensi masalah yang akan di",C3-Menerapkan,3.0,
konsep tadah hujan,concept,Konsep Tadah Hujan,,,
strategi adaptasi pertanian,concept,Strategi Adaptasi Pertanian,,,
kebijakan ekonomi,topic_coarse,Kebijakan Ekonomi,,,
instrumen kebijakan fiskal dan moneter,topic_fine,Instrumen Kebijakan Fiskal dan Moneter,,,
suku bunga,concept,Suku Bunga,C3-Menerapkan,3.0,1.0
q_a4e587e3da,question,Bank Sentral menaikkan suku bunga. Apakah ini termasuk instrumen Kebijakan Fiskal? Jelaskan mengapa!,C3-Menerapkan,3.0,
definisi kebijakan fiskal,concept,Definisi Kebijakan Fiskal,,,
analisis dampak kebijakan fiskal dan moneter,concept,Analisis Dampak Kebijakan Fiskal dan Moneter,,,
konservasi in situ,concept,Konservasi in situ,C3-Menerapkan,3.0,1.0
taman nasional,concept,Taman Nasional,C3-Menerapkan,3.0,1.0
fungsi kawasan lindung,concept,Fungsi kawasan lindung,C3-Menerapkan,3.0,1.0
q_eb24dbd9a7,question,"Pemerintah daerah ingin membuat sebuah kawasan lindung yang tidak hanya untuk melindungi ekosistem hutan bakau, tetapi j",C3-Menerapkan,3.0,
pengertian konservasi in situ,concept,Pengertian konservasi in situ,,,
perbandingan jenis kawasan lindung,concept,Perbandingan jenis kawasan lindung,,,
konsep dasar investasi dan pengelolaan uang,topic_fine,Konsep Dasar Investasi dan Pengelolaan Uang,,,
emas,concept,Emas,C3-Menerapkan,3.0,1.0
deposito,concept,Deposito,C3-Menerapkan,3.0,1.0
q_8d39579bcb,question,"Jika seseorang memiliki sisa uang setelah memenuhi kebutuhan primernya, ia berpikir untuk membeli emas atau menyimpannya",C3-Menerapkan,3.0,
menerapkan konsep investasi pada skenario nyata,method,Menerapkan konsep investasi pada skenario nyata,,,
pemahaman kebutuhan primer,concept,Pemahaman Kebutuhan Primer,,,
strategi diversifikasi aset,concept,Strategi diversifikasi aset,,,
sejarah pergerakan nasional,topic_coarse,Sejarah Pergerakan Nasional,,,
perubahan corak perjuangan indonesia,topic_fine,Perubahan Corak Perjuangan Indonesia,,,
rasa senasib sepenanggungan,concept,Rasa Senasib Sepenanggungan,C3-Menerapkan,3.0,1.0
organisasi pemuda,concept,Organisasi Pemuda,C3-Menerapkan,3.0,1.0
kongres pemuda,concept,Kongres Pemuda,C3-Menerapkan,3.0,1.0
q_e4a8ce5fe1,question,Tunjukkan bagaimana prinsip 'rasa senasib sepenanggungan' dapat digunakan sebagai slogan untuk menyatukan organisasi Jon,C3-Menerapkan,3.0,
perlawanan kedaerahan,concept,Perlawanan Kedaerahan,,,
paham kebangsaan,concept,Paham Kebangsaan,,,
sumpah pemuda,concept,Sumpah Pemuda,,,
perkembangan ekonomi masa sukarno,topic_fine,Perkembangan Ekonomi Masa Sukarno,,,
demokrasi liberal,concept,Demokrasi Liberal,C3-Menerapkan,3.0,1.0
kebijakan ekonomi sukarno,concept,Kebijakan Ekonomi Sukarno,C3-Menerapkan,3.0,1.0
pembangunan institusi pendidikan,concept,Pembangunan Institusi Pendidikan,C3-Menerapkan,3.0,1.0
q_db7b25c9b1,question,"Universitas seperti UI, UGM, dan ITB didirikan. Terapkan konteks, perkembangan di bidang apa yang sedang terjadi?",C3-Menerapkan,3.0,
menerapkan konteks sejarah,method,Menerapkan konteks sejarah,,,
periode demokrasi terpimpin,concept,Periode Demokrasi Terpimpin,C4-Menganalisis,4.0,1.0
penerapan tujuan pembangunan berkelanjutan,topic_fine,Penerapan Tujuan Pembangunan Berkelanjutan,,,
kesehatan dan sanitasi,concept,Kesehatan dan Sanitasi,C3-Menerapkan,3.0,1.0
wabah penyakit diare,concept,Wabah Penyakit Diare,C3-Menerapkan,3.0,1.0
q_8cea78b1c8,question,"Jika sebuah desa sering mengalami wabah penyakit diare, penerapan SDG manakah yang paling relevan untuk mengatasi masala",C3-Menerapkan,3.0,
pengukuran dampak sdg,concept,Pengukuran Dampak SDG,,,
pendidikan karakter,topic_coarse,Pendidikan Karakter,,,
pengembangan kecakapan sosial kepemimpinan,topic_fine,Pengembangan Kecakapan Sosial Kepemimpinan,,,
kepemimpinan,concept,Kepemimpinan,C3-Menerapkan,3.0,1.0
kegiatan ekstrakurikuler,concept,Kegiatan Ekstrakurikuler,C3-Menerapkan,3.0,1.0
q_ac976f864d,question,Bayangkan kamu ingin mengembangkan kecakapan sosial dalam bidang kepemimpinan. Kegiatan ekstrakurikuler apa yang akan ka,C3-Menerapkan,3.0,
pemahaman konsep kepemimpinan,concept,Pemahaman Konsep Kepemimpinan,,,
evaluasi efektivitas kepemimpinan,concept,Evaluasi Efektivitas Kepemimpinan,,,
ekonomi dan sumber daya,topic_coarse,Ekonomi dan Sumber Daya,,,
pemanfaatan sumber daya alam indonesia,topic_fine,Pemanfaatan Sumber Daya Alam Indonesia,,,
industri kelapa sawit,concept,Industri Kelapa Sawit,C3-Menerapkan,3.0,1.0
bioenergi,concept,Bioenergi,C3-Menerapkan,3.0,1.0
pengelolaan limbah,concept,Pengelolaan Limbah,C3-Menerapkan,3.0,1.0
potensi ekonomi indonesia,concept,Potensi Ekonomi Indonesia,C3-Menerapkan,3.0,1.0
q_5a7bb5e011,question,Seorang pengusaha ingin memanfaatkan limbah kelapa sawit. Terapkan konsep industri sawit dan bioenergi untuk memberikan ,C3-Menerapkan,3.0,
menerapkan konsep industri sawit dan bioenergi,method,Menerapkan konsep industri sawit dan bioenergi,,,
konsep sumber daya alam,concept,Konsep sumber daya alam,,,
prinsip keberlanjutan,concept,Prinsip Keberlanjutan,,,
pengembangan teknologi bioindustri,concept,Pengembangan Teknologi Bioindustri,,,
identifikasi komponen konflik sosial,topic_fine,Identifikasi Komponen Konflik Sosial,,,
analisis 5w+1h,concept,Analisis 5W+1H,C3-Menerapkan,3.0,1.0
tawuran pelajar,concept,Tawuran pelajar,C3-Menerapkan,3.0,1.0
q_30176c04ad,question,Terapkan kerangka 5W+1H untuk mengidentifikasi komponen awal pada kasus tawuran pelajar yang terjadi di depan sekolah An,C3-Menerapkan,3.0,
penerapan kerangka 5w+1h,method,Penerapan kerangka 5W+1H,,,
pemahaman konsep konflik sosial,concept,Pemahaman konsep konflik sosial,,,
pengetahuan dasar tentang metode penelitian,concept,Pengetahuan dasar tentang metode penelitian,,,
analisis mendalam terhadap akar masalah konflik,concept,Analisis mendalam terhadap akar masalah konflik,,,
perumusan strategi pemecahan konflik,concept,Perumusan strategi pemecahan konflik,,,
kewajiban pajak warga negara asing,topic_fine,Kewajiban Pajak Warga Negara Asing,,,
ciri-ciri pajak,concept,Ciri-ciri Pajak,C3-Menerapkan,3.0,1.0
kewajiban pajak,concept,Kewajiban Pajak,C3-Menerapkan,3.0,1.0
pajak di indonesia,concept,Pajak di Indonesia,C3-Menerapkan,3.0,1.0
q_efc0520c61,question,Seorang warga negara asing yang bekerja dan tinggal di Indonesia juga diwajibkan membayar pajak. Terapkan ciri-ciri paja,C3-Menerapkan,3.0,
menerapkan ciri-ciri pajak,method,Menerapkan ciri-ciri pajak,,,
pengertian pajak,concept,Pengertian Pajak,,,
klasifikasi akun transaksi bisnis,topic_fine,Klasifikasi Akun Transaksi Bisnis,,,
kendaraan,concept,Kendaraan,C3-Menerapkan,3.0,1.0
utang usaha,concept,Utang Usaha,C3-Menerapkan,3.0,1.0
q_26d5ce73eb,question,Perusahaan membeli sebuah mobil baru secara kredit untuk operasional kantor. Klasifikasikan akun 'Kendaraan' dan 'Utang ,C3-Menerapkan,3.0,
pengertian akun,concept,Pengertian Akun,,,
paradigma liberalisme dan kerjasama global,topic_fine,Paradigma Liberalisme dan Kerjasama Global,,,
liberalisme,concept,Liberalisme,C6-Mencipta,5.0,3.0
interdependensi,concept,Interdependensi,C3-Menerapkan,3.0,1.0
masalah global,concept,Masalah Global,C3-Menerapkan,3.0,1.0
q_c5883bc630,question,"Apabila PBB menginisiasi sebuah kesepakatan global untuk mengurangi emisi karbon yang diikuti oleh hampir semua negara, ",C3-Menerapkan,3.0,
menerapkan konsep paradigma,method,Menerapkan konsep paradigma,,,
teori liberalisme,concept,Teori Liberalisme,,,
analisis kritik terhadap liberalisme,concept,Analisis kritik terhadap Liberalisme,,,
sejarah politik global,topic_coarse,Sejarah Politik Global,,,
dampak perjanjian internasional,topic_fine,Dampak Perjanjian Internasional,,,
kekecewaan perjanjian internasional,concept,Kekecewaan perjanjian internasional,C3-Menerapkan,3.0,1.0
kebangkitan gerakan nasionalis ekstrem,concept,Kebangkitan gerakan nasionalis ekstrem,C3-Menerapkan,3.0,1.0
q_fe5903d120,question,"Berikan contoh bagaimana kekecewaan terhadap perjanjian internasional, seperti Perjanjian Washington, dapat memicu keban",C3-Menerapkan,3.0,
konsep perjanjian internasional,concept,Konsep perjanjian internasional,,,
teori nasionalisme,concept,Teori nasionalisme,,,
perubahan rezim politik pasca-konflik,concept,Perubahan rezim politik pasca-konflik,,,
imperialisme jepang di asia tenggara,topic_fine,Imperialisme Jepang di Asia Tenggara,,,
gerakan tiga a,concept,Gerakan Tiga A,C3-Menerapkan,3.0,1.0
romusha,concept,Romusha,C6-Mencipta,5.0,3.0
ideologi ekspansi jepang,concept,Ideologi Ekspansi Jepang,C3-Menerapkan,3.0,1.0
q_5871a3b351,question,"Berdasarkan konsep propaganda Gerakan Tiga A, buatlah sebuah slogan tambahan yang mungkin digunakan Jepang untuk merekru",C3-Menerapkan,3.0,
konsep gerakan tiga a,concept,Konsep Gerakan Tiga A,,,
dampak kebijakan jepang di indonesia,concept,Dampak kebijakan Jepang di Indonesia,,,
kebijakan fiskal dan kesejahteraan,topic_fine,Kebijakan Fiskal dan Kesejahteraan,,,
pajak kendaraan bermotor,concept,Pajak Kendaraan Bermotor,C3-Menerapkan,3.0,1.0
pembiayaan pembangunan,concept,Pembiayaan Pembangunan,C3-Menerapkan,3.0,1.0
q_d5095aee5a,question,"Untuk membiayai pembangunan jalan raya, pemerintah menaikkan tarif pajak kendaraan bermotor. Jelaskan bagaimana mekanism",C3-Menerapkan,3.0,
konsep pajak,concept,Konsep Pajak,,,
faktor persebaran flora,topic_fine,Faktor Persebaran Flora,,,
faktor tanah,concept,Faktor tanah,C5-Mengevaluasi,5.0,2.0
kebutuhan spesifik spesies,concept,Kebutuhan Spesifik Spesies,C3-Menerapkan,3.0,1.0
q_8c21fe3329,question,Apabila sebuah bibit pohon jati secara tidak sengaja terbawa ke wilayah Jawa Tengah yang tanahnya subur namun tidak berk,C3-Menerapkan,3.0,
pengertian tanah,concept,Pengertian Tanah,,,
adaptasi spesies,concept,Adaptasi spesies,C6-Mencipta,5.0,1.0
peran teknologi dalam pembangunan daerah,topic_fine,Peran Teknologi dalam Pembangunan Daerah,,,
pembangunan komprehensif,concept,Pembangunan Komprehensif,C3-Menerapkan,3.0,1.0
teknologi drone,concept,Teknologi Drone,C3-Menerapkan,3.0,1.0
industri 4.0,concept,Industri 4.0,C3-Menerapkan,3.0,1.0
wilayah terpencil,concept,Wilayah Terpencil,C3-Menerapkan,3.0,1.0
q_8362f47683,question,"Berikan sebuah contoh bagaimana teknologi drone, yang merupakan bagian dari Industri 4.0, dapat digunakan untuk mendukun",C3-Menerapkan,3.0,
prinsip kolaborasi masyarakat,concept,Prinsip Kolaborasi Masyarakat,,,
evaluasi dampak teknologi pembangunan,concept,Evaluasi Dampak Teknologi Pembangunan,,,
toponimi dan sejarah,topic_coarse,Toponimi dan Sejarah,,,
perubahan nama tempat,topic_fine,Perubahan Nama Tempat,,,
penelusuran peta kolonial,concept,Penelusuran Peta Kolonial,C3-Menerapkan,3.0,1.0
q_87c151730e,question,Seorang siswa menemukan peta dari zaman kolonial yang menunjukkan nama desanya berbeda dengan nama sekarang. Penemuan in,C3-Menerapkan,3.0,
pemahaman aspek sejarah,concept,Pemahaman Aspek Sejarah,,,
analisis perubahan budaya,concept,Analisis Perubahan Budaya,,,
dampak fluktuasi nilai tukar,topic_fine,Dampak Fluktuasi Nilai Tukar,,,
nilai tukar mata uang,concept,Nilai Tukar Mata Uang,C3-Menerapkan,3.0,1.0
keputusan importir,concept,Keputusan Importir,C3-Menerapkan,3.0,1.0
q_f14551da30,question,"Jika nilai tukar mata uang Rupiah terhadap Dolar AS terus berfluktuasi secara drastis setiap hari, bagaimana hal ini aka",C3-Menerapkan,3.0,
menerapkan konsep nilai tukar pada skenario impor,method,Menerapkan konsep nilai tukar pada skenario impor,,,
pengertian nilai tukar mata uang,concept,Pengertian nilai tukar mata uang,,,
analisis risiko mata uang dalam perdagangan,concept,Analisis risiko mata uang dalam perdagangan,,,
pengukuran kesejahteraan budaya lokal,topic_fine,Pengukuran Kesejahteraan Budaya Lokal,,,
indikator budaya lokal,concept,Indikator Budaya Lokal,C3-Menerapkan,3.0,1.0
gemah ripah loh jinawi,concept,Gemah Ripah Loh Jinawi,C3-Menerapkan,3.0,1.0
penerapan penelitian,concept,Penerapan Penelitian,C3-Menerapkan,3.0,1.0
q_bd48dcce1b,question,"Anda adalah seorang peneliti yang ditugaskan mengukur kesejahteraan di komunitas adat. Selain menggunakan data IPM, baga",C3-Menerapkan,3.0,
menerapkan konsep budaya lokal dalam pengukuran,method,Menerapkan konsep budaya lokal dalam pengukuran,,,
pemahaman kesejahteraan sosial,concept,Pemahaman Kesejahteraan Sosial,,,
pengetahuan ipm,concept,Pengetahuan IPM,,,
analisis dampak kebijakan berbasis budaya,concept,Analisis Dampak Kebijakan Berbasis Budaya,,,
konsep masalah sosial,topic_fine,Konsep Masalah Sosial,,,
upah minimum regional (umr),concept,Upah minimum regional (UMR),C3-Menerapkan,3.0,1.0
sifat subjektif,concept,Sifat subjektif,C3-Menerapkan,3.0,1.0
q_608a01ecac,question,"Pemerintah kota A menetapkan upah minimum regional (UMR) sebesar 3 juta rupiah, sementara kota B menetapkannya sebesar 5",C3-Menerapkan,3.0,
analisis kebijakan publik,concept,Analisis kebijakan publik,,,
jalur rempah dan interkoneksi nusantara,topic_fine,Jalur Rempah dan Interkoneksi Nusantara,,,
interkoneksi global,concept,Interkoneksi Global,C6-Mencipta,5.0,2.0
peran nusantara,concept,Peran Nusantara,C4-Menganalisis,4.0,1.0
q_d751b28524,question,"Bagaimana beragamnya asal-usul para penjelajah dan pedagang yang disebut dalam teks (Romawi/Mesir, Cina, Arab, Portugis)",C4-Menganalisis,4.0,
konsep perdagangan kuno,concept,Konsep Perdagangan Kuno,,,
dampak kolonialisme eropa,concept,Dampak Kolonialisme Eropa,,,
aspek penentu ketahanan wilayah,topic_fine,Aspek Penentu Ketahanan Wilayah,,,
stabilitas kawasan,concept,Stabilitas Kawasan,C4-Menganalisis,4.0,1.0
lapangan kerja,concept,Lapangan Kerja,C4-Menganalisis,4.0,1.0
aspek keamanan dan ekonomi,concept,Aspek Keamanan dan Ekonomi,C4-Menganalisis,4.0,1.0
q_f9df6c3d57,question,Bandingkan tujuan dari 'Meningkatkan Stabilitas Kawasan' dan 'Membuka Lapangan Kerja'. Manakah yang lebih berfokus pada ,C4-Menganalisis,4.0,
menganalisis fokus,method,Menganalisis Fokus,,,
alokasi anggaran dan program pendidikan,topic_fine,Alokasi Anggaran dan Program Pendidikan,,,
alokasi anggaran 20% pendidikan,concept,Alokasi Anggaran 20% Pendidikan,C4-Menganalisis,4.0,1.0
program bidikmisi,concept,Program Bidikmisi,C4-Menganalisis,4.0,1.0
q_83e10208d9,question,Analisislah hubungan antara alokasi anggaran 20% dengan peluncuran program BOS dan Bidikmisi!,C4-Menganalisis,4.0,
pemahaman uud 1945,concept,Pemahaman UUD 1945,,,
konsep anggaran negara,concept,Konsep Anggaran Negara,,,
evaluasi efektivitas kebijakan pendidikan,concept,Evaluasi Efektivitas Kebijakan Pendidikan,,,
sejarah pergerakan,topic_coarse,Sejarah Pergerakan,,,
perbandingan ideologi perlawanan kolonial,topic_fine,Perbandingan Ideologi Perlawanan Kolonial,,,
satyagraha,concept,Satyagraha,C6-Mencipta,5.0,2.0
perlawanan kolonial,concept,Perlawanan Kolonial,C4-Menganalisis,4.0,1.0
q_07b0d79733,question,Bandingkan pendekatan perlawanan yang dianjurkan oleh Syaikh Abd Al-Shamad Al-Palimbani melalui 'Fadha’il al-Jihad' deng,C4-Menganalisis,4.0,
membandingkan pendekatan,method,Membandingkan pendekatan,,,
analisis dampak gerakan non-kekerasan,concept,Analisis Dampak Gerakan Non-Kekerasan,,,
perkembangan kehidupan di bumi,topic_fine,Perkembangan Kehidupan di Bumi,,,
zaman geologis,concept,Zaman Geologis,C4-Menganalisis,4.0,1.0
evolusi kehidupan,concept,Evolusi Kehidupan,C4-Menganalisis,4.0,1.0
q_9ff480878d,question,"Uraikan tahapan perkembangan kehidupan di bumi, mulai dari ketiadaan kehidupan hingga munculnya manusia, berdasarkan emp",C4-Menganalisis,4.0,
konsep dasar geologi,concept,Konsep dasar geologi,,,
zaman proterozoikum dan selanjutnya,concept,Zaman Proterozoikum dan selanjutnya,,,
geologi struktur bumi,topic_coarse,Geologi Struktur Bumi,,,
perbedaan gerak orogenetik dan epirogenetik,topic_fine,Perbedaan Gerak Orogenetik dan Epirogenetik,,,
gerak orogenetik,concept,Gerak Orogenetik,C4-Menganalisis,4.0,1.0
pembentukan pegunungan,concept,Pembentukan Pegunungan,C4-Menganalisis,4.0,1.0
pergerakan lempeng tektonik,concept,Pergerakan Lempeng Tektonik,C4-Menganalisis,4.0,1.0
q_a5c141e449,question,"Analisislah mengapa gerak orogenetik mampu membentuk pegunungan, sedangkan gerak epirogenetik hanya menyebabkan naik tur",C4-Menganalisis,4.0,
definisi orogenesis,concept,Definisi Orogenesis,,,
dampak tektonik terhadap bentang alam,concept,Dampak Tektonik Terhadap Bentang Alam,,,
komposisi dan ketersediaan air bumi,topic_fine,Komposisi dan Ketersediaan Air Bumi,,,
persentase air di bumi,concept,Persentase air di bumi,C4-Menganalisis,4.0,1.0
komposisi air asin dan tawar,concept,Komposisi air asin dan tawar,C4-Menganalisis,4.0,1.0
keterbatasan air tawar,concept,Keterbatasan Air Tawar,C6-Mencipta,5.0,2.0
q_9f0210be50,question,Mengapa ketersediaan air tawar menjadi isu krusial padahal 71% permukaan bumi tertutup air?,C4-Menganalisis,4.0,
menganalisis komposisi,method,Menganalisis komposisi,,,
dampak perubahan iklim pada siklus air,concept,Dampak perubahan iklim pada siklus air,,,
manfaat ekologis dan ekonomi,topic_fine,Manfaat Ekologis dan Ekonomi,,,
manfaat ekologis,concept,Manfaat Ekologis,C5-Mengevaluasi,5.0,2.0
manfaat ekonomi,concept,Manfaat ekonomi,C5-Mengevaluasi,5.0,2.0
sektor pertanian,concept,Sektor pertanian,C4-Menganalisis,4.0,1.0
q_d2240a691f,question,Analisis hubungan sebab-akibat antara manfaat ekologis keanekaragaman hayati (produksi oksigen dan perbaikan kualitas ta,C4-Menganalisis,4.0,
analisis hubungan sebab-akibat,method,Analisis hubungan sebab-akibat,,,
perbandingan instrumen investasi,topic_fine,Perbandingan Instrumen Investasi,,,
investasi emas,concept,Investasi emas,C5-Mengevaluasi,5.0,2.0
tabungan bank konvensional,concept,Tabungan Bank Konvensional,C4-Menganalisis,4.0,1.0
analisis keuntungan,concept,Analisis Keuntungan,C4-Menganalisis,4.0,1.0
analisis risiko,concept,Analisis Risiko,C4-Menganalisis,4.0,1.0
q_b3a0fa95e6,question,Bandingkan antara seseorang yang mengalokasikan sisa penghasilannya untuk investasi emas dengan seseorang yang memilih u,C4-Menganalisis,4.0,
pengertian literasi finansial,concept,Pengertian literasi finansial,,,
konsep dasar investasi,concept,Konsep Dasar Investasi,,,
strategi manajemen risiko keuangan,concept,Strategi Manajemen Risiko Keuangan,,,
peran pedagang dalam penyebaran islam,topic_fine,Peran Pedagang dalam Penyebaran Islam,,,
peran ganda pedagang,concept,Peran ganda pedagang,C4-Menganalisis,4.0,1.0
penyebaran agama,concept,Penyebaran agama,C4-Menganalisis,4.0,1.0
q_1ecbabf554,question,"Analisis mengapa para pedagang pada masa itu seringkali memiliki peran ganda, yaitu sebagai pelaku ekonomi sekaligus seb",C4-Menganalisis,4.0,
jalur perdagangan kuno,concept,Jalur perdagangan kuno,,,
sejarah masuknya islam,concept,Sejarah masuknya Islam,,,
dampak walisongo terhadap islam jawa,concept,Dampak Walisongo terhadap Islam Jawa,,,
imperialisme modern di indonesia,topic_fine,Imperialisme Modern di Indonesia,,,
revolusi industri eropa,concept,Revolusi Industri Eropa,C4-Menganalisis,4.0,1.0
imperialisme modern,concept,Imperialisme Modern,C4-Menganalisis,4.0,1.0
hubungan sebab akibat,concept,Hubungan Sebab Akibat,C4-Menganalisis,4.0,3.0
indonesia,concept,Indonesia,C4-Menganalisis,4.0,1.0
q_86805cd719,question,Analisislah hubungan sebab-akibat antara Revolusi Industri di Eropa dengan berkembangnya imperialisme modern di Indonesi,C4-Menganalisis,4.0,
konsep dasar kolonialisme,concept,Konsep dasar kolonialisme,,,
pengenalan revolusi industri,concept,Pengenalan Revolusi Industri,,,
dampak politik kolonialisme di indonesia,concept,Dampak politik kolonialisme di Indonesia,,,
hubungan sejarah global,topic_coarse,Hubungan Sejarah Global,,,
asean,concept,ASEAN,C4-Menganalisis,4.0,1.0
motivasi pembentukan organisasi,concept,Motivasi Pembentukan Organisasi,C4-Menganalisis,4.0,1.0
q_8a0980d836,question,Bandingkan dan kontraskan motivasi di balik pembentukan Gerakan Non-Blok dengan motivasi pembentukan ASEAN.,C4-Menganalisis,4.0,
mengontraskan,method,Mengontraskan,,,
pemahaman konsep regional dan global,concept,Pemahaman Konsep Regional dan Global,,,
analisis dampak kebijakan luar negeri,concept,Analisis Dampak Kebijakan Luar Negeri,,,
langkah membangun harmoni sosial,topic_fine,Langkah Membangun Harmoni Sosial,,,
disintegrasi sosial,concept,Disintegrasi Sosial,C6-Mencipta,5.0,2.0
ketimpangan,concept,Ketimpangan,C4-Menganalisis,4.0,1.0
q_d0084599fb,question,Mengapa teks menekankan pentingnya mengidentifikasi isu seperti 'eksklusivisme' dan 'intoleransi' sebagai dasar untuk me,C4-Menganalisis,4.0,
konsep dasar harmoni sosial,concept,Konsep Dasar Harmoni Sosial,,,
pelaksanaan aksi terstruktur,concept,Pelaksanaan Aksi Terstruktur,,,
tindakan rasional nilai,concept,Tindakan Rasional Nilai,C4-Menganalisis,4.0,1.0
q_05eb14de44,question,"Mengapa suatu tindakan yang sama, misalnya mengikuti upacara bendera, dapat dianalisis sebagai 'Tindakan Rasional Nilai'",C4-Menganalisis,4.0,
menganalisis perbedaan interpretasi tindakan,method,Menganalisis perbedaan interpretasi tindakan,,,
teori tindakan sosial,concept,Teori Tindakan Sosial,,,
konservasi sumber daya alam,topic_coarse,Konservasi Sumber Daya Alam,,,
perbandingan jenis kawasan konservasi,topic_fine,Perbandingan Jenis Kawasan Konservasi,,,
taman hutan raya (tahura),concept,Taman Hutan Raya (Tahura),C4-Menganalisis,4.0,1.0
hutan lindung,concept,Hutan Lindung,C5-Mengevaluasi,5.0,4.0
q_73d4adca3c,question,Bandingkan dan kontraskan tujuan utama antara Taman Hutan Raya (Tahura) dan Hutan Lindung.,C4-Menganalisis,4.0,
konsep pelestarian in situ,concept,Konsep Pelestarian In Situ,,,
implementasi kebijakan konservasi,concept,Implementasi kebijakan konservasi,,,
dampak reformasi terhadap kebebasan sipil,topic_fine,Dampak Reformasi terhadap Kebebasan Sipil,,,
uu no. 9/1998,concept,UU No. 9/1998,C4-Menganalisis,4.0,1.0
kebebasan berkumpul,concept,Kebebasan Berkumpul,C4-Menganalisis,4.0,1.0
stabilitas politik reformasi,concept,Stabilitas Politik Reformasi,C4-Menganalisis,4.0,1.0
q_a0df29426b,question,Analisislah dampak UU No. 9/1998 (Kebebasan Berkumpul) terhadap stabilitas politik di awal Reformasi!,C4-Menganalisis,4.0,
kondisi orde baru,concept,Kondisi Orde Baru,,,
konsep demokrasi,concept,Konsep demokrasi,,,
perkembangan hak asasi manusia pasca-reformasi,concept,Perkembangan Hak Asasi Manusia Pasca-Reformasi,,,
instrumen kebijakan fiskal,topic_fine,Instrumen Kebijakan Fiskal,C4-Menganalisis,4.0,1.0
stimulasi ekonomi,concept,Stimulasi Ekonomi,C4-Menganalisis,4.0,1.0
q_eebb1a6728,question,Analisislah hubungan antara Kebijakan Fiskal (Konteks D) dan APBN (Konteks A). Bagaimana APBN digunakan sebagai instrume,C4-Menganalisis,4.0,
dampak kebijakan fiskal,concept,Dampak Kebijakan Fiskal,,,
kebijakan perdagangan dan dampaknya,topic_fine,Kebijakan Perdagangan dan Dampaknya,,,
kebijakan dumping,concept,Kebijakan Dumping,C4-Menganalisis,4.0,1.0
dampak industri domestik,concept,Dampak Industri Domestik,C4-Menganalisis,4.0,1.0
persaingan internasional,concept,Persaingan Internasional,C4-Menganalisis,4.0,1.0
q_f54366848e,question,Analisis hubungan sebab-akibat antara penerapan kebijakan dumping oleh suatu negara dengan kondisi industri sejenis di n,C4-Menganalisis,4.0,
analisis sebab-akibat,method,Analisis sebab-akibat,,,
konsep kebijakan perdagangan,concept,Konsep Kebijakan Perdagangan,,,
definisi dumping,concept,Definisi Dumping,,,
strategi penanggulangan dumping,concept,Strategi Penanggulangan Dumping,,,
jenis dan batasan operasi bpr,topic_fine,Jenis dan Batasan Operasi BPR,,,
bpr,concept,BPR,C6-Mencipta,5.0,3.0
simpanan giro,concept,Simpanan Giro,C4-Menganalisis,4.0,1.0
kegiatan valuta asing,concept,Kegiatan Valuta Asing,C4-Menganalisis,4.0,1.0
q_9d1066417e,question,Analisislah mengapa BPR dilarang menerima simpanan giro dan melakukan kegiatan valuta asing.,C4-Menganalisis,4.0,
perbandingan fungsi bank dan iknb,concept,Perbandingan Fungsi Bank dan IKNB,,,
pembangunan sumber daya,topic_coarse,Pembangunan Sumber Daya,,,
penguatan kualitas sumber daya manusia,topic_fine,Penguatan Kualitas Sumber Daya Manusia,,,
peran agama dalam pembangunan,concept,Peran Agama dalam Pembangunan,C4-Menganalisis,4.0,1.0
prioritas pembangunan nasional,concept,Prioritas Pembangunan Nasional,C4-Menganalisis,4.0,1.0
q_a1d74cdab4,question,Analisislah mengapa penguatan peran agama dimasukkan sebagai salah satu dari empat prioritas utama dalam pembangunan kua,C4-Menganalisis,4.0,
konsep dasar sumber daya manusia,concept,Konsep Dasar Sumber Daya Manusia,,,
implementasi kebijakan pembangunan sdm,concept,Implementasi Kebijakan Pembangunan SDM,,,
ilmu atmosfer,topic_coarse,Ilmu Atmosfer,,,
perbandingan lapisan atmosfer,topic_fine,Perbandingan Lapisan Atmosfer,,,
fungsi troposfer,concept,Fungsi Troposfer,C4-Menganalisis,4.0,1.0
fungsi termosfer,concept,Fungsi Termosfer,C4-Menganalisis,4.0,1.0
aktivitas manusia modern,concept,Aktivitas Manusia Modern,C4-Menganalisis,4.0,1.0
q_f7b4566d66,question,Bandingkan fungsi lapisan termosfer dan troposfer dalam kaitannya dengan aktivitas manusia modern,C4-Menganalisis,4.0,
struktur lapisan atmosfer,concept,Struktur lapisan atmosfer,,,
q_54ff5da020,question,Diferensiasikan antara gejala sosial dan masalah sosial berdasarkan penjelasan dalam konteks intisari.,C4-Menganalisis,4.0,
solusi masalah sosial,concept,Solusi masalah sosial,,,
evolusi sistem pembayaran,topic_fine,Evolusi Sistem Pembayaran,,,
peningkatan skala perdagangan,concept,Peningkatan Skala Perdagangan,C4-Menganalisis,4.0,1.0
transisi logam mulia,concept,Transisi Logam Mulia,C4-Menganalisis,4.0,1.0
surat jaminan emas,concept,Surat Jaminan Emas,C4-Menganalisis,4.0,1.0
kebutuhan sistem pembayaran,concept,Kebutuhan Sistem Pembayaran,C4-Menganalisis,4.0,1.0
q_78890d5f26,question,Analisis hubungan sebab-akibat antara meningkatnya skala perdagangan dengan transisi dari penggunaan langsung logam muli,C4-Menganalisis,4.0,
fungsi uang,concept,Fungsi uang,,,
perkembangan sistem perbankan modern,concept,Perkembangan Sistem Perbankan Modern,,,
literasi dan pemahaman pajak,topic_fine,Literasi dan Pemahaman Pajak,,,
persentase pemahaman pajak,concept,Persentase Pemahaman Pajak,C4-Menganalisis,4.0,1.0
analisis data statistik,concept,Analisis Data Statistik,C4-Menganalisis,4.0,1.0
q_f07cec79eb,question,"Bandingkan data persentase responden yang 'paham' (16,1% tentang pajak) dengan yang 'tidak paham' (18,7% tentang pajak).",C4-Menganalisis,4.0,
membandingkan data,method,Membandingkan Data,,,
menarik kesimpulan,method,Menarik Kesimpulan,,,
pemahaman konsep dasar pajak,concept,Pemahaman Konsep Dasar Pajak,,,
evaluasi kebijakan perpajakan,concept,Evaluasi Kebijakan Perpajakan,,,
perbandingan model pemberdayaan,topic_fine,Perbandingan Model Pemberdayaan,,,
model bottom-up,concept,Model Bottom-Up,C6-Mencipta,5.0,5.0
kelemahan model bottom-up,concept,Kelemahan Model Bottom-Up,C4-Menganalisis,4.0,1.0
keunggulan model top-down,concept,Keunggulan Model Top-Down,C4-Menganalisis,4.0,1.0
q_3a434d71d0,question,Analisislah hubungan sebab-akibat antara kelemahan model bottom-up (modal terbatas) dengan keunggulan model top-down (da,C4-Menganalisis,4.0,
pengenalan model top-down,concept,Pengenalan Model Top-down,,,
evaluasi efektivitas model pemberdayaan,concept,Evaluasi Efektivitas Model Pemberdayaan,,,
masa transisi orde lama,topic_fine,Masa Transisi Orde Lama,,,
supersemar,concept,Supersemar,C6-Mencipta,5.0,2.0
tap mprs no. ix/1966,concept,Tap MPRS No. IX/1966,C4-Menganalisis,4.0,1.0
dualisme kepemimpinan,concept,Dualisme Kepemimpinan,C4-Menganalisis,4.0,1.0
q_66802c01ed,question,Bandingkan Supersemar (mandat) dan Tap MPRS No. XXXIII/1967 (pengangkatan). Manakah yang menjadi awal transisi dan manak,C4-Menganalisis,4.0,
menganalisis urutan peristiwa,method,Menganalisis Urutan Peristiwa,,,
peristiwa g30s,concept,Peristiwa G30S,,,
pengukuhan orde baru,concept,Pengukuhan Orde Baru,,,
sumber tertulis,concept,Sumber Tertulis,C5-Mengevaluasi,5.0,2.0
analisis sejarah,concept,Analisis sejarah,C4-Menganalisis,4.0,1.0
keterbatasan sumber,concept,Keterbatasan sumber,C4-Menganalisis,4.0,1.0
q_929be8a3e7,question,Analisislah mengapa tradisi lisan seperti cerita 'Batu Mamberoki dan Tindawa' lebih sulit untuk dianalisis oleh sejarawa,C4-Menganalisis,4.0,
pengertian sumber sejarah,concept,Pengertian Sumber Sejarah,,,
metode kritik sumber sejarah,concept,Metode Kritik Sumber Sejarah,,,
pengelolaan anggaran pendapatan daerah,topic_fine,Pengelolaan Anggaran Pendapatan Daerah,,,
belanja modal,concept,Belanja Modal,C4-Menganalisis,4.0,1.0
pembangunan daerah,concept,Pembangunan Daerah,C4-Menganalisis,4.0,1.0
penciptaan lapangan kerja,concept,Penciptaan Lapangan Kerja,C4-Menganalisis,4.0,1.0
q_24c77955f1,question,"Untuk mencapai tujuan 'memperluas lapangan pekerjaan', program apa yang dapat didanai oleh APBD dari pos Belanja Modal?",C4-Menganalisis,4.0,
fungsi belanja modal,concept,Fungsi Belanja Modal,,,
evaluasi kinerja anggaran,concept,Evaluasi Kinerja Anggaran,,,
fungsi dan makna toponimi,topic_fine,Fungsi dan Makna Toponimi,,,
identitas tempat,concept,Identitas Tempat,C4-Menganalisis,4.0,1.0
promosi pariwisata,concept,Promosi Pariwisata,C4-Menganalisis,4.0,1.0
hubungan simbolis,concept,Hubungan Simbolis,C4-Menganalisis,4.0,1.0
q_64492e32f8,question,Analisis hubungan antara fungsi toponimi sebagai 'identitas' dan sebagai 'promosi pariwisata'. Bagaimana sebuah nama tem,C4-Menganalisis,4.0,
aspek budaya dan sejarah,concept,Aspek Budaya dan Sejarah,,,
perancangan branding destinasi,concept,Perancangan Branding Destinasi,,,
pembangunan dan kesejahteraan,topic_coarse,Pembangunan dan Kesejahteraan,,,
indikator kebahagiaan dan dimensi hidup,topic_fine,Indikator Kebahagiaan dan Dimensi Hidup,,,
dimensi makna hidup,concept,Dimensi Makna Hidup,C4-Menganalisis,4.0,1.0
kemandirian,concept,Kemandirian,C4-Menganalisis,4.0,1.0
penguasaan lingkungan,concept,Penguasaan Lingkungan,C4-Menganalisis,4.0,1.0
q_31ba6cbd06,question,"Dalam Dimensi Makna Hidup, terdapat indikator 'kemandirian' dan 'penguasaan lingkungan'. Analisislah bagaimana kedua hal",C4-Menganalisis,4.0,
menganalisis keterkaitan,method,Menganalisis Keterkaitan,,,
konsep kesejahteraan subjektif,concept,Konsep Kesejahteraan Subjektif,,,
indeks kebahagiaan pbb,concept,Indeks Kebahagiaan PBB,,,
implementasi kebijakan berbasis kebahagiaan,concept,Implementasi Kebijakan Berbasis Kebahagiaan,,,
agama,concept,Agama,C4-Menganalisis,4.0,1.0
q_570b6b1de3,question,Analisislah hubungan antara Suku Bangsa dan Agama. Mungkinkah satu Suku Bangsa memiliki beragam Agama?,C4-Menganalisis,4.0,
letak geografis indonesia,concept,Letak Geografis Indonesia,C6-Mencipta,5.0,2.0
pemicu kolonialisme eropa,concept,Pemicu Kolonialisme Eropa,C4-Menganalisis,4.0,1.0
imperialisme awal,concept,Imperialisme Awal,C4-Menganalisis,4.0,1.0
q_494b93b50f,question,Hubungkan antara letak geografis Indonesia sebagai negara kepulauan tropis dengan jenis imperialisme pertama yang ditera,C4-Menganalisis,4.0,
konsep negara kepulauan,concept,Konsep Negara Kepulauan,,,
dampak kolonialisme di nusantara,concept,Dampak Kolonialisme di Nusantara,,,
polarisasi dunia pasca perang dunia ii,topic_fine,Polarisasi Dunia Pasca Perang Dunia II,,,
blok barat,concept,Blok Barat,C5-Mengevaluasi,5.0,2.0
blok timur,concept,Blok Timur,C5-Mengevaluasi,5.0,2.0
polarisasi dunia,concept,Polarisasi Dunia,C4-Menganalisis,4.0,1.0
q_0e1e4b2b84,question,Analisislah mengapa dunia terpolarisasi setelah Perang Dunia II!,C4-Menganalisis,4.0,
peran bebas dan aktif indonesia,topic_fine,Peran Bebas dan Aktif Indonesia,,,
kedaulatan nasional,concept,Kedaulatan Nasional,C4-Menganalisis,4.0,1.0
perdamaian dunia,concept,Perdamaian Dunia,C4-Menganalisis,4.0,1.0
q_cf7ca0114a,question,Bedakan peran komponen 'Bebas' dan 'Aktif' dalam politik luar negeri Indonesia dalam konteks menjaga kedaulatan nasional,C4-Menganalisis,4.0,
konsep dasar politik luar negeri,concept,Konsep Dasar Politik Luar Negeri,,,
implementasi politik luar negeri indonesia,concept,Implementasi Politik Luar Negeri Indonesia,,,
sistem keuangan digital,topic_coarse,Sistem Keuangan Digital,C4-Menganalisis,4.0,1.0
peran regulator dan fintech,topic_fine,Peran Regulator dan Fintech,,,
perusahaan fintech (gopay),concept,Perusahaan Fintech (GoPay),C4-Menganalisis,4.0,1.0
perbedaan peran,concept,Perbedaan Peran,C4-Menganalisis,4.0,1.0
q_ce52e2d13e,question,Bedakan peran Otoritas Jasa Keuangan (OJK) dengan peran perusahaan Fintech seperti GoPay dalam sistem keuangan digital.,C4-Menganalisis,4.0,
pengertian ojk,concept,Pengertian OJK,,,
dampak regulasi terhadap inovasi fintech,concept,Dampak Regulasi terhadap Inovasi Fintech,,,
perbandingan kebijakan fiskal dan moneter,topic_fine,Perbandingan Kebijakan Fiskal dan Moneter,,,
koordinasi kebijakan ekonomi,concept,Koordinasi Kebijakan Ekonomi,C4-Menganalisis,4.0,1.0
q_936269b1a4,question,Bandingkan instrumen Kebijakan Fiskal dengan instrumen Kebijakan Moneter. Mengapa kedua kebijakan ini harus dikoordinasi,C4-Menganalisis,4.0,
konsep dasar kebijakan fiskal,concept,Konsep Dasar Kebijakan Fiskal,,,
konsep dasar kebijakan moneter,concept,Konsep Dasar Kebijakan Moneter,,,
dampak koordinasi kebijakan terhadap stabilitas makroekonomi,concept,Dampak Koordinasi Kebijakan terhadap Stabilitas Makroekonomi,,,
ekonomi dan kebutuhan,topic_coarse,Ekonomi dan Kebutuhan,,,
faktor pengaruh kegiatan konsumsi,topic_fine,Faktor Pengaruh Kegiatan Konsumsi,,,
faktor eksternal,concept,Faktor Eksternal,C4-Menganalisis,4.0,1.0
kebudayaan,concept,Kebudayaan,C4-Menganalisis,4.0,1.0
q_d0219a87f1,question,Analisis mengapa tujuan konsumsi untuk 'menjaga status sosial' sangat dipengaruhi oleh faktor eksternal seperti kebudaya,C4-Menganalisis,4.0,
perilaku konsumen,concept,Perilaku Konsumen,C5-Mengevaluasi,5.0,1.0
sosiologi teknologi,topic_coarse,Sosiologi Teknologi,,,
masyarakat jaringan dan konsep sosial,topic_fine,Masyarakat Jaringan dan Konsep Sosial,,,
konsep jaringan castells,concept,Konsep Jaringan Castells,C4-Menganalisis,4.0,1.0
prinsip respect ribble,concept,Prinsip Respect Ribble,C4-Menganalisis,4.0,1.0
q_a3d4ce5c8e,question,Bandingkan konsep 'jaringan' menurut Castells dengan prinsip 'Respect' dari Ribble. Mengapa 'Respect' menjadi krusial da,C4-Menganalisis,4.0,
konsep masyarakat jaringan,concept,Konsep Masyarakat Jaringan,,,
dampak sosial era informasi,concept,Dampak Sosial Era Informasi,,,
perubahan kurikulum nasional,topic_fine,Perubahan Kurikulum Nasional,,,
perubahan kurikulum,concept,Perubahan Kurikulum,C4-Menganalisis,4.0,1.0
kbk,concept,KBK,C4-Menganalisis,4.0,1.0
ktsp,concept,KTSP,C4-Menganalisis,4.0,1.0
k-13,concept,K-13,C4-Menganalisis,4.0,1.0
q_d2242e8f74,question,"Analisislah mengapa pemerintah merasa perlu terus mengubah kurikulum (KBK, KTSP, K-13)!",C4-Menganalisis,4.0,
konsep dasar sistem pendidikan nasional,concept,Konsep Dasar Sistem Pendidikan Nasional,,,
implementasi kurikulum merdeka,concept,Implementasi Kurikulum Merdeka,,,
dampak kebijakan jepang,concept,Dampak kebijakan Jepang,C4-Menganalisis,4.0,1.0
sistem pendidikan dualisme,concept,Sistem pendidikan dualisme,C4-Menganalisis,4.0,1.0
struktur sosial masyarakat,concept,Struktur sosial masyarakat,C4-Menganalisis,4.0,1.0
q_bf456ea0e3,question,Analisis dampak positif dan negatif dari penghapusan sistem pendidikan dualisme oleh Jepang terhadap struktur sosial mas,C4-Menganalisis,4.0,
pengenalan pendudukan jepang,concept,Pengenalan Pendudukan Jepang,,,
perubahan struktur sosial pasca-kemerdekaan,concept,Perubahan struktur sosial pasca-kemerdekaan,,,
pengaruh geografis dan budaya,topic_fine,Pengaruh Geografis dan Budaya,,,
interaksi nusantara dan bangsa asing,concept,Interaksi Nusantara dan bangsa asing,C4-Menganalisis,4.0,1.0
faktor non-ekonomi interaksi,concept,Faktor non-ekonomi interaksi,C4-Menganalisis,4.0,1.0
pengaruh kondisi geografis,concept,Pengaruh kondisi geografis,C4-Menganalisis,4.0,1.0
q_28e2171068,question,Identifikasikan faktor-faktor kunci yang menyebabkan interaksi antara Nusantara dan bangsa asing tidak hanya terbatas pa,C4-Menganalisis,4.0,
konsep dasar perdagangan maritim,concept,Konsep dasar perdagangan maritim,,,
dampak kolonialisme terhadap struktur sosial,concept,Dampak kolonialisme terhadap struktur sosial,,,
sosiologi indonesia,topic_coarse,Sosiologi Indonesia,,,
ancaman terhadap harmoni sosial,topic_fine,Ancaman terhadap Harmoni Sosial,,,
politik identitas,concept,Politik identitas,C4-Menganalisis,4.0,1.0
perpecahan masyarakat,concept,Perpecahan masyarakat,C4-Menganalisis,4.0,1.0
q_2955f1ef56,question,"Bagaimana politik identitas, yang seringkali menonjolkan perbedaan, dapat menjadi ancaman langsung bagi terwujudnya inte",C4-Menganalisis,4.0,
konsep integrasi sosial,concept,Konsep integrasi sosial,,,
strategi penguatan integrasi sosial,concept,Strategi penguatan integrasi sosial,,,
era reformasi dan kebijakan habibie,topic_fine,Era Reformasi dan Kebijakan Habibie,,,
dampak referendum timor timur,concept,Dampak referendum Timor Timur,C4-Menganalisis,4.0,1.0
citra presiden b.j. habibie,concept,Citra Presiden B.J. Habibie,C4-Menganalisis,4.0,1.0
q_3fa0ea39fe,question,Analisislah dampak dari kebijakan referendum Timor Timur bagi citra Presiden B.J. Habibie!,C4-Menganalisis,4.0,
latar belakang jatuhnya soeharto,concept,Latar belakang jatuhnya Soeharto,,,
konsep kabinet reformasi pembangunan,concept,Konsep Kabinet Reformasi Pembangunan,,,
perkembangan politik pasca-reformasi,concept,Perkembangan politik pasca-Reformasi,,,
konferensi kolombo 1954,concept,Konferensi Kolombo 1954,C4-Menganalisis,4.0,1.0
konferensi asia-afrika 1955,concept,Konferensi Asia-Afrika 1955,C4-Menganalisis,4.0,1.0
q_19a4d46143,question,Analisislah hubungan antara Konferensi Kolombo (1954) dan Konferensi Asia-Afrika (1955)!,C4-Menganalisis,4.0,
prinsip bebas aktif,concept,Prinsip Bebas Aktif,,,
dampak perubahan iklim pada manusia,topic_fine,Dampak Perubahan Iklim pada Manusia,,,
dampak langsung perubahan iklim,concept,Dampak Langsung Perubahan Iklim,C4-Menganalisis,4.0,1.0
dampak tidak langsung perubahan iklim,concept,Dampak Tidak Langsung Perubahan Iklim,C4-Menganalisis,4.0,1.0
kesehatan manusia,concept,Kesehatan Manusia,C4-Menganalisis,4.0,1.0
q_c4e7bb524f,question,Bedakan antara dampak langsung (contoh: banjir akibat cuaca ekstrem) dan dampak tidak langsung (contoh: meningkatnya pen,C4-Menganalisis,4.0,
konsep cuaca dan iklim,concept,Konsep Cuaca dan Iklim,,,
perkembangan konsep uang,topic_fine,Perkembangan Konsep Uang,,,
penciptaan uang,concept,Penciptaan Uang,C4-Menganalisis,4.0,1.0
alat tukar,concept,Alat Tukar,C4-Menganalisis,4.0,1.0
q_345292f5b8,question,Analisislah hubungan sebab-akibat antara keterbatasan sistem barter dengan penciptaan uang sebagai alat tukar!,C4-Menganalisis,4.0,
interaksi pelaku ekonomi global,topic_fine,Interaksi Pelaku Ekonomi Global,,,
pelaku ekonomi dalam negeri,concept,Pelaku Ekonomi Dalam Negeri,C4-Menganalisis,4.0,1.0
interaksi ekonomi internasional,concept,Interaksi Ekonomi Internasional,C4-Menganalisis,4.0,1.0
q_39b9af6bc0,question,"Uraikan bagaimana kegiatan ekspor dan impor menunjukkan interaksi antara pelaku ekonomi dalam negeri (RTP, RTK, Pemerint",C4-Menganalisis,4.0,
pengertian pelaku ekonomi,concept,Pengertian Pelaku Ekonomi,,,
kegiatan konsumsi dan produksi,concept,Kegiatan Konsumsi dan Produksi,,,
interaksi komponen ekosistem,topic_fine,Interaksi Komponen Ekosistem,,,
komponen biotik,concept,Komponen Biotik,C4-Menganalisis,4.0,1.0
komponen abiotik,concept,Komponen Abiotik,C4-Menganalisis,4.0,1.0
siklus kehidupan,concept,Siklus Kehidupan,C4-Menganalisis,4.0,1.0
q_785c3f15d4,question,Bedakan secara rinci peran lingkungan biotik dan abiotik dalam menjaga siklus kehidupan di suatu ekosistem!,C4-Menganalisis,4.0,
definisi komponen biotik dan abiotik,concept,Definisi Komponen Biotik dan Abiotik,,,
dampak perubahan komponen ekosistem,concept,Dampak Perubahan Komponen Ekosistem,,,
jasa keuangan ilegal,concept,Jasa keuangan ilegal,C4-Menganalisis,4.0,1.0
q_167d1d0712,question,Analisis hubungan sebab-akibat antara rendahnya tingkat literasi finansial dengan tingginya potensi masyarakat terjerat ,C4-Menganalisis,4.0,
pendapatan primer,concept,Pendapatan Primer,C4-Menganalisis,4.0,1.0
pendapatan sekunder,concept,Pendapatan Sekunder,C4-Menganalisis,4.0,1.0
q_98512eae1b,question,Bandingkan antara komponen Pendapatan Primer dan Pendapatan Sekunder dalam Transaksi Berjalan. Apa perbedaan utama dari ,C4-Menganalisis,4.0,
menganalisis perbedaan sumber dana,method,Menganalisis perbedaan sumber dana,,,
pengertian neraca pembayaran,concept,Pengertian Neraca Pembayaran,,,
pengukuran ketimpangan dan kemiskinan,topic_fine,Pengukuran Ketimpangan dan Kemiskinan,,,
indikator statistik,concept,Indikator Statistik,C4-Menganalisis,4.0,1.0
q_6409396408,question,"Analisis keterkaitan antara nilai Rasio Gini 0,388 dengan fakta bahwa 25,90 juta orang masih hidup di bawah Garis Kemisk",C4-Menganalisis,4.0,
menganalisis korelasi,method,Menganalisis Korelasi,,,
definisi rasio gini,concept,Definisi Rasio Gini,,,
kebijakan pengentasan kemiskinan,concept,Kebijakan Pengentasan Kemiskinan,,,
fusi partai,concept,Fusi Partai,C4-Menganalisis,4.0,1.0
kemenangan golkar,concept,Kemenangan Golkar,C4-Menganalisis,4.0,1.0
q_7e4a398f83,question,"Analisislah hubungan antara Fusi Partai (menjadi PPP, PDI) dan kemenangan Golkar pada pemilu-pemilu berikutnya!",C4-Menganalisis,4.0,
dampak stabilitas politik orde baru,concept,Dampak Stabilitas Politik Orde Baru,,,
dampak ekologis,concept,Dampak Ekologis,C4-Menganalisis,4.0,1.0
dampak kesehatan,concept,Dampak Kesehatan,C4-Menganalisis,4.0,1.0
dampak ekonomis,concept,Dampak Ekonomis,C4-Menganalisis,4.0,1.0
q_89c9a1d12f,question,"Teks menyatakan bahwa perubahan iklim berdampak pada aspek ekologis, kesehatan, dan ekonomis. Kategorikan setiap gejala ",C4-Menganalisis,4.0,
ketidakseimbangan pusat dan daerah,topic_fine,Ketidakseimbangan Pusat dan Daerah,,,
ketidakseimbangan alokasi dana pembangunan,concept,Ketidakseimbangan alokasi dana pembangunan,C4-Menganalisis,4.0,1.0
ketidakpuasan daerah,concept,Ketidakpuasan Daerah,C4-Menganalisis,4.0,2.0
q_b0582bab03,question,Analisislah mengapa ketidakpuasan ekonomi (alokasi dana) di daerah bisa berkembang menjadi pemberontakan militer (PRRI/P,C4-Menganalisis,4.0,
konsep desentralisasi,concept,Konsep Desentralisasi,,,
struktur pemerintahan indonesia,concept,Struktur Pemerintahan Indonesia,,,
dampak politik prri/permesta,concept,Dampak politik PRRI/Permesta,,,
pusat pemerintahan pesisir,topic_fine,Pusat Pemerintahan Pesisir,,,
keunggulan lokasi pesisir,concept,Keunggulan Lokasi Pesisir,C4-Menganalisis,4.0,1.0
q_1332338c46,question,"Analisislah mengapa wilayah pesisir, khususnya pesisir timur Sumatra dan utara Jawa, menjadi lokasi awal berkembangnya p",C4-Menganalisis,4.0,
menganalisis faktor geografis,method,Menganalisis Faktor Geografis,,,
konsep dasar geografi nusantara,concept,Konsep Dasar Geografi Nusantara,,,
sejarah jalur perdagangan,concept,Sejarah Jalur Perdagangan,,,
dampak globalisasi terhadap nusantara,concept,Dampak Globalisasi Terhadap Nusantara,,,
ketentuan upah,topic_coarse,Ketentuan Upah,,,
perbedaan upah minimum daerah,topic_fine,Perbedaan Upah Minimum Daerah,,,
faktor penentu perbedaan upah,concept,Faktor penentu perbedaan upah,C4-Menganalisis,4.0,1.0
q_34ee4b6572,question,Analisislah mengapa UMK (Kabupaten/Kota) seringkali nilainya berbeda (bisa lebih tinggi) daripada UMP (Provinsi)!,C4-Menganalisis,4.0,
konsep upah minimum,concept,Konsep Upah Minimum,,,
achieved status,concept,Achieved Status,C6-Mencipta,5.0,2.0
q_f4281ce2f0,question,Analisislah mengapa status Ir. Sukarno dan Moh. Hatta sebagai Bapak Proklamator digolongkan sebagai 'assigned status' da,C4-Menganalisis,4.0,
dampak status sosial dalam masyarakat,concept,Dampak Status Sosial dalam Masyarakat,,,
manfaat ekologis dan ekonomi perairan,topic_fine,Manfaat Ekologis dan Ekonomi Perairan,,,
manfaat ekonomi sungai,concept,Manfaat ekonomi sungai,C4-Menganalisis,4.0,1.0
manfaat ekologis rawa-rawa,concept,Manfaat ekologis rawa-rawa,C4-Menganalisis,4.0,1.0
perbandingan sumber daya air,concept,Perbandingan sumber daya air,C4-Menganalisis,4.0,1.0
q_6c193b6b35,question,Bandingkan manfaat ekonomi sungai dengan manfaat ekologis rawa-rawa,C4-Menganalisis,4.0,
definisi sungai,concept,Definisi sungai,,,
definisi rawa-rawa,concept,Definisi rawa-rawa,,,
dampak perubahan iklim terhadap ekosistem perairan,concept,Dampak perubahan iklim terhadap ekosistem perairan,,,
cakupan literasi finansial,topic_fine,Cakupan Literasi Finansial,,,
pemahaman transaksi,concept,Pemahaman Transaksi,C4-Menganalisis,4.0,1.0
mengenali kejahatan finansial,concept,Mengenali Kejahatan Finansial,C4-Menganalisis,4.0,1.0
q_444443afaa,question,"Uraikan bagaimana lima cakupan pertama literasi finansial (pemahaman transaksi, pemasukan, pengeluaran, tabungan, berbag",C4-Menganalisis,4.0,
menganalisis hubungan antar konsep,method,Menganalisis hubungan antar konsep,,,
pemahaman dasar pengelolaan keuangan,concept,Pemahaman dasar pengelolaan keuangan,,,
penerapan strategi mitigasi risiko finansial,concept,Penerapan strategi mitigasi risiko finansial,,,
keterkaitan sumber daya alam,topic_fine,Keterkaitan Sumber Daya Alam,,,
pelestarian udara,concept,Pelestarian udara,C4-Menganalisis,4.0,1.0
pelestarian air,concept,Pelestarian air,C4-Menganalisis,4.0,1.0
pelestarian tanah,concept,Pelestarian Tanah,C6-Mencipta,5.0,2.0
q_4c8aa8a9cf,question,"Uraikan keterkaitan antara tiga jenis pelestarian (udara, air, tanah). Bagaimana kerusakan pada salah satu sumber daya d",C4-Menganalisis,4.0,
revolusi industri dan dampaknya,topic_fine,Revolusi Industri dan Dampaknya,,,
mesin uap,concept,Mesin Uap,C4-Menganalisis,4.0,1.0
revolusi industri 1.0,concept,Revolusi Industri 1.0,C4-Menganalisis,4.0,2.0
perubahan struktur masyarakat,concept,Perubahan Struktur Masyarakat,C4-Menganalisis,4.0,1.0
q_74cb2b07ac,question,Analisislah hubungan sebab-akibat antara penemuan mesin uap pada Revolusi Industri 1.0 dengan perubahan struktur masyara,C4-Menganalisis,4.0,
konsep dasar industrialisasi,concept,Konsep Dasar Industrialisasi,,,
pengetahuan tentang revolusi industri,concept,Pengetahuan tentang Revolusi Industri,,,
dampak sosial ekonomi industrialisasi,concept,Dampak Sosial Ekonomi Industrialisasi,,,
proses terbentuknya masalah sosial,topic_fine,Proses Terbentuknya Masalah Sosial,,,
tahapan proses terbentuknya masalah sosial,concept,Tahapan proses terbentuknya masalah sosial,C4-Menganalisis,4.0,1.0
klaim masalah sosial,concept,Klaim masalah sosial,C4-Menganalisis,4.0,1.0
q_f2378dcff7,question,"Dari enam tahapan proses terbentuknya masalah sosial, manakah tahap yang paling menentukan apakah suatu klaim akan berha",C4-Menganalisis,4.0,
implementasi kebijakan publik,concept,Implementasi Kebijakan Publik,,,
kerja sama dan persaingan antarnegara,topic_fine,Kerja Sama dan Persaingan Antarnegara,,,
realisme,concept,Realisme,C6-Mencipta,5.0,3.0
saling ketergantungan,concept,Saling Ketergantungan,C4-Menganalisis,4.0,1.0
q_ffc09f09f7,question,"Perang Dingin digambarkan sebagai era persaingan antar blok, namun teks juga menyebutkan adanya kerja sama yang intensif",C4-Menganalisis,4.0,
menganalisis sifat dan batasan,method,Menganalisis sifat dan batasan,,,
teori realisme,concept,Teori Realisme,,,
perbandingan paradigma hubungan internasional,concept,Perbandingan Paradigma Hubungan Internasional,,,
faktor penentu perubahan populasi,topic_fine,Faktor Penentu Perubahan Populasi,,,
faktor pro-mortalitas,concept,Faktor pro-mortalitas,C4-Menganalisis,4.0,1.0
faktor anti-mortalitas,concept,Faktor anti-mortalitas,C4-Menganalisis,4.0,1.0
q_ac128cc135,question,Bandingkan faktor-faktor pro-mortalitas dengan anti-mortalitas. Manakah dari kedua kelompok faktor tersebut yang lebih b,C4-Menganalisis,4.0,
konsep kelahiran dan kematian,concept,Konsep kelahiran dan kematian,,,
evolusi sistem pertukaran dan uang,topic_fine,Evolusi Sistem Pertukaran dan Uang,,,
kelemahan barter,concept,Kelemahan Barter,C6-Mencipta,5.0,3.0
perubahan menuju uang,concept,Perubahan menuju uang,C4-Menganalisis,4.0,1.0
kepemilikan individu,concept,Kepemilikan individu,C4-Menganalisis,4.0,1.0
q_518fba2628,question,"Identifikasi faktor-faktor utama yang mendorong setiap perubahan dalam evolusi uang, mulai dari barter hingga uang kerta",C4-Menganalisis,4.0,
menganalisis faktor pendorong,method,Menganalisis faktor pendorong,,,
konsep kepemilikan komunal,concept,Konsep Kepemilikan Komunal,,,
taktik bumi hangus,concept,Taktik bumi hangus,C4-Menganalisis,4.0,1.0
keuntungan taktik bumi hangus,concept,Keuntungan taktik bumi hangus,C4-Menganalisis,4.0,1.0
kerugian taktik bumi hangus,concept,Kerugian taktik bumi hangus,C4-Menganalisis,4.0,1.0
q_7ba6aff59e,question,"Analisislah taktik ""bumi hangus"". Apa keuntungan dan kerugian dari taktik tersebut bagi pihak Indonesia?",C4-Menganalisis,4.0,
situasi politik pasca-proklamasi,concept,Situasi politik pasca-proklamasi,,,
perang kemerdekaan indonesia,concept,Perang Kemerdekaan Indonesia,,,
status yang diberikan,concept,Status yang diberikan,C4-Menganalisis,4.0,1.0
q_813b9673ee,question,Identifikasikan faktor pembeda utama antara status sebagai 'anak bangsawan' dengan status sebagai 'dokter'.,C4-Menganalisis,4.0,
kesejahteraan dan partisipasi masyarakat,topic_fine,Kesejahteraan dan Partisipasi Masyarakat,,,
masyarakat sebagai subjek,concept,Masyarakat sebagai subjek,C4-Menganalisis,4.0,1.0
keberagaman adat dan budaya,concept,Keberagaman adat dan budaya,C4-Menganalisis,4.0,1.0
definisi kesejahteraan lokal,concept,Definisi kesejahteraan lokal,C4-Menganalisis,4.0,1.0
q_eb9ec42930,question,Kritisi proyeksi optimis Bappenas tentang pertumbuhan ekonomi 6-7% pada tahun 2030. Faktor-faktor apa saja yang disebutk,C4-Menganalisis,4.0,
menganalisis hambatan,method,Menganalisis hambatan,,,
evaluasi kebijakan pembangunan,concept,Evaluasi kebijakan pembangunan,,,
penguatan nasionalisme dan ekonomi,topic_fine,Penguatan Nasionalisme dan Ekonomi,,,
struktur ekonomi,concept,Struktur Ekonomi,C4-Menganalisis,4.0,1.0
produk lokal,concept,Produk Lokal,C4-Menganalisis,4.0,1.0
q_fdf22c3619,question,Analisis mengapa tindakan sederhana seperti 'menggunakan produk buatan Indonesia' dapat menjadi fondasi penting dalam me,C4-Menganalisis,4.0,
konsep dasar nasionalisme,concept,Konsep dasar nasionalisme,,,
pengertian globalisasi,concept,Pengertian Globalisasi,,,
teori kuantitas uang,topic_fine,Teori Kuantitas Uang,C4-Menganalisis,4.0,1.0
jumlah uang beredar (m),concept,Jumlah Uang Beredar (M),C4-Menganalisis,4.0,1.0
tingkat harga (p),concept,Tingkat Harga (P),C4-Menganalisis,4.0,1.0
kecepatan peredaran uang (v),concept,Kecepatan Peredaran Uang (V),C4-Menganalisis,4.0,1.0
q_dcd76e9efe,question,"Dalam Teori Kuantitas Uang, analisislah apa yang akan terjadi pada Tingkat Harga (P) jika Jumlah Uang Beredar (M) mening",C4-Menganalisis,4.0,
menganalisis hubungan antar variabel,method,Menganalisis hubungan antar variabel,,,
persamaan kuantitas uang,concept,Persamaan Kuantitas Uang,,,
teori permintaan uang keynesian,concept,Teori Permintaan Uang Keynesian,,,
perubahan fungsi kawasan hutan,topic_fine,Perubahan Fungsi Kawasan Hutan,,,
hutan produksi,concept,Hutan Produksi,C4-Menganalisis,4.0,1.0
dampak lingkungan,concept,Dampak Lingkungan,C4-Menganalisis,4.0,1.0
q_66ec8318c6,question,"Jika suatu kawasan hutan produksi diubah fungsinya menjadi hutan lindung, analisislah potensi dampak positif dan negatif",C4-Menganalisis,4.0,
analisis dampak,method,Analisis Dampak,,,
jenis-jenis hutan,concept,Jenis-jenis Hutan,,,
manajemen kehutanan berkelanjutan,concept,Manajemen Kehutanan Berkelanjutan,,,
fungsi dan potensi sda,topic_fine,Fungsi dan Potensi SDA,,,
tata air,concept,Tata Air,C4-Menganalisis,4.0,1.0
erosi,concept,Erosi,C4-Menganalisis,4.0,1.0
kesejahteraan manusia,concept,Kesejahteraan Manusia,C4-Menganalisis,4.0,1.0
q_d5e81ddad4,question,Hubungkan fungsi hutan lindung dalam mengatur tata air dan mencegah erosi dengan potensi kesejahteraan manusia yang ting,C4-Menganalisis,4.0,
konsep sda hayati,concept,Konsep SDA Hayati,,,
dampak perubahan penggunaan lahan,concept,Dampak Perubahan Penggunaan Lahan,,,
jenis dana pensiun,topic_fine,Jenis Dana Pensiun,,,
dana pensiun pemberi kerja (dppk),concept,Dana Pensiun Pemberi Kerja (DPPK),C5-Mengevaluasi,5.0,2.0
dana pensiun lembaga keuangan (dplk),concept,Dana Pensiun Lembaga Keuangan (DPLK),C6-Mencipta,5.0,3.0
sumber pembentukan dana pensiun,concept,Sumber Pembentukan Dana Pensiun,C4-Menganalisis,4.0,1.0
q_486a275250,question,Apa perbedaan fundamental dari sumber pembentukan antara Dana Pensiun Pemberi Kerja (DPPK) dan Dana Pensiun Lembaga Keua,C4-Menganalisis,4.0,
pengertian dana pensiun,concept,Pengertian Dana Pensiun,,,
perbandingan fungsi dppk dan dplk,concept,Perbandingan Fungsi DPPK dan DPLK,,,
sidang istimewa mpr 1998,concept,Sidang Istimewa MPR 1998,C6-Mencipta,5.0,2.0
tap mpr,concept,Tap MPR,C4-Menganalisis,4.0,1.0
pemerintahan bersih kkn,concept,Pemerintahan Bersih KKN,C4-Menganalisis,4.0,1.0
q_e870bf56df,question,"Analisislah mengapa Sidang Istimewa MPR 1998 (yang menghasilkan Tap KKN, Pemilu, dll) sangat penting bagi arah Reformasi",C4-Menganalisis,4.0,
konsep dwifungsi abri,concept,Konsep Dwifungsi ABRI,,,
implementasi demokrasi pasca reformasi,concept,Implementasi Demokrasi Pasca Reformasi,,,
ekonomi politik,topic_coarse,Ekonomi Politik,,,
krisis moneter dan kebijakan imf,topic_fine,Krisis Moneter dan Kebijakan IMF,,,
letter of intent (loi),concept,Letter of Intent (LoI),C4-Menganalisis,4.0,1.0
pencabutan subsidi,concept,Pencabutan Subsidi,C4-Menganalisis,4.0,1.0
dampak kebijakan imf,concept,Dampak Kebijakan IMF,C4-Menganalisis,4.0,1.0
q_a7d9e71f65,question,"Analisislah mengapa IMF mengharuskan ""pencabutan subsidi"" sebagai syarat bantuan LoI!",C4-Menganalisis,4.0,
konsep krisis ekonomi,concept,Konsep Krisis Ekonomi,,,
fungsi lembaga keuangan internasional,concept,Fungsi Lembaga Keuangan Internasional,,,
reformasi ekonomi indonesia pasca-1998,concept,Reformasi Ekonomi Indonesia Pasca-1998,,,
proses penyusunan anggaran negara,topic_fine,Proses Penyusunan Anggaran Negara,,,
fungsi dpr,concept,Fungsi DPR,C4-Menganalisis,4.0,1.0
keterlibatan legislatif,concept,Keterlibatan Legislatif,C4-Menganalisis,4.0,1.0
prinsip demokrasi fiskal,concept,Prinsip Demokrasi Fiskal,C4-Menganalisis,4.0,1.0
q_4170574e15,question,Analisislah mengapa proses penyusunan APBN harus melibatkan DPR dan tidak bisa diputuskan oleh Presiden saja!,C4-Menganalisis,4.0,
fungsi pemerintah,concept,Fungsi Pemerintah,,,
implementasi kebijakan fiskal,concept,Implementasi Kebijakan Fiskal,,,
sidang ppki iii,concept,Sidang PPKI III,C4-Menganalisis,4.0,1.0
q_2d02185509,question,Analisislah hubungan antara Sidang PPKI I (pengangkatan Presiden) dan Sidang PPKI III (pembentukan KNIP)!,C4-Menganalisis,4.0,
menganalisis hubungan antar peristiwa,method,Menganalisis hubungan antar peristiwa,,,
fungsi ppki,concept,Fungsi PPKI,,,
perkembangan sistem pemerintahan indonesia,concept,Perkembangan Sistem Pemerintahan Indonesia,,,
strategi pencegahan perundungan sekolah,topic_fine,Strategi Pencegahan Perundungan Sekolah,,,
duta pelajar antikekerasan,concept,Duta Pelajar Antikekerasan,C4-Menganalisis,4.0,1.0
efektivitas intervensi sosial,concept,Efektivitas Intervensi Sosial,C4-Menganalisis,4.0,1.0
perilaku siswa,concept,Perilaku Siswa,C4-Menganalisis,4.0,1.0
q_9c74c75757,question,Bandingkan efektivitas pembentukan 'duta pelajar antikekerasan' dengan 'kampanye sosial' dalam upaya mengurangi kasus pe,C4-Menganalisis,4.0,
pemahaman konsep perundungan,concept,Pemahaman Konsep Perundungan,,,
pengetahuan model intervensi sosial,concept,Pengetahuan Model Intervensi Sosial,,,
evaluasi program pencegahan,concept,Evaluasi Program Pencegahan,,,
pengembangan kebijakan sekolah,concept,Pengembangan Kebijakan Sekolah,,,
demografi dan sosial,topic_coarse,Demografi dan Sosial,,,
metode pengumpulan data kependudukan,topic_fine,Metode Pengumpulan Data Kependudukan,,,
sensus de facto,concept,Sensus de facto,C4-Menganalisis,4.0,1.0
bantuan sosial,concept,Bantuan sosial,C4-Menganalisis,4.0,1.0
potensi masalah,concept,Potensi masalah,C4-Menganalisis,4.0,1.0
q_db43f2c85f,question,Analisis potensi masalah yang mungkin timbul jika suatu negara hanya menggunakan metode sensus de facto untuk pembagian ,C4-Menganalisis,4.0,
konsep sensus,concept,Konsep sensus,,,
implikasi kebijakan sosial,concept,Implikasi kebijakan sosial,,,
konsep dasar penulisan sejarah,topic_fine,Konsep Dasar Penulisan Sejarah,,,
kritik terhadap mitos dalam sejarah,concept,Kritik terhadap mitos dalam sejarah,C4-Menganalisis,4.0,1.0
peran kuntowijoyo,concept,Peran Kuntowijoyo,C4-Menganalisis,4.0,1.0
perbandingan penulisan sejarah sebelum herodotus,concept,Perbandingan penulisan sejarah sebelum Herodotus,C4-Menganalisis,4.0,1.0
q_3e04fc82ed,question,Mengapa Kuntowijoyo merasa perlu untuk menegaskan bahwa 'sejarah itu bukan mitos'? Kaitkan penegasannya dengan kondisi p,C4-Menganalisis,4.0,
konsep mitos,concept,Konsep mitos,,,
metodologi penulisan sejarah modern,concept,Metodologi penulisan sejarah modern,,,
tahapan dan bias dalam penelitian,topic_fine,Tahapan dan Bias dalam Penelitian,,,
tahapan penelitian,concept,Tahapan penelitian,C4-Menganalisis,4.0,1.0
bias subjektif,concept,Bias subjektif,C4-Menganalisis,4.0,1.0
objektivitas penelitian,concept,Objektivitas penelitian,C4-Menganalisis,4.0,1.0
q_c642f01e2f,question,Telaah sembilan tahapan penelitian. Identifikasi pada tahap mana seorang peneliti paling rentan mengalami bias subjektif,C4-Menganalisis,4.0,
mengidentifikasi,method,Mengidentifikasi,,,
jenis-jenis bias,concept,Jenis-jenis bias,,,
etika penelitian,concept,Etika penelitian,,,
peningkatan kebutuhan masyarakat,concept,Peningkatan kebutuhan masyarakat,C4-Menganalisis,4.0,1.0
perubahan harga barang,concept,Perubahan harga barang,C4-Menganalisis,4.0,1.0
q_fec2ff3c8c,question,Analisis hubungan sebab-akibat antara peningkatan kebutuhan masyarakat menjelang hari raya lebaran dengan perubahan harg,C4-Menganalisis,4.0,
konsep penawaran,concept,Konsep Penawaran,,,
elastisitas permintaan dan penawaran,concept,Elastisitas permintaan dan penawaran,,,
ekologi tumbuhan,topic_coarse,Ekologi Tumbuhan,,,
adaptasi flora di lingkungan ekstrem,topic_fine,Adaptasi Flora di Lingkungan Ekstrem,,,
adaptasi tumbuhan,concept,Adaptasi tumbuhan,C4-Menganalisis,4.0,1.0
gurun panas kering,concept,Gurun panas kering,C4-Menganalisis,4.0,1.0
tundra dingin beku,concept,Tundra dingin beku,C4-Menganalisis,4.0,1.0
perbandingan lingkungan,concept,Perbandingan lingkungan,C4-Menganalisis,4.0,1.0
q_d254945f65,question,Bandingkan dan kontraskan strategi adaptasi tumbuhan untuk bertahan hidup di dua lingkungan ekstrem: Gurun yang panas da,C4-Menganalisis,4.0,
jenis bioma,concept,Jenis bioma,,,
faktor iklim,concept,Faktor Iklim,C5-Mengevaluasi,5.0,2.0
perbandingan jalur perjuangan indonesia,topic_fine,Perbandingan Jalur Perjuangan Indonesia,,,
sutan sjahrir,concept,Sutan Sjahrir,C4-Menganalisis,4.0,1.0
q_e034b10b29,question,Bandingkan peran Sutan Sjahrir dan Jenderal Soedirman. Bagaimana kedua tokoh ini mewakili dua jalur perjuangan yang berb,C4-Menganalisis,4.0,
membandingkan peran tokoh,method,Membandingkan peran tokoh,,,
menganalisis representasi jalur perjuangan,method,Menganalisis representasi jalur perjuangan,,,
sejarah perjuangan kemerdekaan,concept,Sejarah Perjuangan Kemerdekaan,,,
konsep diplomasi dan gerilya,concept,Konsep Diplomasi dan Gerilya,,,
dampak perundingan linggarjati,concept,Dampak Perundingan Linggarjati,,,
peran ktn dalam konflik indonesia,concept,Peran KTN dalam Konflik Indonesia,,,
sejarah teknologi,topic_coarse,Sejarah Teknologi,,,
evolusi revolusi industri,topic_fine,Evolusi Revolusi Industri,,,
revolusi industri 2.0,concept,Revolusi Industri 2.0,C5-Mengevaluasi,5.0,2.0
q_ffed2752a9,question,Uraikan bagaimana setiap tahapan Revolusi Industri (1.0 hingga 4.0) secara logis membangun fondasi bagi tahap berikutnya,C4-Menganalisis,4.0,
menganalisis hubungan sebab-akibat antar tahapan,method,Menganalisis hubungan sebab-akibat antar tahapan,,,
pemahaman dasar tentang industrialisasi,concept,Pemahaman dasar tentang industrialisasi,,,
sosiologi perubahan sosial,topic_coarse,Sosiologi Perubahan Sosial,,,
analisis pandemi covid-19 teori fungsionalis,topic_fine,Analisis Pandemi Covid-19 Teori Fungsionalis,,,
teori fungsionalis,concept,Teori Fungsionalis,C4-Menganalisis,4.0,1.0
talcott parsons,concept,Talcott Parsons,C4-Menganalisis,4.0,1.0
generalisasi nilai,concept,Generalisasi Nilai,C4-Menganalisis,4.0,1.0
q_a895bdb0b4,question,"Analisis bagaimana Pandemi Covid-19 dapat dilihat dari sudut pandang Teori Fungsionalis, khususnya terkait empat proses ",C4-Menganalisis,4.0,
konsep dasar fungsionalisme,concept,Konsep Dasar Fungsionalisme,,,
teori konflik perubahan sosial,concept,Teori Konflik Perubahan Sosial,,,
kondisi keamanan internal,concept,Kondisi keamanan internal,C4-Menganalisis,4.0,1.0
peristiwa besar tahun 1955,concept,Peristiwa besar tahun 1955,C4-Menganalisis,4.0,1.0
q_6187e60dd2,question,Uraikan kontradiksi antara kondisi keamanan internal yang belum stabil dengan keberhasilan Indonesia menyelenggarakan du,C4-Menganalisis,4.0,
menganalisis kontradiksi,method,Menganalisis Kontradiksi,,,
pembukaan uud 1945,concept,Pembukaan UUD 1945,,,
transisi ke orde baru,concept,Transisi ke Orde Baru,,,
jenis kawasan hutan konservasi,topic_fine,Jenis Kawasan Hutan Konservasi,,,
kawasan hutan suaka alam,concept,Kawasan Hutan Suaka Alam,C4-Menganalisis,4.0,1.0
kawasan hutan pelestarian alam,concept,Kawasan Hutan Pelestarian Alam,C4-Menganalisis,4.0,1.0
hutan konservasi,concept,Hutan Konservasi,C5-Mengevaluasi,5.0,2.0
q_e5b434b7a4,question,Bedakan secara rinci antara fungsi 'Kawasan Hutan Suaka Alam' dan 'Kawasan Hutan Pelestarian Alam' meskipun keduanya sam,C4-Menganalisis,4.0,
pengertian hutan konservasi,concept,Pengertian Hutan Konservasi,,,
fokus kebijakan orde baru,topic_fine,Fokus Kebijakan Orde Baru,,,
prioritas stabilitas politik,concept,Prioritas Stabilitas Politik,C4-Menganalisis,4.0,1.0
q_a75c9aa6c8,question,"Analisislah mengapa Orde Baru memprioritaskan ""Stabilitas"" (pilar pertama Trilogi Pembangunan) di atas segalanya!",C4-Menganalisis,4.0,
definisi trilogi pembangunan,concept,Definisi Trilogi Pembangunan,,,
penggunaan uang,concept,Penggunaan uang,C4-Menganalisis,4.0,1.0
perkembangan peradaban,concept,Perkembangan peradaban,C4-Menganalisis,4.0,1.0
kompleksitas kebutuhan manusia,concept,Kompleksitas kebutuhan manusia,C4-Menganalisis,4.0,1.0
q_628d758358,question,Uraikan bagaimana transisi dari sistem barter ke penggunaan uang mencerminkan perkembangan peradaban dan kompleksitas ke,C4-Menganalisis,4.0,
menganalisis transisi,method,Menganalisis transisi,,,
teori nilai uang,concept,Teori nilai uang,,,
dampak jalur sutra,topic_fine,Dampak Jalur Sutra,,,
dampak budaya,concept,Dampak Budaya,C4-Menganalisis,4.0,1.0
interaksi timur-barat,concept,Interaksi Timur-Barat,C4-Menganalisis,4.0,1.0
q_1d75aafa6c,question,"Uraikan mengapa Jalur Sutra tidak hanya berdampak pada ekonomi, tetapi juga pada aspek budaya antara Timur dan Barat.",C4-Menganalisis,4.0,
globalisasi dan pertukaran budaya,concept,Globalisasi dan Pertukaran Budaya,,,
kelemahan model pemberdayaan top-down,topic_fine,Kelemahan Model Pemberdayaan Top-Down,,,
rasa kepemilikan masyarakat,concept,Rasa Kepemilikan Masyarakat,C4-Menganalisis,4.0,1.0
q_4cec218245,question,"Analisislah mengapa model top-down, meskipun jangkauannya luas, seringkali gagal menciptakan rasa kepemilikan program di",C4-Menganalisis,4.0,
analisis kesenjangan,method,Analisis Kesenjangan,,,
perbandingan model top-down dan bottom-up,concept,Perbandingan Model Top-Down dan Bottom-Up,,,
barang dan jasa akhir,concept,Barang dan Jasa Akhir,C4-Menganalisis,4.0,1.0
barang setengah jadi (barang antara),concept,Barang Setengah Jadi (Barang Antara),C4-Menganalisis,4.0,1.0
perhitungan output ekonomi,concept,Perhitungan Output Ekonomi,C4-Menganalisis,4.0,1.0
q_6add0dfa8f,question,Mengapa dalam definisi PDB ditekankan pada 'barang dan jasa akhir'? Analisislah apa yang akan terjadi jika barang seteng,C4-Menganalisis,4.0,
definisi pertumbuhan ekonomi,concept,Definisi Pertumbuhan Ekonomi,,,
metode perhitungan pdb (pengeluaran/pendapatan),concept,Metode Perhitungan PDB (Pengeluaran/Pendapatan),,,
hubungan kegagalan pengendalian ruang,topic_fine,Hubungan Kegagalan Pengendalian Ruang,,,
pengendalian pemanfaatan ruang,concept,Pengendalian Pemanfaatan Ruang,C4-Menganalisis,4.0,1.0
kualitas lingkungan,concept,Kualitas Lingkungan,C4-Menganalisis,4.0,1.0
sebab-akibat,concept,Sebab-Akibat,C4-Menganalisis,4.0,1.0
q_ef276a4fa3,question,Analisislah hubungan sebab-akibat antara kegagalan dalam 'Pengendalian Pemanfaatan Ruang' dengan penurunan kualitas ling,C4-Menganalisis,4.0,
strategi mitigasi dampak lingkungan,concept,Strategi Mitigasi Dampak Lingkungan,,,
dampak keragaman sosial budaya,topic_fine,Dampak Keragaman Sosial Budaya,,,
negara kepulauan,concept,Negara kepulauan,C5-Mengevaluasi,5.0,2.0
potensi konflik etnosentrisme,concept,Potensi Konflik Etnosentrisme,C4-Menganalisis,4.0,1.0
q_47c874e72a,question,Analisis hubungan sebab-akibat antara kondisi Indonesia sebagai negara kepulauan dengan munculnya potensi konflik etnose,C4-Menganalisis,4.0,
konsep budaya,concept,Konsep Budaya,,,
konsep masyarakat,concept,Konsep Masyarakat,,,
strategi pengelolaan konflik sosial,concept,Strategi Pengelolaan Konflik Sosial,,,
perdagangan dan struktur sosial,topic_fine,Perdagangan dan Struktur Sosial,,,
interaksi perdagangan asing,concept,Interaksi perdagangan asing,C4-Menganalisis,4.0,1.0
organisasi pemerintahan lokal,concept,Organisasi pemerintahan lokal,C4-Menganalisis,4.0,1.0
q_91b8acd810,question,Bagaimana interaksi dengan para pedagang asing melalui Jalur Rempah dapat menjadi faktor pendorong bagi masyarakat lokal,C4-Menganalisis,4.0,
pengenalan jalur perdagangan dunia,concept,Pengenalan Jalur Perdagangan Dunia,,,
dampak kolonialisme terhadap struktur politik,concept,Dampak kolonialisme terhadap struktur politik,,,
nasionalisme dan imperialisme asia,topic_fine,Nasionalisme dan Imperialisme Asia,,,
imperialisme baru,concept,Imperialisme Baru,C4-Menganalisis,4.0,1.0
dekolonisasi,concept,Dekolonisasi,C4-Menganalisis,4.0,1.0
q_fbf262cce5,question,"Mengapa gerakan nasionalisme di Jepang (Restorasi Meiji) menghasilkan imperialisme baru, sementara gerakan nasionalisme ",C4-Menganalisis,4.0,
perbandingan gerakan anti-kolonial global,concept,Perbandingan Gerakan Anti-Kolonial Global,,,
ancaman dan konservasi flora fauna,topic_fine,Ancaman dan Konservasi Flora Fauna,,,
"masalah ekonomi, budaya, dan hukum",concept,"Masalah ekonomi, budaya, dan hukum",C4-Menganalisis,4.0,1.0
penurunan populasi harimau sumatra,concept,Penurunan populasi Harimau Sumatra,C4-Menganalisis,4.0,1.0
konservasi sumber daya alam hayati,concept,Konservasi sumber daya alam hayati,C4-Menganalisis,4.0,1.0
q_cb7a6b4c0e,question,"Analisislah hubungan antara 'masalah ekonomi, budaya, dan hukum' yang disebutkan di awal teks dengan penurunan drastis p",C4-Menganalisis,4.0,
jenis-jenis ancaman terhadap keanekaragaman hayati,concept,Jenis-jenis ancaman terhadap keanekaragaman hayati,,,
strategi mitigasi dampak ancaman,concept,Strategi mitigasi dampak ancaman,,,
biologi indonesia,topic_coarse,Biologi Indonesia,,,
pola persebaran fauna indonesia,topic_fine,Pola Persebaran Fauna Indonesia,,,
ketergantungan habitat hutan,concept,Ketergantungan Habitat Hutan,C4-Menganalisis,4.0,1.0
q_ec83b5806d,question,"Berdasarkan daftar fauna Indonesia Barat yang diberikan, identifikasilah setidaknya tiga jenis hewan yang habitatnya san",C4-Menganalisis,4.0,
pengenalan zona fauna indonesia,concept,Pengenalan Zona Fauna Indonesia,,,
dampak perubahan iklim pada fauna,concept,Dampak Perubahan Iklim pada Fauna,,,
perbandingan vegetasi bioma dunia,topic_fine,Perbandingan Vegetasi Bioma Dunia,,,
keanekaragaman spesies pohon,concept,Keanekaragaman spesies pohon,C4-Menganalisis,4.0,1.0
bioma taiga,concept,Bioma Taiga,C5-Mengevaluasi,5.0,2.0
pengaruh iklim,concept,Pengaruh iklim,C4-Menganalisis,4.0,1.0
q_f54621eefe,question,Analisis perbedaan fundamental dalam hal keanekaragaman spesies pohon antara bioma Taiga dan Hutan Tropis. Faktor iklim ,C4-Menganalisis,4.0,
definisi bioma,concept,Definisi Bioma,,,
faktor pembentuk bioma,concept,Faktor pembentuk bioma,,,
perencanaan program pemberdayaan,topic_fine,Perencanaan Program Pemberdayaan,,,
pelibatan pemangku kepentingan,concept,Pelibatan Pemangku Kepentingan,C4-Menganalisis,4.0,1.0
perencanaan program,concept,Perencanaan Program,C6-Mencipta,5.0,5.0
q_13049d1375,question,"Mengapa pelibatan berbagai pihak (komunitas lokal, akademisi, pemerintah) pada tahap perencanaan dianggap lebih baik dar",C4-Menganalisis,4.0,
tahapan pemberdayaan komunitas,concept,Tahapan Pemberdayaan Komunitas,,,
implementasi program pemberdayaan,concept,Implementasi Program Pemberdayaan,,,
faktor penentu penawaran uang,topic_fine,Faktor Penentu Penawaran Uang,,,
kebijakan bank sentral,concept,Kebijakan Bank Sentral,C4-Menganalisis,4.0,1.0
permintaan uang,concept,Permintaan Uang,C4-Menganalisis,4.0,1.0
q_f1d4cbd740,question,"Analisislah mengapa ""kebijakan Bank Sentral"" menjadi faktor yang memengaruhi penawaran uang, bukan permintaan uang!",C4-Menganalisis,4.0,
konsep permintaan uang,concept,Konsep Permintaan Uang,,,
komposisi dan struktur lapisan bumi,topic_fine,Komposisi dan Struktur Lapisan Bumi,,,
komposisi kimia sial,concept,Komposisi kimia SIAL,C4-Menganalisis,4.0,1.0
karakteristik ringan sial,concept,Karakteristik ringan SIAL,C4-Menganalisis,4.0,1.0
komposisi kimia sima,concept,Komposisi kimia SIMA,C4-Menganalisis,4.0,1.0
perbandingan densitas lapisan bumi,concept,Perbandingan densitas lapisan bumi,C4-Menganalisis,4.0,1.0
q_dc59643be0,question,Kaitkan komposisi kimia lapisan SIAL (kaya Silisium dan Aluminium) dengan karakteristiknya yang lebih ringan dibandingka,C4-Menganalisis,4.0,
menganalisis perbandingan komposisi dan sifat fisik,method,Menganalisis perbandingan komposisi dan sifat fisik,,,
pengenalan lapisan bumi,concept,Pengenalan lapisan bumi,,,
definisi sial dan sima,concept,Definisi SIAL dan SIMA,,,
dampak komposisi terhadap sifat fisik batuan,concept,Dampak komposisi terhadap sifat fisik batuan,,,
pencegahan konflik sosial,topic_fine,Pencegahan Konflik Sosial,,,
faktor sosial,concept,Faktor Sosial,C4-Menganalisis,4.0,1.0
q_8ef230694f,question,Data BPS menunjukkan tren peningkatan perkelahian massal. Analisislah kemungkinan faktor-faktor sosial yang menyebabkan ,C4-Menganalisis,4.0,
menganalisis faktor penyebab,method,Menganalisis faktor penyebab,,,
konsep pencegahan konflik,concept,Konsep Pencegahan Konflik,,,
strategi deeskalasi konflik,concept,Strategi Deeskalasi Konflik,,,
peran angkatan darat pasca g30s,topic_fine,Peran Angkatan Darat Pasca G30S,,,
gerakan 30 september (g30s),concept,Gerakan 30 September (G30S),C5-Mengevaluasi,5.0,3.0
peran soeharto,concept,Peran Soeharto,C4-Menganalisis,4.0,1.0
ketidakstabilan politik,concept,Ketidakstabilan Politik,C4-Menganalisis,4.0,2.0
penumpasan gerakan,concept,Penumpasan Gerakan,C4-Menganalisis,4.0,1.0
q_ab2f0fb6f9,question,Analisislah mengapa Angkatan Darat (khususnya Soeharto) mengambil peran sentral pasca-G30S!,C4-Menganalisis,4.0,
pemahaman demokrasi terpimpin,concept,Pemahaman Demokrasi Terpimpin,,,
pengetahuan tentang g30s,concept,Pengetahuan tentang G30S,,,
dampak politik orde baru,concept,Dampak Politik Orde Baru,,,
pengaturan kerja sama daerah,topic_fine,Pengaturan Kerja Sama Daerah,,,
landasan hukum,concept,Landasan Hukum,C4-Menganalisis,4.0,1.0
kerja sama daerah,concept,Kerja Sama Daerah,C4-Menganalisis,4.0,1.0
risiko ketidakpatuhan,concept,Risiko Ketidakpatuhan,C4-Menganalisis,4.0,1.0
q_afab7a08ff,question,"Analisis mengapa landasan hukum seperti UU, PP, dan Permendagri diperlukan untuk mengatur kerja sama daerah dengan pihak",C4-Menganalisis,4.0,
konsep ketahanan nasional,concept,Konsep Ketahanan Nasional,,,
implementasi kebijakan daerah,concept,Implementasi Kebijakan Daerah,,,
proses penetapan anggaran negara,topic_fine,Proses Penetapan Anggaran Negara,,,
persetujuan dpr,concept,Persetujuan DPR,C4-Menganalisis,4.0,1.0
prinsip demokrasi,concept,Prinsip Demokrasi,C4-Menganalisis,4.0,1.0
perwakilan rakyat,concept,Perwakilan Rakyat,C4-Menganalisis,4.0,1.0
q_2b601f25b3,question,Mengapa persetujuan DPR menjadi tahap krusial dalam penetapan APBN? Analisislah dari sudut pandang prinsip demokrasi dan,C4-Menganalisis,4.0,
analisis,method,Analisis,,,
fungsi lembaga negara,concept,Fungsi Lembaga Negara,,,
jenis dan dimensi konflik sosial,topic_fine,Jenis dan Dimensi Konflik Sosial,,,
konflik perebutan sumber daya alam,concept,Konflik perebutan sumber daya alam,C4-Menganalisis,4.0,1.0
konflik vertikal,concept,Konflik vertikal,C4-Menganalisis,4.0,1.0
konflik horizontal,concept,Konflik horizontal,C4-Menganalisis,4.0,1.0
q_6d8ce49a57,question,Analisis mengapa konflik perebutan sumber daya alam dapat dikategorikan sebagai konflik vertikal sekaligus konflik horiz,C4-Menganalisis,4.0,
menganalisis perbedaan dimensi konflik,method,Menganalisis perbedaan dimensi konflik,,,
strategi penyelesaian konflik,concept,Strategi penyelesaian konflik,,,
teori masuknya islam di indonesia,topic_fine,Teori Masuknya Islam di Indonesia,,,
teori masuknya islam,concept,Teori masuknya Islam,C5-Mengevaluasi,5.0,2.0
sifat komplementer teori,concept,Sifat komplementer teori,C4-Menganalisis,4.0,1.0
asumsi antar teori,concept,Asumsi antar teori,C4-Menganalisis,4.0,1.0
q_c5fdf47a82,question,"Identifikasi asumsi yang mendasari pernyataan bahwa semua teori masuknya Islam (Gujarat, Persia, Tiongkok, Arab) tidak s",C4-Menganalisis,4.0,
"pengetahuan tentang teori masuknya islam (gujarat, persia, tiongkok, arab)",concept,"Pengetahuan tentang teori masuknya Islam (Gujarat, Persia, Tiongkok, Arab)",,,
perbandingan bukti historis penyebaran islam,concept,Perbandingan bukti historis penyebaran Islam,,,
pengaruh teknologi pada pengelolaan anggaran,topic_fine,Pengaruh Teknologi pada Pengelolaan Anggaran,,,
dampak teknologi pada perdagangan,concept,Dampak Teknologi pada Perdagangan,C4-Menganalisis,4.0,1.0
pengelolaan anggaran pelajar,concept,Pengelolaan Anggaran Pelajar,C4-Menganalisis,4.0,1.0
q_c74229461f,question,"Identifikasi bagaimana pemahaman tentang 'transaksi ekonomi', khususnya mengenai dampak teknologi pada perdagangan, dapa",C4-Menganalisis,4.0,
pemahaman dasar tentang keuangan pribadi,concept,Pemahaman dasar tentang keuangan pribadi,,,
strategi mitigasi risiko finansial digital,concept,Strategi mitigasi risiko finansial digital,,,
fungsi distribusi apbn,concept,Fungsi Distribusi APBN,C4-Menganalisis,4.0,2.0
fungsi stabilisasi apbn,concept,Fungsi Stabilisasi APBN,C4-Menganalisis,4.0,1.0
guncangan ekonomi,concept,Guncangan Ekonomi,C4-Menganalisis,4.0,1.0
kenaikan anggaran perlinsos,concept,Kenaikan Anggaran Perlinsos,C4-Menganalisis,4.0,1.0
q_693f84ec3e,question,"Berdasarkan informasi tentang kenaikan anggaran Perlinsos, bagaimana fungsi distribusi dan fungsi stabilisasi APBN beker",C4-Menganalisis,4.0,
menganalisis interaksi fungsi,method,Menganalisis interaksi fungsi,,,
konsep fungsi fiskal,concept,Konsep Fungsi Fiskal,,,
karakteristik dan julukan benua,topic_fine,Karakteristik dan Julukan Benua,,,
letak geografis benua amerika,concept,Letak geografis Benua Amerika,C4-Menganalisis,4.0,1.0
pengaruh samudra luas,concept,Pengaruh samudra luas,C4-Menganalisis,4.0,1.0
julukan 'benua baru',concept,Julukan 'Benua Baru',C4-Menganalisis,4.0,1.0
q_e67af5a15a,question,"Analisislah hubungan antara letak geografis Benua Amerika yang dikelilingi samudra luas dengan julukannya sebagai ""benua",C4-Menganalisis,4.0,
pengenalan benua-benua dunia,concept,Pengenalan benua-benua dunia,,,
dampak iklim terhadap kehidupan di benua,concept,Dampak iklim terhadap kehidupan di benua,,,
strategi pendanaan anggaran negara,topic_fine,Strategi Pendanaan Anggaran Negara,,,
privatisasi,concept,Privatisasi,C4-Menganalisis,4.0,1.0
dana segar apbn,concept,Dana Segar APBN,C4-Menganalisis,4.0,1.0
q_2e7f8db7f6,question,"Bagaimana ""privatisasi"" dapat membantu ""mendapatkan dana segar untuk APBN""?",C4-Menganalisis,4.0,
menganalisis hubungan antara privatisasi dan sumber pendanaan negara,method,Menganalisis hubungan antara privatisasi dan sumber pendanaan negara,,,
konsep dasar apbn,concept,Konsep Dasar APBN,,,
konsep privatisasi,concept,Konsep Privatisasi,,,
dampak privatisasi terhadap efisiensi ekonomi,concept,Dampak Privatisasi terhadap Efisiensi Ekonomi,,,
dampak multifungsi gawai pada individu,topic_fine,Dampak Multifungsi Gawai pada Individu,,,
multifungsi gawai,concept,Multifungsi gawai,C4-Menganalisis,4.0,1.0
kemandirian individu,concept,Kemandirian individu,C4-Menganalisis,4.0,1.0
ketergantungan teknologi,concept,Ketergantungan teknologi,C4-Menganalisis,4.0,1.0
interaksi sosial digital,concept,Interaksi sosial digital,C4-Menganalisis,4.0,1.0
q_003d54d9ce,question,"Kaji dampak dari multifungsi gawai (untuk transaksi, pendidikan, kesehatan) terhadap kemandirian dan ketergantungan indi",C4-Menganalisis,4.0,
konsep masyarakat digital,concept,Konsep masyarakat digital,,,
fungsi perangkat elektronik,concept,Fungsi perangkat elektronik,,,
strategi mitigasi ketergantungan teknologi,concept,Strategi mitigasi ketergantungan teknologi,,,
dampak gaya hidup konsumerisme,topic_fine,Dampak Gaya Hidup Konsumerisme,,,
konsumerisme,concept,Konsumerisme,C5-Mengevaluasi,5.0,2.0
perilaku sosial,concept,Perilaku Sosial,C4-Menganalisis,4.0,1.0
q_c8d235591d,question,Bagaimana gaya hidup konsumerisme dapat menjadi jembatan atau pemicu munculnya perilaku hedonisme pada seseorang?,C4-Menganalisis,4.0,
definisi konsumerisme,concept,Definisi Konsumerisme,,,
definisi hedonisme,concept,Definisi Hedonisme,,,
dampak budaya global,concept,Dampak Budaya Global,,,
klan,concept,Klan,C4-Menganalisis,4.0,1.0
cakupan budaya,concept,Cakupan Budaya,C4-Menganalisis,4.0,1.0
q_619d04e003,question,"Bandingkan kriteria Suku Bangsa dan kriteria Klan. Manakah yang cakupannya lebih luas (budaya, bahasa) dan manakah yang ",C4-Menganalisis,4.0,
menganalisis cakupan,method,Menganalisis Cakupan,,,
pengaruh kondisi geologis wilayah,topic_fine,Pengaruh Kondisi Geologis Wilayah,,,
letak geologis,concept,Letak geologis,C4-Menganalisis,4.0,1.0
stabilitas tanah,concept,Stabilitas tanah,C4-Menganalisis,4.0,1.0
pembangunan properti,concept,Pembangunan properti,C4-Menganalisis,4.0,1.0
q_2d21c12aff,question,Anda adalah seorang pengembang properti. Mengapa Anda akan lebih berhati-hati dalam membangun gedung tinggi di Pulau Jaw,C4-Menganalisis,4.0,
menganalisis perbandingan risiko,method,Menganalisis perbandingan risiko,,,
pengertian letak geologis,concept,Pengertian letak geologis,,,
dampak aktivitas tektonik terhadap pembangunan,concept,Dampak aktivitas tektonik terhadap pembangunan,,,
geosfer dan geologi,topic_coarse,Geosfer dan Geologi,,,
dampak pertemuan lempeng tektonik,topic_fine,Dampak Pertemuan Lempeng Tektonik,,,
pertemuan tiga lempeng tektonik,concept,Pertemuan Tiga Lempeng Tektonik,C4-Menganalisis,4.0,1.0
lempeng indo-australia,concept,Lempeng Indo-Australia,C4-Menganalisis,4.0,1.0
lempeng eurasia,concept,Lempeng Eurasia,C4-Menganalisis,4.0,1.0
aktivitas kegempaan,concept,Aktivitas Kegempaan,C4-Menganalisis,4.0,1.0
q_d2851ee1f8,question,"Berdasarkan teks, analisislah dua dampak utama yang berbeda dari posisi geologis Indonesia di pertemuan tiga lempeng",C4-Menganalisis,4.0,
pengenalan lempeng tektonik,concept,Pengenalan Lempeng Tektonik,,,
dampak vulkanisme,concept,Dampak Vulkanisme,,,
proses tektonik lanjutan,concept,Proses Tektonik Lanjutan,,,
hubungan iklim dan vegetasi,topic_fine,Hubungan Iklim dan Vegetasi,,,
variasi iklim jawa,concept,Variasi iklim Jawa,C4-Menganalisis,4.0,1.0
keragaman tipe vegetasi,concept,Keragaman tipe vegetasi,C4-Menganalisis,4.0,1.0
q_fdd8de7500,question,Analisislah hubungan antara variasi iklim dari barat ke timur di Pulau Jawa dengan keragaman tipe vegetasinya.,C4-Menganalisis,4.0,
konsep iklim tropis,concept,Konsep iklim tropis,,,
jenis-jenis vegetasi,concept,Jenis-jenis vegetasi,,,
dampak perubahan iklim terhadap vegetasi,concept,Dampak perubahan iklim terhadap vegetasi,,,
organisasi bentukan jepang,concept,Organisasi bentukan Jepang,C4-Menganalisis,4.0,1.0
perbandingan dampak politik,concept,Perbandingan dampak politik,C4-Menganalisis,4.0,1.0
q_890fc26c50,question,Bandingkan dampak politik dari pembentukan organisasi bentukan Jepang (seperti Putera) dengan organisasi pergerakan nasi,C4-Menganalisis,4.0,
sejarah hindia belanda,concept,Sejarah Hindia Belanda,,,
perubahan sistem pemerintahan pasca-jepang,concept,Perubahan Sistem Pemerintahan Pasca-Jepang,,,
ketangguhan individu era globalisasi,topic_fine,Ketangguhan Individu Era Globalisasi,,,
memelihara kearifan lokal,concept,Memelihara Kearifan Lokal,C4-Menganalisis,4.0,1.0
mengembangkan kecakapan sosial,concept,Mengembangkan Kecakapan Sosial,C4-Menganalisis,4.0,1.0
ketangguhan individu,concept,Ketangguhan Individu,C4-Menganalisis,4.0,1.0
q_3b31ab0164,question,Bandingkan efektivitas antara upaya 'Memelihara Kearifan Lokal' dengan 'Mengembangkan Kecakapan Sosial' dalam membentuk ,C4-Menganalisis,4.0,
membandingkan efektivitas,method,Membandingkan efektivitas,,,
implementasi nilai-nilai pancasila,concept,Implementasi nilai-nilai Pancasila,,,
pengukuran pembangunan,topic_coarse,Pengukuran Pembangunan,,,
perbandingan indikator pembangunan,topic_fine,Perbandingan Indikator Pembangunan,,,
indeks mutu hidup (imh),concept,Indeks Mutu Hidup (IMH),C4-Menganalisis,4.0,1.0
fokus pengukuran pembangunan,concept,Fokus Pengukuran Pembangunan,C4-Menganalisis,4.0,1.0
q_cd8d5e2ae6,question,Bandingkan fokus pengukuran antara Indeks Pembangunan Manusia (IPM) dengan Indeks Mutu Hidup (IMH). Apa persamaan dan pe,C4-Menganalisis,4.0,
menganalisis persamaan dan perbedaan,method,Menganalisis persamaan dan perbedaan,,,
definisi ipm,concept,Definisi IPM,,,
implementasi kebijakan berbasis indikator,concept,Implementasi Kebijakan Berbasis Indikator,,,
pendekatan dalam geografi,topic_fine,Pendekatan dalam Geografi,,,
pendekatan ekologi,concept,Pendekatan ekologi,C4-Menganalisis,4.0,1.0
penurunan luasan mangrove,concept,Penurunan luasan mangrove,C4-Menganalisis,4.0,1.0
analisis masalah geosfer,concept,Analisis masalah geosfer,C4-Menganalisis,4.0,1.0
q_733c292565,question,Uraikan bagaimana pendekatan keruangan dan ekologi dapat digunakan secara bersamaan untuk menganalisis masalah penurunan,C4-Menganalisis,4.0,
pengertian penelitian geografi,concept,Pengertian penelitian geografi,,,
konsep keruangan,concept,Konsep Keruangan,,,
integrasi pendekatan kompleks wilayah,concept,Integrasi pendekatan kompleks wilayah,,,
pengaruh bioma terhadap mata pencaharian,topic_fine,Pengaruh Bioma terhadap Mata Pencaharian,,,
mata pencaharian,concept,Mata Pencaharian,C4-Menganalisis,4.0,1.0
q_34e91fb821,question,Teks menyebutkan perbedaan bioma dari Jawa Barat hingga NTT. Analisislah bagaimana perbedaan bioma tersebut dapat memeng,C4-Menganalisis,4.0,
konsep bioma,concept,Konsep Bioma,,,
konsep mata pencaharian,concept,Konsep Mata Pencaharian,,,
dampak perubahan iklim terhadap mata pencaharian,concept,Dampak perubahan iklim terhadap mata pencaharian,,,
peran laskar rakyat dalam perang,topic_fine,Peran Laskar Rakyat dalam Perang,,,
tentara resmi (tkr),concept,Tentara Resmi (TKR),C4-Menganalisis,4.0,1.0
revolusi sosial,concept,Revolusi Sosial,C6-Mencipta,5.0,2.0
q_c0ab7d94e8,question,"Analisislah mengapa ""Laskar Rakyat"" (milisi) independen bisa muncul di samping tentara resmi (TKR)!",C4-Menganalisis,4.0,
dampak sosial revolusi nasional,concept,Dampak Sosial Revolusi Nasional,,,
fungsi anggaran pendapatan negara,topic_fine,Fungsi Anggaran Pendapatan Negara,,,
fungsi alokasi apbn,concept,Fungsi Alokasi APBN,C4-Menganalisis,4.0,1.0
keterkaitan alokasi dan distribusi,concept,Keterkaitan Alokasi dan Distribusi,C4-Menganalisis,4.0,1.0
q_12b1cefcb2,question,Bandingkan fungsi alokasi dan fungsi distribusi. Mengapa pembangunan infrastruktur (alokasi) juga bisa berdampak pada pe,C4-Menganalisis,4.0,
pemilu 1955,concept,Pemilu 1955,C4-Menganalisis,4.0,1.0
dpr,concept,DPR,C4-Menganalisis,4.0,1.0
konstituante,concept,Konstituante,C4-Menganalisis,4.0,1.0
q_8cfe638233,question,"Bandingkan tujuan Pemilu 1955 (memilih DPR dan Konstituante). Manakah dari dua tujuan tersebut yang berhasil, dan manaka",C4-Menganalisis,4.0,
menganalisis keberhasilan/kegagalan,method,Menganalisis keberhasilan/kegagalan,,,
pengenalan sistem demokrasi parlementer,concept,Pengenalan Sistem Demokrasi Parlementer,,,
perubahan sistem pemerintahan (dekrit presiden 1959),concept,Perubahan Sistem Pemerintahan (Dekrit Presiden 1959),,,
motivasi penjelajahan samudra eropa,topic_fine,Motivasi Penjelajahan Samudra Eropa,,,
"motivasi 3g (gold, gospel, glory)",concept,"Motivasi 3G (Gold, Gospel, Glory)",C4-Menganalisis,4.0,1.0
ekspedisi penjelajahan samudra,concept,Ekspedisi Penjelajahan Samudra,C4-Menganalisis,4.0,1.0
q_29e19c8f60,question,"Uraikan bagaimana ketiga unsur dalam motivasi 3G (Gold, Gospel, Glory) saling berkaitan dan memperkuat satu sama lain da",C4-Menganalisis,4.0,
faktor pendorong penjelajahan samudra,concept,Faktor Pendorong Penjelajahan Samudra,C5-Mengevaluasi,5.0,1.0
q_f112019576,question,"Analisislah mengapa ""Setengah Menganggur"" dan ""Pengangguran Terselubung"" dianggap sebagai masalah, padahal mereka secara",C4-Menganalisis,4.0,
kebijakan pengurangan pengangguran,concept,Kebijakan Pengurangan Pengangguran,,,
teori evolusionis,concept,Teori Evolusionis,C4-Menganalisis,4.0,1.0
asumsi dasar masyarakat,concept,Asumsi Dasar Masyarakat,C4-Menganalisis,4.0,1.0
q_4560187370,question,Bandingkan dan kontraskan asumsi dasar tentang sifat masyarakat dalam Teori Evolusionis dan Teori Konflik.,C4-Menganalisis,4.0,
penerapan teori perubahan sosial,concept,Penerapan Teori Perubahan Sosial,,,
dampak perubahan iklim pada sektor,topic_fine,Dampak Perubahan Iklim pada Sektor,,,
dampak kelautan,concept,Dampak Kelautan,C4-Menganalisis,4.0,1.0
analisis dampak ekonomi,concept,Analisis Dampak Ekonomi,C4-Menganalisis,4.0,1.0
q_6071ac486b,question,Bandingkan dampak perubahan iklim pada sektor pertanian (karena pergeseran musim) dan sektor kelautan (karena kenaikan p,C4-Menganalisis,4.0,
konsep sektor pertanian dan kelautan,concept,Konsep Sektor Pertanian dan Kelautan,,,
strategi mitigasi perubahan iklim,concept,Strategi Mitigasi Perubahan Iklim,,,
rumah tangga produsen swasta,concept,Rumah Tangga Produsen Swasta,C4-Menganalisis,4.0,1.0
rumah tangga produsen negara (bumn),concept,Rumah Tangga Produsen Negara (BUMN),C4-Menganalisis,4.0,1.0
perbandingan peran ekonomi,concept,Perbandingan Peran Ekonomi,C4-Menganalisis,4.0,1.0
q_dd4d78e151,question,Bandingkan peran ekonomi antara Rumah Tangga Produsen (RTP) milik swasta dengan Rumah Tangga Produsen milik negara (BUMN,C4-Menganalisis,4.0,
bentuk partisipasi publik,topic_fine,Bentuk Partisipasi Publik,,,
rapat dengar pendapat,concept,Rapat dengar pendapat,C4-Menganalisis,4.0,1.0
focus group discussion (fgd),concept,Focus Group Discussion (FGD),C4-Menganalisis,4.0,1.0
dampak partisipasi,concept,Dampak partisipasi,C4-Menganalisis,4.0,1.0
pemerintah dan dpr,concept,Pemerintah dan DPR,C4-Menganalisis,4.0,1.0
q_87352215a2,question,Analisis perbedaan dampak yang mungkin dihasilkan dari sebuah rapat dengar pendapat antara pemerintah dan DPR dibandingk,C4-Menganalisis,4.0,
pengertian partisipasi sosial,concept,Pengertian partisipasi sosial,,,
pengertian rapat dengar pendapat,concept,Pengertian rapat dengar pendapat,,,
sejarah kemerdekaan,topic_coarse,Sejarah Kemerdekaan,,,
perjuangan diplomasi dan militer indonesia,topic_fine,Perjuangan Diplomasi dan Militer Indonesia,,,
pelanggaran perjanjian linggarjati,concept,Pelanggaran Perjanjian Linggarjati,C4-Menganalisis,4.0,1.0
agresi militer belanda i,concept,Agresi Militer Belanda I,C4-Menganalisis,4.0,1.0
strategi politik belanda,concept,Strategi Politik Belanda,C4-Menganalisis,4.0,1.0
q_a65e1ca0ae,question,Analisislah mengapa Belanda menggunakan strategi melanggar perjanjian (Linggarjati) dan melancarkan agresi militer (AMB ,C4-Menganalisis,4.0,
perundingan linggarjati,concept,Perundingan Linggarjati,,,
konflik indonesia-belanda,concept,Konflik Indonesia-Belanda,,,
agresi militer belanda ii,concept,Agresi Militer Belanda II,,,
peran ktn,concept,Peran KTN,,,
instrumen kebijakan bank sentral,topic_fine,Instrumen Kebijakan Bank Sentral,,,
operasi pasar terbuka,concept,Operasi Pasar Terbuka,C4-Menganalisis,4.0,1.0
kebijakan diskonto,concept,Kebijakan Diskonto,C4-Menganalisis,4.0,1.0
suku bunga acuan,concept,Suku Bunga Acuan,C4-Menganalisis,4.0,1.0
q_bb9de71de0,question,"Bandingkan ""Operasi Pasar Terbuka"" dan ""Kebijakan Diskonto"". Manakah yang secara langsung memengaruhi suku bunga acuan?",C4-Menganalisis,4.0,
jenis kebijakan moneter,concept,Jenis Kebijakan Moneter,,,
dampak kebijakan moneter terhadap inflasi,concept,Dampak Kebijakan Moneter terhadap Inflasi,,,
kerusuhan mei 1998,concept,Kerusuhan Mei 1998,C4-Menganalisis,4.0,1.0
q_83f0ef6f9e,question,Analisislah hubungan sebab-akibat antara Tragedi Trisakti (12 Mei) dan Kerusuhan Mei 1998!,C4-Menganalisis,4.0,
pengaruh letak terhadap kondisi alam,topic_fine,Pengaruh Letak Terhadap Kondisi Alam,,,
letak geologis indonesia,concept,Letak geologis Indonesia,C6-Mencipta,5.0,2.0
pertemuan lempeng,concept,Pertemuan Lempeng,C4-Menganalisis,4.0,1.0
kesuburan tanah,concept,Kesuburan Tanah,C4-Menganalisis,4.0,1.0
q_db16a9d167,question,Analisis keterkaitan antara letak geologis Indonesia (pertemuan lempeng dan jalur pegunungan) dengan kesuburan tanah yan,C4-Menganalisis,4.0,
konsep letak astronomis,concept,Konsep letak astronomis,,,
konsep letak geografis,concept,Konsep letak geografis,,,
dampak letak terhadap keanekaragaman hayati,concept,Dampak Letak Terhadap Keanekaragaman Hayati,,,
pembagian dan karakteristik benua,topic_fine,Pembagian dan Karakteristik Benua,,,
definisi benua,concept,Definisi Benua,C4-Menganalisis,4.0,1.0
kriteria penghunian manusia,concept,Kriteria Penghunian Manusia,C4-Menganalisis,4.0,1.0
karakteristik antartika,concept,Karakteristik Antartika,C4-Menganalisis,4.0,1.0
q_b647dfbc20,question,"Analisis mengapa Benua Antartika, meskipun merupakan sebuah benua, tidak termasuk dalam daftar 5 benua yang menjadi temp",C4-Menganalisis,4.0,
pengenalan benua utama,concept,Pengenalan Benua Utama,,,
dampak perubahan iklim global,concept,Dampak Perubahan Iklim Global,,,
perubahan birokrasi dan tata kelola,topic_fine,Perubahan Birokrasi dan Tata Kelola,,,
q_37556c84fa,question,"Analisislah hubungan antara ""birokrasi patrimonial"" dan masalah KKN di BUMN!",C4-Menganalisis,4.0,
pengertian birokrasi,concept,Pengertian Birokrasi,,,
pengertian kkn,concept,Pengertian KKN,,,
implementasi sistem merit,concept,Implementasi Sistem Merit,,,
masalah kelangkaan sumber daya,topic_fine,Masalah Kelangkaan Sumber Daya,,,
kelangkaan,concept,Kelangkaan,C4-Menganalisis,4.0,1.0
kebutuhan manusia tidak terbatas,concept,Kebutuhan Manusia Tidak Terbatas,C4-Menganalisis,4.0,1.0
sumber daya terbatas,concept,Sumber Daya Terbatas,C4-Menganalisis,4.0,1.0
q_e246492e8d,question,Analisis mengapa kelangkaan adalah masalah ekonomi yang terjadi ketika sumber daya tidak dapat memenuhi kebutuhan manusi,C4-Menganalisis,4.0,
konsep kebutuhan,concept,Konsep Kebutuhan,,,
konsep sumber daya,concept,Konsep Sumber Daya,,,
sistem ekonomi,concept,Sistem Ekonomi,,,
perluasan teori,concept,Perluasan Teori,C4-Menganalisis,4.0,1.0
q_0ac1e4387c,question,"Bagaimana teori Heckscher-Ohlin dapat dilihat sebagai perluasan yang lebih mendalam dari teori keunggulan komparatif, bu",C4-Menganalisis,4.0,
teori ricardo,concept,Teori Ricardo,,,
demokrasi dan media,topic_coarse,Demokrasi dan Media,,,
ancaman terhadap kebebasan berekspresi,topic_fine,Ancaman terhadap Kebebasan Berekspresi,,,
kebebasan berekspresi,concept,Kebebasan Berekspresi,C6-Mencipta,5.0,2.0
informasi hoaks,concept,Informasi Hoaks,C6-Mencipta,5.0,2.0
peran pers,concept,Peran Pers,C4-Menganalisis,4.0,1.0
q_ebb6674fe3,question,"Bagaimana tantangan ""informasi hoaks"" dapat mengancam ""kebebasan berekspresi"" itu sendiri?",C4-Menganalisis,4.0,
sejarah orde baru,concept,Sejarah Orde Baru,,,
hubungan tujuan konservasi,topic_fine,Hubungan Tujuan Konservasi,,,
mencegah kepunahan,concept,Mencegah Kepunahan,C4-Menganalisis,4.0,1.0
fungsi ekosistem,concept,Fungsi Ekosistem,C4-Menganalisis,4.0,1.0
q_2b859439f3,question,Uraikan bagaimana tercapainya tujuan konservasi nomor dua (mencegah kepunahan) secara langsung akan mendukung tercapainy,C4-Menganalisis,4.0,
kelebihan permintaan,concept,Kelebihan permintaan,C4-Menganalisis,4.0,1.0
kenaikan biaya produksi,concept,Kenaikan biaya produksi,C4-Menganalisis,4.0,1.0
q_05cd37a2a8,question,"Bandingkan Demand-pull dan Cost-push. Manakah yang terjadi akibat ""kelebihan"" uang di masyarakat dan manakah yang terjad",C4-Menganalisis,4.0,
kurva permintaan,concept,Kurva permintaan,C6-Mencipta,5.0,2.0
kurva penawaran,concept,Kurva Penawaran,C4-Menganalisis,4.0,1.0
hubungan harga dan kuantitas,concept,Hubungan Harga dan Kuantitas,C4-Menganalisis,4.0,1.0
q_1aa8650369,question,Bandingkan kurva permintaan dan kurva penawaran buku tulis. Apa yang dapat disimpulkan dari kemiringan (slope) kedua kur,C4-Menganalisis,4.0,
menganalisis kemiringan,method,Menganalisis Kemiringan,,,
syarat kesejahteraan berkelanjutan,topic_fine,Syarat Kesejahteraan Berkelanjutan,,,
peningkatan standar hidup,concept,Peningkatan Standar Hidup,C4-Menganalisis,4.0,1.0
keberdayaan masyarakat,concept,Keberdayaan Masyarakat,C4-Menganalisis,4.0,1.0
q_0e1705e5c7,question,Analisislah mengapa peningkatan standar hidup (misalnya melalui bantuan sosial) saja tidak cukup untuk mencapai kesejaht,C4-Menganalisis,4.0,
perbandingan sistem pemerintahan indonesia,topic_fine,Perbandingan Sistem Pemerintahan Indonesia,,,
stabilitas pemerintahan,concept,Stabilitas Pemerintahan,C5-Mengevaluasi,5.0,2.0
q_c394c5fba1,question,Bandingkan tingkat stabilitas pemerintahan antara era Demokrasi Parlementer dan era Demokrasi Terpimpin berdasarkan desk,C4-Menganalisis,4.0,
pengertian orde lama,concept,Pengertian Orde Lama,,,
ciri dan unsur peristiwa sejarah,topic_fine,Ciri dan Unsur Peristiwa Sejarah,,,
cerita rakyat,concept,Cerita rakyat,C5-Mengevaluasi,5.0,4.0
kepemilikan bersama masyarakat,concept,Kepemilikan bersama masyarakat,C4-Menganalisis,4.0,1.0
q_ffa9cea52f,question,"Berdasarkan ciri-cirinya, mengapa cerita rakyat dianggap 'menjadi milik bersama' suatu masyarakat?",C4-Menganalisis,4.0,
fungsi cerita rakyat dalam masyarakat,concept,Fungsi cerita rakyat dalam masyarakat,,,
perbandingan sumber sejarah,topic_fine,Perbandingan Sumber Sejarah,,,
ciri cerita rakyat,concept,Ciri Cerita Rakyat,C4-Menganalisis,4.0,1.0
karakteristik buku sejarah modern,concept,Karakteristik Buku Sejarah Modern,C4-Menganalisis,4.0,1.0
sifat sumber informasi,concept,Sifat Sumber Informasi,C4-Menganalisis,4.0,1.0
q_7b759b613c,question,"Bandingkan ciri-ciri cerita rakyat (anonim, lisan, banyak versi) dengan buku sejarah modern yang ditulis oleh sejarawan.",C4-Menganalisis,4.0,
ciri-ciri sejarah,concept,Ciri-ciri Sejarah,,,
siklus anggaran pendapatan negara,topic_fine,Siklus Anggaran Pendapatan Negara,,,
fungsi perencanaan apbn,concept,Fungsi Perencanaan APBN,C4-Menganalisis,4.0,1.0
fungsi pengawasan apbn,concept,Fungsi Pengawasan APBN,C4-Menganalisis,4.0,1.0
hubungan perencanaan dan pengawasan,concept,Hubungan Perencanaan dan Pengawasan,C4-Menganalisis,4.0,1.0
q_84e0c9bd13,question,Analisislah hubungan antara fungsi perencanaan dan fungsi pengawasan dalam siklus APBN.,C4-Menganalisis,4.0,
tahapan siklus anggaran,concept,Tahapan Siklus Anggaran,,,
sistem dan fungsi upah,topic_fine,Sistem dan Fungsi Upah,,,
sistem upah indeks,concept,Sistem upah indeks,C6-Mencipta,5.0,2.0
sistem upah borongan,concept,Sistem upah borongan,C5-Mengevaluasi,5.0,2.0
kepastian pendapatan pekerja,concept,Kepastian pendapatan pekerja,C4-Menganalisis,4.0,1.0
q_c476189ca7,question,"Bandingkan sistem upah ""indeks"" (berdasarkan biaya hidup) dengan sistem upah ""hasil"" (borongan). Manakah yang memberikan",C4-Menganalisis,4.0,
membandingkan sistem upah,method,Membandingkan sistem upah,,,
jenis-jenis sistem upah,concept,Jenis-jenis sistem upah,,,
evaluasi efektivitas sistem kompensasi,concept,Evaluasi efektivitas sistem kompensasi,,,
respons terhadap globalisasi,topic_fine,Respons terhadap Globalisasi,,,
skeptisme globalisasi,concept,Skeptisme Globalisasi,C4-Menganalisis,4.0,1.0
faktor pengaruh,concept,Faktor Pengaruh,C4-Menganalisis,4.0,1.0
q_875c2e4ab8,question,Analisislah hubungan antara 'Faktor Pengaruh' dalam skeptisme globalisasi dengan keberadaan perusahaan multinasional.,C4-Menganalisis,4.0,
konsep skeptisme,concept,Konsep Skeptisme,,,
dampak globalisasi terhadap ekonomi lokal,concept,Dampak Globalisasi terhadap Ekonomi Lokal,,,
klasifikasi sumber pendanaan perusahaan,topic_fine,Klasifikasi Sumber Pendanaan Perusahaan,,,
modal pemilik,concept,Modal Pemilik,C4-Menganalisis,4.0,1.0
utang bank,concept,Utang Bank,C4-Menganalisis,4.0,1.0
ekuitas,concept,Ekuitas,C4-Menganalisis,4.0,1.0
liabilitas,concept,Liabilitas,C4-Menganalisis,4.0,1.0
q_3ae98b1387,question,"Analisis mengapa akun 'Modal Pemilik' dan 'Utang Bank' sama-sama merupakan sumber pendanaan bagi perusahaan, tetapi dikl",C4-Menganalisis,4.0,
analisis perbedaan klasifikasi,method,Analisis Perbedaan Klasifikasi,,,
persamaan dasar akuntansi,concept,Persamaan Dasar Akuntansi,,,
pembangunan manusia,topic_coarse,Pembangunan Manusia,,,
indikator kualitas pembangunan manusia,topic_fine,Indikator Kualitas Pembangunan Manusia,,,
komponen ipm,concept,Komponen IPM,C4-Menganalisis,4.0,1.0
kualitas pembangunan manusia,concept,Kualitas Pembangunan Manusia,C4-Menganalisis,4.0,1.0
komprehensifitas indikator,concept,Komprehensifitas Indikator,C4-Menganalisis,4.0,1.0
q_b38bf766de,question,"Mengapa empat komponen IPM (Usia Harapan Hidup, Pendidikan, dan Pendapatan) dianggap sebagai indikator yang komprehensif",C4-Menganalisis,4.0,
definisi kualitas sumber daya manusia,concept,Definisi Kualitas Sumber Daya Manusia,,,
penggunaan ipm dalam perencanaan pembangunan,concept,Penggunaan IPM dalam Perencanaan Pembangunan,,,
kearifan lokal dan budaya,topic_fine,Kearifan Lokal dan Budaya,,,
rumah adat suku baduy,concept,Rumah Adat Suku Baduy,C4-Menganalisis,4.0,1.0
sistem budaya,concept,Sistem Budaya,C4-Menganalisis,4.0,1.0
hubungan alam dan budaya,concept,Hubungan Alam dan Budaya,C4-Menganalisis,4.0,1.0
q_ced11928c5,question,"Uraikan bagaimana kearifan lokal rumah adat Suku Baduy merupakan sebuah sistem yang menghubungkan kondisi alam, pengetah",C4-Menganalisis,4.0,
keuangan publik,topic_coarse,Keuangan Publik,,,
peran lembaga legislatif dalam anggaran,topic_fine,Peran Lembaga Legislatif dalam Anggaran,,,
peran dprd dalam apbd,concept,Peran DPRD dalam APBD,C4-Menganalisis,4.0,1.0
peran dpr dalam apbn,concept,Peran DPR dalam APBN,C4-Menganalisis,4.0,1.0
kesamaan peran legislatif,concept,Kesamaan peran legislatif,C4-Menganalisis,4.0,1.0
q_296fdb07f9,question,Bandingkan peran DPRD dalam APBD dengan peran DPR dalam APBN (dari konteks sebelumnya). Apa kesamaan peran mereka?,C4-Menganalisis,4.0,
analisis perbedaan fungsi legislatif daerah dan pusat,concept,Analisis perbedaan fungsi legislatif daerah dan pusat,,,
perbedaan teknologi,concept,Perbedaan Teknologi,C4-Menganalisis,4.0,1.0
perbedaan biaya produksi,concept,Perbedaan Biaya Produksi,C4-Menganalisis,4.0,1.0
q_ed40f434f2,question,Analisislah hubungan sebab-akibat antara faktor pendorong 'Perbedaan Teknologi' dengan faktor pendorong 'Perbedaan Biaya,C4-Menganalisis,4.0,
definisi faktor pendorong,concept,Definisi Faktor Pendorong,,,
kegagalan pata alam,concept,Kegagalan Pata Alam,C4-Menganalisis,4.0,1.0
loyalitas raja papua,concept,Loyalitas Raja Papua,C4-Menganalisis,4.0,1.0
posisi tawar sultan nuku,concept,Posisi Tawar Sultan Nuku,C4-Menganalisis,4.0,1.0
q_7ae003c9a5,question,Analisis hubungan sebab-akibat antara kegagalan Pata Alam meraih loyalitas raja-raja Papua dengan semakin menguatnya pos,C4-Menganalisis,4.0,
pengetahuan tokoh sejarah lokal,concept,Pengetahuan Tokoh Sejarah Lokal,,,
dampak perjuangan tokoh daerah,concept,Dampak Perjuangan Tokoh Daerah,,,
sosiologi dan politik,topic_coarse,Sosiologi dan Politik,,,
dampak globalisasi dan perubahan sosial,topic_fine,Dampak Globalisasi dan Perubahan Sosial,,,
persaingan dagang,concept,Persaingan Dagang,C4-Menganalisis,4.0,1.0
q_30f39e6d91,question,Analisislah hubungan sebab-akibat antara berakhirnya Perang Dingin dengan munculnya masalah sosial berupa 'persaingan da,C4-Menganalisis,4.0,
dampak ketidakstabilan politik,concept,Dampak Ketidakstabilan Politik,,,
kebijakan harga dan diskriminasi,topic_fine,Kebijakan Harga dan Diskriminasi,,,
kebijakan diskriminasi harga,concept,Kebijakan diskriminasi harga,C4-Menganalisis,4.0,1.0
strategi politik ekonomi,concept,Strategi politik ekonomi,C4-Menganalisis,4.0,1.0
q_497a4f8add,question,Kaitkan kebijakan diskriminasi harga dengan strategi politik dan ekonomi suatu negara terhadap negara-negara mitranya. M,C4-Menganalisis,4.0,
konsep kebijakan proteksi,concept,Konsep kebijakan proteksi,,,
dampak kebijakan harga terhadap pasar global,concept,Dampak kebijakan harga terhadap pasar global,,,
sifat dan fungsi atmosfer,topic_fine,Sifat dan Fungsi Atmosfer,,,
sifat-sifat atmosfer,concept,Sifat-sifat atmosfer,C4-Menganalisis,4.0,1.0
dampak atmosfer terhadap kehidupan,concept,Dampak atmosfer terhadap kehidupan,C4-Menganalisis,4.0,1.0
massa atmosfer,concept,Massa atmosfer,C4-Menganalisis,4.0,1.0
dinamika atmosfer,concept,Dinamika atmosfer,C4-Menganalisis,4.0,1.0
q_4f59d8c749,question,"Identifikasikan bagaimana sifat-sifat atmosfer (tidak berwarna, dinamis, memiliki massa) secara bersamaan memengaruhi ke",C4-Menganalisis,4.0,
komposisi atmosfer,concept,Komposisi Atmosfer,C5-Mengevaluasi,5.0,2.0
dampak perubahan geopolitik globalisasi,topic_fine,Dampak Perubahan Geopolitik Globalisasi,,,
runtuhnya tembok berlin,concept,Runtuhnya Tembok Berlin,C4-Menganalisis,4.0,1.0
pembubaran uni soviet,concept,Pembubaran Uni Soviet,C4-Menganalisis,4.0,1.0
percepatan arus globalisasi,concept,Percepatan Arus Globalisasi,C4-Menganalisis,4.0,1.0
q_589b54283c,question,Analisis mengapa runtuhnya Tembok Berlin dan bubarnya Uni Soviet menjadi titik penting yang mempercepat kembali arus glo,C4-Menganalisis,4.0,
konsep dasar globalisasi,concept,Konsep Dasar Globalisasi,,,
sejarah perang dingin,concept,Sejarah Perang Dingin,,,
dampak globalisasi terhadap ekonomi dunia,concept,Dampak Globalisasi terhadap Ekonomi Dunia,,,
kebijakan ekonomi dan ideologi sukarno,topic_fine,Kebijakan Ekonomi dan Ideologi Sukarno,,,
dukungan soekarno terhadap lekra,concept,Dukungan Soekarno terhadap Lekra,C4-Menganalisis,4.0,1.0
pelarangan manikebu,concept,Pelarangan Manikebu,C4-Menganalisis,4.0,1.0
ideologi politik indonesia,concept,Ideologi Politik Indonesia,C4-Menganalisis,4.0,1.0
q_39d8e133a9,question,"Analisislah mengapa Lekra (yang berafiliasi dengan PKI) didukung oleh Soekarno, sementara Manikebu (humanisme universal)",C4-Menganalisis,4.0,
menganalisis hubungan antara ideologi dan kebijakan politik,method,Menganalisis hubungan antara ideologi dan kebijakan politik,,,
pemahaman tentang demokrasi liberal dan terpimpin,concept,Pemahaman tentang Demokrasi Liberal dan Terpimpin,,,
dampak politik terhadap stabilitas ekonomi indonesia,concept,Dampak politik terhadap stabilitas ekonomi Indonesia,,,
dinamika dan kerentanan bencana,topic_fine,Dinamika dan Kerentanan Bencana,,,
kerentanan ekonomi,concept,Kerentanan Ekonomi,C4-Menganalisis,4.0,1.0
kerentanan sosial,concept,Kerentanan Sosial,C4-Menganalisis,4.0,1.0
dampak bencana,concept,Dampak Bencana,C4-Menganalisis,4.0,1.0
integrasi aspek bencana,concept,Integrasi Aspek Bencana,C4-Menganalisis,4.0,1.0
q_ee28af8a87,question,Uraikan bagaimana tingkat kerentanan ekonomi yang tinggi dapat memperburuk dampak bencana terhadap kerentanan sosial dal,C4-Menganalisis,4.0,
definisi kerentanan,concept,Definisi Kerentanan,,,
hubungan basis ekonomi dan kepadatan,topic_fine,Hubungan Basis Ekonomi dan Kepadatan,,,
basis ekonomi wilayah,concept,Basis ekonomi wilayah,C4-Menganalisis,4.0,1.0
tingkat kepadatan penduduk,concept,Tingkat kepadatan penduduk,C4-Menganalisis,4.0,1.0
q_9df7bc8a07,question,Analisislah hubungan sebab-akibat antara basis ekonomi suatu wilayah (pertanian vs industri/jasa) dengan tingkat kepadat,C4-Menganalisis,4.0,
dampak pembangunan ekonomi terhadap demografi,concept,Dampak pembangunan ekonomi terhadap demografi,,,
potensi sumber daya hutan,topic_fine,Potensi Sumber Daya Hutan,,,
hutan bakau,concept,Hutan bakau,C4-Menganalisis,4.0,1.0
potensi ekologi,concept,Potensi ekologi,C4-Menganalisis,4.0,1.0
potensi ekonomi,concept,Potensi ekonomi,C4-Menganalisis,4.0,1.0
q_2f0477b68a,question,"Berdasarkan informasi bahwa Indonesia memiliki 30% hutan bakau dunia, analisislah minimal dua potensi (ekologi dan ekono",C4-Menganalisis,4.0,
menganalisis potensi,method,Menganalisis potensi,,,
pengelolaan sumber daya berkelanjutan,concept,Pengelolaan sumber daya berkelanjutan,,,
efektivitas tata ruang wilayah,topic_fine,Efektivitas Tata Ruang Wilayah,,,
rencana tata ruang wilayah (rtrw),concept,Rencana Tata Ruang Wilayah (RTRW),C6-Mencipta,5.0,2.0
pengendalian pembangunan,concept,Pengendalian Pembangunan,C4-Menganalisis,4.0,1.0
faktor penyebab ketidakefektifan,concept,Faktor Penyebab Ketidakefektifan,C4-Menganalisis,4.0,1.0
q_faedeb302c,question,Analisis faktor-faktor penyebab Rencana Tata Ruang Wilayah (RTRW) di Semarang belum efektif sebagai instrumen pengendali,C4-Menganalisis,4.0,
analisis faktor,method,Analisis Faktor,,,
konsep dasar pengembangan wilayah,concept,Konsep Dasar Pengembangan Wilayah,,,
fungsi instrumen perencanaan,concept,Fungsi Instrumen Perencanaan,,,
evaluasi kebijakan tata ruang,concept,Evaluasi Kebijakan Tata Ruang,,,
metodologi penelitian sosial,topic_coarse,Metodologi Penelitian Sosial,,,
tahap penelitian sosial,topic_fine,Tahap Penelitian Sosial,,,
jajak pendapat,concept,Jajak Pendapat,C4-Menganalisis,4.0,1.0
dialog,concept,Dialog,C5-Mengevaluasi,5.0,2.0
penyebaran angket,concept,Penyebaran Angket,C4-Menganalisis,4.0,1.0
q_623418025b,question,"Tindakan kelompok Andi melakukan jajak pendapat, dialog, dan menyebar angket terbatas adalah bagian dari tahap apa dalam",C4-Menganalisis,4.0,
menganalisis peran kegiatan,method,Menganalisis peran kegiatan,,,
konsep pemecahan masalah,concept,Konsep Pemecahan Masalah,,,
interpretasi data penelitian,concept,Interpretasi Data Penelitian,,,
sosiologi dan gender,topic_coarse,Sosiologi dan Gender,,,
stereotip dan struktur industri,topic_fine,Stereotip dan Struktur Industri,,,
asumsi stereotip,concept,Asumsi stereotip,C4-Menganalisis,4.0,1.0
peran gender dalam industri,concept,Peran gender dalam industri,C4-Menganalisis,4.0,1.0
diskriminasi gender,concept,Diskriminasi gender,C4-Menganalisis,4.0,1.0
q_adf6b225d2,question,Uraikan asumsi-asumsi stereotip yang mendasari pandangan bahwa perempuan lebih cocok ditempatkan di posisi bawah dalam s,C4-Menganalisis,4.0,
menganalisis asumsi,method,Menganalisis asumsi,,,
teori sosial,concept,Teori sosial,,,
analisis kesetaraan gender,concept,Analisis kesetaraan gender,,,
penggunaan bahan bakar fosil,concept,Penggunaan bahan bakar fosil,C4-Menganalisis,4.0,1.0
peningkatan konsentrasi co2,concept,Peningkatan konsentrasi CO2,C4-Menganalisis,4.0,1.0
pencairan es kutub,concept,Pencairan es kutub,C4-Menganalisis,4.0,1.0
q_5f63a3fdd1,question,"Analisis hubungan sebab-akibat antara penggunaan bahan bakar fosil, peningkatan konsentrasi CO2, dan pencairan es di kut",C4-Menganalisis,4.0,
konsep gas rumah kaca,concept,Konsep gas rumah kaca,,,
aktivitas tektonik dan vulkanisme,topic_fine,Aktivitas Tektonik dan Vulkanisme,,,
pertemuan lempeng tektonik,concept,Pertemuan lempeng tektonik,C4-Menganalisis,4.0,1.0
gunung api di indonesia,concept,Gunung api di Indonesia,C4-Menganalisis,4.0,1.0
q_235ed517ee,question,Analisislah hubungan sebab-akibat antara pertemuan tiga lempeng tektonik dengan keberadaan ratusan gunung api di Indones,C4-Menganalisis,4.0,
konsep lempeng tektonik,concept,Konsep Lempeng Tektonik,,,
definisi gunung api,concept,Definisi gunung api,,,
dampak aktivitas vulkanik terhadap lingkungan,concept,Dampak aktivitas vulkanik terhadap lingkungan,,,
faktor peningkatan kesejahteraan,topic_fine,Faktor Peningkatan Kesejahteraan,,,
angka harapan hidup,concept,Angka Harapan Hidup,C4-Menganalisis,4.0,1.0
faktor non-kesehatan,concept,Faktor Non-Kesehatan,C4-Menganalisis,4.0,1.0
pembangunan kesejahteraan,concept,Pembangunan Kesejahteraan,C4-Menganalisis,4.0,1.0
q_3b37b494db,question,Data menunjukkan angka harapan hidup di Indonesia meningkat. Analisislah faktor-faktor non-kesehatan yang mungkin berkon,C4-Menganalisis,4.0,
perumusan kebijakan pembangunan,concept,Perumusan Kebijakan Pembangunan,,,
jenis dan aplikasi fintech,topic_fine,Jenis dan Aplikasi Fintech,,,
perlindungan ojk,concept,Perlindungan OJK,C4-Menganalisis,4.0,1.0
q_c209307d69,question,Bandingkan target pengguna Microfinance dan P2P Lending. Siapa target pengguna yang paling rentan dan paling membutuhkan,C4-Menganalisis,4.0,
konsep crowdfunding,concept,Konsep Crowdfunding,,,
transisi orde baru ke reformasi,topic_fine,Transisi Orde Baru ke Reformasi,,,
kebebasan politik,concept,Kebebasan Politik,C4-Menganalisis,4.0,1.0
pengaruh uu pers,concept,Pengaruh UU Pers,C4-Menganalisis,4.0,1.0
q_9137b7754f,question,Analisislah mengapa kebebasan politik (berdirinya banyak partai) dan kebebasan pers (UU Pers) terjadi bersamaan di awal ,C4-Menganalisis,4.0,
dampak kebebasan pers terhadap demokrasi,concept,Dampak Kebebasan Pers terhadap Demokrasi,,,
perdagangan dan sumber daya alam,topic_fine,Perdagangan dan Sumber Daya Alam,,,
hubungan bilateral,concept,Hubungan Bilateral,C4-Menganalisis,4.0,1.0
q_b640cd7559,question,Analisislah hubungan antara kekayaan sumber daya alam Malaysia di sektor pertambangan dan perkebunan dengan posisinya da,C4-Menganalisis,4.0,
dampak kebijakan perdagangan global,concept,Dampak Kebijakan Perdagangan Global,,,
kekosongan kekuasaan pasca proklamasi,topic_fine,Kekosongan Kekuasaan Pasca Proklamasi,,,
perintah sekutu,concept,Perintah Sekutu,C4-Menganalisis,4.0,1.0
status quo,concept,Status Quo,C4-Menganalisis,4.0,1.0
kekalahan jepang,concept,Kekalahan Jepang,C4-Menganalisis,4.0,1.0
q_d8c11bab59,question,Analisislah mengapa Jepang (yang sudah kalah) diperintahkan Sekutu untuk menjaga status quo!,C4-Menganalisis,4.0,
kedatangan afnei dan nica,concept,Kedatangan AFNEI dan NICA,,,
kontravensi,concept,Kontravensi,C4-Menganalisis,4.0,1.0
pertentangan,concept,Pertentangan,C4-Menganalisis,4.0,1.0
q_e2610f7ff7,question,Analisislah mengapa kontravensi dapat menjadi tahap awal sebelum terjadinya pertentangan (konflik)!,C4-Menganalisis,4.0,
proses eskalasi konflik,concept,Proses Eskalasi Konflik,,,
perbandingan kepemimpinan tokoh lokal,topic_fine,Perbandingan Kepemimpinan Tokoh Lokal,,,
perjuangan militer,concept,Perjuangan Militer,C4-Menganalisis,4.0,1.0
pengembangan maritim,concept,Pengembangan Maritim,C4-Menganalisis,4.0,1.0
q_a70e35b8e8,question,Uraikan perbedaan fokus kepemimpinan antara Sultan Nuku yang berpusat pada perjuangan militer dan persatuan melawan penj,C4-Menganalisis,4.0,
analisis dampak kebijakan tokoh,concept,Analisis Dampak Kebijakan Tokoh,,,
hubungan faktor iklim dan tanaman,topic_fine,Hubungan Faktor Iklim dan Tanaman,,,
penyinaran matahari,concept,Penyinaran matahari,C4-Menganalisis,4.0,1.0
suhu,concept,Suhu,C4-Menganalisis,4.0,1.0
kadar air tanaman,concept,Kadar air tanaman,C4-Menganalisis,4.0,1.0
q_db8ec3b8d3,question,"Analisislah hubungan sebab-akibat antara penyinaran matahari, suhu, dan kadar air pada tanaman!",C4-Menganalisis,4.0,
konsep dasar fotosintesis,concept,Konsep dasar fotosintesis,,,
faktor pengaruh distribusi tanaman,topic_fine,Faktor Pengaruh Distribusi Tanaman,,,
kopi,concept,Kopi,C4-Menganalisis,4.0,1.0
q_88dee7c22f,question,Mengapa tanaman kopi dapat ditemukan di Daerah Sedang (600-1500 m) dan juga di Daerah Sejuk (1500-2500 m)? Analisislah k,C4-Menganalisis,4.0,
kebijakan romusha,concept,Kebijakan Romusha,C4-Menganalisis,4.0,1.0
praktik seikerei,concept,Praktik Seikerei,C4-Menganalisis,4.0,1.0
kontradiksi ideologi,concept,Kontradiksi Ideologi,C4-Menganalisis,4.0,1.0
q_21444cf0f1,question,Periksalah kontradiksi antara propaganda Jepang sebagai 'Saudara Tua' dengan praktik kebijakan Romusha dan Seikerei yang,C4-Menganalisis,4.0,
konsep propaganda politik,concept,Konsep Propaganda Politik,,,
dampak sosial politik pendudukan jepang,concept,Dampak Sosial Politik Pendudukan Jepang,,,
jenis-jenis wilayah dan batasannya,topic_fine,Jenis-jenis Wilayah dan Batasannya,,,
wilayah nodal (fungsional),concept,Wilayah Nodal (Fungsional),C4-Menganalisis,4.0,1.0
batas administrasi,concept,Batas Administrasi,C4-Menganalisis,4.0,1.0
interaksi fungsional,concept,Interaksi Fungsional,C4-Menganalisis,4.0,1.0
potensi masalah wilayah,concept,Potensi Masalah Wilayah,C4-Menganalisis,4.0,1.0
q_61bdcd8649,question,Identifikasilah potensi masalah yang mungkin timbul jika suatu wilayah didefinisikan secara nodal (fungsional) tetapi ba,C4-Menganalisis,4.0,
menganalisis ketidaksesuaian,method,Menganalisis ketidaksesuaian,,,
definisi wilayah formal,concept,Definisi Wilayah Formal,,,
definisi wilayah nodal,concept,Definisi Wilayah Nodal,,,
perencanaan tata ruang berbasis fungsi,concept,Perencanaan Tata Ruang Berbasis Fungsi,,,
perlawanan setelah 1908,concept,Perlawanan setelah 1908,C6-Mencipta,5.0,2.0
karakteristik perlawanan,concept,Karakteristik perlawanan,C4-Menganalisis,4.0,1.0
q_eb5d0e6b23,question,Strukturkan kembali ciri-ciri perlawanan sebelum dan sesudah 1908 ke dalam sebuah tabel perbandingan.,C4-Menganalisis,4.0,
gerakan 30 september dan tritura,topic_fine,Gerakan 30 September dan TRITURA,,,
tritura,concept,TRITURA,C6-Mencipta,5.0,4.0
rombak kabinet dwikora,concept,Rombak Kabinet Dwikora,C4-Menganalisis,4.0,1.0
q_e1c0cb05bc,question,"Analisislah mengapa ""Rombak Kabinet Dwikora"" menjadi salah satu tuntutan TRITURA!",C4-Menganalisis,4.0,
pemahaman tentang demokrasi terpimpin,concept,Pemahaman tentang Demokrasi Terpimpin,,,
pengetahuan tentang pki,concept,Pengetahuan tentang PKI,,,
dampak politik pasca-g30s,concept,Dampak politik pasca-G30S,,,
perdagangan global,topic_coarse,Perdagangan Global,,,
perbandingan jalur perdagangan awal masehi,topic_fine,Perbandingan Jalur Perdagangan Awal Masehi,,,
peran strategis selat malaka,concept,Peran strategis Selat Malaka,C4-Menganalisis,4.0,1.0
jalur sutra darat,concept,Jalur Sutra darat,C4-Menganalisis,4.0,1.0
perdagangan global awal masehi,concept,Perdagangan global awal Masehi,C4-Menganalisis,4.0,1.0
q_ce664a36a9,question,Bandingkan peran strategis Selat Malaka dengan Jalur Sutra darat dalam konteks perdagangan global pada awal Masehi.,C4-Menganalisis,4.0,
dampak perubahan rute perdagangan,concept,Dampak perubahan rute perdagangan,,,
filosofi budaya,topic_coarse,Filosofi Budaya,,,
tri hita karana dan subak,topic_fine,Tri Hita Karana dan Subak,,,
tri hita karana,concept,Tri Hita Karana,C4-Menganalisis,4.0,1.0
parahyangan,concept,Parahyangan,C4-Menganalisis,4.0,1.0
pawongan,concept,Pawongan,C4-Menganalisis,4.0,1.0
palemahan,concept,Palemahan,C4-Menganalisis,4.0,1.0
q_c323ddcde6,question,"Telaah bagaimana ketiga komponen Tri Hita Karana (Parahyangan, Pawongan, Palemahan) secara simultan bekerja dalam menjag",C4-Menganalisis,4.0,
menganalisis hubungan simultan,method,Menganalisis hubungan simultan,,,
konsep dasar tri hita karana,concept,Konsep dasar Tri Hita Karana,,,
pengertian sistem irigasi subak,concept,Pengertian sistem irigasi Subak,,,
implementasi kearifan lokal dalam pembangunan berkelanjutan,concept,Implementasi kearifan lokal dalam pembangunan berkelanjutan,,,
kehilangan lahan pertanian produktif,concept,Kehilangan lahan pertanian produktif,C4-Menganalisis,4.0,1.0
kerentanan geografis jawa,concept,Kerentanan geografis Jawa,C4-Menganalisis,4.0,1.0
q_e2c1da2849,question,Analisislah mengapa pulau Jawa tercatat sebagai wilayah dengan potensi kehilangan lahan pertanian produktif paling besar,C4-Menganalisis,4.0,
analisis perbandingan,method,Analisis perbandingan,,,
konsep perubahan iklim,concept,Konsep perubahan iklim,,,
interaksi disosiatif,concept,Interaksi Disosiatif,C4-Menganalisis,4.0,1.0
kerja sama tim,concept,Kerja Sama Tim,C4-Menganalisis,4.0,1.0
persaingan,concept,Persaingan,C4-Menganalisis,4.0,1.0
q_36ace9ba5a,question,"Mengapa persaingan dalam pertandingan sepak bola digolongkan sebagai interaksi disosiatif, meskipun di dalam satu tim te",C4-Menganalisis,4.0,
dinamika kelompok sosial,concept,Dinamika Kelompok Sosial,,,
ekonomi dan demografi,topic_coarse,Ekonomi dan Demografi,,,
dampak bonus demografi terhadap inovasi,topic_fine,Dampak Bonus Demografi terhadap Inovasi,,,
peningkatan populasi produktif,concept,Peningkatan Populasi Produktif,C4-Menganalisis,4.0,1.0
inovasi teknologi,concept,Inovasi Teknologi,C6-Mencipta,5.0,2.0
q_f5b0d00a88,question,Analisislah hubungan sebab-akibat antara peningkatan jumlah penduduk usia produktif dengan peningkatan inovasi dan tekno,C4-Menganalisis,4.0,
konsep demografi,concept,Konsep Demografi,,,
konsep inovasi,concept,Konsep Inovasi,,,
pengembangan kebijakan industri,concept,Pengembangan Kebijakan Industri,,,
stratifikasi dan mobilitas sosial,topic_fine,Stratifikasi dan Mobilitas Sosial,,,
meritokrasi,concept,Meritokrasi,C4-Menganalisis,4.0,1.0
q_56d65d2b09,question,Analisislah hubungan antara konsep meritokrasi dengan sifat stratifikasi sosial terbuka!,C4-Menganalisis,4.0,
konsep meritokrasi,concept,Konsep Meritokrasi,,,
dinamika perubahan struktur sosial,concept,Dinamika Perubahan Struktur Sosial,,,
dampak dan jenis inflasi,topic_fine,Dampak dan Jenis Inflasi,,,
hiperinflasi,concept,Hiperinflasi,C6-Mencipta,5.0,2.0
daya beli,concept,Daya Beli,C4-Menganalisis,4.0,1.0
nilai riil tabungan,concept,Nilai Riil Tabungan,C4-Menganalisis,4.0,1.0
bahaya inflasi,concept,Bahaya Inflasi,C4-Menganalisis,4.0,1.0
q_e2f5ae7d78,question,"Analisislah mengapa inflasi ""hiperinflasi"" (>100%) sangat berbahaya bagi perekonomian, kaitkan dengan ""daya beli"" dan ""n",C4-Menganalisis,4.0,
konsep daya beli,concept,Konsep Daya Beli,,,
kebijakan pengendalian inflasi,concept,Kebijakan Pengendalian Inflasi,,,
perbandingan tujuan pembangunan berkelanjutan,topic_fine,Perbandingan Tujuan Pembangunan Berkelanjutan,,,
sdg 2 tanpa kelaparan,concept,SDG 2 Tanpa Kelaparan,C4-Menganalisis,4.0,1.0
sdg 6 air bersih dan sanitasi,concept,SDG 6 Air Bersih dan Sanitasi,C4-Menganalisis,4.0,1.0
kebutuhan dasar kelangsungan hidup,concept,Kebutuhan Dasar Kelangsungan Hidup,C4-Menganalisis,4.0,1.0
q_5564c26d76,question,Bandingkan fokus utama antara SDG 2 (Tanpa Kelaparan) dan SDG 6 (Air Bersih dan Sanitasi Layak). Manakah yang menangani ,C4-Menganalisis,4.0,
menganalisis perbandingan fokus,method,Menganalisis perbandingan fokus,,,
pemahaman dasar sdgs,concept,Pemahaman dasar SDGs,,,
makkah,concept,Makkah,C4-Menganalisis,4.0,1.0
penyebaran gagasan,concept,Penyebaran Gagasan,C4-Menganalisis,4.0,1.0
faktor strategis,concept,Faktor Strategis,C4-Menganalisis,4.0,1.0
q_197ea564c5,question,Analisislah faktor-faktor yang menjadikan Makkah sebagai lokasi strategis bagi terbentuknya 'Komunitas Jawi' dan pusat p,C4-Menganalisis,4.0,
geografi islam,concept,Geografi Islam,,,
dampak islam di nusantara,concept,Dampak Islam di Nusantara,,,
sejarah perjuangan tokoh,topic_coarse,Sejarah Perjuangan Tokoh,,,
perbandingan strategi tokoh lokal,topic_fine,Perbandingan Strategi Tokoh Lokal,,,
strategi perlawanan,concept,Strategi Perlawanan,C4-Menganalisis,4.0,1.0
konfrontasi militer,concept,Konfrontasi Militer,C4-Menganalisis,4.0,1.0
q_16c2ce8b9e,question,Bandingkan strategi yang digunakan Sultan Nuku (konfrontasi militer dan aliansi) dengan strategi awal Ratu Kalinyamat (b,C4-Menganalisis,4.0,
membandingkan strategi,method,Membandingkan strategi,,,
pengetahuan tentang ratu kalinyamat,concept,Pengetahuan tentang Ratu Kalinyamat,,,
analisis dampak strategi historis,concept,Analisis dampak strategi historis,,,
pendekatan kewilayahan dan analisis fenomena,topic_fine,Pendekatan Kewilayahan dan Analisis Fenomena,,,
analisis keruangan,concept,Analisis Keruangan,C4-Menganalisis,4.0,1.0
analisis lingkungan,concept,Analisis Lingkungan,C4-Menganalisis,4.0,1.0
fenomena banjir rob,concept,Fenomena Banjir Rob,C4-Menganalisis,4.0,1.0
q_cd5c0ba6cf,question,Uraikan bagaimana analisis fenomena banjir rob di Semarang menjadi contoh sempurna dari penerapan pendekatan kewilayahan,C4-Menganalisis,4.0,
konsep dasar geografi,concept,Konsep Dasar Geografi,,,
sintesis model keruangan,concept,Sintesis Model Keruangan,,,
proses pembangunan harmoni sosial,topic_fine,Proses Pembangunan Harmoni Sosial,,,
siklus aksi terstruktur,concept,Siklus Aksi Terstruktur,C4-Menganalisis,4.0,1.0
perencanaan,concept,Perencanaan,C4-Menganalisis,4.0,1.0
monitoring,concept,Monitoring,C4-Menganalisis,4.0,1.0
evaluasi,concept,Evaluasi,C4-Menganalisis,4.0,1.0
q_8932537493,question,"Analisislah mengapa empat tahap (Merencanakan, Melaksanakan, Monitoring, Mengevaluasi) disajikan sebagai sebuah siklus y",C4-Menganalisis,4.0,
menganalisis keterkaitan tahapan,method,Menganalisis Keterkaitan Tahapan,,,
pengenalan gejala sosial,concept,Pengenalan Gejala Sosial,,,
perbandingan organisasi pergerakan awal,topic_fine,Perbandingan Organisasi Pergerakan Awal,,,
asas keanggotaan budi utomo,concept,Asas Keanggotaan Budi Utomo,C4-Menganalisis,4.0,1.0
asas keanggotaan sarekat islam,concept,Asas Keanggotaan Sarekat Islam,C4-Menganalisis,4.0,1.0
asas keanggotaan indische partij,concept,Asas Keanggotaan Indische Partij,C4-Menganalisis,4.0,1.0
pengaruh basis massa organisasi,concept,Pengaruh Basis Massa Organisasi,C4-Menganalisis,4.0,1.0
q_87b213065a,question,"Bandingkan perbedaan mendasar antara asas keanggotaan Budi Utomo, Sarekat Islam, dan Indische Partij, dan jelaskan bagai",C4-Menganalisis,4.0,
sejarah organisasi modern indonesia,concept,Sejarah Organisasi Modern Indonesia,,,
perkembangan politik etis dan dampaknya,concept,Perkembangan Politik Etis dan Dampaknya,,,
perbedaan ideologi pergerakan nasional,concept,Perbedaan Ideologi Pergerakan Nasional,,,
pemberontakan dan konflik daerah,topic_fine,Pemberontakan dan Konflik Daerah,,,
pemberontakan di/tii,concept,Pemberontakan DI/TII,C5-Mengevaluasi,5.0,2.0
penyebaran ideologi,concept,Penyebaran Ideologi,C4-Menganalisis,4.0,1.0
relasi pusat-daerah,concept,Relasi Pusat-Daerah,C4-Menganalisis,4.0,1.0
q_6975fdf5f4,question,Analisislah mengapa pemberontakan DI/TII (yang ideologis) bisa menyebar ke berbagai daerah seperti Sulawesi Selatan dan ,C4-Menganalisis,4.0,
konflik politik regional,concept,Konflik Politik Regional,,,
penyelesaian konflik nasional,concept,Penyelesaian Konflik Nasional,,,
sistem pemerintahan ris,concept,Sistem Pemerintahan RIS,C4-Menganalisis,4.0,1.0
sistem pemerintahan nkri,concept,Sistem Pemerintahan NKRI,C4-Menganalisis,4.0,1.0
perbandingan sistem pemerintahan,concept,Perbandingan Sistem Pemerintahan,C4-Menganalisis,4.0,1.0
parlementer,concept,Parlementer,C4-Menganalisis,4.0,1.0
q_0b563d888c,question,Bandingkan sistem pemerintahan RIS (Parlementer) dan sistem pemerintahan NKRI pada 17 Agustus 1950. Apa persamaannya?,C4-Menganalisis,4.0,
konsep negara federal,concept,Konsep Negara Federal,,,
konsep sistem parlementer,concept,Konsep Sistem Parlementer,,,
peran csr dalam model pemberdayaan,topic_fine,Peran CSR dalam Model Pemberdayaan,,,
corporate social responsibility (csr),concept,Corporate Social Responsibility (CSR),C4-Menganalisis,4.0,1.0
jembatan pemberdayaan,concept,Jembatan Pemberdayaan,C4-Menganalisis,4.0,1.0
q_48d599ef7f,question,Bagaimana peran Corporate Social Responsibility (CSR) dari sebuah perusahaan dapat menjadi jembatan antara model pemberd,C4-Menganalisis,4.0,
menganalisis hubungan antar model,method,Menganalisis hubungan antar model,,,
pengertian model top-down,concept,Pengertian Model Top-Down,,,
implementasi model hibrida pemberdayaan,concept,Implementasi Model Hibrida Pemberdayaan,,,
pengelolaan pencemaran tanah,topic_fine,Pengelolaan Pencemaran Tanah,,,
bioremediasi,concept,Bioremediasi,C5-Mengevaluasi,5.0,1.0
pencemaran tanah,concept,Pencemaran Tanah,C5-Mengevaluasi,5.0,1.0
efektivitas solusi lingkungan,concept,Efektivitas Solusi Lingkungan,C5-Mengevaluasi,5.0,1.0
q_887a9ac7ca,question,"Pertimbangkan efektivitas bioremediasi. Menurut Anda, apakah metode ini merupakan solusi final untuk mengatasi pencemara",C5-Mengevaluasi,5.0,
mengevaluasi,method,Mengevaluasi,,,
konsep pencemaran lingkungan,concept,Konsep Pencemaran Lingkungan,,,
prinsip bioremediasi,concept,Prinsip Bioremediasi,,,
pengembangan teknologi remediasi lanjutan,concept,Pengembangan Teknologi Remediasi Lanjutan,,,
perencanaan tata ruang,topic_coarse,Perencanaan Tata Ruang,,,
peran pemerintah dalam penataan ruang,topic_fine,Peran Pemerintah dalam Penataan Ruang,,,
keterpaduan antar lembaga,concept,Keterpaduan antar lembaga,C5-Mengevaluasi,5.0,1.0
peran sektor swasta,concept,Peran sektor swasta,C5-Mengevaluasi,5.0,1.0
q_b3ea234429,question,Tentukan seberapa penting peran pemerintah dalam menjamin 'Keterpaduan' antar lembaga dalam penataan ruang. Apakah peran,C5-Mengevaluasi,5.0,
definisi penataan ruang,concept,Definisi penataan ruang,,,
fungsi lembaga pemerintah,concept,Fungsi lembaga pemerintah,,,
implementasi kebijakan tata ruang,concept,Implementasi Kebijakan Tata Ruang,,,
sejarah eropa,topic_coarse,Sejarah Eropa,,,
kondisi eropa abad pertengahan,topic_fine,Kondisi Eropa Abad Pertengahan,,,
kritik pernyataan generalisasi,concept,Kritik pernyataan generalisasi,C5-Mengevaluasi,5.0,1.0
kondisi eropa abad 14-15,concept,Kondisi Eropa abad 14-15,C5-Mengevaluasi,5.0,1.0
perdagangan internasional pra-kolonial,concept,Perdagangan internasional pra-kolonial,C5-Mengevaluasi,5.0,1.0
q_ecea989355,question,Kritiklah pernyataan bahwa 'sebagian besar Eropa masih terbelakang' pada abad 14-15. Apakah pernyataan ini terlalu menye,C5-Mengevaluasi,5.0,
analisis kritis,method,Analisis Kritis,,,
pemahaman periode abad pertengahan,concept,Pemahaman periode Abad Pertengahan,,,
pengetahuan tentang jalur rempah,concept,Pengetahuan tentang Jalur Rempah,,,
dampak renaisans terhadap eropa,concept,Dampak Renaisans terhadap Eropa,,,
faktor penentu keputusan impor,topic_fine,Faktor Penentu Keputusan Impor,,,
faktor pendorong perdagangan,concept,Faktor Pendorong Perdagangan,C5-Mengevaluasi,5.0,1.0
analisis kebijakan ekonomi,concept,Analisis Kebijakan Ekonomi,C5-Mengevaluasi,5.0,1.0
q_662934e2d5,question,Kritiklah gagasan bahwa suatu negara harus selalu mengimpor barang jika negara lain dapat memproduksinya dengan biaya le,C5-Mengevaluasi,5.0,
mempertimbangkan faktor kontradiktif,method,Mempertimbangkan Faktor Kontradiktif,,,
kebijakan proteksionisme,concept,Kebijakan Proteksionisme,,,
dampak globalisasi ekonomi,concept,Dampak Globalisasi Ekonomi,,,
peran lembaga keuangan lokal,topic_fine,Peran Lembaga Keuangan Lokal,,,
dampak ekonomi pedesaan,concept,Dampak Ekonomi Pedesaan,C5-Mengevaluasi,5.0,1.0
q_9be3317114,question,"Menurut Anda, manakah yang memiliki dampak lebih langsung terhadap perekonomian individu di daerah pedesaan, Bank Umum a",C5-Mengevaluasi,5.0,
argumentasi,method,Argumentasi,,,
perbedaan bank umum dan bpr,concept,Perbedaan Bank Umum dan BPR,,,
analisis kebijakan moneter lokal,concept,Analisis Kebijakan Moneter Lokal,,,
analisis teori perdagangan,topic_fine,Analisis Teori Perdagangan,,,
pola ekspor indonesia,concept,Pola Ekspor Indonesia,C5-Mengevaluasi,5.0,1.0
merkantilisme,concept,Merkantilisme,C5-Mengevaluasi,5.0,1.0
q_c32a9d8f3d,question,Pertimbangkan kondisi ekonomi Indonesia saat ini. Pilihlah satu teori perdagangan internasional yang menurut Anda paling,C5-Mengevaluasi,5.0,
teori perdagangan utama,concept,Teori Perdagangan Utama,,,
penerapan teori dalam kebijakan ekonomi,concept,Penerapan Teori dalam Kebijakan Ekonomi,,,
peran partisipasi masyarakat dalam pengelolaan,topic_fine,Peran Partisipasi Masyarakat dalam Pengelolaan,,,
pengelolaan berkelanjutan,concept,Pengelolaan berkelanjutan,C5-Mengevaluasi,5.0,1.0
q_d04e75dbfc,question,Beri penilaian terhadap pentingnya peran partisipasi masyarakat dalam keberhasilan pengelolaan biodiversitas yang produk,C5-Mengevaluasi,5.0,
strategi konservasi berbasis komunitas,concept,Strategi konservasi berbasis komunitas,,,
dampak letak astronomis dan geografis,topic_fine,Dampak Letak Astronomis dan Geografis,,,
pengaruh ekonomi,concept,Pengaruh Ekonomi,C5-Mengevaluasi,5.0,1.0
q_2c349fd853,question,"Menurut Anda, manakah yang memberikan dampak lebih signifikan bagi perekonomian Indonesia saat ini: keuntungan dari leta",C5-Mengevaluasi,5.0,
dampak fenomena iklim global,topic_fine,Dampak Fenomena Iklim Global,,,
bencana hidrometeorologis,concept,Bencana Hidrometeorologis,C6-Mencipta,5.0,2.0
perbandingan risiko bencana,concept,Perbandingan Risiko Bencana,C5-Mengevaluasi,5.0,1.0
dampak iklim ekstrem,concept,Dampak Iklim Ekstrem,C5-Mengevaluasi,5.0,1.0
q_60203e992a,question,"Berdasarkan dampak yang dijelaskan, manakah yang menurut Anda lebih membahayakan bagi kehidupan manusia dalam jangka pen",C5-Mengevaluasi,5.0,
pemahaman tentang proses geografis,concept,Pemahaman tentang proses geografis,,,
pengetahuan tentang fenomena iklim,concept,Pengetahuan tentang fenomena iklim,,,
mitigasi bencana,concept,Mitigasi Bencana,,,
adaptasi perubahan iklim,concept,Adaptasi Perubahan Iklim,,,
perbandingan jenis dana pensiun,topic_fine,Perbandingan Jenis Dana Pensiun,,,
keunggulan dplk,concept,Keunggulan DPLK,C5-Mengevaluasi,5.0,1.0
mobilitas karyawan,concept,Mobilitas Karyawan,C5-Mengevaluasi,5.0,1.0
q_d9d85f5165,question,Berikan penilaian Anda mengenai keunggulan Dana Pensiun Lembaga Keuangan (DPLK) dibandingkan Dana Pensiun Pemberi Kerja ,C5-Mengevaluasi,5.0,
konsep dana pensiun,concept,Konsep Dana Pensiun,,,
perencanaan keuangan jangka panjang,concept,Perencanaan Keuangan Jangka Panjang,,,
etika digital,topic_coarse,Etika Digital,,,
prinsip penggunaan internet,topic_fine,Prinsip Penggunaan Internet,,,
prinsip etika internet,concept,Prinsip Etika Internet,C5-Mengevaluasi,5.0,1.0
respect,concept,Respect,C5-Mengevaluasi,5.0,1.0
educate,concept,Educate,C5-Mengevaluasi,5.0,1.0
protect,concept,Protect,C5-Mengevaluasi,5.0,1.0
q_3a2b6f0240,question,"Tentukan prinsip mana (Respect, Educate, atau Protect) yang paling fundamental dan harus dipelajari pertama kali oleh pe",C5-Mengevaluasi,5.0,
mempertahankan pilihan,method,Mempertahankan Pilihan,,,
pemahaman dasar internet,concept,Pemahaman Dasar Internet,,,
penerapan etika dalam kasus nyata,concept,Penerapan Etika dalam Kasus Nyata,,,
q_8f0105dbcd,question,Kritiklah gagasan bahwa 'setiap orang memiliki status'. Apakah pernyataan ini sepenuhnya benar jika mempertimbangkan ada,C5-Mengevaluasi,5.0,
kritik,method,Kritik,,,
konsep peran sosial,concept,Konsep peran sosial,,,
ketahanan wilayah dan pangan,topic_fine,Ketahanan Wilayah dan Pangan,,,
kerja sama impor pangan,concept,Kerja Sama Impor Pangan,C5-Mengevaluasi,5.0,1.0
stabilitas ketersediaan kebutuhan,concept,Stabilitas Ketersediaan Kebutuhan,C5-Mengevaluasi,5.0,1.0
potensi kelemahan strategi,concept,Potensi Kelemahan Strategi,C5-Mengevaluasi,5.0,1.0
q_0d9ebc991b,question,Nilailah efektivitas kerja sama impor pangan (seperti gandum) untuk 'Memantapkan Stabilitas Ketersediaan Kebutuhan'. Apa,C5-Mengevaluasi,5.0,
mengevaluasi efektivitas,method,Mengevaluasi Efektivitas,,,
menganalisis kelemahan,method,Menganalisis Kelemahan,,,
proses pemecahan masalah sosial,topic_fine,Proses Pemecahan Masalah Sosial,,,
pemecahan masalah sosial,concept,Pemecahan Masalah Sosial,C5-Mengevaluasi,5.0,2.0
evaluasi langkah kritis,concept,Evaluasi Langkah Kritis,C5-Mengevaluasi,5.0,1.0
q_ffd2b8ea0f,question,Pilihlah satu langkah dalam proses penelitian sosial yang menurut Anda paling krusial untuk keberhasilan pemecahan masal,C5-Mengevaluasi,5.0,
mengargumentasi,method,Mengargumentasi,,,
pemahaman proses kognitif,concept,Pemahaman Proses Kognitif,,,
pengetahuan dasar sosiologi,concept,Pengetahuan Dasar Sosiologi,,,
implementasi solusi berbasis bukti,concept,Implementasi Solusi Berbasis Bukti,,,
periode orde lama dan dampaknya,topic_fine,Periode Orde Lama dan Dampaknya,,,
warisan sejarah,concept,Warisan Sejarah,C5-Mengevaluasi,5.0,1.0
q_c19c7659bf,question,"Pertimbangkan keberhasilan dan kegagalan pada masa Orde Lama. Menurut Anda, warisan terpenting apa yang ditinggalkan dar",C5-Mengevaluasi,5.0,
periode sejarah indonesia,concept,Periode Sejarah Indonesia,,,
pembangunan kontemporer,concept,Pembangunan Kontemporer,,,
perubahan budaya birokrasi,topic_fine,Perubahan Budaya Birokrasi,,,
q_c099d63013,question,"Reformasi Birokrasi (RB) bertujuan mengubah budaya ""melayani penguasa"". Evaluasilah, seberapa sulit mengubah budaya patr",C5-Mengevaluasi,5.0,
definisi reformasi birokrasi,concept,Definisi Reformasi Birokrasi,,,
implementasi tata kelola pemerintahan,concept,Implementasi Tata Kelola Pemerintahan,,,
perspektif teori sosial,topic_fine,Perspektif Teori Sosial,,,
perspektif konflik,concept,Perspektif Konflik,C5-Mengevaluasi,5.0,1.0
negosiasi dan akomodasi,concept,Negosiasi dan Akomodasi,C5-Mengevaluasi,5.0,1.0
kekuatan kelompok,concept,Kekuatan Kelompok,C5-Mengevaluasi,5.0,1.0
q_e698ec64fe,question,"Kritiklah pendekatan perspektif Konflik. Menurut Anda, apa potensi kelemahan dari solusi 'negosiasi dan mencapai kesepak",C5-Mengevaluasi,5.0,
mengkritik,method,Mengkritik,,,
teori interaksionisme simbolik,concept,Teori Interaksionisme Simbolik,,,
teori fungsionalisme struktural,concept,Teori Fungsionalisme Struktural,,,
model dan kritik pemberdayaan,topic_fine,Model dan Kritik Pemberdayaan,,,
kritik program,concept,Kritik Program,C5-Mengevaluasi,5.0,1.0
q_72653344a8,question,Kritiklah pernyataan: 'Pemberdayaan komunitas hanya akan berhasil jika diinisiasi oleh pemerintah karena memiliki sumber,C5-Mengevaluasi,5.0,
implementasi model bottom-up,concept,Implementasi Model Bottom-up,,,
posisi geologis dan dampaknya,topic_fine,Posisi Geologis dan Dampaknya,,,
lempeng tektonik,concept,Lempeng Tektonik,C5-Mengevaluasi,5.0,1.0
q_5174ec6180,question,Evaluasilah pernyataan: 'Posisi geologis Indonesia sebagai 'Cincin Api' lebih banyak membawa potensi sumber daya alam da,C5-Mengevaluasi,5.0,
struktur geosfer,concept,Struktur Geosfer,,,
mitigasi bencana geologi,concept,Mitigasi Bencana Geologi,,,
dampak kebijakan upah terhadap lapangan kerja,topic_fine,Dampak Kebijakan Upah Terhadap Lapangan Kerja,,,
ketersediaan lapangan kerja,concept,Ketersediaan Lapangan Kerja,C5-Mengevaluasi,5.0,1.0
dampak kebijakan upah,concept,Dampak Kebijakan Upah,C5-Mengevaluasi,5.0,1.0
q_0aa0c1e3fa,question,Evaluasilah dampak penetapan UMP yang terlalu tinggi (jauh di atas pertumbuhan ekonomi) terhadap ketersediaan lapangan k,C5-Mengevaluasi,5.0,
mengevaluasi dampak,method,Mengevaluasi Dampak,,,
kebijakan upah dan inflasi,concept,Kebijakan Upah dan Inflasi,,,
fungsi distribusi,concept,Fungsi Distribusi,C6-Mencipta,5.0,3.0
pasar online,concept,Pasar online,C5-Mengevaluasi,5.0,1.0
pasar tradisional,concept,Pasar tradisional,C5-Mengevaluasi,5.0,1.0
q_835ed23b80,question,Evaluasilah pernyataan: 'Pasar online lebih efektif dalam menjalankan fungsi distribusi dibandingkan pasar tradisional'.,C5-Mengevaluasi,5.0,
konsep konsumsi dan distribusi,concept,Konsep konsumsi dan distribusi,,,
analisis perbandingan sistem pasar,concept,Analisis perbandingan sistem pasar,,,
pembangunan berkelanjutan dan konservasi,topic_fine,Pembangunan Berkelanjutan dan Konservasi,,,
pembangunan ekonomi jangka pendek,concept,Pembangunan Ekonomi Jangka Pendek,C5-Mengevaluasi,5.0,1.0
keberlanjutan,concept,Keberlanjutan,C5-Mengevaluasi,5.0,2.0
q_78056fc19d,question,Pemerintah dihadapkan pada pilihan: mengonversi lahan gambut untuk perkebunan skala besar yang menjanjikan PDB tinggi da,C5-Mengevaluasi,5.0,
mengevaluasi dampak jangka panjang,method,Mengevaluasi dampak jangka panjang,,,
kebijakan fiskal dan inflasi,topic_fine,Kebijakan Fiskal dan Inflasi,,,
inflasi tinggi,concept,Inflasi Tinggi,C5-Mengevaluasi,5.0,1.0
penyesuaian kebijakan pemerintah,concept,Penyesuaian Kebijakan Pemerintah,C5-Mengevaluasi,5.0,1.0
q_2b8e7c39ce,question,"Kebijakan Fiskal Kontraktif (menaikkan pajak, menurunkan belanja) seringkali tidak populer secara politik. Evaluasilah m",C5-Mengevaluasi,5.0,
mengevaluasi dampak kebijakan,method,Mengevaluasi dampak kebijakan,,,
fungsi dan sistem pengupahan,topic_fine,Fungsi dan Sistem Pengupahan,,,
sistem pengupahan,concept,Sistem Pengupahan,C5-Mengevaluasi,5.0,1.0
q_b2ef18bd7d,question,"Konteks menyebut upah berfungsi sebagai ""insentif"". Evaluasilah, apakah penetapan Upah Minimum (UM) sudah cukup untuk ""m",C5-Mengevaluasi,5.0,
evaluasi kritis,method,Evaluasi Kritis,,,
perancangan sistem kompensasi,concept,Perancangan Sistem Kompensasi,,,
masyarakat luar negeri,concept,Masyarakat Luar Negeri,C5-Mengevaluasi,5.0,1.0
dampak ketidakadaan pelaku,concept,Dampak Ketidakadaan Pelaku,C5-Mengevaluasi,5.0,1.0
q_da339a6a24,question,"Tinjau kembali empat pelaku ekonomi. Jika salah satu dari mereka (misalnya Masyarakat Luar Negeri) tidak ada, bagaimana ",C5-Mengevaluasi,5.0,
analisis keseimbangan ekonomi,concept,Analisis Keseimbangan Ekonomi,,,
geografi dan demografi,topic_coarse,Geografi dan Demografi,,,
dinamika pertumbuhan penduduk perkotaan asia,topic_fine,Dinamika Pertumbuhan Penduduk Perkotaan Asia,,,
pertumbuhan penduduk perkotaan,concept,Pertumbuhan penduduk perkotaan,C5-Mengevaluasi,5.0,1.0
tantangan perkotaan asia,concept,Tantangan perkotaan Asia,C5-Mengevaluasi,5.0,1.0
dinamika demografi global,concept,Dinamika demografi global,C5-Mengevaluasi,5.0,1.0
q_54ff5a4f99,question,Pertimbangkan pernyataan bahwa pertumbuhan penduduk terbesar akan terjadi di perkotaan Asia. Berikan penilaian mengenai ,C5-Mengevaluasi,5.0,
konsep kepadatan penduduk,concept,Konsep kepadatan penduduk,,,
tren urbanisasi,concept,Tren urbanisasi,,,
perencanaan kota berkelanjutan,concept,Perencanaan kota berkelanjutan,,,
dampak dan kebijakan perubahan sosial,topic_fine,Dampak dan Kebijakan Perubahan Sosial,,,
kebijakan kepemimpinan,concept,Kebijakan Kepemimpinan,C5-Mengevaluasi,5.0,1.0
q_f4887f4fd8,question,"Jika Anda seorang pemimpin masyarakat, kebijakan apa yang akan Anda prioritaskan untuk memaksimalkan 'mobilitas sosial y",C5-Mengevaluasi,5.0,
konsep mobilitas sosial,concept,Konsep Mobilitas Sosial,,,
implementasi kebijakan sosial,concept,Implementasi Kebijakan Sosial,,,
risiko kampanye sosial,topic_fine,Risiko Kampanye Sosial,,,
misinformasi,concept,Misinformasi,C5-Mengevaluasi,5.0,1.0
peran ahli,concept,Peran Ahli,C5-Mengevaluasi,5.0,1.0
q_eaf6ec4691,question,Berikan penilaian terhadap potensi risiko penyebaran misinformasi dalam kampanye sosial yang tidak melibatkan ahli atau ,C5-Mengevaluasi,5.0,
mengevaluasi risiko,method,Mengevaluasi risiko,,,
konsep misinformasi,concept,Konsep Misinformasi,,,
strategi mitigasi misinformasi,concept,Strategi Mitigasi Misinformasi,,,
metodologi sejarah,topic_coarse,Metodologi Sejarah,,,
pendekatan multidimensional sartono kartodirdjo,topic_fine,Pendekatan Multidimensional Sartono Kartodirdjo,,,
efektivitas rekonstruksi sejarah,concept,Efektivitas rekonstruksi sejarah,C5-Mengevaluasi,5.0,1.0
kelebihan dan kekurangan sejarah,concept,Kelebihan dan kekurangan sejarah,C5-Mengevaluasi,5.0,1.0
q_cd1d1f4319,question,Nilailah efektivitas pendekatan multidimensional Sartono Kartodirdjo. Apa potensi kelebihan dan kekurangannya dalam upay,C5-Mengevaluasi,5.0,
analisis historiografi kontemporer,concept,Analisis historiografi kontemporer,,,
ekonomi bisnis,topic_coarse,Ekonomi Bisnis,,,
tujuan dan konflik kegiatan produksi,topic_fine,Tujuan dan Konflik Kegiatan Produksi,,,
tujuan produksi perusahaan,concept,Tujuan produksi perusahaan,C5-Mengevaluasi,5.0,1.0
keuntungan perusahaan,concept,Keuntungan perusahaan,C5-Mengevaluasi,5.0,1.0
kemakmuran masyarakat,concept,Kemakmuran masyarakat,C5-Mengevaluasi,5.0,1.0
konflik tujuan ekonomi,concept,Konflik tujuan ekonomi,C5-Mengevaluasi,5.0,1.0
q_5ba4c7bcc1,question,"Tujuan khusus produksi bagi perusahaan adalah 'meningkatkan keuntungan', sementara tujuan utamanya adalah 'mencapai kema",C5-Mengevaluasi,5.0,
memberikan penilaian,method,Memberikan Penilaian,,,
konsep produksi,concept,Konsep produksi,,,
etika bisnis dan tanggung jawab sosial perusahaan,concept,Etika bisnis dan tanggung jawab sosial perusahaan,,,
sumber sejarah dan analisis,topic_fine,Sumber Sejarah dan Analisis,,,
rekonstruksi kehidupan sosial,concept,Rekonstruksi Kehidupan Sosial,C5-Mengevaluasi,5.0,1.0
kelebihan dan kelemahan sumber sejarah,concept,Kelebihan dan Kelemahan Sumber Sejarah,C5-Mengevaluasi,5.0,1.0
q_872a39785f,question,Evaluasilah kelebihan dan kelemahan penggunaan cerita rakyat sebagai sumber untuk merekonstruksi kehidupan sosial masyar,C5-Mengevaluasi,5.0,
konsep sejarah,concept,Konsep Sejarah,,,
faktor dan perkembangan kebangsaan,topic_fine,Faktor dan Perkembangan Kebangsaan,,,
fokus regional jawa dan madura,concept,Fokus Regional Jawa dan Madura,C5-Mengevaluasi,5.0,1.0
kelemahan strategis,concept,Kelemahan Strategis,C5-Mengevaluasi,5.0,1.0
langkah awal realistis,concept,Langkah Awal Realistis,C5-Mengevaluasi,5.0,1.0
q_a3334459e3,question,Evaluasilah dampak dari keterbatasan awal Budi Utomo yang hanya berfokus pada priyayi Jawa dan Madura. Apakah hal ini me,C5-Mengevaluasi,5.0,
munculnya kesadaran politik,concept,Munculnya Kesadaran Politik,,,
perkembangan organisasi modern indonesia,concept,Perkembangan Organisasi Modern Indonesia,,,
dampak pendudukan jepang dan belanda,topic_fine,Dampak Pendudukan Jepang dan Belanda,,,
eksploitasi ekonomi masa belanda,concept,Eksploitasi ekonomi masa Belanda,C5-Mengevaluasi,5.0,1.0
sistem tanam paksa,concept,Sistem Tanam Paksa,C5-Mengevaluasi,5.0,1.0
eksploitasi ekonomi masa jepang,concept,Eksploitasi ekonomi masa Jepang,C5-Mengevaluasi,5.0,1.0
romusha dan setoran wajib,concept,Romusha dan setoran wajib,C5-Mengevaluasi,5.0,1.0
q_cbbacf5c17,question,Bandingkan tingkat eksploitasi ekonomi antara masa penjajahan Belanda (sistem tanam paksa) dengan masa pendudukan Jepang,C5-Mengevaluasi,5.0,
memahami sistem tanam paksa,concept,Memahami sistem tanam paksa,,,
memahami kebijakan ekonomi jepang,concept,Memahami kebijakan ekonomi Jepang,,,
analisis perbandingan kebijakan kolonial,concept,Analisis perbandingan kebijakan kolonial,,,
jenis status sosial dalam masyarakat,topic_fine,Jenis Status Sosial dalam Masyarakat,,,
status yang diberikan (assigned status),concept,Status yang diberikan (assigned status),C5-Mengevaluasi,5.0,1.0
status yang dicapai (achieved status),concept,Status yang dicapai (achieved status),C5-Mengevaluasi,5.0,1.0
q_6dabda8e75,question,"Menurut Anda, manakah jenis status yang paling adil dalam struktur masyarakat modern, 'ascribed' atau 'achieved'? Berika",C5-Mengevaluasi,5.0,
justifikasi,method,Justifikasi,,,
pengaruh kondisi alam indonesia,topic_fine,Pengaruh Kondisi Alam Indonesia,,,
gunung api aktif,concept,Gunung api aktif,C5-Mengevaluasi,5.0,1.0
dampak alam,concept,Dampak alam,C5-Mengevaluasi,5.0,1.0
evaluasi kondisi alam,concept,Evaluasi kondisi alam,C5-Mengevaluasi,5.0,1.0
q_fdd4bb75bd,question,Evaluasilah pernyataan: 'Memiliki banyak gunung api aktif lebih banyak mendatangkan bencana daripada manfaat bagi Indone,C5-Mengevaluasi,5.0,
mengevaluasi argumen,method,Mengevaluasi argumen,,,
jenis-jenis kondisi alam,concept,Jenis-jenis kondisi alam,,,
mitigasi bencana alam,concept,Mitigasi Bencana Alam,C5-Mengevaluasi,5.0,1.0
lingkungan dan ekologi,topic_coarse,Lingkungan dan Ekologi,,,
dampak aktivitas manusia pada ekosistem,topic_fine,Dampak Aktivitas Manusia pada Ekosistem,,,
dampak limbah industri,concept,Dampak limbah industri,C5-Mengevaluasi,5.0,1.0
dampak pestisida berlebih,concept,Dampak pestisida berlebih,C5-Mengevaluasi,5.0,1.0
keberlangsungan ekosistem,concept,Keberlangsungan ekosistem,C5-Mengevaluasi,5.0,1.0
q_b89f7c84e3,question,"Berdasarkan dampak yang diuraikan, mana yang lebih berbahaya bagi keberlangsungan ekosistem jangka panjang: pembuangan l",C5-Mengevaluasi,5.0,
konsep dasar ekosistem,concept,Konsep dasar ekosistem,,,
jenis-jenis polutan,concept,Jenis-jenis polutan,,,
strategi mitigasi kerusakan lingkungan,concept,Strategi mitigasi kerusakan lingkungan,,,
stratifikasi sosial dan dampaknya,topic_fine,Stratifikasi Sosial dan Dampaknya,,,
stratifikasi berbasis kehormatan,concept,Stratifikasi berbasis kehormatan,C5-Mengevaluasi,5.0,1.0
dampak sosial,concept,Dampak Sosial,C6-Mencipta,5.0,4.0
q_7f5ce0df9b,question,"Pertimbangkan dampak positif dan negatif dari adanya stratifikasi sosial berbasis 'kehormatan' dalam sebuah komunitas, s",C5-Mengevaluasi,5.0,
mengevaluasi dampak positif dan negatif,method,Mengevaluasi dampak positif dan negatif,,,
definisi stratifikasi sosial,concept,Definisi stratifikasi sosial,,,
perubahan struktur sosial,concept,Perubahan Struktur Sosial,C6-Mencipta,5.0,1.0
dampak masyarakat jaringan,topic_fine,Dampak Masyarakat Jaringan,,,
gaya hidup dinamis,concept,Gaya Hidup Dinamis,C5-Mengevaluasi,5.0,1.0
budaya lokal,concept,Budaya Lokal,C5-Mengevaluasi,5.0,1.0
evaluasi dampak,concept,Evaluasi Dampak,C5-Mengevaluasi,5.0,1.0
q_eea82b8a15,question,Evaluasilah dampak dari ciri 'gaya hidup yang dinamis' terhadap budaya lokal. Apakah ciri ini lebih banyak membawa penga,C5-Mengevaluasi,5.0,
transformasi budaya digital,concept,Transformasi Budaya Digital,,,
prioritas masalah daerah,concept,Prioritas Masalah Daerah,C5-Mengevaluasi,5.0,1.0
q_9661d1f5f7,question,"Seandainya Anda adalah seorang kepala daerah, pertimbangkan manakah yang lebih prioritas untuk diatasi: masalah yang dia",C5-Mengevaluasi,5.0,
penerapan kebijakan geografis,concept,Penerapan Kebijakan Geografis,,,
peran dan komposisi atmosfer bumi,topic_fine,Peran dan Komposisi Atmosfer Bumi,,,
peran atmosfer bagi kehidupan,concept,Peran atmosfer bagi kehidupan,C5-Mengevaluasi,5.0,1.0
dampak ketiadaan atmosfer,concept,Dampak ketiadaan atmosfer,C5-Mengevaluasi,5.0,1.0
q_304ec4d268,question,"Evaluasilah pernyataan ini: 'Tanpa atmosfer, Bumi akan menjadi planet mati seperti Mars'. Setujukah Anda? Berikan penila",C5-Mengevaluasi,5.0,
fungsi dasar atmosfer,concept,Fungsi dasar atmosfer,,,
fungsi dan komposisi atmosfer,topic_fine,Fungsi dan Komposisi Atmosfer,,,
peran vital atmosfer,concept,Peran vital atmosfer,C5-Mengevaluasi,5.0,1.0
q_2fa1244c22,question,"Menurut Anda, lapisan atmosfer manakah yang paling vital bagi eksistensi manusia sehari-hari? Berikan justifikasi atas p",C5-Mengevaluasi,5.0,
dampak keragaman budaya indonesia,topic_fine,Dampak Keragaman Budaya Indonesia,,,
keragaman budaya,concept,Keragaman Budaya,C6-Mencipta,5.0,2.0
sisi positif budaya,concept,Sisi Positif Budaya,C5-Mengevaluasi,5.0,1.0
sisi negatif budaya,concept,Sisi Negatif Budaya,C5-Mengevaluasi,5.0,1.0
kekuatan dan tantangan,concept,Kekuatan dan Tantangan,C5-Mengevaluasi,5.0,1.0
q_6585637d33,question,"Timbanglah sisi positif dan negatif dari keragaman budaya bagi Indonesia. Menurut Anda, apakah kekayaan budaya ini lebih",C5-Mengevaluasi,5.0,
strategi menjaga keutuhan budaya,concept,Strategi Menjaga Keutuhan Budaya,,,
peran dpr dalam krisis,concept,Peran DPR dalam Krisis,C5-Mengevaluasi,5.0,1.0
harmoko dan dinamika politik,concept,Harmoko dan Dinamika Politik,C5-Mengevaluasi,5.0,1.0
transisi kekuasaan orde baru,concept,Transisi Kekuasaan Orde Baru,C5-Mengevaluasi,5.0,1.0
q_3c41e1daa3,question,Evaluasilah peran pimpinan DPR (Harmoko) yang (meskipun bagian dari Orba) akhirnya meminta Soeharto mundur.,C5-Mengevaluasi,5.0,
mengevaluasi peran aktor politik,method,Mengevaluasi peran aktor politik,,,
dampak krisis moneter 1997,concept,Dampak Krisis Moneter 1997,,,
dampak moral pertempuran,concept,Dampak moral pertempuran,C5-Mengevaluasi,5.0,1.0
peristiwa bersejarah indonesia,concept,Peristiwa bersejarah Indonesia,C5-Mengevaluasi,5.0,1.0
perbandingan pertempuran,concept,Perbandingan pertempuran,C5-Mengevaluasi,5.0,1.0
q_674f274b41,question,"Menurut Anda, di antara tiga pertempuran (Surabaya, Ambarawa, Bandung), manakah yang memiliki dampak moril (semangat jua",C5-Mengevaluasi,5.0,
pengetahuan tentang pertempuran surabaya,concept,Pengetahuan tentang pertempuran Surabaya,,,
pengetahuan tentang pertempuran ambarawa,concept,Pengetahuan tentang pertempuran Ambarawa,,,
pengetahuan tentang pertempuran bandung,concept,Pengetahuan tentang pertempuran Bandung,,,
analisis dampak politik pertempuran,concept,Analisis dampak politik pertempuran,,,
perlindungan radiasi atmosfer,concept,Perlindungan radiasi atmosfer,C5-Mengevaluasi,5.0,1.0
penyediaan oksigen,concept,Penyediaan oksigen,C5-Mengevaluasi,5.0,1.0
prioritas fungsi atmosfer,concept,Prioritas fungsi atmosfer,C5-Mengevaluasi,5.0,1.0
q_025e4b97cd,question,Pilihlah antara perlindungan dari radiasi UV oleh stratosfer atau penyediaan oksigen oleh atmosfer secara umum. Manakah ,C5-Mengevaluasi,5.0,
mempertahankan argumen,method,Mempertahankan argumen,,,
dampak perubahan atmosfer,concept,Dampak perubahan atmosfer,,,
masalah sosial era digital,topic_fine,Masalah Sosial Era Digital,,,
kelompok rentan,concept,Kelompok Rentan,C5-Mengevaluasi,5.0,1.0
kebijakan digital,concept,Kebijakan Digital,C5-Mengevaluasi,5.0,1.0
keadilan sosial,concept,Keadilan Sosial,C6-Mencipta,5.0,2.0
q_00d3fee831,question,"Berdasarkan informasi tentang kelompok rentan, berikan penilaian terhadap kebijakan pemerintah yang mendorong semua laya",C5-Mengevaluasi,5.0,
mengevaluasi kebijakan,method,Mengevaluasi kebijakan,,,
solusi ketimpangan digital,concept,Solusi Ketimpangan Digital,,,
struktur pendapatan anggaran daerah,topic_fine,Struktur Pendapatan Anggaran Daerah,,,
pendapatan transfer,concept,Pendapatan Transfer,C5-Mengevaluasi,5.0,1.0
alokasi keuangan daerah,concept,Alokasi Keuangan Daerah,C5-Mengevaluasi,5.0,1.0
q_d7ee83a3c1,question,"Evaluasilah, di antara ""PAD"" dan ""Pendapatan Transfer"", sumber pendapatan mana yang seharusnya didorong peningkatannya o",C5-Mengevaluasi,5.0,
evaluasi kebijakan,method,Evaluasi Kebijakan,C5-Mengevaluasi,5.0,1.0
analisis kinerja fiskal daerah,concept,Analisis Kinerja Fiskal Daerah,,,
keberlanjutan program,concept,Keberlanjutan Program,C5-Mengevaluasi,5.0,1.0
q_96bf442aca,question,"Menurut Anda, model pemberdayaan manakah (top-down atau bottom-up) yang lebih berkelanjutan untuk program pelestarian li",C5-Mengevaluasi,5.0,
kelebihan dan kekurangan model top-down,concept,Kelebihan dan Kekurangan Model Top-Down,,,
perancangan model pemberdayaan optimal,concept,Perancangan Model Pemberdayaan Optimal,,,
pendekatan pengajaran sejarah,concept,Pendekatan Pengajaran Sejarah,C5-Mengevaluasi,5.0,1.0
evaluasi konsep,concept,Evaluasi Konsep,C5-Mengevaluasi,5.0,1.0
spielvogel vs carr,concept,Spielvogel vs Carr,C5-Mengevaluasi,5.0,1.0
q_a0c2421db7,question,"Menurut Anda, manakah definisi sejarah yang paling baik untuk diajarkan kepada siswa pemula: definisi sederhana dari Jac",C5-Mengevaluasi,5.0,
pemahaman etimologi sejarah,concept,Pemahaman Etimologi Sejarah,,,
pengetahuan definisi sejarah,concept,Pengetahuan Definisi Sejarah,,,
biogeografi,topic_coarse,Biogeografi,,,
peran manusia,concept,Peran manusia,C5-Mengevaluasi,5.0,1.0
q_b697b41e48,question,Kritiklah pernyataan: 'Kesuburan tanah adalah satu-satunya penentu keberhasilan pertanian di suatu wilayah.' Gunakan fak,C5-Mengevaluasi,5.0,
pengertian kesuburan tanah,concept,Pengertian kesuburan tanah,,,
dampak perubahan iklim terhadap ekosistem,concept,Dampak perubahan iklim terhadap ekosistem,,,
politik etis dan dampaknya,topic_fine,Politik Etis dan Dampaknya,,,
program emigrasi,concept,Program Emigrasi,C5-Mengevaluasi,5.0,1.0
tujuan kolonialisme,concept,Tujuan Kolonialisme,C5-Mengevaluasi,5.0,1.0
kesejahteraan rakyat,concept,Kesejahteraan Rakyat,C5-Mengevaluasi,5.0,1.0
q_b8ccf2fce9,question,Evaluasilah efektivitas program Emigrasi dalam Politik Etis. Apakah program tersebut benar-benar bertujuan untuk kesejah,C5-Mengevaluasi,5.0,
pengenalan politik etis,concept,Pengenalan Politik Etis,,,
pemahaman tujuan kolonial,concept,Pemahaman Tujuan Kolonial,,,
konsep dasar perubahan iklim,topic_fine,Konsep Dasar Perubahan Iklim,,,
evaluasi informasi ilmiah,concept,Evaluasi Informasi Ilmiah,C5-Mengevaluasi,5.0,1.0
q_aa88b0f846,question,Evaluasilah efektivitas penyajian informasi dalam teks: apakah definisi dan contoh yang diberikan sudah cukup untuk meya,C5-Mengevaluasi,5.0,
mengevaluasi efektivitas penyajian,method,Mengevaluasi Efektivitas Penyajian,,,
pemahaman definisi dasar,concept,Pemahaman Definisi Dasar,,,
pengetahuan tentang iklim dan cuaca,concept,Pengetahuan tentang Iklim dan Cuaca,,,
analisis dampak perubahan iklim,concept,Analisis Dampak Perubahan Iklim,,,
indikator pertumbuhan ekonomi,concept,Indikator Pertumbuhan Ekonomi,C5-Mengevaluasi,5.0,1.0
keterbatasan pdb,concept,Keterbatasan PDB,C5-Mengevaluasi,5.0,1.0
kesejahteraan negara,concept,Kesejahteraan Negara,C5-Mengevaluasi,5.0,1.0
q_c9254c93bc,question,Kritiklah penggunaan PDB sebagai satu-satunya indikator untuk mengukur kemajuan suatu negara. Aspek penting apa saja yan,C5-Mengevaluasi,5.0,
konsep pdb,concept,Konsep PDB,,,
indikator pembangunan manusia (ipm),concept,Indikator Pembangunan Manusia (IPM),,,
ekonomi berkelanjutan,concept,Ekonomi Berkelanjutan,,,
pengangguran konjungtural,concept,Pengangguran Konjungtural,C5-Mengevaluasi,5.0,1.0
pengangguran musiman,concept,Pengangguran Musiman,C6-Mencipta,5.0,2.0
q_9b9d66b9cf,question,"Di antara empat penyebab pengangguran (Konjungtural, Struktural, Friksional, Musiman), manakah yang menurut Anda paling ",C5-Mengevaluasi,5.0,
efisiensi sistem zona waktu,concept,Efisiensi sistem zona waktu,C5-Mengevaluasi,5.0,1.0
q_4facdec0eb,question,Evaluasilah pembagian tiga zona waktu di Indonesia. Apakah sistem ini sudah efisien untuk negara kepulauan yang sangat l,C5-Mengevaluasi,5.0,
pengertian zona waktu,concept,Pengertian zona waktu,,,
dampak perubahan zona waktu,concept,Dampak perubahan zona waktu,,,
evolusi sistem pertukaran,topic_fine,Evolusi Sistem Pertukaran,,,
q_670fd6bd0c,question,"Berikan penilaian terhadap pernyataan: 'Uang elektronik adalah bentuk uang yang paling efisien, namun juga yang paling r",C5-Mengevaluasi,5.0,
definisi barter,concept,Definisi Barter,,,
perkembangan uang modern,concept,Perkembangan Uang Modern,,,
efektivitas pendekatan komunitas,topic_fine,Efektivitas Pendekatan Komunitas,,,
masalah buta aksara,concept,Masalah Buta Aksara,C5-Mengevaluasi,5.0,1.0
pendidikan formal,concept,Pendidikan Formal,C5-Mengevaluasi,5.0,1.0
q_9a8f8a5681,question,"Menilik masalah buta aksara, evaluasilah efektivitas pendekatan pemberdayaan berbasis komunitas dibandingkan dengan prog",C5-Mengevaluasi,5.0,
evaluasi komparatif,method,Evaluasi Komparatif,,,
prinsip pemberdayaan,concept,Prinsip Pemberdayaan,,,
perancangan intervensi sosial,concept,Perancangan Intervensi Sosial,,,
definisi dan pendekatan konflik sosial,topic_fine,Definisi dan Pendekatan Konflik Sosial,,,
pendekatan hukum,concept,Pendekatan hukum,C5-Mengevaluasi,5.0,1.0
pendekatan sosiologis,concept,Pendekatan sosiologis,C5-Mengevaluasi,5.0,1.0
analisis sosial,concept,Analisis Sosial,C6-Mencipta,5.0,2.0
q_3848231705,question,Nilailah kelebihan dan kekurangan mendefinisikan konflik sosial secara hukum melalui undang-undang dibandingkan dengan m,C5-Mengevaluasi,5.0,
pemahaman disiplin ilmu hukum dan sosiologi,concept,Pemahaman disiplin ilmu hukum dan sosiologi,,,
referendum timor timur,concept,Referendum Timor Timur,C5-Mengevaluasi,5.0,1.0
q_6cd924fb7b,question,"Evaluasilah keputusan B.J. Habibie untuk mengadakan referendum di Timor Timur. Apakah itu langkah yang tepat, atau terla",C5-Mengevaluasi,5.0,
latar belakang reformasi 1998,concept,Latar Belakang Reformasi 1998,,,
konsep demokrasi dan kedaulatan rakyat,concept,Konsep Demokrasi dan Kedaulatan Rakyat,,,
dampak kebijakan pasca-reformasi,concept,Dampak Kebijakan Pasca-Reformasi,,,
peran arsiparis dalam historiografi,topic_fine,Peran Arsiparis dalam Historiografi,,,
objektivitas penulisan sejarah,concept,Objektivitas Penulisan Sejarah,C5-Mengevaluasi,5.0,1.0
keakuratan sumber sejarah,concept,Keakuratan Sumber Sejarah,C5-Mengevaluasi,5.0,1.0
peran arsiparis,concept,Peran Arsiparis,C5-Mengevaluasi,5.0,1.0
historiografi,concept,Historiografi,C5-Mengevaluasi,5.0,1.0
q_7a3e205579,question,Evaluasilah pentingnya peran seorang arsiparis seperti Mona Lohanda dalam menjaga objektivitas dan keakuratan penulisan ,C5-Mengevaluasi,5.0,
proses penelitian sejarah,concept,Proses Penelitian Sejarah,,,
analisis kritis sumber sejarah,concept,Analisis Kritis Sumber Sejarah,,,
analisis solusi konflik jangka panjang,topic_fine,Analisis Solusi Konflik Jangka Panjang,,,
analisis kesimpulan sementara,concept,Analisis kesimpulan sementara,C5-Mengevaluasi,5.0,1.0
efektivitas mediasi,concept,Efektivitas mediasi,C5-Mengevaluasi,5.0,1.0
solusi konflik jangka panjang,concept,Solusi konflik jangka panjang,C5-Mengevaluasi,5.0,1.0
q_ec3c7cedf4,question,Kritiklah kesimpulan sementara dari kasus Desa Sumber Aman. Apakah penyebutan 'mediasi' sebagai penanganan sudah cukup u,C5-Mengevaluasi,5.0,
studi literatur konflik,concept,Studi Literatur Konflik,,,
perancangan intervensi konflik lanjutan,concept,Perancangan intervensi konflik lanjutan,,,
sejarah politik,topic_coarse,Sejarah Politik,,,
nasionalisme dan perlawanan kolonial,topic_fine,Nasionalisme dan Perlawanan Kolonial,,,
perang suci,concept,Perang Suci,C5-Mengevaluasi,5.0,1.0
pembaharuan islam,concept,Pembaharuan Islam,C5-Mengevaluasi,5.0,1.0
q_2e03a7e04e,question,"Menurut Anda, manakah yang lebih efektif dalam membangkitkan semangat persatuan melawan penjajah di abad ke-19: seruan '",C5-Mengevaluasi,5.0,
perkembangan ideologi modern,concept,Perkembangan Ideologi Modern,,,
prioritas kebijakan pembangunan nasional,topic_fine,Prioritas Kebijakan Pembangunan Nasional,,,
pembangunan fisik,concept,Pembangunan Fisik,C5-Mengevaluasi,5.0,1.0
literasi digital,concept,Literasi Digital,C5-Mengevaluasi,5.0,2.0
q_7f1a64a448,question,Tentukan mana yang lebih prioritas untuk pemerintah Indonesia saat ini: mengalokasikan dana untuk pembangunan fisik komp,C5-Mengevaluasi,5.0,
teori pemberdayaan masyarakat,concept,Teori Pemberdayaan Masyarakat,,,
pengukuran dampak sosial,concept,Pengukuran Dampak Sosial,,,
pendidikan lingkungan,topic_coarse,Pendidikan Lingkungan,,,
efektivitas kampanye keberlanjutan,topic_fine,Efektivitas Kampanye Keberlanjutan,,,
kampanye lingkungan,concept,Kampanye Lingkungan,C6-Mencipta,5.0,2.0
daur ulang (recycle),concept,Daur Ulang (Recycle),C5-Mengevaluasi,5.0,1.0
pendekatan holistik 5r,concept,Pendekatan Holistik 5R,C5-Mengevaluasi,5.0,1.0
q_84913b31d6,question,Nilailah efektivitas kampanye lingkungan yang hanya berfokus pada 'Recycle' (daur ulang) dibandingkan dengan pendekatan ,C5-Mengevaluasi,5.0,
pemahaman konsep 5r,concept,Pemahaman Konsep 5R,,,
pengetahuan tentang dampak lingkungan,concept,Pengetahuan tentang dampak lingkungan,,,
perancangan kebijakan lingkungan,concept,Perancangan Kebijakan Lingkungan,,,
motivasi dan praktik voc,topic_fine,Motivasi dan Praktik VOC,,,
tujuan voc,concept,Tujuan VOC,C5-Mengevaluasi,5.0,1.0
persaingan pedagang belanda,concept,Persaingan pedagang Belanda,C5-Mengevaluasi,5.0,1.0
monopoli perdagangan,concept,Monopoli perdagangan,C5-Mengevaluasi,5.0,1.0
keberhasilan strategi,concept,Keberhasilan strategi,C5-Mengevaluasi,5.0,1.0
q_8879a9f9d6,question,"Evaluasilah, apakah tujuan utama VOC untuk 'menghindari persaingan tidak sehat' antar pedagang Belanda dapat dianggap be",C5-Mengevaluasi,5.0,
latar belakang penjelajahan samudra,concept,Latar belakang penjelajahan samudra,,,
konsep persaingan pasar,concept,Konsep persaingan pasar,,,
dampak kolonialisme terhadap ekonomi lokal,concept,Dampak kolonialisme terhadap ekonomi lokal,,,
ancaman disintegrasi negara,topic_fine,Ancaman Disintegrasi Negara,,,
pancasila,concept,Pancasila,C5-Mengevaluasi,5.0,1.0
ancaman disintegrasi,concept,Ancaman Disintegrasi,C5-Mengevaluasi,5.0,1.0
q_0afda0f534,question,"Di antara DI/TII dan PRRI/Permesta, manakah yang menurut Anda merupakan ancaman disintegrasi paling berbahaya bagi Panca",C5-Mengevaluasi,5.0,
sejarah orde lama,concept,Sejarah Orde Lama,,,
konflik politik indonesia,concept,Konflik Politik Indonesia,,,
sosiologi dan etika,topic_coarse,Sosiologi dan Etika,,,
harmoni sosial dan lingkungan,topic_fine,Harmoni Sosial dan Lingkungan,,,
hubungan antarmanusia,concept,Hubungan Antarmanusia,C5-Mengevaluasi,5.0,1.0
harmoni dengan alam,concept,Harmoni dengan Alam,C5-Mengevaluasi,5.0,1.0
kesejahteraan bersama,concept,Kesejahteraan Bersama,C5-Mengevaluasi,5.0,1.0
q_fe77a0b11d,question,Nilailah urgensi memasukkan 'harmoni dengan alam' dalam pembahasan harmoni sosial. Apakah isu lingkungan sama pentingnya,C5-Mengevaluasi,5.0,
mengevaluasi urgensi,method,Mengevaluasi urgensi,,,
membandingkan kepentingan isu,method,Membandingkan kepentingan isu,,,
konsep kesejahteraan,concept,Konsep Kesejahteraan,,,
implementasi kebijakan berkelanjutan,concept,Implementasi Kebijakan Berkelanjutan,,,
analisis pertumbuhan penduduk indonesia,topic_fine,Analisis Pertumbuhan Penduduk Indonesia,,,
tantangan pembangunan berkelanjutan,concept,Tantangan pembangunan berkelanjutan,C5-Mengevaluasi,5.0,1.0
q_1f09f53584,question,"Berdasarkan teks, pertumbuhan penduduk Indonesia sebesar 1,49% per tahun digolongkan sebagai kategori 'sedang'. Berikan ",C5-Mengevaluasi,5.0,
perencanaan kebijakan kependudukan,concept,Perencanaan kebijakan kependudukan,,,
pengaruh ketinggian terhadap pertanian,topic_fine,Pengaruh Ketinggian Terhadap Pertanian,,,
zona ketinggian,concept,Zona ketinggian,C5-Mengevaluasi,5.0,1.0
efektivitas penanaman padi,concept,Efektivitas penanaman padi,C5-Mengevaluasi,5.0,1.0
q_552765ba7f,question,"Berdasarkan klasifikasi zona ketinggian, nilaialah efektivitas menanam padi di ketinggian 1.600 meter. Jelaskan alasan p",C5-Mengevaluasi,5.0,
klasifikasi zona ketinggian,concept,Klasifikasi zona ketinggian,,,
persyaratan hidup tanaman,concept,Persyaratan hidup tanaman,,,
adaptasi tanaman terhadap perubahan iklim,concept,Adaptasi tanaman terhadap perubahan iklim,,,
perbandingan instrumen investasi jangka panjang,topic_fine,Perbandingan Instrumen Investasi Jangka Panjang,,,
menabung di bank,concept,Menabung di bank,C5-Mengevaluasi,5.0,1.0
tujuan jangka panjang,concept,Tujuan jangka panjang,C5-Mengevaluasi,5.0,1.0
analisis investasi,concept,Analisis investasi,C5-Mengevaluasi,5.0,1.0
q_a68cc7eb61,question,"Menurut pendapatmu, antara menabung di bank dan berinvestasi emas, manakah pilihan yang lebih superior untuk tujuan jang",C5-Mengevaluasi,5.0,
definisi tabungan dan investasi,concept,Definisi tabungan dan investasi,,,
pemanfaatan berkelanjutan dan ancaman,topic_fine,Pemanfaatan Berkelanjutan dan Ancaman,,,
pemanfaatan berkelanjutan,concept,Pemanfaatan Berkelanjutan,C5-Mengevaluasi,5.0,1.0
ancaman lingkungan,concept,Ancaman Lingkungan,C5-Mengevaluasi,5.0,1.0
q_5110019e9c,question,Kritisi pernyataan bahwa keanekaragaman hayati dapat dimanfaatkan secara berkelanjutan. Faktor-faktor apa saja di luar t,C5-Mengevaluasi,5.0,
strategi konservasi,concept,Strategi Konservasi,,,
pentingnya literasi finansial,topic_fine,Pentingnya Literasi Finansial,,,
gaya hidup konsumtif,concept,Gaya Hidup Konsumtif,C5-Mengevaluasi,5.0,2.0
dampak ekonomi,concept,Dampak Ekonomi,C6-Mencipta,5.0,2.0
q_9b75ecd23b,question,Kritiklah pandangan umum yang keliru di masyarakat bahwa kemampuan mengelola keuangan hanya diperlukan oleh orang kaya. ,C5-Mengevaluasi,5.0,
mengevaluasi pandangan umum,method,Mengevaluasi pandangan umum,,,
pengungkapan dalam laporan keuangan,topic_fine,Pengungkapan dalam Laporan Keuangan,,,
catatan atas laporan keuangan,concept,Catatan Atas Laporan Keuangan,C5-Mengevaluasi,5.0,1.0
pengungkapan risiko hukum,concept,Pengungkapan Risiko Hukum,C5-Mengevaluasi,5.0,1.0
dampak pada pengguna laporan keuangan,concept,Dampak pada Pengguna Laporan Keuangan,C5-Mengevaluasi,5.0,1.0
q_7b08386975,question,Sebuah perusahaan memutuskan untuk tidak mengungkapkan dalam 'Catatan Atas Laporan Keuangan' bahwa mereka sedang menghad,C5-Mengevaluasi,5.0,
pemahaman laporan keuangan,concept,Pemahaman Laporan Keuangan,,,
prinsip akuntansi,concept,Prinsip Akuntansi,,,
analisis kualitas laporan keuangan,concept,Analisis Kualitas Laporan Keuangan,,,
analisis ideologi dan kebijakan,topic_fine,Analisis Ideologi dan Kebijakan,,,
nasakom,concept,Nasakom,C6-Mencipta,5.0,2.0
ideologi politik,concept,Ideologi Politik,C5-Mengevaluasi,5.0,1.0
strategi politik,concept,Strategi Politik,C5-Mengevaluasi,5.0,1.0
keberlanjutan kebijakan,concept,Keberlanjutan Kebijakan,C5-Mengevaluasi,5.0,1.0
q_d8cff5d428,question,"Kritiklah kebijakan Nasakom. Menurut Anda, apakah upaya menyatukan tiga ideologi yang berbeda secara fundamental merupak",C5-Mengevaluasi,5.0,
pengenalan ideologi,concept,Pengenalan Ideologi,,,
perbandingan sistem politik,concept,Perbandingan Sistem Politik,,,
analisis konflik ideologis,concept,Analisis Konflik Ideologis,,,
fungsi lembaga sosial digital,topic_fine,Fungsi Lembaga Sosial Digital,,,
sanksi sosial,concept,Sanksi Sosial,C6-Mencipta,5.0,2.0
q_f4f1a4a084,question,"Menurut Anda, apakah sanksi berupa 'celaan' cukup efektif untuk menegakkan norma pada tingkatan Cara (Usage) di era digi",C5-Mengevaluasi,5.0,
konsep norma dan sanksi,concept,Konsep Norma dan Sanksi,,,
perubahan bentuk kontrol sosial,concept,Perubahan Bentuk Kontrol Sosial,,,
dinamika dan penanganan bencana perkotaan,topic_fine,Dinamika dan Penanganan Bencana Perkotaan,,,
q_f5b6b9a5f8,question,"Menurut Anda, manakah yang lebih prioritas untuk ditangani di wilayah perkotaan padat penduduk seperti Jakarta yang rawa",C5-Mengevaluasi,5.0,
peran atmosfer dalam iklim bumi,topic_fine,Peran Atmosfer dalam Iklim Bumi,,,
peran atmosfer,concept,Peran Atmosfer,C6-Mencipta,5.0,2.0
pengaturan suhu bumi,concept,Pengaturan Suhu Bumi,C5-Mengevaluasi,5.0,1.0
q_6ec2f3e555,question,"Kritiklah gagasan bahwa pemanasan global adalah fenomena alam biasa yang tidak perlu dikhawatirkan, dengan menggunakan i",C5-Mengevaluasi,5.0,
sifat dinamis atmosfer,concept,Sifat Dinamis Atmosfer,,,
evaluasi alokasi anggaran negara,topic_fine,Evaluasi Alokasi Anggaran Negara,,,
kebijakan anggaran,concept,Kebijakan Anggaran,C5-Mengevaluasi,5.0,1.0
keadilan distribusi anggaran,concept,Keadilan Distribusi Anggaran,C5-Mengevaluasi,5.0,1.0
prioritas sektor publik,concept,Prioritas Sektor Publik,C5-Mengevaluasi,5.0,1.0
q_b6ac6b6192,question,Nilailah kebijakan pemerintah yang menaikkan anggaran Perlinsos. Apakah langkah ini sudah adil jika dilihat dari kemungk,C5-Mengevaluasi,5.0,
membandingkan alokasi antar sektor,method,Membandingkan alokasi antar sektor,,,
pemahaman apbn,concept,Pemahaman APBN,,,
prinsip-prinsip keadilan sosial,concept,Prinsip-prinsip keadilan sosial,,,
perumusan kebijakan fiskal lanjutan,concept,Perumusan kebijakan fiskal lanjutan,,,
analisis dampak kebijakan makroekonomi,concept,Analisis dampak kebijakan makroekonomi,,,
aspek strategis geopolitik indonesia,topic_fine,Aspek Strategis Geopolitik Indonesia,,,
lokasi strategis,concept,Lokasi Strategis,C6-Mencipta,5.0,2.0
luas wilayah,concept,Luas Wilayah,C5-Mengevaluasi,5.0,1.0
q_35e50b49da,question,Evaluasilah pernyataan: 'Luasnya wilayah Indonesia lebih memberikan tantangan daripada keuntungan dalam menjalin kerja s,C5-Mengevaluasi,5.0,
penyebab kolonialisme eropa,topic_fine,Penyebab Kolonialisme Eropa,,,
kekayaan rempah-rempah,concept,Kekayaan Rempah-rempah,C5-Mengevaluasi,5.0,1.0
motivasi 3g,concept,Motivasi 3G,C5-Mengevaluasi,5.0,1.0
q_2c74d3c1d8,question,"Menurut Anda, faktor pendorong manakah yang memiliki pengaruh terkuat bagi bangsa-bangsa Eropa untuk datang ke Indonesia",C5-Mengevaluasi,5.0,
pengertian kolonialisme,concept,Pengertian Kolonialisme,,,
ekonomi dan lingkungan,topic_coarse,Ekonomi dan Lingkungan,,,
dampak eksploitasi sumber daya alam,topic_fine,Dampak Eksploitasi Sumber Daya Alam,,,
model ekonomi penebangan kayu,concept,Model ekonomi penebangan kayu,C5-Mengevaluasi,5.0,1.0
keberlanjutan lingkungan,concept,Keberlanjutan lingkungan,C5-Mengevaluasi,5.0,1.0
dampak jangka panjang ekonomi,concept,Dampak jangka panjang ekonomi,C5-Mengevaluasi,5.0,1.0
dampak jangka panjang lingkungan,concept,Dampak jangka panjang lingkungan,C5-Mengevaluasi,5.0,1.0
q_bf4ebba29a,question,Kritiklah model ekonomi yang hanya mengandalkan penebangan kayu bernilai tinggi seperti jati tanpa program reboisasi yan,C5-Mengevaluasi,5.0,
konsep ekonomi,concept,Konsep ekonomi,,,
pengembangan ekonomi hijau,concept,Pengembangan ekonomi hijau,,,
manajemen sumber daya terbarukan,concept,Manajemen sumber daya terbarukan,,,
pengaruh faktor terhadap flora fauna,topic_fine,Pengaruh Faktor Terhadap Flora Fauna,,,
evaluasi ekologis,concept,Evaluasi Ekologis,C5-Mengevaluasi,5.0,1.0
q_e3a7e6fac3,question,Evaluasilah dampak dari tindakan manusia memindahkan tanaman kurma ke Indonesia. Apakah tindakan ini lebih banyak member,C5-Mengevaluasi,5.0,
faktor penentu persebaran flora,concept,Faktor Penentu Persebaran Flora,,,
pengelolaan keuangan remaja,topic_fine,Pengelolaan Keuangan Remaja,,,
skala prioritas,concept,Skala Prioritas,C5-Mengevaluasi,5.0,1.0
q_f8af594888,question,Nilailah efektivitas penggunaan 'skala prioritas' sebagai alat untuk melawan gaya hidup konsumtif di kalangan remaja. Se,C5-Mengevaluasi,5.0,
pemahaman konsep keuangan dasar,concept,Pemahaman Konsep Keuangan Dasar,,,
pengenalan gaya hidup konsumtif,concept,Pengenalan Gaya Hidup Konsumtif,,,
perancangan strategi pengelolaan keuangan,concept,Perancangan Strategi Pengelolaan Keuangan,,,
pengelolaan konflik sosial,topic_fine,Pengelolaan Konflik Sosial,,,
q_174e5f39e9,question,Kritiklah gagasan bahwa konflik bisa dihentikan sepenuhnya. Apakah 'manajemen konflik' merupakan pengakuan bahwa konflik,C5-Mengevaluasi,5.0,
strategi resolusi konflik lanjutan,concept,Strategi Resolusi Konflik Lanjutan,,,
kebijakan pengangguran dan fiskal,topic_fine,Kebijakan Pengangguran dan Fiskal,,,
proyek padat karya,concept,Proyek Padat Karya,C5-Mengevaluasi,5.0,1.0
solusi jangka panjang vs jangka pendek,concept,Solusi Jangka Panjang vs Jangka Pendek,C5-Mengevaluasi,5.0,1.0
q_8d40977a0c,question,"Evaluasilah, apakah ""Kebijakan Fiskal"" (proyek padat karya) adalah solusi jangka panjang atau jangka pendek untuk pengan",C5-Mengevaluasi,5.0,
konsep kebijakan fiskal,concept,Konsep Kebijakan Fiskal,,,
analisis efektivitas kebijakan moneter,concept,Analisis Efektivitas Kebijakan Moneter,,,
teori masuknya islam di nusantara,topic_fine,Teori Masuknya Islam di Nusantara,,,
bukti historis islam,concept,Bukti historis Islam,C5-Mengevaluasi,5.0,1.0
evaluasi bukti ilmiah,concept,Evaluasi bukti ilmiah,C5-Mengevaluasi,5.0,1.0
q_997664c735,question,"Di antara bukti-bukti yang diajukan untuk setiap teori, manakah yang menurut Anda paling meyakinkan secara ilmiah (misal",C5-Mengevaluasi,5.0,
pengetahuan tentang teori masuknya islam,concept,Pengetahuan tentang teori masuknya Islam,,,
dampak penyebaran islam di nusantara,concept,Dampak penyebaran Islam di Nusantara,,,
motivasi kedatangan bangsa eropa,topic_fine,Motivasi Kedatangan Bangsa Eropa,,,
motivasi gospel,concept,Motivasi Gospel,C5-Mengevaluasi,5.0,1.0
sistem kepercayaan nusantara,concept,Sistem Kepercayaan Nusantara,C5-Mengevaluasi,5.0,1.0
kritik historis,concept,Kritik Historis,C5-Mengevaluasi,5.0,1.0
q_de86622edb,question,Berikan kritik terhadap motivasi 'Gospel' dari sudut pandang masyarakat Nusantara yang pada saat itu telah memiliki sist,C5-Mengevaluasi,5.0,
pengenalan kolonialisme,concept,Pengenalan Kolonialisme,,,
dampak kolonialisme terhadap masyarakat lokal,concept,Dampak Kolonialisme terhadap Masyarakat Lokal,,,
optimalisasi pemanfaatan sumber daya alam,topic_fine,Optimalisasi Pemanfaatan Sumber Daya Alam,,,
keanekaragaman hayati indonesia,concept,Keanekaragaman Hayati Indonesia,C5-Mengevaluasi,5.0,1.0
investasi nasional,concept,Investasi Nasional,C5-Mengevaluasi,5.0,1.0
pengembangan sains dan teknologi,concept,Pengembangan Sains dan Teknologi,C5-Mengevaluasi,5.0,1.0
prioritas pembangunan,concept,Prioritas Pembangunan,C5-Mengevaluasi,5.0,1.0
q_629d4129bb,question,"Di antara dua cara optimalisasi pemanfaatan (investasi nasional dan pengembangan saintek), manakah yang menurut Anda har",C5-Mengevaluasi,5.0,
argumentasi kritis,method,Argumentasi Kritis,,,
pemahaman konsep keanekaragaman hayati,concept,Pemahaman Konsep Keanekaragaman Hayati,,,
analisis ekonomi pembangunan,concept,Analisis Ekonomi Pembangunan,,,
perumusan kebijakan lingkungan berkelanjutan,concept,Perumusan Kebijakan Lingkungan Berkelanjutan,,,
analisis dampak konflik sosial,topic_fine,Analisis Dampak Konflik Sosial,,,
kerangka 5w+1h,concept,Kerangka 5W+1H,C5-Mengevaluasi,5.0,1.0
dampak laten konflik,concept,Dampak Laten Konflik,C5-Mengevaluasi,5.0,1.0
efektivitas kerangka analisis,concept,Efektivitas Kerangka Analisis,C5-Mengevaluasi,5.0,1.0
q_eeb36c124f,question,"Nilailah efektivitas kerangka 5W+1H dalam mengungkap 'dampak laten' sebuah konflik. Apakah kerangka ini cukup, atau perl",C5-Mengevaluasi,5.0,
pengembangan model analisis konflik,concept,Pengembangan Model Analisis Konflik,,,
peran anggaran negara,topic_fine,Peran Anggaran Negara,,,
shock absorber ekonomi,concept,Shock Absorber Ekonomi,C5-Mengevaluasi,5.0,1.0
program perlinsos,concept,Program Perlinsos,C5-Mengevaluasi,5.0,1.0
efektivitas kebijakan fiskal,concept,Efektivitas Kebijakan Fiskal,C5-Mengevaluasi,5.0,1.0
q_f13a2dbd45,question,"Menurut Anda, seberapa efektif penggunaan APBN sebagai 'shock absorber' ekonomi melalui program Perlinsos? Berikan penil",C5-Mengevaluasi,5.0,
konsep stabilisator otomatis,concept,Konsep Stabilisator Otomatis,,,
analisis kebijakan moneter,concept,Analisis Kebijakan Moneter,,,
evaluasi dampak kebijakan fiskal,concept,Evaluasi Dampak Kebijakan Fiskal,,,
perubahan kecil,concept,Perubahan Kecil,C5-Mengevaluasi,5.0,1.0
efektivitas contoh,concept,Efektivitas Contoh,C5-Mengevaluasi,5.0,1.0
dampak terbatas,concept,Dampak Terbatas,C5-Mengevaluasi,5.0,1.0
q_75d93d5314,question,Beri penilaian terhadap efektivitas contoh 'pembangunan pasar' untuk menjelaskan konsep perubahan kecil. Apakah contoh t,C5-Mengevaluasi,5.0,
analisis dampak perubahan sosial,concept,Analisis Dampak Perubahan Sosial,,,
peningkatan belanja negara (g),concept,Peningkatan Belanja Negara (G),C5-Mengevaluasi,5.0,1.0
penurunan pajak (t),concept,Penurunan Pajak (T),C5-Mengevaluasi,5.0,1.0
q_001e6e14a7,question,"Evaluasilah, di antara dua cara kebijakan ekspansif (menaikkan G atau menurunkan T ), manakah yang dampaknya lebih cepat",C5-Mengevaluasi,5.0,
membandingkan dampak kebijakan,method,Membandingkan dampak kebijakan,,,
jenis kebijakan fiskal,concept,Jenis Kebijakan Fiskal,,,
analisis efektivitas kebijakan fiskal,concept,Analisis Efektivitas Kebijakan Fiskal,,,
organisasi regional dan global,topic_fine,Organisasi Regional dan Global,,,
efektivitas organisasi regional,concept,Efektivitas organisasi regional,C5-Mengevaluasi,5.0,1.0
krisis ekonomi global,concept,Krisis ekonomi global,C5-Mengevaluasi,5.0,1.0
perbandingan asean dan pbb,concept,Perbandingan ASEAN dan PBB,C5-Mengevaluasi,5.0,1.0
q_2873747a81,question,Nilailah efektivitas organisasi regional seperti ASEAN dalam menghadapi masalah berskala global seperti krisis ekonomi. ,C5-Mengevaluasi,5.0,
pemahaman organisasi regional,concept,Pemahaman organisasi regional,,,
pemahaman organisasi global,concept,Pemahaman organisasi global,,,
analisis kebijakan luar negeri,concept,Analisis kebijakan luar negeri,,,
kriteria keberagaman sosial,concept,Kriteria Keberagaman Sosial,C5-Mengevaluasi,5.0,1.0
potensi konflik sosial,concept,Potensi Konflik Sosial,C5-Mengevaluasi,5.0,1.0
q_0c9f16a390,question,"Evaluasilah, di antara lima kriteria (Suku Bangsa, Ras, Klan, Agama, Profesi), manakah yang menurut Anda paling rawan me",C5-Mengevaluasi,5.0,
kualitas rumusan masalah penelitian,topic_fine,Kualitas Rumusan Masalah Penelitian,,,
rumusan masalah,concept,Rumusan Masalah,C5-Mengevaluasi,5.0,1.0
kriteria penelitian,concept,Kriteria Penelitian,C5-Mengevaluasi,5.0,1.0
q_2b8022df0c,question,Seorang siswa merumuskan masalah penelitian: 'Apakah remaja suka budaya skena?'. Evaluasilah kualitas rumusan masalah in,C5-Mengevaluasi,5.0,
sifat ilmu sosial,concept,Sifat Ilmu Sosial,,,
kesehatan masyarakat,topic_coarse,Kesehatan Masyarakat,,,
efektivitas pengobatan tradisional,topic_fine,Efektivitas Pengobatan Tradisional,,,
program toga,concept,Program TOGA,C5-Mengevaluasi,5.0,1.0
pengobatan modern,concept,Pengobatan Modern,C5-Mengevaluasi,5.0,1.0
relevansi kesehatan masyarakat,concept,Relevansi Kesehatan Masyarakat,C5-Mengevaluasi,5.0,1.0
q_7a66ae40f2,question,Nilailah efektivitas program TOGA sebagai alternatif pengobatan modern di era sekarang. Sejauh mana program ini masih re,C5-Mengevaluasi,5.0,
menganalisis relevansi,method,Menganalisis relevansi,,,
pengetahuan dasar tentang toga,concept,Pengetahuan dasar tentang TOGA,,,
pemahaman tentang sistem kesehatan modern,concept,Pemahaman tentang sistem kesehatan modern,,,
pengembangan kebijakan kesehatan berbasis bukti,concept,Pengembangan kebijakan kesehatan berbasis bukti,,,
bentuk dan potensi konflik kerja sama,topic_fine,Bentuk dan Potensi Konflik Kerja Sama,,,
potensi konflik,concept,Potensi Konflik,C5-Mengevaluasi,5.0,1.0
q_0c29a01015,question,"Berdasarkan ragam bidang kerja sama yang dijelaskan, bidang manakah yang menurut Anda paling berpotensi menimbulkan konf",C5-Mengevaluasi,5.0,
strategi mitigasi konflik internasional,concept,Strategi Mitigasi Konflik Internasional,,,
q_c635ac9a9c,question,"Evaluasilah risiko yang mungkin dihadapi Indonesia jika tidak menerapkan politik Bebas Aktif (misal, jika memilih salah ",C5-Mengevaluasi,5.0,
konsep perang dingin,concept,Konsep Perang Dingin,,,
definisi politik bebas aktif,concept,Definisi Politik Bebas Aktif,,,
dampak implementasi politik luar negeri,concept,Dampak implementasi politik luar negeri,,,
analisis slogan politik kolonial,topic_fine,Analisis Slogan Politik Kolonial,,,
sentimen kesukuan dan rasial,concept,Sentimen Kesukuan dan Rasial,C5-Mengevaluasi,5.0,1.0
slogan 'indië voor indiërs',concept,Slogan 'Indië voor Indiërs',C5-Mengevaluasi,5.0,1.0
q_d8e120d588,question,Berikan penilaian kritis terhadap slogan 'Indië voor Indiërs'. Sejauh mana slogan tersebut mampu mengatasi sentimen kesu,C5-Mengevaluasi,5.0,
penilaian kritis,method,Penilaian kritis,,,
kondisi sosial hindia belanda,concept,Kondisi Sosial Hindia Belanda,,,
tahapan dan fokus program pemberdayaan,topic_fine,Tahapan dan Fokus Program Pemberdayaan,,,
analisis kelemahan komunitas,concept,Analisis Kelemahan Komunitas,C5-Mengevaluasi,5.0,1.0
q_b2c0ea1b02,question,Evaluasilah efektivitas sebuah program pemberdayaan jika hanya berfokus pada pemanfaatan 'Opportunities' (peluang) tanpa,C5-Mengevaluasi,5.0,
perencanaan kegiatan berbasis analisis,concept,Perencanaan Kegiatan Berbasis Analisis,,,
penguatan nasionalisme di era digital,topic_fine,Penguatan Nasionalisme di Era Digital,,,
generasi muda,concept,Generasi Muda,C5-Mengevaluasi,5.0,1.0
q_8e3fd16133,question,"Dari kelima upaya yang disebutkan, manakah yang menurut Anda paling mendesak untuk diterapkan pada generasi muda saat in",C5-Mengevaluasi,5.0,
analisis isu sosial,concept,Analisis Isu Sosial,,,
implementasi kebijakan pendidikan karakter,concept,Implementasi Kebijakan Pendidikan Karakter,,,
pembubaran republik indonesia serikat,topic_fine,Pembubaran Republik Indonesia Serikat,,,
proses pembubaran ris,concept,Proses pembubaran RIS,C5-Mengevaluasi,5.0,1.0
sentimen persatuan rakyat,concept,Sentimen persatuan rakyat,C5-Mengevaluasi,5.0,1.0
q_6b02fd060a,question,Evaluasilah kecepatan proses pembubaran RIS (kurang dari 1 tahun). Apa yang ditunjukkan oleh fenomena ini mengenai senti,C5-Mengevaluasi,5.0,
pembentukan negara kesatuan republik indonesia (nkri),concept,Pembentukan Negara Kesatuan Republik Indonesia (NKRI),,,
diferensiasi sosial budaya indonesia,topic_fine,Diferensiasi Sosial Budaya Indonesia,,,
keberagaman masyarakat indonesia,concept,Keberagaman Masyarakat Indonesia,C5-Mengevaluasi,5.0,1.0
kriteria diferensiasi sosial,concept,Kriteria Diferensiasi Sosial,C5-Mengevaluasi,5.0,1.0
q_0f4887ed46,question,"Menurut Anda, apakah lima kriteria diferensiasi ini sudah cukup untuk memetakan keberagaman masyarakat Indonesia, atau a",C5-Mengevaluasi,5.0,
perspektif sosiologi dan penerapannya,topic_fine,Perspektif Sosiologi dan Penerapannya,,,
bullying di sekolah,concept,Bullying di Sekolah,C5-Mengevaluasi,5.0,1.0
q_df3f7e86ae,question,"Evaluasilah, di antara tiga perspektif sosiologi yang ada, manakah yang paling cocok untuk diterapkan dalam kasus bullyi",C5-Mengevaluasi,5.0,
pengenalan perspektif sosiologi,concept,Pengenalan Perspektif Sosiologi,,,
analisis kasus sosiologis,concept,Analisis Kasus Sosiologis,,,
dinamika globalisasi dan ekonomi,topic_fine,Dinamika Globalisasi dan Ekonomi,,,
teori dependensi,concept,Teori Dependensi,C5-Mengevaluasi,5.0,1.0
pemerataan ekonomi,concept,Pemerataan Ekonomi,C5-Mengevaluasi,5.0,2.0
q_6ccd60329e,question,"Kritisi pernyataan bahwa globalisasi selalu mendorong pemerataan kemajuan ekonomi di seluruh dunia, dengan menggunakan k",C5-Mengevaluasi,5.0,
globalisasi dan ketidaksetaraan,concept,Globalisasi dan Ketidaksetaraan,,,
efektivitas kampanye pembangunan berkelanjutan,topic_fine,Efektivitas Kampanye Pembangunan Berkelanjutan,,,
kisah individu dalam kampanye global,concept,Kisah Individu dalam Kampanye Global,C5-Mengevaluasi,5.0,1.0
analisis efektivitas komunikasi,concept,Analisis Efektivitas Komunikasi,C5-Mengevaluasi,5.0,1.0
q_3659ef7600,question,Nilailah efektivitas menyoroti kisah individu seperti Malala Yousafzai dalam kampanye global seperti SDGs. Apakah pendek,C5-Mengevaluasi,5.0,
pemahaman sdgs,concept,Pemahaman SDGs,,,
analisis data kualitatif,concept,Analisis Data Kualitatif,,,
perancangan strategi komunikasi pembangunan,concept,Perancangan Strategi Komunikasi Pembangunan,,,
asal usul toponimi budaya,topic_fine,Asal Usul Toponimi Budaya,,,
validitas sumber sejarah,concept,Validitas Sumber Sejarah,C5-Mengevaluasi,5.0,1.0
q_1f93c72d6e,question,Kritiklah pernyataan: 'Cerita rakyat (folklor) bukanlah sumber yang valid untuk menentukan asal-usul nama tempat karena ,C5-Mengevaluasi,5.0,
konsep aspek budaya,concept,Konsep Aspek Budaya,,,
analisis perbandingan sumber sejarah,concept,Analisis Perbandingan Sumber Sejarah,,,
pemberontakan dan konflik politik,topic_fine,Pemberontakan dan Konflik Politik,,,
faktor keberlangsungan pemberontakan,concept,Faktor keberlangsungan pemberontakan,C5-Mengevaluasi,5.0,1.0
dinamika politik pasca-kemerdekaan,concept,Dinamika politik pasca-kemerdekaan,C5-Mengevaluasi,5.0,1.0
q_e90aad2c97,question,Evaluasilah mengapa pemberontakan DI/TII (dimulai 1949) bisa bertahan lama hingga akhirnya dipadamkan!,C5-Mengevaluasi,5.0,
sejarah perjuangan kemerdekaan indonesia,concept,Sejarah perjuangan kemerdekaan Indonesia,,,
latar belakang ideologi di/tii,concept,Latar belakang ideologi DI/TII,,,
konsolidasi kekuasaan negara pasca-konflik,concept,Konsolidasi kekuasaan negara pasca-konflik,,,
perencanaan aksi komunitas,topic_fine,Perencanaan Aksi Komunitas,,,
kelemahan analisis,concept,Kelemahan Analisis,C5-Mengevaluasi,5.0,1.0
q_229dede19e,question,Kritiklah pendekatan SWOT. Apakah ada kelemahan dalam menggunakan analisis ini untuk merancang aksi sosial di tingkat ko,C5-Mengevaluasi,5.0,
proses perencanaan,concept,Proses Perencanaan,,,
implementasi aksi sosial,concept,Implementasi Aksi Sosial,,,
dampak globalisasi pada negara,topic_fine,Dampak Globalisasi pada Negara,,,
negara maju,concept,Negara Maju,C5-Mengevaluasi,5.0,1.0
argumen skeptis,concept,Argumen Skeptis,C5-Mengevaluasi,5.0,1.0
q_9e2d0c9c9d,question,Evaluasilah argumen kaum skeptis bahwa globalisasi hanya menguntungkan negara maju. Apakah negara berkembang sama sekali,C5-Mengevaluasi,5.0,
perbedaan negara maju dan berkembang,concept,Perbedaan Negara Maju dan Berkembang,,,
demografi dan sensus,topic_coarse,Demografi dan Sensus,,,
sensus,concept,Sensus,C5-Mengevaluasi,4.0,1.0
metode canvasser,concept,Metode Canvasser,C5-Mengevaluasi,4.0,1.0
kondisi geografis sulit,concept,Kondisi Geografis Sulit,C5-Mengevaluasi,4.0,1.0
q_805c6b184a,question,"Di negara dengan wilayah geografis yang sangat sulit dijangkau dan tingkat pendidikan penduduk yang rendah, evaluasilah ",C5-Mengevaluasi,4.0,
definisi sensus,concept,Definisi Sensus,,,
prinsip dasar demografi,concept,Prinsip Dasar Demografi,,,
analisis data kependudukan,concept,Analisis Data Kependudukan,,,
peran pemerintah dalam perekonomian,topic_fine,Peran Pemerintah dalam Perekonomian,,,
konsumsi pemerintah,concept,Konsumsi Pemerintah,C5-Mengevaluasi,5.0,1.0
produksi pemerintah,concept,Produksi Pemerintah,C5-Mengevaluasi,5.0,1.0
kesejahteraan masyarakat,concept,Kesejahteraan Masyarakat,C5-Mengevaluasi,5.0,2.0
q_d3cd1920a8,question,"Menurut Anda, manakah yang memiliki dampak lebih langsung terhadap kesejahteraan masyarakat: peran pemerintah sebagai ko",C5-Mengevaluasi,5.0,
konsep pelaku ekonomi,concept,Konsep Pelaku Ekonomi,,,
kebijakan fiskal dan moneter,concept,Kebijakan Fiskal dan Moneter,,,
sistem lini produksi,concept,Sistem lini produksi,C5-Mengevaluasi,5.0,1.0
nilai keahlian individu,concept,Nilai keahlian individu,C5-Mengevaluasi,5.0,1.0
perubahan struktural,concept,Perubahan struktural,C5-Mengevaluasi,5.0,1.0
q_fde6b533c6,question,"Dari sudut pandang seorang pengrajin yang memiliki keahlian lengkap, nilailah sistem 'lini produksi' Revolusi Industri 2",C5-Mengevaluasi,5.0,
konsep revolusi industri,concept,Konsep Revolusi Industri,,,
definisi keahlian individu,concept,Definisi keahlian individu,,,
dampak otomatisasi pada tenaga kerja,concept,Dampak Otomatisasi pada Tenaga Kerja,,,
analisis kebijakan pengendalian penduduk,topic_fine,Analisis Kebijakan Pengendalian Penduduk,,,
kepadatan penduduk,concept,Kepadatan Penduduk,C6-Mencipta,5.0,2.0
program transmigrasi,concept,Program Transmigrasi,C5-Mengevaluasi,5.0,1.0
urgensi kebijakan publik,concept,Urgensi Kebijakan Publik,C5-Mengevaluasi,5.0,1.0
relevansi program,concept,Relevansi Program,C5-Mengevaluasi,5.0,1.0
q_f4f06edbe2,question,Nilailah urgensi program transmigrasi untuk mengatasi masalah kepadatan penduduk di Pulau Jawa. Apakah program ini masih,C5-Mengevaluasi,5.0,
analisis kepadatan penduduk,concept,Analisis Kepadatan Penduduk,,,
perencanaan tata ruang wilayah,concept,Perencanaan Tata Ruang Wilayah,,,
kebijakan pembangunan berkelanjutan,concept,Kebijakan Pembangunan Berkelanjutan,,,
sifat destruktif konflik,concept,Sifat destruktif konflik,C5-Mengevaluasi,5.0,1.0
akomodasi konflik,concept,Akomodasi Konflik,C6-Mencipta,5.0,2.0
q_b31bb29e95,question,Evaluasilah pernyataan: 'Semua konflik pada dasarnya bersifat destruktif'. Setujukah Anda dengan pernyataan tersebut? Be,C5-Mengevaluasi,5.0,
jenis-jenis konflik,concept,Jenis-jenis konflik,,,
resolusi konflik,concept,Resolusi konflik,,,
pelestarian warisan budaya lokal,topic_fine,Pelestarian Warisan Budaya Lokal,,,
pembangunan modern,concept,Pembangunan Modern,C5-Mengevaluasi,5.0,1.0
q_8c9e3d037c,question,"Menurut Anda, seberapa penting melestarikan bentuk asli rumah adat seperti Joglo atau Honai di tengah desakan pembanguna",C5-Mengevaluasi,5.0,
pengertian budaya,concept,Pengertian Budaya,,,
dampak globalisasi terhadap budaya,concept,Dampak Globalisasi terhadap Budaya,,,
perbandingan kerentanan zona vegetasi,topic_fine,Perbandingan Kerentanan Zona Vegetasi,,,
kerentanan ekologis,concept,Kerentanan Ekologis,C5-Mengevaluasi,5.0,1.0
keanekaragaman spesies,concept,Keanekaragaman Spesies,C5-Mengevaluasi,5.0,1.0
q_ab3b037390,question,"Evaluasilah pernyataan ini: 'Bioma Taiga, yang hanya terdiri dari satu spesies pohon, lebih rentan terhadap penyakit dan",C5-Mengevaluasi,5.0,
kebijakan perdagangan dan industri,topic_fine,Kebijakan Perdagangan dan Industri,,,
kebijakan proteksi,concept,Kebijakan Proteksi,C6-Mencipta,5.0,2.0
industri bayi,concept,Industri Bayi,C5-Mengevaluasi,5.0,1.0
subsidi,concept,Subsidi,C5-Mengevaluasi,5.0,1.0
q_d7a3d0df34,question,Pilihlah kebijakan yang paling efektif untuk melindungi sebuah industri 'bayi' (infant industry) di negara berkembang: s,C5-Mengevaluasi,5.0,
jenis-jenis kebijakan perdagangan,concept,Jenis-jenis Kebijakan Perdagangan,,,
dampak kebijakan proteksi jangka panjang,concept,Dampak Kebijakan Proteksi Jangka Panjang,,,
pengurangan jumlah uang beredar,concept,Pengurangan Jumlah Uang Beredar,C5-Mengevaluasi,5.0,1.0
q_2d2fb573a9,question,"Di antara tiga instrumen (Pasar Terbuka, Diskonto, Cadangan Kas), manakah yang menurut Anda paling cepat dampaknya dalam",C5-Mengevaluasi,5.0,
faktor penyebab ketimpangan pendapatan,topic_fine,Faktor Penyebab Ketimpangan Pendapatan,,,
ketersediaan lapangan pekerjaan,concept,Ketersediaan Lapangan Pekerjaan,C5-Mengevaluasi,5.0,1.0
kondisi pendidikan,concept,Kondisi Pendidikan,C5-Mengevaluasi,5.0,1.0
kesenjangan keterampilan,concept,Kesenjangan Keterampilan,C5-Mengevaluasi,5.0,1.0
q_b33c857a78,question,"Konteks menyebut ""ketersediaan yang terbatas"" pada ""Lapangan Pekerjaan"". Evaluasilah, apakah masalahnya hanya ""ketersedi",C5-Mengevaluasi,5.0,
evaluasi kausalitas,method,Evaluasi Kausalitas,,,
faktor penyebab kesenjangan,concept,Faktor Penyebab Kesenjangan,,,
strategi pengurangan kesenjangan,concept,Strategi Pengurangan Kesenjangan,,,
perbandingan sda terbarukan dan tak terbarukan,topic_fine,Perbandingan SDA Terbarukan dan Tak Terbarukan,,,
sda tidak dapat diperbarui,concept,SDA Tidak Dapat Diperbarui,C5-Mengevaluasi,5.0,1.0
keunggulan energi terbarukan,concept,Keunggulan Energi Terbarukan,C5-Mengevaluasi,5.0,1.0
dampak jangka panjang pemanfaatan sda,concept,Dampak Jangka Panjang Pemanfaatan SDA,C5-Mengevaluasi,5.0,1.0
q_77178b9745,question,Berikan argumen untuk mendukung pernyataan bahwa pemanfaatan SDA Energi dari sumber yang dapat diperbarui (seperti sinar,C5-Mengevaluasi,5.0,
definisi sda hayati dan nonhayati,concept,Definisi SDA Hayati dan Nonhayati,,,
dampak lingkungan pemanfaatan energi,concept,Dampak Lingkungan Pemanfaatan Energi,,,
surplus neraca pembayaran,concept,Surplus Neraca Pembayaran,C5-Mengevaluasi,5.0,1.0
kesehatan perekonomian,concept,Kesehatan Perekonomian,C5-Mengevaluasi,5.0,1.0
q_3eeee54391,question,Evaluasi pernyataan ini: 'Surplus neraca pembayaran yang besar selalu menunjukkan bahwa perekonomian suatu negara dalam ,C5-Mengevaluasi,5.0,
jenis transaksi neraca pembayaran,concept,Jenis Transaksi Neraca Pembayaran,,,
kebijakan moneter dan fiskal,concept,Kebijakan Moneter dan Fiskal,,,
pembagian provinsi awal,concept,Pembagian Provinsi Awal,C5-Mengevaluasi,5.0,1.0
kesesuaian struktur negara,concept,Kesesuaian Struktur Negara,C5-Mengevaluasi,5.0,1.0
q_3489d76b57,question,Evaluasilah keputusan untuk membagi Indonesia yang sangat luas menjadi hanya 8 Provinsi pada Sidang PPKI II. Apakah ini ,C5-Mengevaluasi,5.0,
evaluasi kriteria,method,Evaluasi Kriteria,,,
analisis kebijakan,method,Analisis kebijakan,,,
perubahan struktur pemerintahan,concept,Perubahan Struktur Pemerintahan,,,
otonomi daerah,concept,Otonomi Daerah,C6-Mencipta,5.0,2.0
q_2f0da1f44d,question,Kritiklah gagasan bahwa 'kampanye sosial' cukup untuk membangun harmoni. Argumen apa yang bisa diajukan untuk mendukung ,C5-Mengevaluasi,5.0,
pengertian kampanye sosial,concept,Pengertian Kampanye Sosial,,,
pengertian dialog,concept,Pengertian Dialog,,,
kolaborasi,concept,Kolaborasi,,,
pemberdayaan,concept,Pemberdayaan,,,
tahap mengevaluasi,concept,Tahap Mengevaluasi,C5-Mengevaluasi,5.0,1.0
proses aksi terstruktur,concept,Proses Aksi Terstruktur,C5-Mengevaluasi,5.0,1.0
konsekuensi pengabaian evaluasi,concept,Konsekuensi Pengabaian Evaluasi,C5-Mengevaluasi,5.0,1.0
q_f2b6331a68,question,Nilailah pentingnya tahap 'Mengevaluasi' dalam keseluruhan proses. Apa konsekuensi jika tahap ini diabaikan setelah aksi,C5-Mengevaluasi,5.0,
pelaksanaan,concept,Pelaksanaan,,,
kebijakan jepang di indonesia,concept,Kebijakan Jepang di Indonesia,C5-Mengevaluasi,5.0,1.0
dampak jangka panjang,concept,Dampak Jangka Panjang,C6-Mencipta,5.0,3.0
perbandingan bidang politik militer bahasa,concept,Perbandingan bidang politik militer bahasa,C5-Mengevaluasi,5.0,1.0
q_bc139cbabd,question,"Dari seluruh kebijakan yang diterapkan Jepang, manakah yang menurut Anda memberikan dampak jangka panjang paling signifi",C5-Mengevaluasi,5.0,
fakta pendudukan jepang,concept,Fakta Pendudukan Jepang,,,
struktur politik indonesia pra-kemerdekaan,concept,Struktur politik Indonesia pra-kemerdekaan,,,
perjuangan membangun negara,concept,Perjuangan Membangun Negara,,,
dampak perkembangan fintech,topic_fine,Dampak Perkembangan Fintech,,,
dampak negatif,concept,Dampak Negatif,C5-Mengevaluasi,5.0,1.0
q_6556678603,question,"Konteks menyebut fintech berkembang ""pesat"". Evaluasilah apakah kecepatan perkembangan ini lebih banyak membawa manfaat ",C5-Mengevaluasi,5.0,
evaluasi keseimbangan,method,Evaluasi Keseimbangan,,,
jenis-jenis fintech,concept,Jenis-jenis Fintech,,,
regulasi fintech,concept,Regulasi Fintech,,,
evaluasi sistem pemerintahan awal,topic_fine,Evaluasi Sistem Pemerintahan Awal,,,
stabilitas negara baru,concept,Stabilitas Negara Baru,C5-Mengevaluasi,5.0,1.0
dampak sistem politik,concept,Dampak Sistem Politik,C5-Mengevaluasi,5.0,1.0
q_07f06cc283,question,"Berdasarkan dampaknya terhadap stabilitas, nilailah efektivitas sistem Demokrasi Parlementer bagi negara yang baru merde",C5-Mengevaluasi,5.0,
pengertian demokrasi parlementer,concept,Pengertian Demokrasi Parlementer,,,
kondisi negara pasca kemerdekaan,concept,Kondisi Negara Pasca Kemerdekaan,,,
eksploitasi terumbu karang,concept,Eksploitasi Terumbu Karang,C5-Mengevaluasi,5.0,1.0
bom ikan,concept,Bom Ikan,C5-Mengevaluasi,5.0,1.0
empat pilar pembangunan berkelanjutan,concept,Empat Pilar Pembangunan Berkelanjutan,C5-Mengevaluasi,5.0,1.0
q_38ecba2c5c,question,Kritiklah tindakan eksploitasi terumbu karang dengan bom ikan dari sudut pandang empat pilar pembangunan berkelanjutan.,C5-Mengevaluasi,5.0,
konsep empat pilar pembangunan berkelanjutan,concept,Konsep Empat Pilar Pembangunan Berkelanjutan,,,
perumusan kebijakan konservasi,concept,Perumusan Kebijakan Konservasi,,,
analogi laporan keuangan,topic_fine,Analogi Laporan Keuangan,,,
analogi uang saku siswa,concept,Analogi Uang Saku Siswa,C5-Mengevaluasi,5.0,1.0
efektivitas penjelasan konsep,concept,Efektivitas Penjelasan Konsep,C5-Mengevaluasi,5.0,1.0
q_0b9b978c34,question,Kritiklah efektivitas penggunaan analogi uang saku siswa untuk menjelaskan konsep laporan keuangan perusahaan. Apa keleb,C5-Mengevaluasi,5.0,
konsep dasar laporan keuangan,concept,Konsep Dasar Laporan Keuangan,,,
pengertian posisi dan kinerja keuangan,concept,Pengertian Posisi dan Kinerja Keuangan,,,
penerapan standar akuntansi (psak),concept,Penerapan Standar Akuntansi (PSAK),,,
globalisasi dan sejarah,topic_coarse,Globalisasi dan Sejarah,,,
tahapan perkembangan globalisasi,topic_fine,Tahapan Perkembangan Globalisasi,,,
tahapan sejarah globalisasi,concept,Tahapan Sejarah Globalisasi,C5-Mengevaluasi,5.0,1.0
q_0dc658b99a,question,"Di antara berbagai tahapan sejarah globalisasi yang dipaparkan, evaluasilah tahapan mana yang menurut Anda paling fundam",C5-Mengevaluasi,5.0,
pengetahuan jalur sutra dan jalur rempah,concept,Pengetahuan Jalur Sutra dan Jalur Rempah,,,
analisis dampak globalisasi kontemporer,concept,Analisis Dampak Globalisasi Kontemporer,,,
sejarah militer,topic_coarse,Sejarah Militer,,,
keputusan penyerahan diri perang,topic_fine,Keputusan Penyerahan Diri Perang,,,
keputusan letnan jenderal hein ter poorten,concept,Keputusan Letnan Jenderal Hein ter Poorten,C5-Mengevaluasi,5.0,1.0
situasi militer perang pasifik,concept,Situasi Militer Perang Pasifik,C5-Mengevaluasi,5.0,1.0
evaluasi strategi militer,concept,Evaluasi Strategi Militer,C5-Mengevaluasi,5.0,1.0
q_0869bcfc92,question,Evaluasilah keputusan Letnan Jenderal Hein ter Poorten untuk menyerah tanpa syarat di Kalijati. Apakah itu merupakan pil,C5-Mengevaluasi,5.0,
penilaian konsekuensi,method,Penilaian Konsekuensi,,,
pemahaman perang pasifik,concept,Pemahaman Perang Pasifik,,,
pengetahuan tentang kalijati,concept,Pengetahuan tentang Kalijati,,,
dampak politik pasca-perang,concept,Dampak Politik Pasca-Perang,,,
subjektivitas peneliti,concept,Subjektivitas peneliti,C5-Mengevaluasi,5.0,1.0
pengumpulan informasi sejarah,concept,Pengumpulan Informasi Sejarah,C5-Mengevaluasi,5.0,1.0
penarikan kesimpulan sejarah,concept,Penarikan kesimpulan sejarah,C5-Mengevaluasi,5.0,1.0
q_3eea1e8692,question,"Menurut Anda, manakah tahapan penelitian sejarah yang paling rawan terhadap subjektivitas peneliti? Berikan justifikasi ",C5-Mengevaluasi,5.0,
penulisan laporan sejarah,concept,Penulisan laporan sejarah,,,
faktor yang mempengaruhi permintaan,topic_fine,Faktor yang Mempengaruhi Permintaan,,,
q_4e71b10fda,question,Nilailah apakah daftar faktor yang memengaruhi permintaan dalam teks sudah lengkap untuk menjelaskan semua perilaku kons,C5-Mengevaluasi,5.0,
mengusulkan,method,Mengusulkan,,,
analisis elastisitas permintaan,concept,Analisis Elastisitas Permintaan,,,
kritik wilayah formal,topic_fine,Kritik Wilayah Formal,,,
kriteria homogenitas,concept,Kriteria Homogenitas,C5-Mengevaluasi,5.0,1.0
representasi realitas sosial,concept,Representasi Realitas Sosial,C5-Mengevaluasi,5.0,1.0
q_dd1d0cfb67,question,"Kritiklah konsep wilayah formal yang hanya didasarkan pada satu kriteria, misalnya 'wilayah miskin' hanya berdasarkan pe",C5-Mengevaluasi,5.0,
kritik konsep,method,Kritik Konsep,,,
wilayah fungsional,concept,Wilayah Fungsional,,,
wilayah vernakular,concept,Wilayah Vernakular,,,
konsep dasar perpajakan negara,topic_fine,Konsep Dasar Perpajakan Negara,,,
pentingnya penerimaan negara,concept,Pentingnya Penerimaan Negara,C5-Mengevaluasi,5.0,1.0
q_0a605d75f4,question,Setujukah Anda dengan pernyataan bahwa 'kegagalan memungut pajak secara efektif adalah akar dari kegagalan pembangunan s,C5-Mengevaluasi,5.0,
pengertian kontribusi wajib,concept,Pengertian Kontribusi Wajib,,,
pendidikan dan budaya,topic_coarse,Pendidikan dan Budaya,,,
relevansi cerita rakyat era digital,topic_fine,Relevansi Cerita Rakyat Era Digital,,,
pewarisan nilai budi pekerti,concept,Pewarisan nilai budi pekerti,C5-Mengevaluasi,5.0,1.0
relevansi di era digital,concept,Relevansi di era digital,C5-Mengevaluasi,5.0,1.0
evaluasi pendidikan,concept,Evaluasi pendidikan,C5-Mengevaluasi,5.0,1.0
q_be60859c86,question,"Menurut Anda, apakah pewarisan nilai budi pekerti melalui cerita rakyat masih relevan untuk mendidik anak-anak di era di",C5-Mengevaluasi,5.0,
pemahaman nilai budi pekerti,concept,Pemahaman nilai budi pekerti,,,
pengetahuan tentang cerita rakyat,concept,Pengetahuan tentang cerita rakyat,,,
implementasi metode pendidikan modern,concept,Implementasi metode pendidikan modern,,,
objektivitas sumber sejarah,topic_fine,Objektivitas Sumber Sejarah,,,
objektivitas fakta,concept,Objektivitas Fakta,C5-Mengevaluasi,5.0,1.0
sumber benda,concept,Sumber Benda,C5-Mengevaluasi,5.0,1.0
q_c61d9abc12,question,"Di antara tiga jenis sumber sejarah (tertulis, benda, lisan), manakah yang menurut Anda paling objektif dalam menyajikan",C5-Mengevaluasi,5.0,
kritik sumber sejarah,concept,Kritik Sumber Sejarah,,,
evaluasi pembangunan kota,topic_fine,Evaluasi Pembangunan Kota,,,
pendekatan pembangunan,concept,Pendekatan Pembangunan,C5-Mengevaluasi,5.0,1.0
keseimbangan ekonomi sosial lingkungan,concept,Keseimbangan Ekonomi Sosial Lingkungan,C5-Mengevaluasi,5.0,1.0
q_653994060b,question,"Kritiklah pendekatan pembangunan di Semarang. Menurut Anda, apakah pencapaian ekonomi kota tersebut sepadan dengan biaya",C5-Mengevaluasi,5.0,
prinsip pemerataan pembangunan,concept,Prinsip Pemerataan Pembangunan,,,
perencanaan pembangunan berkelanjutan,concept,Perencanaan Pembangunan Berkelanjutan,,,
sistem penentuan upah,topic_fine,Sistem Penentuan Upah,,,
formula upah minimum,concept,Formula Upah Minimum,C5-Mengevaluasi,5.0,1.0
kebutuhan hidup layak (khl),concept,Kebutuhan Hidup Layak (KHL),C5-Mengevaluasi,5.0,1.0
inflasi dan pertumbuhan ekonomi,concept,Inflasi dan Pertumbuhan Ekonomi,C5-Mengevaluasi,5.0,1.0
objektivitas dan keadilan upah,concept,Objektivitas dan Keadilan Upah,C5-Mengevaluasi,5.0,1.0
q_2af8e326c1,question,"Evaluasilah pergeseran formula UM dari KHL (Kebutuhan Hidup Layak) ke ""inflasi + pertumbuhan ekonomi"". Manakah yang menu",C5-Mengevaluasi,5.0,
pengertian inflasi,concept,Pengertian Inflasi,,,
teknologi dan masyarakat,topic_coarse,Teknologi dan Masyarakat,,,
dampak era digital dan kebijakan,topic_fine,Dampak Era Digital dan Kebijakan,,,
pemerataan akses internet,concept,Pemerataan Akses Internet,C5-Mengevaluasi,5.0,1.0
kebijakan publik digital,concept,Kebijakan Publik Digital,C5-Mengevaluasi,5.0,1.0
q_3304403d9e,question,"Menurut Anda, manakah yang lebih mendesak untuk ditingkatkan oleh pemerintah: pemerataan akses internet atau program edu",C5-Mengevaluasi,5.0,
pemahaman konsep masyarakat digital,concept,Pemahaman Konsep Masyarakat Digital,,,
pengenalan literasi digital,concept,Pengenalan Literasi Digital,,,
perancangan kebijakan teknologi,concept,Perancangan Kebijakan Teknologi,,,
analisis kesenjangan digital,concept,Analisis Kesenjangan Digital,,,
kesehatan,concept,Kesehatan,C5-Mengevaluasi,5.0,1.0
q_efa6896a6f,question,"Jika Anda harus memilih satu dari tiga komponen IPM (kesehatan, pendidikan, pendapatan) yang paling krusial untuk diprio",C5-Mengevaluasi,5.0,
konsep dasar pembangunan ekonomi,concept,Konsep dasar pembangunan ekonomi,,,
pengertian indikator pembangunan,concept,Pengertian indikator pembangunan,,,
perumusan kebijakan pembangunan berkelanjutan,concept,Perumusan kebijakan pembangunan berkelanjutan,,,
indikator kesejahteraan penduduk,topic_fine,Indikator Kesejahteraan Penduduk,,,
pendapatan nasional kasar (pnk),concept,Pendapatan Nasional Kasar (PNK),C5-Mengevaluasi,5.0,1.0
kesejahteraan penduduk,concept,Kesejahteraan Penduduk,C5-Mengevaluasi,5.0,1.0
evaluasi indikator,concept,Evaluasi Indikator,C5-Mengevaluasi,5.0,1.0
q_3e93df4a30,question,"Evaluasilah, apakah Pendapatan Nasional Kasar (PNK) merupakan indikator yang adil untuk mengukur kesejahteraan seluruh p",C5-Mengevaluasi,5.0,
pengertian pnk,concept,Pengertian PNK,,,
pengertian ipm,concept,Pengertian IPM,,,
perancangan kebijakan pembangunan berbasis ipm,concept,Perancangan Kebijakan Pembangunan Berbasis IPM,,,
adaptasi budaya terhadap perubahan iklim,topic_fine,Adaptasi Budaya Terhadap Perubahan Iklim,,,
adaptasi iklim,concept,Adaptasi Iklim,C5-Mengevaluasi,5.0,1.0
aturan adat,concept,Aturan Adat,C5-Mengevaluasi,5.0,1.0
arsitektur modern,concept,Arsitektur Modern,C5-Mengevaluasi,5.0,1.0
q_4fcd142932,question,Evaluasilah efektivitas aturan adat Suku Baduy tentang arah rumah sebagai solusi adaptasi iklim. Apakah cara ini lebih b,C5-Mengevaluasi,5.0,
membandingkan solusi,method,Membandingkan solusi,,,
pengetahuan tentang perubahan iklim,concept,Pengetahuan tentang perubahan iklim,,,
perancangan solusi berkelanjutan,concept,Perancangan solusi berkelanjutan,,,
keadilan alokasi dana,concept,Keadilan Alokasi Dana,C5-Mengevaluasi,5.0,1.0
q_df48d47244,question,"Evaluasilah, apakah tuntutan PRRI/Permesta (keadilan alokasi dana dan otonomi) merupakan tuntutan yang wajar?",C5-Mengevaluasi,5.0,
pemahaman era demokrasi liberal,concept,Pemahaman Era Demokrasi Liberal,,,
reformasi pemerintahan daerah,concept,Reformasi Pemerintahan Daerah,,,
otonomi daerah pasca-reformasi,concept,Otonomi Daerah Pasca-Reformasi,,,
peran sumber daya alam global,topic_fine,Peran Sumber Daya Alam Global,,,
sumber daya alam unggulan malaysia,concept,Sumber Daya Alam Unggulan Malaysia,C5-Mengevaluasi,5.0,1.0
signifikansi ekonomi global,concept,Signifikansi Ekonomi Global,C5-Mengevaluasi,5.0,1.0
evaluasi dampak ekonomi,concept,Evaluasi Dampak Ekonomi,C5-Mengevaluasi,5.0,1.0
q_f4aeae1a89,question,Pilihlah salah satu sumber daya alam unggulan Malaysia (misalnya karet atau timah) dan evaluasilah signifikansinya bagi ,C5-Mengevaluasi,5.0,
konsep perekonomian global,concept,Konsep Perekonomian Global,,,
analisis kompleksitas kekuasaan,concept,Analisis Kompleksitas Kekuasaan,C5-Mengevaluasi,5.0,1.0
q_aaac309015,question,"Dari kedua tokoh tersebut, siapakah yang menghadapi tantangan lebih kompleks dalam meraih dan mempertahankan kekuasaanny",C5-Mengevaluasi,5.0,
perbandingan strategi kepemimpinan,concept,Perbandingan Strategi Kepemimpinan,,,
klasifikasi dan fungsi hutan,topic_fine,Klasifikasi dan Fungsi Hutan,,,
perlindungan kehidupan,concept,Perlindungan Kehidupan,C5-Mengevaluasi,5.0,1.0
q_c0ce21eddd,question,"Pilihlah antara Hutan Lindung dan Hutan Konservasi, mana yang memberikan kontribusi lebih langsung terhadap perlindungan",C5-Mengevaluasi,5.0,
pengelolaan lingkungan berkelanjutan,concept,Pengelolaan Lingkungan Berkelanjutan,,,
kekuatan moral,concept,Kekuatan Moral,C5-Mengevaluasi,5.0,1.0
blok barat dan timur,concept,Blok Barat dan Timur,C5-Mengevaluasi,5.0,1.0
q_8bec72a656,question,"GNB bertujuan menjadi ""kekuatan moral"". Evaluasilah seberapa efektif ""kekuatan moral"" dalam menghadapi dua blok militer ",C5-Mengevaluasi,5.0,
konsep politik luar negeri,concept,Konsep Politik Luar Negeri,,,
dampak kebijakan luar negeri indonesia,concept,Dampak Kebijakan Luar Negeri Indonesia,,,
konservasi ekosistem perairan indonesia,topic_fine,Konservasi Ekosistem Perairan Indonesia,,,
ekosistem rawa-rawa,concept,Ekosistem Rawa-rawa,C5-Mengevaluasi,5.0,1.0
ekosistem danau,concept,Ekosistem Danau,C5-Mengevaluasi,5.0,1.0
prioritas konservasi,concept,Prioritas Konservasi,C5-Mengevaluasi,5.0,1.0
q_441101e377,question,"Menurut Anda, manakah yang lebih mendesak untuk dilindungi di Indonesia: ekosistem rawa-rawa atau ekosistem danau? Berik",C5-Mengevaluasi,5.0,
pemahaman ekosistem,concept,Pemahaman Ekosistem,,,
pengetahuan hidrologi,concept,Pengetahuan Hidrologi,,,
kebijakan seikerei,concept,Kebijakan Seikerei,C5-Mengevaluasi,5.0,1.0
resistensi sosial,concept,Resistensi Sosial,C5-Mengevaluasi,5.0,1.0
dampak politik jepang,concept,Dampak Politik Jepang,C6-Mencipta,5.0,2.0
q_45ccdf1f11,question,Evaluasi kebijakan Seikerei. Mengapa kebijakan yang tampak sederhana ini menimbulkan resistensi sosial dan keagamaan yan,C5-Mengevaluasi,5.0,
pergerakan nasional pasca-jepang,concept,Pergerakan Nasional Pasca-Jepang,,,
sumber daya air,topic_coarse,Sumber Daya Air,,,
prioritas pemanfaatan waduk,topic_fine,Prioritas Pemanfaatan Waduk,,,
konflik pemanfaatan sumber daya,concept,Konflik Pemanfaatan Sumber Daya,C5-Mengevaluasi,5.0,1.0
irigasi pertanian,concept,Irigasi Pertanian,C5-Mengevaluasi,5.0,1.0
pengembangan pariwisata,concept,Pengembangan Pariwisata,C5-Mengevaluasi,5.0,1.0
pengambilan keputusan berbasis prioritas,concept,Pengambilan Keputusan Berbasis Prioritas,C5-Mengevaluasi,5.0,1.0
q_a112aa3272,question,Terdapat konflik antara kebutuhan irigasi pertanian dan pengembangan pariwisata di sekitar sebuah waduk. Berikan penilai,C5-Mengevaluasi,5.0,
pemahaman siklus air,concept,Pemahaman Siklus Air,,,
konsep ketersediaan air,concept,Konsep Ketersediaan Air,,,
manajemen konflik sumber daya,concept,Manajemen Konflik Sumber Daya,,,
kebijakan orde baru dan pembangunannya,topic_fine,Kebijakan Orde Baru dan Pembangunannya,,,
korupsi dan kesenjangan,concept,Korupsi dan Kesenjangan,C5-Mengevaluasi,5.0,1.0
q_28bfc1729c,question,"Evaluasilah Trilogi Pembangunan . Apakah pilar ""Pemerataan"" benar-benar berhasil, mengingat adanya kesenjangan dan KKN?",C5-Mengevaluasi,5.0,
faktor ullman,concept,Faktor Ullman,C5-Mengevaluasi,5.0,1.0
q_0dbfe39195,question,"Menurut Anda, manakah dari tiga faktor Ullman yang menjadi syarat paling fundamental agar interaksi dapat terjadi pertam",C5-Mengevaluasi,5.0,
konsep interaksi,concept,Konsep Interaksi,,,
teori ullman,concept,Teori Ullman,,,
transisi energi terbarukan,topic_fine,Transisi Energi Terbarukan,,,
energi tak terbarukan,concept,Energi tak terbarukan,C5-Mengevaluasi,5.0,1.0
energi terbarukan,concept,Energi terbarukan,C5-Mengevaluasi,5.0,1.0
q_de21758cde,question,"Menimbang fakta bahwa minyak bumi dan gas bumi terbentuk selama jutaan tahun, evaluasilah urgensi kebijakan pemerintah u",C5-Mengevaluasi,5.0,
sifat sumber daya energi,concept,Sifat sumber daya energi,,,
implementasi kebijakan energi berkelanjutan,concept,Implementasi kebijakan energi berkelanjutan,,,
kritik tolok ukur kemiskinan global,topic_fine,Kritik Tolok Ukur Kemiskinan Global,,,
kritik standar pendapatan,concept,Kritik Standar Pendapatan,C5-Mengevaluasi,5.0,1.0
q_0939ee8b0d,question,Kritiklah penggunaan standar 'pendapatan kurang dari 2 Dolar Amerika Serikat per hari' sebagai satu-satunya tolok ukur k,C5-Mengevaluasi,5.0,
pengembangan indikator kemiskinan multidimensi,concept,Pengembangan Indikator Kemiskinan Multidimensi,,,
pengukuran ketimpangan ekonomi,topic_fine,Pengukuran Ketimpangan Ekonomi,,,
q_b00837d907,question,"Nilai Rasio Gini Indonesia adalah 0,388. Berikan penilaian Anda, apakah angka ini menunjukkan tingkat ketimpangan yang '",C5-Mengevaluasi,5.0,
interpretasi skor gini,concept,Interpretasi Skor Gini,,,
manfaat flora dan fauna indonesia,topic_fine,Manfaat Flora dan Fauna Indonesia,,,
keberlangsungan negara,concept,Keberlangsungan Negara,C5-Mengevaluasi,5.0,1.0
q_7dc0ae9a05,question,"Dari empat manfaat flora dan fauna yang disebutkan (pangan, kesehatan, ekonomi, ekosistem), mana yang menurut Anda palin",C5-Mengevaluasi,5.0,
memberikan argumen,method,Memberikan Argumen,,,
jenis-jenis manfaat flora dan fauna,concept,Jenis-jenis Manfaat Flora dan Fauna,,,
kebijakan konservasi sumber daya alam,concept,Kebijakan Konservasi Sumber Daya Alam,,,
fungsi pers,concept,Fungsi pers,C5-Mengevaluasi,5.0,1.0
q_a655432138,question,"Menurut Anda, apakah ""pilar keempat demokrasi"" (pers) di Indonesia saat ini sudah menjalankan fungsinya dengan ideal?",C5-Mengevaluasi,5.0,
pengawasan media digital,concept,Pengawasan media digital,,,
regulasi pers kontemporer,concept,Regulasi pers kontemporer,,,
pembagian zona waktu negara kepulauan,topic_fine,Pembagian Zona Waktu Negara Kepulauan,,,
zona waktu,concept,Zona waktu,C5-Mengevaluasi,5.0,1.0
efektivitas sistem,concept,Efektivitas sistem,C5-Mengevaluasi,5.0,1.0
pengaruh kondisi alam,concept,Pengaruh kondisi alam,C5-Mengevaluasi,5.0,1.0
q_aed7edecbe,question,Nilailah pentingnya pembagian tiga zona waktu bagi sebuah negara kepulauan yang sangat luas seperti Indonesia. Apakah si,C5-Mengevaluasi,5.0,
dampak perubahan iklim terhadap zona waktu,concept,Dampak perubahan iklim terhadap zona waktu,,,
tentara keamanan rakyat (tkr),concept,Tentara Keamanan Rakyat (TKR),C5-Mengevaluasi,5.0,1.0
dampak organisasi militer,concept,Dampak Organisasi Militer,C5-Mengevaluasi,5.0,1.0
q_0d370ea015,question,"Evaluasilah, apakah keberadaan ""Laskar Rakyat"" yang independen (tidak terkoordinasi) justru menyulitkan atau membantu TK",C5-Mengevaluasi,5.0,
struktur militer indonesia,concept,Struktur Militer Indonesia,,,
analisis konflik internal pasca-revolusi,concept,Analisis Konflik Internal Pasca-Revolusi,,,
manifestasi fintech di indonesia,topic_fine,Manifestasi Fintech di Indonesia,,,
pendanaan proyek sosial,concept,Pendanaan Proyek Sosial,C5-Mengevaluasi,5.0,1.0
pendanaan proyek bisnis,concept,Pendanaan Proyek Bisnis,C5-Mengevaluasi,5.0,1.0
peran fintech,concept,Peran Fintech,C5-Mengevaluasi,5.0,1.0
q_7315f5c763,question,"Evaluasilah seberapa penting peran Crowdfunding dalam mendanai ""proyek sosial"" dibandingkan ""proyek bisnis""?",C5-Mengevaluasi,5.0,
konsep fintech,concept,Konsep Fintech,,,
analisis dampak fintech,concept,Analisis Dampak Fintech,,,
peran media dan reformasi orde baru,topic_fine,Peran Media dan Reformasi Orde Baru,,,
menteri penerangan orba,concept,Menteri Penerangan Orba,C5-Mengevaluasi,5.0,1.0
q_1628ffd4f3,question,Evaluasilah peran Harmoko (Menteri Penerangan Orba) yang menggunakan SIUPP untuk membredel Tempo . Apakah tindakan itu l,C5-Mengevaluasi,5.0,
evaluasi legalitas tindakan,method,Evaluasi Legalitas Tindakan,,,
dampak uu no. 40/1999,concept,Dampak UU No. 40/1999,,,
paradigma kebijakan luar negeri,topic_fine,Paradigma Kebijakan Luar Negeri,,,
q_ce5f17eb76,question,"Jika Anda seorang pembuat kebijakan luar negeri Indonesia, manakah di antara paradigma Realisme dan Liberalisme yang aka",C5-Mengevaluasi,5.0,
membandingkan paradigma,method,Membandingkan Paradigma,,,
implementasi kebijakan luar negeri,concept,Implementasi kebijakan luar negeri,,,
fungsi menjamin kehidupan layak,concept,Fungsi menjamin kehidupan layak,C5-Mengevaluasi,5.0,1.0
potensi pengabaian fungsi upah,concept,Potensi pengabaian fungsi upah,C5-Mengevaluasi,5.0,1.0
q_e9bece21d8,question,"Menurut Anda, apakah sistem ""borongan"" (berdasarkan hasil) berpotensi mengabaikan fungsi upah untuk ""menjamin kehidupan ",C5-Mengevaluasi,5.0,
perancangan sistem kompensasi yang adil,concept,Perancangan sistem kompensasi yang adil,,,
q_9fcee13c9c,question,"Menurut Anda, bentuk interaksi sosial disosiatif manakah yang paling merusak tatanan masyarakat? Berikan alasan untuk me",C5-Mengevaluasi,5.0,
konsep kontak sosial,concept,Konsep kontak sosial,,,
konsep komunikasi,concept,Konsep komunikasi,,,
kegigihan,concept,Kegigihan,C5-Mengevaluasi,5.0,1.0
evaluasi kualitas perjuangan,concept,Evaluasi Kualitas Perjuangan,C5-Mengevaluasi,5.0,1.0
q_44d4252412,question,"Nilailah sifat 'kegigihan' Sultan Nuku. Apakah sifat ini merupakan aset terbesarnya, atau ada kualitas lain yang lebih p",C5-Mengevaluasi,5.0,
pemahaman konsep kegigihan,concept,Pemahaman Konsep Kegigihan,,,
analisis dampak kepemimpinan,concept,Analisis Dampak Kepemimpinan,,,
dampak perubahan iklim indonesia,topic_fine,Dampak Perubahan Iklim Indonesia,,,
dampak ekonomi (pertanian),concept,Dampak Ekonomi (Pertanian),C5-Mengevaluasi,5.0,1.0
dampak sosial (perikanan),concept,Dampak Sosial (Perikanan),C5-Mengevaluasi,5.0,1.0
analisis konsekuensi,concept,Analisis Konsekuensi,C5-Mengevaluasi,5.0,1.0
q_59b9cdcb3b,question,"Menurut Anda, dampak perubahan iklim di bidang manakah, ekonomi (pertanian) atau sosial (perikanan), yang memiliki konse",C5-Mengevaluasi,5.0,
jenis-jenis musim di indonesia,concept,Jenis-jenis Musim di Indonesia,,,
neraca perdagangan dan kebijakan,topic_fine,Neraca Perdagangan dan Kebijakan,,,
defisit neraca perdagangan,concept,Defisit neraca perdagangan,C5-Mengevaluasi,5.0,1.0
kebijakan pembatasan impor,concept,Kebijakan pembatasan impor,C5-Mengevaluasi,5.0,1.0
q_0e246f4b65,question,Nilailah efektivitas kebijakan pembatasan impor untuk memperbaiki neraca perdagangan yang defisit. Apa potensi dampak ne,C5-Mengevaluasi,5.0,
menganalisis dampak negatif,method,Menganalisis dampak negatif,,,
konsep neraca pembayaran,concept,Konsep Neraca Pembayaran,,,
definisi defisit perdagangan,concept,Definisi defisit perdagangan,,,
kebijakan proteksionisme lanjutan,concept,Kebijakan proteksionisme lanjutan,,,
dampak kebijakan terhadap pertumbuhan ekonomi,concept,Dampak kebijakan terhadap pertumbuhan ekonomi,,,
organisasi massa,concept,Organisasi Massa,C5-Mengevaluasi,5.0,1.0
fondasi negara majemuk,concept,Fondasi Negara Majemuk,C5-Mengevaluasi,5.0,1.0
signifikansi politik,concept,Signifikansi Politik,C5-Mengevaluasi,5.0,1.0
q_570e62fe19,question,Nilailah signifikansi Sarekat Islam sebagai organisasi massa pertama di Indonesia. Apakah keanggotaannya yang terbuka be,C5-Mengevaluasi,5.0,
peran organisasi modern dalam perjuangan kemerdekaan,concept,Peran Organisasi Modern dalam Perjuangan Kemerdekaan,,,
tolok ukur keberhasilan pembangunan,topic_fine,Tolok Ukur Keberhasilan Pembangunan,,,
kualitas kehidupan,concept,Kualitas Kehidupan,C5-Mengevaluasi,5.0,1.0
pdb,concept,PDB,C5-Mengevaluasi,5.0,1.0
ipm,concept,IPM,C5-Mengevaluasi,5.0,1.0
q_3b2788dec8,question,"Menurut Anda, manakah indikator yang lebih komprehensif dalam menilai keberhasilan pembangunan sebuah negara: Pertumbuha",C5-Mengevaluasi,5.0,
pengertian pdb,concept,Pengertian PDB,,,
perubahan sistem pemerintahan awal,topic_fine,Perubahan Sistem Pemerintahan Awal,,,
sistem presidensial,concept,Sistem Presidensial,C5-Mengevaluasi,5.0,1.0
sistem parlementer,concept,Sistem Parlementer,C6-Mencipta,5.0,2.0
periode awal kemerdekaan,concept,Periode Awal Kemerdekaan,C5-Mengevaluasi,5.0,1.0
q_22957feb35,question,"Evaluasilah, apakah perubahan dari sistem Presidensial ke Parlementer dalam waktu singkat (Agustus ke November 1945) mer",C5-Mengevaluasi,5.0,
konsep dasar sistem pemerintahan,concept,Konsep Dasar Sistem Pemerintahan,,,
struktur pemerintahan awal ri,concept,Struktur Pemerintahan Awal RI,,,
pengaruh hindu-buddha,concept,Pengaruh Hindu-Buddha,C5-Mengevaluasi,5.0,1.0
kebudayaan asli nusantara,concept,Kebudayaan Asli Nusantara,C5-Mengevaluasi,5.0,1.0
akulturasi budaya,concept,Akulturasi Budaya,C5-Mengevaluasi,5.0,1.0
q_06e69519b9,question,Kritiklah gagasan bahwa pengaruh Hindu-Buddha sepenuhnya menggantikan kebudayaan asli masyarakat Nusantara. Apakah teks ,C5-Mengevaluasi,5.0,
dampak jangka panjang akulturasi budaya,concept,Dampak jangka panjang akulturasi budaya,,,
evaluasi tuntutan politik,concept,Evaluasi Tuntutan Politik,C5-Mengevaluasi,5.0,1.0
q_e10991c34f,question,"TRITURA berisi tiga tuntutan. Evaluasilah, manakah dari ketiga tuntutan tersebut (Bubarkan PKI, Rombak Kabinet, Turunkan",C5-Mengevaluasi,5.0,
pemahaman konteks demokrasi terpimpin,concept,Pemahaman konteks Demokrasi Terpimpin,,,
pengetahuan tentang pki dan g30s,concept,Pengetahuan tentang PKI dan G30S,,,
pengukuran kinerja ekonomi negara,topic_fine,Pengukuran Kinerja Ekonomi Negara,,,
kesehatan ekonomi,concept,Kesehatan Ekonomi,C5-Mengevaluasi,5.0,1.0
q_6e50b5ef75,question,"Di antara PDB dan PNB, manakah yang menurut Anda lebih akurat untuk mengukur ""kesehatan ekonomi"" internal atau domestik ",C5-Mengevaluasi,5.0,
definisi pnb,concept,Definisi PNB,,,
perbandingan pdb dan pnb,concept,Perbandingan PDB dan PNB,C6-Mencipta,5.0,1.0
dampak interaksi budaya,topic_fine,Dampak Interaksi Budaya,,,
dampak akulturasi,concept,Dampak Akulturasi,C5-Mengevaluasi,5.0,1.0
kelestarian budaya lokal,concept,Kelestarian Budaya Lokal,C5-Mengevaluasi,5.0,1.0
q_5744c65f46,question,Nilailah dampak akulturasi terhadap kebudayaan asli. Apakah akulturasi selalu menguntungkan atau justru dapat mengancam ,C5-Mengevaluasi,5.0,
membandingkan keuntungan dan ancaman,method,Membandingkan keuntungan dan ancaman,,,
proses akulturasi,concept,Proses Akulturasi,,,
asimilasi budaya,concept,Asimilasi Budaya,,,
sinkretisme budaya,concept,Sinkretisme Budaya,,,
sistem pertukaran dan efisiensi,topic_fine,Sistem Pertukaran dan Efisiensi,,,
efisiensi ekonomi,concept,Efisiensi ekonomi,C5-Mengevaluasi,5.0,1.0
negara modern,concept,Negara modern,C5-Mengevaluasi,5.0,1.0
q_70ba4b4cbe,question,Kritiklah sistem barter dari sudut pandang efisiensi untuk sebuah negara modern dengan jutaan penduduk. Mungkinkah siste,C5-Mengevaluasi,5.0,
sistem pembayaran modern,concept,Sistem pembayaran modern,,,
teori nilai tukar,concept,Teori nilai tukar,,,
konsep pembangunan dan implementasi,topic_fine,Konsep Pembangunan dan Implementasi,,,
forum komunikasi pembangunan,concept,Forum Komunikasi Pembangunan,C5-Mengevaluasi,5.0,1.0
efektivitas pembangunan,concept,Efektivitas Pembangunan,C5-Mengevaluasi,5.0,1.0
tantangan implementasi,concept,Tantangan Implementasi,C5-Mengevaluasi,5.0,1.0
q_f2ddae5801,question,Pertimbangkan efektivitas 'forum komunikasi pembangunan'. Apa tantangan terbesar yang mungkin dihadapi dalam pelaksanaan,C5-Mengevaluasi,5.0,
konsep perubahan positif,concept,Konsep Perubahan Positif,,,
strategi peningkatan kualitas forum,concept,Strategi Peningkatan Kualitas Forum,,,
kerja sama dan keamanan perbatasan,topic_fine,Kerja Sama dan Keamanan Perbatasan,,,
keamanan perbatasan,concept,Keamanan Perbatasan,C5-Mengevaluasi,5.0,1.0
general border committee (gbc),concept,General Border Committee (GBC),C5-Mengevaluasi,5.0,1.0
q_9e1328f5ca,question,Apakah keberadaan General Border Committee (GBC) sudah cukup untuk menjamin keamanan dan stabilitas di seluruh wilayah p,C5-Mengevaluasi,5.0,
definisi keamanan regional,concept,Definisi Keamanan Regional,,,
analisis efektivitas kebijakan luar negeri,concept,Analisis Efektivitas Kebijakan Luar Negeri,,,
evaluasi argumen,concept,Evaluasi Argumen,C5-Mengevaluasi,5.0,1.0
q_c09ccea67f,question,"Evaluasi argumen berikut: 'Karena uap air adalah gas rumah kaca paling melimpah, maka upaya manusia mengurangi CO2 tidak",C5-Mengevaluasi,5.0,
definisi gas rumah kaca,concept,Definisi Gas Rumah Kaca,,,
mekanisme efek rumah kaca,concept,Mekanisme Efek Rumah Kaca,,,
dampak perubahan iklim di indonesia,topic_fine,Dampak Perubahan Iklim di Indonesia,,,
potensi hilangnya pulau dan lahan pertanian,concept,Potensi Hilangnya Pulau dan Lahan Pertanian,C5-Mengevaluasi,5.0,1.0
tingkat urgensi penanganan,concept,Tingkat Urgensi Penanganan,C5-Mengevaluasi,5.0,1.0
q_23d8a28ca3,question,"Berdasarkan data potensi hilangnya 2.000 pulau dan lahan pertanian, berikan penilaian Anda mengenai tingkat urgensi pena",C5-Mengevaluasi,5.0,
data kerentanan lingkungan,concept,Data Kerentanan Lingkungan,,,
strategi mitigasi dan adaptasi iklim,concept,Strategi Mitigasi dan Adaptasi Iklim,,,
aliansi multikultur,concept,Aliansi Multikultur,C5-Mengevaluasi,5.0,1.0
diplomasi internasional,concept,Diplomasi Internasional,C6-Mencipta,5.0,2.0
q_a875647203,question,Evaluasilah efektivitas strategi Sultan Nuku dalam menggabungkan kekuatan militer dengan aliansi multikultur (Papua) dan,C5-Mengevaluasi,5.0,
konsep aliansi dan diplomasi,concept,Konsep Aliansi dan Diplomasi,,,
analisis perbandingan tokoh perjuangan,concept,Analisis Perbandingan Tokoh Perjuangan,,,
pendidikan nasional,topic_coarse,Pendidikan Nasional,,,
dinamika perubahan kurikulum indonesia,topic_fine,Dinamika Perubahan Kurikulum Indonesia,,,
pergantian kurikulum,concept,Pergantian Kurikulum,C5-Mengevaluasi,5.0,1.0
dampak kurikulum terhadap siswa,concept,Dampak Kurikulum terhadap Siswa,C5-Mengevaluasi,5.0,1.0
dampak kurikulum terhadap guru,concept,Dampak Kurikulum terhadap Guru,C5-Mengevaluasi,5.0,1.0
q_cb65e284b6,question,"Pergantian kurikulum (KBK, KTSP, K-13) terjadi sangat dinamis. Evaluasilah, apakah pergantian yang terlalu sering ini ba",C5-Mengevaluasi,5.0,
"pengenalan kurikulum (kbk, ktsp, k-13)",concept,"Pengenalan Kurikulum (KBK, KTSP, K-13)",,,
penyebab dan solusi pemanasan global,topic_fine,Penyebab dan Solusi Pemanasan Global,,,
sumber emisi gas rumah kaca,concept,Sumber Emisi Gas Rumah Kaca,C5-Mengevaluasi,5.0,1.0
q_5227f3e0c9,question,"Kritiklah gagasan yang hanya berfokus pada penanaman pohon sebagai satu-satunya solusi untuk pemanasan global, dengan me",C5-Mengevaluasi,5.0,
startup teknologi,concept,Startup Teknologi,C5-Mengevaluasi,5.0,1.0
q_f47fe8db9c,question,Tentukan teori mana (Klasik atau Schumpeter) yang memberikan penjelasan lebih baik untuk pertumbuhan ekonomi yang didoro,C5-Mengevaluasi,5.0,
teori ekonomi dasar,concept,Teori Ekonomi Dasar,,,
model pertumbuhan endogen,concept,Model Pertumbuhan Endogen,,,
pertumbuhan dan kesejahteraan ekonomi,topic_fine,Pertumbuhan dan Kesejahteraan Ekonomi,,,
q_0b8f60984e,question,"Evaluasilah pernyataan berikut: 'Semakin tinggi laju pertumbuhan ekonomi, semakin sejahtera masyarakat suatu negara.' Be",C5-Mengevaluasi,5.0,
respons organisasi islam orde baru,topic_fine,Respons Organisasi Islam Orde Baru,,,
asas tunggal pancasila,concept,Asas Tunggal Pancasila,C5-Mengevaluasi,5.0,1.0
nu dan muhammadiyah,concept,NU dan Muhammadiyah,C5-Mengevaluasi,5.0,1.0
kompromi strategis,concept,Kompromi Strategis,C5-Mengevaluasi,5.0,1.0
q_0f37782989,question,Evaluasilah keputusan NU dan Muhammadiyah untuk menerima Asas Tunggal Pancasila (respons adaptif). Apakah ini bentuk kom,C5-Mengevaluasi,5.0,
konsep politik islam indonesia,concept,Konsep Politik Islam Indonesia,,,
dinamika politik pasca-orde baru,concept,Dinamika Politik Pasca-Orde Baru,,,
peran mahasiswa dalam transisi kekuasaan,topic_fine,Peran Mahasiswa dalam Transisi Kekuasaan,,,
kami/kappi,concept,KAMI/KAPPI,C5-Mengevaluasi,5.0,1.0
pergantian kekuasaan,concept,Pergantian Kekuasaan,C5-Mengevaluasi,5.0,1.0
q_c68f422597,question,Evaluasilah peran mahasiswa (KAMI/KAPPI) dalam proses pergantian kekuasaan ini. Seberapa besar dampaknya?,C5-Mengevaluasi,5.0,
pemahaman g30s,concept,Pemahaman G30S,,,
pengetahuan tentang kondisi politik demokrasi terpimpin,concept,Pengetahuan tentang kondisi politik Demokrasi Terpimpin,,,
era orde baru,concept,Era Orde Baru,,,
perdagangan dan citra nusantara kuno,topic_fine,Perdagangan dan Citra Nusantara Kuno,,,
penggunaan istilah 'negeri emas',concept,Penggunaan istilah 'negeri emas',C5-Mengevaluasi,5.0,1.0
komoditas perdagangan nusantara,concept,Komoditas perdagangan Nusantara,C5-Mengevaluasi,5.0,1.0
sumber-sumber kuno,concept,Sumber-sumber kuno,C5-Mengevaluasi,5.0,1.0
perbandingan citra historis,concept,Perbandingan citra historis,C5-Mengevaluasi,5.0,1.0
q_8f43b4bcdf,question,"Berikan penilaian Anda, seberapa akurat penggunaan istilah 'negeri emas' untuk menggambarkan Nusantara berdasarkan sumbe",C5-Mengevaluasi,5.0,
mengevaluasi akurasi historis,method,Mengevaluasi akurasi historis,,,
pemahaman jalur perdagangan dunia,concept,Pemahaman Jalur Perdagangan Dunia,,,
pengetahuan tentang komoditas unggulan nusantara,concept,Pengetahuan tentang komoditas unggulan Nusantara,,,
peran kearifan lokal globalisasi,topic_fine,Peran Kearifan Lokal Globalisasi,,,
identitas komunitas,concept,Identitas Komunitas,C5-Mengevaluasi,5.0,1.0
fungsi kearifan lokal,concept,Fungsi Kearifan Lokal,C5-Mengevaluasi,5.0,1.0
q_d849714361,question,"Menurut Anda, manakah dari empat fungsi kearifan lokal yang paling penting untuk dipertahankan oleh sebuah komunitas aga",C5-Mengevaluasi,5.0,
strategi adaptasi budaya,concept,Strategi Adaptasi Budaya,,,
akhir perang dunia ii,topic_fine,Akhir Perang Dunia II,,,
bom atom amerika serikat,concept,Bom atom Amerika Serikat,C5-Mengevaluasi,5.0,1.0
pengakhiran perang dunia ii,concept,Pengakhiran Perang Dunia II,C5-Mengevaluasi,5.0,1.0
etika militer,concept,Etika militer,C5-Mengevaluasi,5.0,1.0
dampak kemanusiaan,concept,Dampak kemanusiaan,C5-Mengevaluasi,5.0,1.0
q_3bcf7d858a,question,"Menurut Anda, apakah keputusan Amerika Serikat menjatuhkan bom atom dapat dibenarkan demi mengakhiri Perang Dunia II leb",C5-Mengevaluasi,5.0,
membandingkan perspektif,method,Membandingkan perspektif,,,
konsep peperangan,concept,Konsep peperangan,,,
dampak perang dingin,concept,Dampak Perang Dingin,,,
perdebatan senjata nuklir,concept,Perdebatan senjata nuklir,,,
perlawanan fisik,concept,Perlawanan Fisik,C5-Mengevaluasi,5.0,1.0
perjuangan organisasi,concept,Perjuangan Organisasi,C5-Mengevaluasi,5.0,1.0
persatuan nasional,concept,Persatuan Nasional,C5-Mengevaluasi,5.0,1.0
q_a9178fd99a,question,Bandingkan efektivitas antara perlawanan fisik seperti Perang Diponegoro dengan perjuangan organisasi seperti Sarekat Is,C5-Mengevaluasi,5.0,
karakteristik perlawanan lokal,concept,Karakteristik perlawanan lokal,,,
perkembangan nasionalisme modern,concept,Perkembangan Nasionalisme Modern,,,
faktor pendorong kebangkitan,concept,Faktor Pendorong Kebangkitan,C5-Mengevaluasi,5.0,1.0
peran kemenangan jepang atas rusia,concept,Peran Kemenangan Jepang atas Rusia,C5-Mengevaluasi,5.0,1.0
q_200d6a8214,question,Kritisi pandangan yang menyatakan bahwa kemenangan Jepang atas Rusia adalah satu-satunya faktor terpenting bagi kebangki,C5-Mengevaluasi,5.0,
membandingkan bobot faktor,method,Membandingkan bobot faktor,,,
pengertian imperialisme dan kolonialisme,concept,Pengertian Imperialisme dan Kolonialisme,,,
pemahaman tentang nasionalisme,concept,Pemahaman tentang Nasionalisme,,,
dampak dekolonisasi pasca-perang dunia ii,concept,Dampak Dekolonisasi Pasca-Perang Dunia II,,,
perubahan wilayah,topic_coarse,Perubahan Wilayah,,,
dampak modernisasi dan urbanisasi,topic_fine,Dampak Modernisasi dan Urbanisasi,,,
urbanisasi,concept,Urbanisasi,C5-Mengevaluasi,5.0,1.0
kerentanan perubahan,concept,Kerentanan Perubahan,C5-Mengevaluasi,5.0,1.0
q_3d9266e635,question,"Di antara lima karakteristik desa yang disebutkan, manakah yang menurut Anda paling rentan mengalami perubahan akibat mo",C5-Mengevaluasi,5.0,
definisi desa dan kota,concept,Definisi Desa dan Kota,,,
penculikan soekarno-hatta,concept,Penculikan Soekarno-Hatta,C5-Mengevaluasi,5.0,1.0
rengasdengklok,concept,Rengasdengklok,C5-Mengevaluasi,5.0,1.0
pembenaran tindakan politik,concept,Pembenaran Tindakan Politik,C5-Mengevaluasi,5.0,1.0
q_09fdaca5b6,question,Evaluasi efektivitas tindakan golongan muda dalam 'menculik' Soekarno-Hatta ke Rengasdengklok. Apakah tindakan tersebut ,C5-Mengevaluasi,5.0,
penilaian etis,method,Penilaian Etis,,,
latar belakang kekalahan jepang,concept,Latar Belakang Kekalahan Jepang,,,
peran tokoh nasional,concept,Peran Tokoh Nasional,,,
kerusakan lahan pertanian,concept,Kerusakan Lahan Pertanian,C5-Mengevaluasi,5.0,1.0
prioritas kebijakan publik,concept,Prioritas Kebijakan Publik,C5-Mengevaluasi,5.0,1.0
q_e1574b8e4d,question,"Menurut Anda, dampak manakah yang lebih mendesak untuk ditangani oleh pemerintah pusat: hilangnya pulau-pulau kecil di K",C5-Mengevaluasi,5.0,
justifikasi keputusan,method,Justifikasi Keputusan,,,
pemahaman dampak iklim,concept,Pemahaman Dampak Iklim,,,
analisis risiko lingkungan,concept,Analisis Risiko Lingkungan,,,
perumusan strategi mitigasi,concept,Perumusan Strategi Mitigasi,,,
geopolitik indonesia,topic_coarse,Geopolitik Indonesia,,,
pengelolaan potensi geopolitik berkelanjutan,topic_fine,Pengelolaan Potensi Geopolitik Berkelanjutan,,,
potensi geopolitik indonesia,concept,Potensi Geopolitik Indonesia,C5-Mengevaluasi,5.0,1.0
pengelolaan optimal dan berkelanjutan,concept,Pengelolaan Optimal dan Berkelanjutan,C5-Mengevaluasi,5.0,1.0
aspek strategis wilayah,concept,Aspek Strategis Wilayah,C5-Mengevaluasi,5.0,1.0
q_0451eadce1,question,Pertimbangkan pentingnya pengelolaan yang optimal dan berkelanjutan. Seberapa krusial hal ini dalam menjaga potensi geop,C5-Mengevaluasi,5.0,
definisi geopolitik,concept,Definisi Geopolitik,,,
"aspek lokasi, luas, dan sumber daya alam",concept,"Aspek Lokasi, Luas, dan Sumber Daya Alam",,,
strategi peningkatan daya saing global,concept,Strategi Peningkatan Daya Saing Global,,,
sosiologi dan ekonomi,topic_coarse,Sosiologi dan Ekonomi,,,
dampak konsumerisme pada individu,topic_fine,Dampak Konsumerisme pada Individu,,,
stabilitas keuangan pribadi,concept,Stabilitas Keuangan Pribadi,C5-Mengevaluasi,5.0,1.0
q_fdb78792b0,question,Kritiklah dampak konsumerisme terhadap stabilitas keuangan pribadi dan kepekaan sosial seorang individu di tengah masyar,C5-Mengevaluasi,5.0,
konsep konsumerisme,concept,Konsep Konsumerisme,,,
prinsip keuangan pribadi,concept,Prinsip Keuangan Pribadi,,,
perencanaan keuangan berkelanjutan,concept,Perencanaan Keuangan Berkelanjutan,,,
prioritas pembangunan ekonomi digital,topic_fine,Prioritas Pembangunan Ekonomi Digital,,,
infrastruktur digital,concept,Infrastruktur Digital,C5-Mengevaluasi,5.0,1.0
q_3ccd7f4bd3,question,"Di antara empat area yang perlu diperbaiki (infrastruktur, perlindungan konsumen, SDM, dan ekosistem), mana yang menurut",C5-Mengevaluasi,5.0,
pengertian ekonomi digital,concept,Pengertian Ekonomi Digital,,,
implementasi kebijakan ekonomi digital,concept,Implementasi Kebijakan Ekonomi Digital,,,
efektivitas solusi lingkungan nasional,topic_fine,Efektivitas Solusi Lingkungan Nasional,,,
pembangunan pabrik daur ulang,concept,Pembangunan Pabrik Daur Ulang,C5-Mengevaluasi,5.0,1.0
masalah sampah plastik nasional,concept,Masalah Sampah Plastik Nasional,C5-Mengevaluasi,5.0,1.0
analisis kelebihan dan kekurangan,concept,Analisis Kelebihan dan Kekurangan,C5-Mengevaluasi,5.0,1.0
q_16b4329f96,question,Kritisi efektivitas pembangunan pabrik daur ulang PET sebagai solusi tunggal untuk mengatasi masalah sampah plastik nasi,C5-Mengevaluasi,5.0,
prinsip ekonomi sosial lingkungan,concept,Prinsip Ekonomi Sosial Lingkungan,,,
perumusan kebijakan lingkungan terintegrasi,concept,Perumusan Kebijakan Lingkungan Terintegrasi,,,
upaya pelestarian tanah,topic_fine,Upaya Pelestarian Tanah,,,
pupuk organik,concept,Pupuk Organik,C6-Mencipta,5.0,1.0
limbah rumah tangga,concept,Limbah Rumah Tangga,C6-Mencipta,5.0,1.0
q_6effd9d759,question,"Ciptakan sebuah ide untuk membuat pupuk organik sederhana di lingkungan rumah dengan memanfaatkan limbah rumah tangga, s",C6-Mencipta,5.0,
mencipta,method,Mencipta,,,
konsep pelestarian lingkungan,concept,Konsep Pelestarian Lingkungan,,,
jenis-jenis limbah rumah tangga,concept,Jenis-jenis Limbah Rumah Tangga,,,
penerapan pengelolaan limbah berkelanjutan,concept,Penerapan Pengelolaan Limbah Berkelanjutan,,,
pentingnya tata ruang,topic_fine,Pentingnya Tata Ruang,,,
kampanye media sosial,concept,Kampanye Media Sosial,C6-Mencipta,5.0,3.0
q_43d53bbd63,question,"Gagaskan sebuah kampanye media sosial untuk meningkatkan kesadaran publik mengenai pentingnya rencana tata ruang, dengan",C6-Mencipta,5.0,
kegiatan penataan ruang,concept,Kegiatan Penataan Ruang,,,
nusantara sebagai melting pot,concept,Nusantara sebagai Melting Pot,C6-Mencipta,5.0,1.0
q_e314ad4a96,question,Tulislah sebuah draf pidato singkat untuk seorang duta besar Indonesia yang mempromosikan kerja sama internasional denga,C6-Mencipta,5.0,
mencipta (drafting speech),method,Mencipta (Drafting Speech),,,
pemahaman sejarah nusantara,concept,Pemahaman Sejarah Nusantara,,,
analisis kebijakan luar negeri kontemporer,concept,Analisis Kebijakan Luar Negeri Kontemporer,,,
faktor pendorong dan penghambat perdagangan,topic_fine,Faktor Pendorong dan Penghambat Perdagangan,,,
indeks keterbukaan perdagangan,concept,Indeks Keterbukaan Perdagangan,C6-Mencipta,5.0,1.0
faktor penghambat perdagangan,concept,Faktor Penghambat Perdagangan,C6-Mencipta,5.0,1.0
analisis komparatif negara,concept,Analisis Komparatif Negara,C6-Mencipta,5.0,1.0
q_33fde2d6fd,question,Kembangkan sebuah konsep 'Indeks Keterbukaan Perdagangan' bagi sebuah perusahaan untuk menilai suatu negara. Indeks ini ,C6-Mencipta,5.0,
mencipta konsep,method,Mencipta Konsep,,,
identifikasi faktor penghambat,concept,Identifikasi Faktor Penghambat,,,
implementasi indeks ekonomi,concept,Implementasi Indeks Ekonomi,,,
produk simpanan bpr untuk pelajar,topic_fine,Produk Simpanan BPR untuk Pelajar,,,
produk simpanan,concept,Produk Simpanan,C6-Mencipta,5.0,1.0
pelajar,concept,Pelajar,C6-Mencipta,5.0,1.0
q_4ac656fff3,question,"Rancanglah sebuah produk simpanan sederhana dari sebuah BPR yang ditujukan khusus untuk pelajar, dengan mempertimbangkan",C6-Mencipta,5.0,
fungsi bank,concept,Fungsi Bank,,,
analisis risiko produk keuangan,concept,Analisis Risiko Produk Keuangan,,,
pengambilan keputusan ekspor berbasis teori,topic_fine,Pengambilan Keputusan Ekspor Berbasis Teori,,,
keunggulan mutlak,concept,Keunggulan Mutlak,C6-Mencipta,5.0,1.0
diagram alur keputusan,concept,Diagram Alur Keputusan,C6-Mencipta,5.0,1.0
q_24a2cbf00e,question,Susunlah sebuah diagram alur (flowchart) untuk membantu seorang pengusaha memutuskan produk apa yang sebaiknya diekspor ,C6-Mencipta,5.0,
mencipta (flowchart design),method,Mencipta (Flowchart Design),,,
teori keunggulan mutlak,concept,Teori Keunggulan Mutlak,,,
pengelolaan lingkungan,topic_coarse,Pengelolaan Lingkungan,,,
strategi pembangunan bioregional das,topic_fine,Strategi Pembangunan Bioregional DAS,,,
pengelolaan daerah aliran sungai (das),concept,Pengelolaan Daerah Aliran Sungai (DAS),C6-Mencipta,5.0,1.0
pembangunan bioregional,concept,Pembangunan Bioregional,C6-Mencipta,5.0,1.0
integrasi elemen pembangunan,concept,Integrasi Elemen Pembangunan,C6-Mencipta,5.0,1.0
q_38aada1a41,question,Susunlah sebuah kerangka strategi pengelolaan Daerah Aliran Sungai (DAS) yang mengintegrasikan minimal tiga elemen lain ,C6-Mencipta,5.0,
implementasi kebijakan bioregional,concept,Implementasi Kebijakan Bioregional,,,
pengaruh letak astronomis dan geografis,topic_fine,Pengaruh Letak Astronomis dan Geografis,,,
perencanaan wisata edukasi,concept,Perencanaan Wisata Edukasi,C6-Mencipta,5.0,1.0
q_727f04fbf9,question,Rancanglah sebuah konsep 'Paket Wisata Edukasi Geografis' selama 7 hari yang rutenya melintasi ketiga zona waktu di Indo,C6-Mencipta,5.0,
pengertian garis lintang dan bujur,concept,Pengertian Garis Lintang dan Bujur,,,
analisis dampak lingkungan dari perubahan iklim,concept,Analisis Dampak Lingkungan dari Perubahan Iklim,,,
anomali suhu laut pasifik,concept,Anomali Suhu Laut Pasifik,C6-Mencipta,5.0,1.0
kondisi la nina,concept,Kondisi La Nina,C6-Mencipta,5.0,1.0
peningkatan curah hujan,concept,Peningkatan Curah Hujan,C6-Mencipta,5.0,1.0
q_431a4ca8b8,question,Rancanglah sebuah bagan alur sederhana yang menggambarkan proses dari munculnya anomali suhu La Nina di Pasifik hingga t,C6-Mencipta,5.0,
mencipta bagan alur,method,Mencipta Bagan Alur,,,
konsep dasar iklim,concept,Konsep Dasar Iklim,,,
definisi la nina,concept,Definisi La Nina,,,
mitigasi bencana hidrometeorologis,concept,Mitigasi Bencana Hidrometeorologis,,,
perancangan produk keuangan khusus,topic_fine,Perancangan Produk Keuangan Khusus,,,
kebutuhan pekerja kreatif,concept,Kebutuhan Pekerja Kreatif,C6-Mencipta,5.0,1.0
desain skema keuangan,concept,Desain Skema Keuangan,C6-Mencipta,5.0,1.0
q_c9d6fad6f6,question,Kembangkan sebuah skema Dana Pensiun Lembaga Keuangan (DPLK) yang menarik bagi para pekerja seni dan pekerja kreatif (fr,C6-Mencipta,5.0,
konsep lembaga keuangan,concept,Konsep Lembaga Keuangan,,,
prinsip dasar perencanaan pensiun,concept,Prinsip Dasar Perencanaan Pensiun,,,
implementasi dan evaluasi dplk,concept,Implementasi dan Evaluasi DPLK,,,
etika interaksi dunia digital,topic_fine,Etika Interaksi Dunia Digital,,,
interaksi dunia digital,concept,Interaksi Dunia Digital,C6-Mencipta,5.0,1.0
respect (menghargai),concept,Respect (Menghargai),C6-Mencipta,5.0,1.0
educate (mendidik/edukasi),concept,Educate (Mendidik/Edukasi),C6-Mencipta,5.0,1.0
q_3d4d9b86c2,question,Kembangkan sebuah konsep infografis yang menjelaskan 'Hal-hal yang Harus Diperhatikan dalam Berinteraksi di Dunia Digita,C6-Mencipta,5.0,
mencipta (infografis),method,Mencipta (Infografis),,,
pemahaman konsep masyarakat jaringan,concept,Pemahaman Konsep Masyarakat Jaringan,,,
pengetahuan etika digital dasar,concept,Pengetahuan Etika Digital Dasar,,,
pengembangan konten edukasi lanjutan,concept,Pengembangan Konten Edukasi Lanjutan,,,
ascribed status,concept,Ascribed Status,C6-Mencipta,5.0,1.0
q_2391eefacb,question,"Ciptakan sebuah jenis status sosial baru selain dari tiga yang ada di teks. Beri nama, definisikan, dan berikan contoh k",C6-Mencipta,5.0,
strategi penguatan ketahanan wilayah,topic_fine,Strategi Penguatan Ketahanan Wilayah,,,
stabilitas ketersediaan kebutuhan penduduk,concept,Stabilitas Ketersediaan Kebutuhan Penduduk,C6-Mencipta,5.0,1.0
kerja sama antarprovinsi,concept,Kerja Sama Antarprovinsi,C6-Mencipta,5.0,1.0
penguatan ketahanan nasional,concept,Penguatan Ketahanan Nasional,C6-Mencipta,5.0,1.0
q_f64437d9cc,question,"Formulasikan sebuah strategi alternatif selain impor untuk 'Memantapkan Stabilitas Ketersediaan Kebutuhan Penduduk', yan",C6-Mencipta,5.0,
formulasi strategi alternatif,method,Formulasi Strategi Alternatif,,,
faktor penentu kualitas ketahanan,concept,Faktor Penentu Kualitas Ketahanan,,,
implementasi kebijakan ketahanan daerah,concept,Implementasi Kebijakan Ketahanan Daerah,,,
stres siswa,concept,Stres Siswa,C6-Mencipta,5.0,1.0
diagram alur,concept,Diagram alur,C6-Mencipta,5.0,2.0
q_ca3488b1de,question,Buatlah sebuah diagram alur (flowchart) sederhana yang menggambarkan bagaimana Anda akan meneliti masalah 'tingginya tin,C6-Mencipta,5.0,
analisis hasil penelitian,concept,Analisis Hasil Penelitian,,,
periode orde lama dan pembangunan,topic_fine,Periode Orde Lama dan Pembangunan,,,
krisis politik,concept,Krisis Politik,C6-Mencipta,5.0,1.0
prestasi internasional,concept,Prestasi Internasional,C6-Mencipta,5.0,1.0
q_0d81490c65,question,Susunlah sebuah proposal untuk pameran foto sejarah dengan tema 'Wajah Ganda Orde Lama: Antara Krisis Politik dan Presta,C6-Mencipta,5.0,
pemahaman konsep pembangunan,concept,Pemahaman Konsep Pembangunan,,,
pengetahuan tentang periode orde lama,concept,Pengetahuan tentang Periode Orde Lama,,,
analisis perbandingan orde lama dan orde baru,concept,Analisis Perbandingan Orde Lama dan Orde Baru,,,
percepatan reformasi birokrasi,topic_fine,Percepatan Reformasi Birokrasi,,,
pencegahan kkn,concept,Pencegahan KKN,C6-Mencipta,5.0,1.0
q_c8c8d26cf3,question,Usulkan satu cara (selain UU ASN) untuk mempercepat Reformasi Birokrasi agar bebas KKN!,C6-Mencipta,5.0,
pemahaman birokrasi patrimonial,concept,Pemahaman Birokrasi Patrimonial,,,
pengetahuan uu asn,concept,Pengetahuan UU ASN,,,
implementasi tata kelola pemerintahan yang baik,concept,Implementasi Tata Kelola Pemerintahan yang Baik,,,
penelitian masalah sosial,topic_fine,Penelitian Masalah Sosial,,,
metode penelitian sosial,concept,Metode Penelitian Sosial,C6-Mencipta,5.0,1.0
pengembangan instrumen survei,concept,Pengembangan Instrumen Survei,C6-Mencipta,5.0,1.0
q_13cb36b1cf,question,Buatlah tiga pertanyaan utama untuk angket terbatas yang akan disebarkan oleh kelompok Andi untuk mengonfirmasi keberada,C6-Mencipta,5.0,
pemahaman konsep bullying,concept,Pemahaman Konsep Bullying,,,
pengetahuan tentang teknik pengumpulan data,concept,Pengetahuan tentang Teknik Pengumpulan Data,,,
analisis data kualitatif/kuantitatif,concept,Analisis Data Kualitatif/Kuantitatif,,,
integrasi sosial dan seni budaya,topic_fine,Integrasi Sosial dan Seni Budaya,,,
seni budaya,concept,Seni Budaya,C6-Mencipta,5.0,1.0
q_bd4b2fb310,question,"Formulasikan sebuah ide kegiatan yang menggabungkan aksi pemberdayaan bidang sosial dan seni budaya. Contohnya, sebuah p",C6-Mencipta,5.0,
konsep pemberdayaan komunitas,concept,Konsep Pemberdayaan Komunitas,,,
pemahaman isu sosial,concept,Pemahaman Isu Sosial,,,
evaluasi dampak program pemberdayaan,concept,Evaluasi Dampak Program Pemberdayaan,,,
adaptasi terhadap fenomena geologis,topic_fine,Adaptasi terhadap Fenomena Geologis,,,
adaptasi komunitas,concept,Adaptasi Komunitas,C6-Mencipta,5.0,1.0
pulau buton,concept,Pulau Buton,C6-Mencipta,5.0,1.0
q_32d5214788,question,Buatlah sebuah skenario cerita pendek tentang sebuah komunitas yang hidup di Pulau Buton dan harus beradaptasi dengan fe,C6-Mencipta,5.0,
mencipta skenario,method,Mencipta skenario,,,
pemahaman tentang geosfer,concept,Pemahaman tentang Geosfer,,,
pengetahuan tentang lempeng tektonik,concept,Pengetahuan tentang Lempeng Tektonik,,,
dampak jangka panjang perubahan permukaan bumi,concept,Dampak Jangka Panjang Perubahan Permukaan Bumi,,,
kebijakan upah dan dampaknya,topic_fine,Kebijakan Upah dan Dampaknya,,,
q_deace8291d,question,Prediksikan apa yang akan terjadi jika pemerintah menghapuskan kebijakan Upah Minimum (UM)!,C6-Mencipta,5.0,
prediksi,method,Prediksi,,,
analisis kebijakan ketenagakerjaan,concept,Analisis kebijakan ketenagakerjaan,,,
peran pelaku ekonomi dalam pasar,topic_fine,Peran Pelaku Ekonomi dalam Pasar,,,
rumah tangga konsumen (rtk),concept,Rumah Tangga Konsumen (RTK),C6-Mencipta,5.0,2.0
aktivitas konsumsi,concept,Aktivitas Konsumsi,C6-Mencipta,5.0,1.0
aktivitas produksi,concept,Aktivitas Produksi,C6-Mencipta,5.0,1.0
q_96943c0871,question,Buatlah sebuah cerita pendek tentang seorang petani (sebagai RTP) yang juga berperan sebagai RTK dan berinteraksi dengan,C6-Mencipta,5.0,
peran rtk dan rtp,concept,Peran RTK dan RTP,,,
analisis keseimbangan pasar,concept,Analisis Keseimbangan Pasar,,,
manfaat kesehatan keanekaragaman hayati,topic_fine,Manfaat Kesehatan Keanekaragaman Hayati,,,
manfaat kesehatan,concept,Manfaat Kesehatan,C6-Mencipta,5.0,1.0
q_1afded38ca,question,Kembangkan sebuah konsep kampanye untuk media sosial yang bertujuan meningkatkan kesadaran publik tentang manfaat keseha,C6-Mencipta,5.0,
mencipta konsep kampanye,method,Mencipta Konsep Kampanye,,,
pemahaman tentang keanekaragaman hayati,concept,Pemahaman tentang Keanekaragaman Hayati,,,
pengetahuan tentang manfaat ekonomi dan lingkungan,concept,Pengetahuan tentang Manfaat Ekonomi dan Lingkungan,,,
implementasi kampanye edukasi,concept,Implementasi Kampanye Edukasi,,,
peningkatan belanja negara (g uparrow),concept,Peningkatan Belanja Negara (G uparrow),C6-Mencipta,5.0,1.0
q_eb9271b822,question,Prediksikan apa yang akan terjadi pada APBN (Konteks A) jika pemerintah menerapkan Kebijakan Fiskal Ekspansif 172 melalu,C6-Mencipta,5.0,
dampak kebijakan fiskal terhadap inflasi,concept,Dampak Kebijakan Fiskal terhadap Inflasi,,,
perbedaan umk dan ump,topic_fine,Perbedaan UMK dan UMP,,,
faktor penentu besaran upah,concept,Faktor penentu besaran upah,C6-Mencipta,5.0,1.0
q_b5cdb51dc7,question,"Buatlah hipotesis, mengapa UMK di kawasan industri (misal Kabupaten Bekasi) bisa jauh lebih tinggi daripada UMP provinsi",C6-Mencipta,5.0,
mencipta hipotesis,method,Mencipta Hipotesis,,,
konsep ump dan umk,concept,Konsep UMP dan UMK,,,
peran pemerintah dalam ekonomi lokal,topic_fine,Peran Pemerintah dalam Ekonomi Lokal,,,
rumah tangga pemerintahan,concept,Rumah Tangga Pemerintahan,C6-Mencipta,5.0,1.0
produsen kecil,concept,Produsen Kecil,C6-Mencipta,5.0,1.0
pemasaran online,concept,Pemasaran Online,C6-Mencipta,5.0,1.0
kebijakan ekonomi desa,concept,Kebijakan Ekonomi Desa,C6-Mencipta,5.0,1.0
q_357149fcb4,question,Gagaskan sebuah program sederhana yang bisa dijalankan oleh pemerintah desa (Rumah Tangga Pemerintahan) untuk membantu p,C6-Mencipta,5.0,
peran rtk dan rtd,concept,Peran RTK dan RTD,,,
implementasi kebijakan ekonomi regional,concept,Implementasi Kebijakan Ekonomi Regional,,,
keragaman budaya antar benua,topic_fine,Keragaman Budaya Antar Benua,,,
pertukaran pelajar internasional,concept,Pertukaran Pelajar Internasional,C6-Mencipta,5.0,1.0
studi kasus eropa dan asia,concept,Studi Kasus Eropa dan Asia,C6-Mencipta,5.0,1.0
q_7d0ee3a9e6,question,Kembangkan sebuah ide untuk program pertukaran pelajar internasional yang bertujuan untuk mempelajari keragaman budaya s,C6-Mencipta,5.0,
mencipta ide program,method,Mencipta Ide Program,,,
pengetahuan tentang benua,concept,Pengetahuan tentang Benua,,,
pemahaman tentang budaya,concept,Pemahaman tentang Budaya,,,
implementasi program pertukaran pelajar,concept,Implementasi Program Pertukaran Pelajar,,,
dampak modernisasi dan teknologi,topic_fine,Dampak Modernisasi dan Teknologi,,,
kesenjangan antar generasi,concept,Kesenjangan Antar Generasi,C6-Mencipta,5.0,1.0
culture lag,concept,Culture Lag,C6-Mencipta,5.0,1.0
dampak teknologi digital,concept,Dampak Teknologi Digital,C6-Mencipta,5.0,1.0
program komunitas,concept,Program Komunitas,C6-Mencipta,5.0,1.0
q_0df46f986e,question,Gagaslah sebuah ide program komunitas untuk menjembatani kesenjangan antar generasi yang disebabkan oleh 'culture lag' d,C6-Mencipta,5.0,
pemahaman perubahan sosial,concept,Pemahaman Perubahan Sosial,,,
implementasi program sosial,concept,Implementasi program sosial,,,
partisipasi siswa dalam sekolah,topic_fine,Partisipasi Siswa dalam Sekolah,,,
partisipasi siswa,concept,Partisipasi Siswa,C6-Mencipta,5.0,1.0
kebijakan sekolah,concept,Kebijakan Sekolah,C6-Mencipta,5.0,1.0
q_6d67487044,question,Formulasikan tiga rekomendasi kebijakan untuk kepala sekolah Anda tentang cara melembagakan mekanisme 'audiensi publik' ,C6-Mencipta,5.0,
pemahaman konsep partisipasi,concept,Pemahaman Konsep Partisipasi,,,
analisis kebutuhan sekolah,concept,Analisis Kebutuhan Sekolah,,,
implementasi mekanisme partisipasi,concept,Implementasi Mekanisme Partisipasi,,,
penerapan prinsip sejarah modern,topic_fine,Penerapan Prinsip Sejarah Modern,,,
prinsip sejarah,concept,Prinsip Sejarah,C6-Mencipta,5.0,1.0
metode penelitian sejarawan,concept,Metode Penelitian Sejarawan,C6-Mencipta,5.0,1.0
peristiwa terkini,concept,Peristiwa Terkini,C6-Mencipta,5.0,1.0
film dokumenter,concept,Film Dokumenter,C6-Mencipta,5.0,1.0
q_49a1c45245,question,"Buatlah proposal satu halaman untuk sebuah proyek film dokumenter mini berjudul 'Jejak Herodotus di Era Digital', yang m",C6-Mencipta,5.0,
konsep etimologi sejarah,concept,Konsep Etimologi Sejarah,,,
analisis kontemporer sejarah,concept,Analisis Kontemporer Sejarah,,,
ekonomi dan produksi,topic_coarse,Ekonomi dan Produksi,,,
sistem produksi dan faktor produksi,topic_fine,Sistem Produksi dan Faktor Produksi,,,
sistem produksi sederhana,concept,Sistem produksi sederhana,C6-Mencipta,5.0,1.0
pembuatan kompos,concept,Pembuatan kompos,C6-Mencipta,5.0,1.0
q_dee28877e1,question,Gambarkan sebuah sistem produksi sederhana untuk membuat kompos dari sampah organik rumah tangga. Rincikan faktor-faktor,C6-Mencipta,5.0,
analisis efisiensi produksi,concept,Analisis efisiensi produksi,,,
bahasa dan sastra,topic_coarse,Bahasa dan Sastra,,,
penulisan cerita rakyat,topic_fine,Penulisan Cerita Rakyat,,,
kerangka cerita rakyat,concept,Kerangka cerita rakyat,C6-Mencipta,5.0,1.0
pesan moral,concept,Pesan moral,C6-Mencipta,5.0,1.0
fungsi narasi,concept,Fungsi narasi,C6-Mencipta,5.0,1.0
q_fe544cbf86,question,Buatlah sebuah kerangka cerita rakyat (dongeng) singkat yang menjelaskan mengapa petir dan guntur selalu muncul bersamaa,C6-Mencipta,5.0,
pemahaman struktur cerita,concept,Pemahaman struktur cerita,,,
pengetahuan tentang unsur intrinsik cerita,concept,Pengetahuan tentang unsur intrinsik cerita,,,
analisis struktur cerita kompleks,concept,Analisis struktur cerita kompleks,,,
faktor pembentukan pergerakan nasional,topic_fine,Faktor Pembentukan Pergerakan Nasional,,,
proses pembentukan bangsa,concept,Proses Pembentukan Bangsa,C6-Mencipta,5.0,1.0
q_33ebdc202a,question,Buatlah sebuah diagram alir (flowchart) yang menggambarkan bagaimana faktor internal dan eksternal secara bersama-sama m,C6-Mencipta,5.0,
mencipta (diagram alir),method,Mencipta (Diagram Alir),,,
faktor pendorong perubahan sosial,concept,Faktor Pendorong Perubahan Sosial,,,
perkembangan politik indonesia pasca-pergerakan,concept,Perkembangan Politik Indonesia Pasca-Pergerakan,,,
kesulitan ekonomi sosial,concept,Kesulitan Ekonomi Sosial,C6-Mencipta,5.0,1.0
pengalaman hidup masa pendudukan,concept,Pengalaman Hidup Masa Pendudukan,C6-Mencipta,5.0,1.0
q_8c52d3706f,question,"Tulislah sebuah catatan harian dari sudut pandang seorang perempuan yang suaminya direkrut sebagai Romusha, yang menggam",C6-Mencipta,5.0,
pemahaman struktur sosial politik jepang,concept,Pemahaman Struktur Sosial Politik Jepang,,,
konsep romusha,concept,Konsep Romusha,,,
analisis dampak sosial budaya pasca kemerdekaan,concept,Analisis Dampak Sosial Budaya Pasca Kemerdekaan,,,
q_7d83cd92e9,question,Rancanglah sebuah cerita pendek yang tokoh utamanya berhasil menyelesaikan sebuah 'konflik peran' yang kompleks antara s,C6-Mencipta,5.0,
definisi peran sosial,concept,Definisi peran sosial,,,
dinamika perubahan peran sosial,concept,Dinamika perubahan peran sosial,,,
pengaruh kondisi geologis indonesia,topic_fine,Pengaruh Kondisi Geologis Indonesia,,,
risiko gempa bumi,concept,Risiko gempa bumi,C6-Mencipta,5.0,1.0
kampanye sadar bencana,concept,Kampanye sadar bencana,C6-Mencipta,5.0,1.0
q_c81e82d28d,question,Buatlah sebuah konsep poster untuk kampanye sadar bencana yang menjelaskan secara sederhana kaitan antara letak geologis,C6-Mencipta,5.0,
mencipta konsep poster,method,Mencipta Konsep Poster,,,
pemahaman tentang letak geografis,concept,Pemahaman tentang letak geografis,,,
pengetahuan dasar tentang gempa bumi,concept,Pengetahuan dasar tentang gempa bumi,,,
dampak dan solusi kerusakan bumi,topic_fine,Dampak dan Solusi Kerusakan Bumi,,,
kerusakan bumi,concept,Kerusakan Bumi,C6-Mencipta,5.0,1.0
perancangan program sekolah,concept,Perancangan Program Sekolah,C6-Mencipta,5.0,1.0
q_4924b15845,question,Kembangkan sebuah ide untuk program sekolah bernama 'Satu Hari untuk Bumi' yang terinspirasi dari masalah pemanasan glob,C6-Mencipta,5.0,
pemahaman tentang lingkungan sekitar,concept,Pemahaman tentang lingkungan sekitar,,,
pengetahuan tentang sejarah bumi,concept,Pengetahuan tentang sejarah bumi,,,
implementasi dan evaluasi program lingkungan,concept,Implementasi dan Evaluasi Program Lingkungan,,,
sosiologi organisasi,topic_coarse,Sosiologi Organisasi,,,
model struktur organisasi startup,topic_fine,Model Struktur Organisasi Startup,,,
struktur organisasi,concept,Struktur organisasi,C6-Mencipta,5.0,1.0
hierarki kekuasaan,concept,Hierarki kekuasaan,C6-Mencipta,5.0,1.0
organisasi berbasis keahlian,concept,Organisasi berbasis keahlian,C6-Mencipta,5.0,1.0
q_4bf5d71e7d,question,Gambarkan sebuah model struktur organisasi untuk sebuah perusahaan rintisan (startup) yang secara eksplisit mencoba untu,C6-Mencipta,5.0,
mencipta model,method,Mencipta Model,,,
pengertian hierarki,concept,Pengertian hierarki,,,
analisis efektivitas model organisasi,concept,Analisis efektivitas model organisasi,,,
penyusunan kode etik warganet,topic_fine,Penyusunan Kode Etik Warganet,,,
kode etik warganet,concept,Kode Etik Warganet,C6-Mencipta,5.0,1.0
prinsip mike ribble,concept,Prinsip Mike Ribble,C6-Mencipta,5.0,1.0
q_b7cb707750,question,"Buatlah sebuah draf 'Kode Etik Warganet Kelas' yang terdiri dari 5 aturan utama, yang mengintegrasikan ketiga prinsip da",C6-Mencipta,5.0,
pemahaman prinsip mike ribble,concept,Pemahaman Prinsip Mike Ribble,,,
implementasi kode etik digital,concept,Implementasi Kode Etik Digital,,,
q_a839a44511,question,Ciptakan sebuah narasi atau cerita pendek yang menggambarkan bagaimana seorang ahli geografi menggunakan ketiga pendekat,C6-Mencipta,5.0,
mencipta narasi,method,Mencipta Narasi,,,
aplikasi geografi dalam pemecahan masalah,concept,Aplikasi Geografi dalam Pemecahan Masalah,,,
struktur dan lapisan atmosfer bumi,topic_fine,Struktur dan Lapisan Atmosfer Bumi,,,
representasi visual ilmiah,concept,Representasi visual ilmiah,C6-Mencipta,5.0,1.0
q_53c58ff54a,question,Buatlah sebuah konsep poster sederhana yang menggambarkan 5 lapisan atmosfer beserta satu ikon aktivitas utama di setiap,C6-Mencipta,5.0,
dampak perubahan iklim pada atmosfer,concept,Dampak perubahan iklim pada atmosfer,,,
peran dan ancaman atmosfer bumi,topic_fine,Peran dan Ancaman Atmosfer Bumi,,,
q_d2872d62a3,question,"Rancanglah sebuah slogan kampanye yang terdiri dari maksimal 10 kata untuk mengajak masyarakat menjaga atmosfer, berdasa",C6-Mencipta,5.0,
desain arsitektur,topic_coarse,Desain Arsitektur,,,
integrasi budaya dan iklim,topic_fine,Integrasi Budaya dan Iklim,,,
rumah eko-modern nusantara,concept,Rumah Eko-Modern Nusantara,C6-Mencipta,5.0,1.0
adaptasi iklim rumah panggung,concept,Adaptasi Iklim Rumah Panggung,C6-Mencipta,5.0,1.0
filosofi arah suku baduy,concept,Filosofi Arah Suku Baduy,C6-Mencipta,5.0,1.0
q_a773f238ae,question,Buatlah sebuah ide desain 'Rumah Eko-Modern Nusantara' yang menggabungkan prinsip adaptasi iklim dari rumah panggung pes,C6-Mencipta,5.0,
sintesis,method,Sintesis,,,
kreasi,method,Kreasi,,,
pemahaman budaya lokal,concept,Pemahaman Budaya Lokal,,,
prinsip arsitektur tropis,concept,Prinsip Arsitektur Tropis,,,
implementasi desain berkelanjutan,concept,Implementasi Desain Berkelanjutan,,,
dinamika politik 1998,concept,Dinamika Politik 1998,C6-Mencipta,5.0,1.0
q_84af70f719,question,Prediksikan apa yang akan terjadi jika Tragedi Trisakti (12 Mei) tidak pernah terjadi!,C6-Mencipta,5.0,
pemahaman krisis moneter 1997,concept,Pemahaman Krisis Moneter 1997,,,
pengetahuan tentang gerakan mahasiswa,concept,Pengetahuan tentang Gerakan Mahasiswa,,,
proses reformasi indonesia,concept,Proses Reformasi Indonesia,,,
ultimatum sekutu,concept,Ultimatum Sekutu,C6-Mencipta,5.0,1.0
strategi perlawanan tri,concept,Strategi Perlawanan TRI,C6-Mencipta,5.0,1.0
q_4a30782571,question,"Rancanglah sebuah strategi alternatif selain ""bumi hangus"" yang bisa dilakukan TRI di Bandung untuk melawan ultimatum Se",C6-Mencipta,5.0,
struktur dan fungsi atmosfer bumi,topic_fine,Struktur dan Fungsi Atmosfer Bumi,,,
komposisi udara,concept,Komposisi Udara,C6-Mencipta,5.0,1.0
aksi lingkungan,concept,Aksi Lingkungan,C6-Mencipta,5.0,1.0
q_a0cc4a6b92,question,"Formulasikan sebuah proposal mini berisi ide kegiatan 'Hari Atmosfer Sedunia' di sekolah, yang mencakup satu kegiatan ed",C6-Mencipta,5.0,
pengertian atmosfer,concept,Pengertian Atmosfer,,,
komponen utama atmosfer,concept,Komponen Utama Atmosfer,,,
dampak transformasi sosial cepat,topic_fine,Dampak Transformasi Sosial Cepat,,,
perubahan kota,concept,Perubahan Kota,C6-Mencipta,5.0,1.0
universitas internasional,concept,Universitas Internasional,C6-Mencipta,5.0,1.0
q_f04b79dfb3,question,Ciptakan sebuah skenario hipotetis mengenai transformasi sosial yang mungkin terjadi di sebuah kota kecil setelah dibang,C6-Mencipta,5.0,
prediksi masalah,method,Prediksi Masalah,,,
definisi transformasi sosial,concept,Definisi Transformasi Sosial,,,
analisis dampak sosial lanjutan,concept,Analisis Dampak Sosial Lanjutan,,,
peningkatan pendapatan asli daerah,topic_fine,Peningkatan Pendapatan Asli Daerah,,,
sektor pariwisata,concept,Sektor Pariwisata,C6-Mencipta,5.0,2.0
q_c65e64ab95,question,"Rancanglah sebuah program sederhana yang dapat dilakukan Pemda untuk meningkatkan ""PAD"" di sektor pariwisata!",C6-Mencipta,5.0,
pemahaman struktur apbd,concept,Pemahaman Struktur APBD,,,
konsep pad,concept,Konsep PAD,,,
evaluasi kinerja program daerah,concept,Evaluasi Kinerja Program Daerah,,,
model pemberdayaan bottom-up,topic_fine,Model Pemberdayaan Bottom-Up,,,
pernikahan dini,concept,Pernikahan Dini,C6-Mencipta,5.0,1.0
q_9ee4766b39,question,"Rancanglah sebuah program pemberdayaan model bottom-up untuk mengatasi masalah pernikahan dini di suatu komunitas, denga",C6-Mencipta,5.0,
merancang program,method,Merancang Program,,,
pemahaman model top-down dan bottom-up,concept,Pemahaman Model Top-Down dan Bottom-Up,,,
evaluasi efektivitas program pemberdayaan,concept,Evaluasi Efektivitas Program Pemberdayaan,,,
penulisan sejarah singkat,concept,Penulisan Sejarah Singkat,C6-Mencipta,5.0,1.0
q_f4deb5096e,question,Rancanglah sebuah kerangka penulisan sejarah singkat tentang 'Perkembangan Penggunaan Smartphone di Kalangan Pelajar di ,C6-Mencipta,5.0,
mencipta kerangka,method,Mencipta Kerangka,,,
pemahaman konsep sejarah,concept,Pemahaman Konsep Sejarah,,,
pengenalan sartono kartodirdjo,concept,Pengenalan Sartono Kartodirdjo,,,
penulisan sejarah komprehensif,concept,Penulisan Sejarah Komprehensif,,,
ekologi dan biogeografi,topic_coarse,Ekologi dan Biogeografi,,,
penyebaran flora dan fauna,topic_fine,Penyebaran Flora dan Fauna,,,
kolonisasi tumbuhan,concept,Kolonisasi tumbuhan,C6-Mencipta,5.0,1.0
peran hewan dalam penyebaran,concept,Peran hewan dalam penyebaran,C6-Mencipta,5.0,1.0
pulau vulkanik,concept,Pulau vulkanik,C6-Mencipta,5.0,1.0
q_e67c63e30b,question,Gambarkan sebuah skema atau alur yang menunjukkan bagaimana seekor burung dapat memulai kolonisasi tumbuhan di sebuah pu,C6-Mencipta,5.0,
pembuatan skema,method,Pembuatan skema,,,
pembuatan alur,method,Pembuatan alur,,,
konsep dispersi,concept,Konsep dispersi,,,
prinsip ekologi pulau,concept,Prinsip ekologi pulau,,,
dinamika komunitas tumbuhan,concept,Dinamika komunitas tumbuhan,,,
pergerakan nasional dan politik etis,topic_fine,Pergerakan Nasional dan Politik Etis,,,
semangat nasionalisme,concept,Semangat Nasionalisme,C6-Mencipta,5.0,1.0
penggalangan dana pendidikan,concept,Penggalangan Dana Pendidikan,C6-Mencipta,5.0,1.0
perubahan corak perjuangan,concept,Perubahan Corak Perjuangan,C6-Mencipta,5.0,1.0
q_0609bc4adc,question,"Buatlah sebuah rancangan poster untuk menggalang dana pendidikan bagi kaum pribumi pada awal abad ke-20, dengan mengadap",C6-Mencipta,5.0,
mencipta (desain poster),method,Mencipta (Desain Poster),,,
pemahaman politik etis,concept,Pemahaman Politik Etis,,,
pemahaman pergerakan nasional,concept,Pemahaman Pergerakan Nasional,,,
implementasi ideologi kebangsaan,concept,Implementasi Ideologi Kebangsaan,,,
dampak kenaikan permukaan laut,topic_fine,Dampak Kenaikan Permukaan Laut,,,
kenaikan permukaan laut,concept,Kenaikan Permukaan Laut,C6-Mencipta,5.0,1.0
dampak lingkungan pesisir,concept,Dampak Lingkungan Pesisir,C6-Mencipta,5.0,1.0
kampanye kesadaran media sosial,concept,Kampanye Kesadaran Media Sosial,C6-Mencipta,5.0,1.0
q_6a14a755eb,question,Kembangkan sebuah ide kampanye di media sosial dengan tagar tertentu untuk meningkatkan kesadaran tentang dampak kenaika,C6-Mencipta,5.0,
mencipta ide kampanye,method,Mencipta Ide Kampanye,,,
pemahaman tentang perubahan iklim,concept,Pemahaman tentang Perubahan Iklim,,,
pengetahuan tentang geografi pesisir indonesia,concept,Pengetahuan tentang Geografi Pesisir Indonesia,,,
implementasi strategi komunikasi krisis,concept,Implementasi Strategi Komunikasi Krisis,,,
teori pertumbuhan ekonomi baru,topic_fine,Teori Pertumbuhan Ekonomi Baru,,,
teori pertumbuhan ekonomi digital,concept,Teori Pertumbuhan Ekonomi Digital,C6-Mencipta,5.0,1.0
faktor pendorong pertumbuhan,concept,Faktor Pendorong Pertumbuhan,C6-Mencipta,5.0,1.0
perbandingan teori ekonomi,concept,Perbandingan Teori Ekonomi,C6-Mencipta,5.0,1.0
q_d6ffff170c,question,Gagaskan sebuah teori pertumbuhan ekonomi baru yang disebut 'Teori Pertumbuhan Ekonomi Digital'. Faktor-faktor utama apa,C6-Mencipta,5.0,
teori klasik ekonomi,concept,Teori Klasik Ekonomi,,,
mengatasi pengangguran sektor pariwisata,topic_fine,Mengatasi Pengangguran Sektor Pariwisata,,,
kebijakan sisi penawaran,concept,Kebijakan Sisi Penawaran,C6-Mencipta,5.0,1.0
q_36e865dc1f,question,"Rancanglah sebuah program ""Kebijakan Sisi Penawaran"" yang spesifik untuk mengatasi ""pengangguran musiman"" bagi pekerja d",C6-Mencipta,5.0,
konsep pengangguran,concept,Konsep Pengangguran,,,
evaluasi efektivitas kebijakan,concept,Evaluasi Efektivitas Kebijakan,,,
pengaruh letak astronomis indonesia,topic_fine,Pengaruh Letak Astronomis Indonesia,,,
hutan hujan tropis,concept,Hutan Hujan Tropis,C6-Mencipta,5.0,1.0
paru-paru dunia,concept,Paru-paru Dunia,C6-Mencipta,5.0,1.0
kampanye nasional,concept,Kampanye Nasional,C6-Mencipta,5.0,1.0
q_06513be795,question,Kembangkan sebuah gagasan kampanye nasional dengan slogan dan tiga program utama untuk meningkatkan kesadaran generasi m,C6-Mencipta,5.0,
fungsi ekologis hutan tropis,concept,Fungsi Ekologis Hutan Tropis,,,
strategi konservasi lingkungan,concept,Strategi Konservasi Lingkungan,,,
evolusi uang,concept,Evolusi Uang,C6-Mencipta,5.0,1.0
uang fiat,concept,Uang Fiat,C6-Mencipta,5.0,1.0
q_d2bdf329a5,question,"Gambarkan dalam bentuk diagram alur (cukup deskripsikan alurnya) proses evolusi uang dari barter hingga uang fiat, serta",C6-Mencipta,5.0,
sistem keuangan modern,concept,Sistem Keuangan Modern,,,
kearifan lokal dan tantangan digital,topic_fine,Kearifan Lokal dan Tantangan Digital,,,
q_3104263256,question,Buatlah sebuah skenario kampanye sosial untuk mengajak generasi muda melestarikan kearifan lokal. Kampanye tersebut haru,C6-Mencipta,5.0,
pemahaman konsep komunitas lokal,concept,Pemahaman Konsep Komunitas Lokal,,,
analisis tantangan era digital,concept,Analisis Tantangan Era Digital,,,
komunikasi dan sosial,topic_coarse,Komunikasi dan Sosial,,,
mengelola konflik dalam debat,topic_fine,Mengelola Konflik dalam Debat,,,
konflik konstruktif,concept,Konflik Konstruktif,C6-Mencipta,5.0,1.0
etika debat,concept,Etika Debat,C6-Mencipta,5.0,1.0
q_f9565a324a,question,"Kembangkan sebuah 'kode etik' yang terdiri dari tiga aturan utama untuk debat kelas, yang dirancang untuk menjaga agar p",C6-Mencipta,5.0,
prinsip persaingan sehat,concept,Prinsip Persaingan Sehat,,,
resolusi konflik lanjutan,concept,Resolusi Konflik Lanjutan,,,
era reformasi dan perubahan kebijakan,topic_fine,Era Reformasi dan Perubahan Kebijakan,,,
reformasi politik,concept,Reformasi Politik,C6-Mencipta,5.0,1.0
q_bb75683dab,question,"Buatlah skenario, apa yang akan terjadi jika MPR menolak menghapus Dwifungsi ABRI pada Sidang Istimewa 1998!",C6-Mencipta,5.0,
skenario hipotetis,method,Skenario Hipotetis,,,
pemahaman era reformasi,concept,Pemahaman Era Reformasi,,,
penguatan demokrasi pasca-reformasi,concept,Penguatan Demokrasi Pasca-Reformasi,,,
kritik internal sumber,concept,Kritik Internal Sumber,C6-Mencipta,5.0,1.0
surat pribadi,concept,Surat Pribadi,C6-Mencipta,5.0,1.0
tokoh perjuangan,concept,Tokoh Perjuangan,C6-Mencipta,5.0,1.0
q_9fb3a7593a,question,Buatlah sebuah daftar periksa (checklist) yang berisi lima pertanyaan kunci untuk melakukan kritik internal terhadap seb,C6-Mencipta,5.0,
kritik eksternal sumber,concept,Kritik Eksternal Sumber,,,
interpretasi sumber sejarah,concept,Interpretasi Sumber Sejarah,,,
analisis akar masalah konflik,topic_fine,Analisis Akar Masalah Konflik,,,
wawancara mendalam,concept,Wawancara mendalam,C6-Mencipta,5.0,1.0
akar masalah sosial,concept,Akar masalah sosial,C6-Mencipta,5.0,1.0
q_e9188b1eaa,question,Rancanglah lima pertanyaan wawancara utama untuk diajukan kepada seorang tokoh masyarakat di Desa Sumber Aman guna mengg,C6-Mencipta,5.0,
pemahaman konflik sosial,concept,Pemahaman konflik sosial,,,
teknik wawancara,concept,Teknik wawancara,,,
perumusan strategi intervensi konflik,concept,Perumusan strategi intervensi konflik,,,
ideologi dan politik,topic_coarse,Ideologi dan Politik,,,
manifesto organisasi pemuda modern,topic_fine,Manifesto Organisasi Pemuda Modern,,,
q_b2db8c963e,question,Rancanglah sebuah manifesto singkat untuk sebuah organisasi pemuda modern yang terinspirasi dari semangat 'Komunitas Jaw,C6-Mencipta,5.0,
pemahaman filosofi satyagraha,concept,Pemahaman Filosofi Satyagraha,,,
implementasi ideologi dalam kebijakan publik,concept,Implementasi Ideologi dalam Kebijakan Publik,,,
kearifan lokal dan digitalisasi,topic_fine,Kearifan Lokal dan Digitalisasi,,,
pembangunan berbasis masyarakat,concept,Pembangunan Berbasis Masyarakat,C6-Mencipta,5.0,1.0
transformasi digital,concept,Transformasi Digital,C6-Mencipta,5.0,1.0
konsep edukasi inovatif,concept,Konsep Edukasi Inovatif,C6-Mencipta,5.0,1.0
q_813f4db93f,question,Kembangkan sebuah konsep aplikasi edukasi yang bertujuan untuk menanamkan nilai kearifan lokal (seperti gemah ripah loh ,C6-Mencipta,5.0,
mencipta konsep aplikasi,method,Mencipta Konsep Aplikasi,,,
pemahaman nilai budaya lokal,concept,Pemahaman Nilai Budaya Lokal,,,
implementasi aplikasi edukasi,concept,Implementasi Aplikasi Edukasi,,,
evaluasi dampak sosial budaya,concept,Evaluasi Dampak Sosial Budaya,,,
penguatan nasionalisme dan budaya bangsa,topic_fine,Penguatan Nasionalisme dan Budaya Bangsa,,,
produk dalam negeri,concept,Produk Dalam Negeri,C6-Mencipta,5.0,1.0
kampanye sosial media,concept,Kampanye Sosial Media,C6-Mencipta,5.0,1.0
identitas bangsa,concept,Identitas Bangsa,C6-Mencipta,5.0,1.0
q_062a3d2d7e,question,Kembangkan sebuah slogan dan program kampanye satu minggu di media sosial untuk mendorong teman-temanmu agar lebih serin,C6-Mencipta,5.0,
mencipta slogan,method,Mencipta Slogan,,,
merancang program kampanye,method,Merancang Program Kampanye,,,
pengetahuan tentang budaya indonesia,concept,Pengetahuan tentang Budaya Indonesia,,,
implementasi program kewarganegaraan,concept,Implementasi Program Kewarganegaraan,,,
persaingan dagang dan kolonialisme,topic_fine,Persaingan Dagang dan Kolonialisme,,,
piagam persekutuan dagang,concept,Piagam Persekutuan Dagang,C6-Mencipta,5.0,1.0
voc,concept,VOC,C6-Mencipta,5.0,1.0
kekuatan kerajaan nusantara,concept,Kekuatan Kerajaan Nusantara,C6-Mencipta,5.0,1.0
perdagangan rempah-rempah,concept,Perdagangan Rempah-rempah,C6-Mencipta,5.0,1.0
q_da3f18e2e6,question,Ciptakan tiga pasal utama dalam sebuah piagam persekutuan dagang antar kerajaan di Nusantara yang bertujuan untuk menand,C6-Mencipta,5.0,
sejarah kolonialisme eropa,concept,Sejarah Kolonialisme Eropa,,,
struktur kekuasaan kerajaan nusantara,concept,Struktur Kekuasaan Kerajaan Nusantara,,,
perkembangan sistem perdagangan global,concept,Perkembangan Sistem Perdagangan Global,,,
pemberontakan daerah era demokrasi liberal,topic_fine,Pemberontakan Daerah Era Demokrasi Liberal,,,
inspirasi pemberontakan,concept,Inspirasi Pemberontakan,C6-Mencipta,5.0,1.0
di/tii jawa barat,concept,DI/TII Jawa Barat,C6-Mencipta,5.0,1.0
gerakan separatis daerah,concept,Gerakan Separatis Daerah,C6-Mencipta,5.0,1.0
q_c21782e531,question,"Buatlah hipotesis, mengapa pemberontakan DI/TII di Jawa Barat (Kartosuwiryo) menjadi inspirasi bagi daerah lain (Kahar M",C6-Mencipta,5.0,
mensintesis,method,Mensintesis,,,
perkembangan politik pasca-1950an,concept,Perkembangan Politik Pasca-1950an,,,
membangun harmoni sosial indonesia,topic_fine,Membangun Harmoni Sosial Indonesia,,,
pengurangan kesenjangan,concept,Pengurangan Kesenjangan,C6-Mencipta,5.0,1.0
q_40de98cbd6,question,"Susunlah sebuah proposal singkat untuk 'Gerakan Keadilan Sosial' di lingkungan Anda, yang bertujuan untuk mengurangi kes",C6-Mencipta,5.0,
konsep keadilan sosial,concept,Konsep Keadilan Sosial,,,
pemanfaatan data sensus penduduk,topic_fine,Pemanfaatan Data Sensus Penduduk,,,
sensus penduduk (de jure),concept,Sensus Penduduk (de jure),C6-Mencipta,5.0,1.0
perencanaan fasilitas umum,concept,Perencanaan Fasilitas Umum,C6-Mencipta,5.0,1.0
diagram alur (flowchart),concept,Diagram Alur (Flowchart),C6-Mencipta,5.0,1.0
q_53aefeac3b,question,Buatlah sebuah diagram alur (flowchart) yang menggambarkan bagaimana seorang perencana kota menggunakan data dari sensus,C6-Mencipta,5.0,
mencipta (creating),method,Mencipta (Creating),,,
pengertian sensus penduduk,concept,Pengertian Sensus Penduduk,,,
konsep dasar perencanaan kota,concept,Konsep Dasar Perencanaan Kota,,,
adaptasi flora pada lahan kering,topic_fine,Adaptasi Flora pada Lahan Kering,,,
reboisasi,concept,Reboisasi,C6-Mencipta,5.0,1.0
jenis tumbuhan,concept,Jenis Tumbuhan,C6-Mencipta,5.0,1.0
xerophyta,concept,Xerophyta,C6-Mencipta,5.0,1.0
kondisi lahan tandus,concept,Kondisi Lahan Tandus,C6-Mencipta,5.0,1.0
q_15ef8f0911,question,"Ciptakan sebuah proposal singkat untuk program reboisasi di lahan bekas tambang yang kering dan tandus, dengan memilih j",C6-Mencipta,5.0,
manajemen ekosistem,concept,Manajemen Ekosistem,,,
perencanaan alokasi keuangan pribadi,topic_fine,Perencanaan Alokasi Keuangan Pribadi,,,
anggaran bulanan,concept,Anggaran Bulanan,C6-Mencipta,5.0,1.0
tabungan,concept,Tabungan,C6-Mencipta,5.0,1.0
investasi reksadana,concept,Investasi Reksadana,C6-Mencipta,5.0,1.0
q_47fbde59b7,question,"Buatlah sebuah rencana alokasi keuangan bulanan untuk seorang pelajar SMP yang menerima uang saku Rp400.000 per bulan, d",C6-Mencipta,5.0,
mencipta rencana,method,Mencipta Rencana,,,
konsep uang,concept,Konsep Uang,,,
model bisnis bioprospeksi berkelanjutan,topic_fine,Model Bisnis Bioprospeksi Berkelanjutan,,,
bioprospeksi,concept,Bioprospeksi,C6-Mencipta,5.0,1.0
etika keanekaragaman hayati,concept,Etika Keanekaragaman Hayati,C6-Mencipta,5.0,1.0
pembagian keuntungan adil,concept,Pembagian Keuntungan Adil,C6-Mencipta,5.0,1.0
pengetahuan tradisional,concept,Pengetahuan Tradisional,C6-Mencipta,5.0,1.0
q_50e63a11f2,question,"Rancang sebuah model bisnis 'bioprospeksi' yang etis dan berkelanjutan, yang memastikan adanya pembagian keuntungan yang",C6-Mencipta,5.0,
merancang model bisnis,method,Merancang Model Bisnis,,,
pemahaman keanekaragaman hayati,concept,Pemahaman Keanekaragaman Hayati,,,
implementasi tata kelola sumber daya genetik,concept,Implementasi Tata Kelola Sumber Daya Genetik,,,
pengelolaan keuangan pribadi,topic_fine,Pengelolaan Keuangan Pribadi,,,
kebutuhan sekunder,concept,Kebutuhan Sekunder,C6-Mencipta,5.0,1.0
kebutuhan tersier,concept,Kebutuhan Tersier,C6-Mencipta,5.0,1.0
pengambilan keputusan finansial,concept,Pengambilan Keputusan Finansial,C6-Mencipta,5.0,1.0
q_eca82bde04,question,Kembangkan sebuah daftar periksa (checklist) yang terdiri dari 5 pertanyaan kunci yang harus ditanyakan pada diri sendir,C6-Mencipta,5.0,
perencanaan anggaran jangka panjang,concept,Perencanaan Anggaran Jangka Panjang,,,
pencatatan dan pelaporan keuangan,topic_fine,Pencatatan dan Pelaporan Keuangan,,,
pencatatan pemasukan dan pengeluaran,concept,Pencatatan Pemasukan dan Pengeluaran,C6-Mencipta,5.0,1.0
analisis laba rugi sederhana,concept,Analisis Laba Rugi Sederhana,C6-Mencipta,5.0,1.0
perancangan aplikasi mobile,concept,Perancangan Aplikasi Mobile,C6-Mencipta,5.0,1.0
q_51649e5867,question,Gagaslah sebuah konsep aplikasi seluler sederhana bernama 'Dompet Pelajar' yang dapat membantu siswa mencatat pemasukan ,C6-Mencipta,5.0,
pengembangan sistem informasi akuntansi,concept,Pengembangan Sistem Informasi Akuntansi,,,
pidato dan ideologi orde lama,topic_fine,Pidato dan Ideologi Orde Lama,,,
persatuan ideologi,concept,Persatuan Ideologi,C6-Mencipta,5.0,1.0
pidato politik,concept,Pidato Politik,C6-Mencipta,5.0,1.0
presiden sukarno,concept,Presiden Sukarno,C6-Mencipta,5.0,1.0
q_66040bc571,question,"Buatlah sebuah draf pidato singkat untuk Presiden Sukarno saat mengumumkan kampanye Nasakom, yang bertujuan meyakinkan r",C6-Mencipta,5.0,
pemahaman konsep pembangunan nasional,concept,Pemahaman Konsep Pembangunan Nasional,,,
pengetahuan tentang orde lama,concept,Pengetahuan tentang Orde Lama,,,
analisis kebijakan politik indonesia,concept,Analisis Kebijakan Politik Indonesia,,,
lembaga sosial dan norma,topic_fine,Lembaga Sosial dan Norma,,,
klasifikasi norma,concept,Klasifikasi Norma,C6-Mencipta,5.0,1.0
q_1738dc978f,question,Rancanglah tiga aturan dasar (norma) untuk sebuah klub pecinta buku di sekolah. Klasifikasikan setiap aturan ke dalam ti,C6-Mencipta,5.0,
jenis-jenis norma sosial,concept,Jenis-jenis Norma Sosial,,,
implementasi dan perubahan norma sosial,concept,Implementasi dan Perubahan Norma Sosial,,,
peningkatan kapasitas keluarga pesisir,topic_fine,Peningkatan Kapasitas Keluarga Pesisir,,,
kapasitas keluarga,concept,Kapasitas Keluarga,C6-Mencipta,5.0,1.0
ancaman tsunami,concept,Ancaman Tsunami,C6-Mencipta,5.0,1.0
peningkatan kapasitas,concept,Peningkatan Kapasitas,C6-Mencipta,5.0,1.0
komunikasi edukasi,concept,Komunikasi Edukasi,C6-Mencipta,5.0,1.0
q_85e09d98a3,question,"Rancang sebuah poster sederhana yang ditujukan untuk anak-anak sekolah dasar di wilayah pesisir, yang isinya mengkampany",C6-Mencipta,5.0,
mencipta (merancang poster),method,Mencipta (Merancang Poster),,,
pemahaman ancaman tsunami,concept,Pemahaman Ancaman Tsunami,,,
pemahaman konsep kapasitas,concept,Pemahaman Konsep Kapasitas,,,
implementasi rencana kontingensi,concept,Implementasi Rencana Kontingensi,,,
mengurangi pemanasan global,topic_fine,Mengurangi Pemanasan Global,,,
aksi siswa,concept,Aksi Siswa,C6-Mencipta,5.0,1.0
pengurangan emisi,concept,Pengurangan Emisi,C6-Mencipta,5.0,2.0
q_120b64115a,question,Susunlah tiga langkah aksi konkret yang dapat dilakukan oleh seorang siswa untuk membantu mengurangi laju pemanasan glob,C6-Mencipta,5.0,
pemahaman tentang pemanasan global,concept,Pemahaman tentang Pemanasan Global,,,
implementasi kebijakan lingkungan sekolah,concept,Implementasi Kebijakan Lingkungan Sekolah,,,
penganggaran kesehatan dalam apbn,topic_fine,Penganggaran Kesehatan dalam APBN,,,
fungsi stabilisasi,concept,Fungsi Stabilisasi,C6-Mencipta,5.0,1.0
pidato persuasif,concept,Pidato Persuasif,C6-Mencipta,5.0,1.0
q_88c29a3fc3,question,"Andaikan Anda adalah Menteri Keuangan, tuliskan draf pidato singkat (3-4 kalimat) yang ditujukan kepada DPR untuk meyaki",C6-Mencipta,5.0,
geopolitik dan kerjasama,topic_coarse,Geopolitik dan Kerjasama,,,
kerjasama kota pesisir dan maritim,topic_fine,Kerjasama Kota Pesisir dan Maritim,,,
pengelolaan garis pantai,concept,Pengelolaan Garis Pantai,C6-Mencipta,5.0,1.0
sumber daya maritim,concept,Sumber Daya Maritim,C6-Mencipta,5.0,1.0
sister city,concept,Sister City,C6-Mencipta,5.0,1.0
q_7bb2404de3,question,Buatlah sebuah gagasan program kerja sama 'sister city' antara salah satu kota pesisir di Indonesia dengan kota di Kanad,C6-Mencipta,5.0,
konsep geopolitik,concept,Konsep Geopolitik,,,
pemahaman sumber daya alam,concept,Pemahaman Sumber Daya Alam,,,
implementasi program kerjasama internasional,concept,Implementasi Program Kerjasama Internasional,,,
dampak kekayaan alam terhadap kolonialisme,topic_fine,Dampak Kekayaan Alam Terhadap Kolonialisme,,,
faktor pendorong kolonialisme,concept,Faktor Pendorong Kolonialisme,C6-Mencipta,5.0,1.0
peran rempah-rempah,concept,Peran Rempah-rempah,C6-Mencipta,5.0,1.0
skenario alternatif sejarah,concept,Skenario Alternatif Sejarah,C6-Mencipta,5.0,1.0
q_61f7479b33,question,"Buatlah sebuah skenario alternatif: jika rempah-rempah ternyata juga dapat tumbuh subur di Eropa Selatan, bagaimana kira",C6-Mencipta,5.0,
analisis perubahan jalur perdagangan global,concept,Analisis Perubahan Jalur Perdagangan Global,,,
kewirausahaan dan bisnis,topic_coarse,Kewirausahaan dan Bisnis,,,
perencanaan bisnis produk herbal,topic_fine,Perencanaan Bisnis Produk Herbal,,,
rencana bisnis sederhana,concept,Rencana Bisnis Sederhana,C6-Mencipta,5.0,1.0
produk minuman kesehatan herbal,concept,Produk Minuman Kesehatan Herbal,C6-Mencipta,5.0,1.0
pemanfaatan toga,concept,Pemanfaatan TOGA,C6-Mencipta,5.0,1.0
budidaya pekarangan rumah,concept,Budidaya Pekarangan Rumah,C6-Mencipta,5.0,1.0
q_4297532000,question,Susunlah sebuah rencana bisnis sederhana untuk produk 'minuman kesehatan herbal' yang bahan bakunya berasal dari tanaman,C6-Mencipta,5.0,
pemahaman konsep bisnis dasar,concept,Pemahaman Konsep Bisnis Dasar,,,
pengetahuan tentang tanaman obat keluarga (toga),concept,Pengetahuan tentang Tanaman Obat Keluarga (TOGA),,,
implementasi dan pemasaran produk,concept,Implementasi dan Pemasaran Produk,,,
vegetasi zona sejuk,concept,Vegetasi Zona Sejuk,C6-Mencipta,5.0,1.0
q_8fe34e3a7c,question,Buatlah sebuah hipotesis mengenai apa yang akan terjadi pada vegetasi di zona 'Daerah Sejuk' jika suhu global rata-rata ,C6-Mencipta,5.0,
dampak perubahan iklim jangka panjang,concept,Dampak Perubahan Iklim Jangka Panjang,,,
aplikasi praktis literasi finansial,topic_fine,Aplikasi Praktis Literasi Finansial,,,
penerapan pengetahuan finansial,concept,Penerapan Pengetahuan Finansial,C6-Mencipta,5.0,1.0
q_a3427cfeb2,question,"Gagaslah sebuah ide kegiatan di sekolah (misalnya, seminar, kompetisi, atau klub) yang dapat membantu siswa lain untuk l",C6-Mencipta,5.0,
pemahaman konsep literasi finansial,concept,Pemahaman Konsep Literasi Finansial,,,
implementasi program edukasi finansial,concept,Implementasi Program Edukasi Finansial,,,
penanganan konflik sosial masyarakat,topic_fine,Penanganan Konflik Sosial Masyarakat,,,
kebijakan pemerintah desa,concept,Kebijakan Pemerintah Desa,C6-Mencipta,5.0,1.0
q_17a515063b,question,Susunlah sebuah proposal singkat berisi tiga rekomendasi kebijakan bagi pemerintah desa untuk menekan angka perkelahian ,C6-Mencipta,5.0,
prinsip pencegahan konflik,concept,Prinsip Pencegahan Konflik,,,
ekonomi dan ketenagakerjaan,topic_coarse,Ekonomi dan Ketenagakerjaan,,,
dampak teknologi terhadap pasar kerja,topic_fine,Dampak Teknologi Terhadap Pasar Kerja,,,
revolusi kecerdasan buatan (ai),concept,Revolusi Kecerdasan Buatan (AI),C6-Mencipta,5.0,1.0
prediksi dampak ekonomi,concept,Prediksi Dampak Ekonomi,C6-Mencipta,5.0,1.0
q_b5fe79bc98,question,"Prediksikan apa yang akan terjadi pada ""pengangguran struktural"" jika terjadi revolusi AI (Kecerdasan Buatan) yang masif",C6-Mencipta,5.0,
definisi pengangguran struktural,concept,Definisi Pengangguran Struktural,,,
konsep otomatisasi,concept,Konsep Otomatisasi,,,
kebijakan penanggulangan pengangguran teknologi,concept,Kebijakan Penanggulangan Pengangguran Teknologi,,,
teori penyebaran islam di indonesia,topic_fine,Teori Penyebaran Islam di Indonesia,,,
teori gujarat,concept,Teori Gujarat,C6-Mencipta,5.0,1.0
teori persia,concept,Teori Persia,C6-Mencipta,5.0,1.0
teori tiongkok,concept,Teori Tiongkok,C6-Mencipta,5.0,1.0
q_7a4e837826,question,Rancanglah sebuah kerangka narasi untuk film dokumenter singkat berjudul 'Mozaik Islam Nusantara' yang menjelaskan bagai,C6-Mencipta,5.0,
mencipta narasi film dokumenter,method,Mencipta narasi film dokumenter,,,
pengetahuan tentang masuknya islam di nusantara,concept,Pengetahuan tentang masuknya Islam di Nusantara,,,
pemahaman berbagai teori masuknya islam,concept,Pemahaman berbagai teori masuknya Islam,,,
dampak islam terhadap kebudayaan lokal,concept,Dampak Islam terhadap kebudayaan lokal,,,
motivasi penjelajahan samudra,concept,Motivasi Penjelajahan Samudra,C6-Mencipta,5.0,1.0
lahirnya voc,concept,Lahirnya VOC,C6-Mencipta,5.0,1.0
q_cb257392ff,question,Buatlah sebuah diagram alur yang menggambarkan bagaimana kondisi geografis Indonesia secara langsung dan tidak langsung ,C6-Mencipta,5.0,
mencipta (diagram alur),method,Mencipta (Diagram Alur),,,
pengetahuan tentang kondisi geografis indonesia,concept,Pengetahuan tentang kondisi geografis Indonesia,,,
pemahaman tentang latar belakang kolonialisme eropa,concept,Pemahaman tentang latar belakang kolonialisme Eropa,,,
dampak voc terhadap struktur politik indonesia,concept,Dampak VOC terhadap struktur politik Indonesia,,,
pengembangan kelembagaan berbasis masyarakat,topic_fine,Pengembangan Kelembagaan Berbasis Masyarakat,,,
pengembangan masyarakat,concept,Pengembangan Masyarakat,C6-Mencipta,5.0,1.0
perencanaan kebijakan,concept,Perencanaan Kebijakan,C6-Mencipta,5.0,1.0
q_c43b69898f,question,Buatlah sebuah proposal singkat kepada pemerintah daerah untuk mengembangkan 'rangkaian kelembagaan berbasis masyarakat',C6-Mencipta,5.0,
mencipta proposal,method,Mencipta Proposal,,,
pengetahuan tentang isu lingkungan lokal,concept,Pengetahuan tentang Isu Lingkungan Lokal,,,
implementasi program konservasi,concept,Implementasi Program Konservasi,,,
evaluasi dampak sosial ekonomi,concept,Evaluasi Dampak Sosial Ekonomi,,,
model lapisan konflik sosial,topic_fine,Model Lapisan Konflik Sosial,,,
analogi konflik,concept,Analogi Konflik,C6-Mencipta,5.0,1.0
pemecahan konflik,concept,Pemecahan Konflik,C6-Mencipta,5.0,1.0
q_ebef9055f5,question,Ciptakan sebuah diagram atau model alternatif selain 'gunung es' untuk menjelaskan lapisan-lapisan dalam sebuah konflik ,C6-Mencipta,5.0,
implementasi model konflik,concept,Implementasi Model Konflik,,,
fungsi anggaran negara,topic_fine,Fungsi Anggaran Negara,,,
fungsi alokasi,concept,Fungsi Alokasi,C6-Mencipta,5.0,1.0
q_feb079831b,question,Rancanglah sebuah program baru menggunakan dana APBN yang secara spesifik mengintegrasikan fungsi alokasi (mengurangi pe,C6-Mencipta,5.0,
konsep alokasi dan distribusi,concept,Konsep Alokasi dan Distribusi,,,
perubahan sosial masyarakat,topic_fine,Perubahan Sosial Masyarakat,,,
dampak modernisasi,concept,Dampak Modernisasi,C6-Mencipta,5.0,1.0
perbedaan generasi,concept,Perbedaan Generasi,C6-Mencipta,5.0,1.0
q_dc41314adc,question,Tulislah sebuah naskah dialog antara seorang kakek yang mengalami perubahan besar pasca-kemerdekaan dengan cucunya yang ,C6-Mencipta,5.0,
teori sosiologi,concept,Teori Sosiologi,,,
dinamika perubahan sosial kontemporer,concept,Dinamika Perubahan Sosial Kontemporer,,,
stagflasi,concept,Stagflasi,C6-Mencipta,5.0,1.0
q_8cdfb09a32,question,"Rancanglah sebuah paket Kebijakan Fiskal (kombinasi G dan T) untuk mengatasi ""stagflasi"" (situasi di mana resesi dan inf",C6-Mencipta,5.0,
dampak kebijakan fiskal terhadap resesi dan inflasi,concept,Dampak Kebijakan Fiskal terhadap Resesi dan Inflasi,,,
implementasi kebijakan moneter,concept,Implementasi Kebijakan Moneter,,,
dampak peristiwa global,concept,Dampak Peristiwa Global,C6-Mencipta,5.0,1.0
q_2e8a5374bf,question,"Tuliskan sebuah narasi pendek dari sudut pandang seorang pemuda Indonesia pada tahun 1945, yang menjelaskan bagaimana pe",C6-Mencipta,5.0,
pemahaman konsep keterkaitan sejarah,concept,Pemahaman Konsep Keterkaitan Sejarah,,,
pengetahuan tentang kekalahan jepang,concept,Pengetahuan tentang Kekalahan Jepang,,,
analisis dampak kebijakan global,concept,Analisis Dampak Kebijakan Global,,,
diferensiasi dan stratifikasi sosial,topic_fine,Diferensiasi dan Stratifikasi Sosial,,,
profesi,concept,Profesi,C6-Mencipta,5.0,1.0
q_06060fe421,question,"Rancanglah sebuah skenario di mana diferensiasi berdasarkan ""Profesi"" berubah menjadi stratifikasi (bertingkat)!",C6-Mencipta,5.0,
pengertian stratifikasi sosial,concept,Pengertian Stratifikasi Sosial,,,
analisis ketidaksetaraan sosial,concept,Analisis Ketidaksetaraan Sosial,,,
perancangan kerangka penelitian,topic_fine,Perancangan Kerangka Penelitian,,,
metode penelitian,concept,Metode Penelitian,C6-Mencipta,5.0,1.0
analisis data,concept,Analisis Data,C6-Mencipta,5.0,1.0
q_22fdb8e2d1,question,"Rancanglah sebuah kerangka penelitian sederhana (mencakup langkah 1 sampai 4) untuk topik baru, yaitu 'Pola Konsumsi Mak",C6-Mencipta,5.0,
langkah-langkah penelitian,concept,Langkah-langkah Penelitian,,,
pelaksanaan penelitian,concept,Pelaksanaan Penelitian,,,
interpretasi hasil penelitian,concept,Interpretasi Hasil Penelitian,,,
perlindungan flora dan fauna endemik,topic_fine,Perlindungan Flora dan Fauna Endemik,,,
ancaman kepunahan,concept,Ancaman kepunahan,C6-Mencipta,5.0,1.0
ekowisata,concept,Ekowisata,C6-Mencipta,5.0,2.0
q_ed38c5536a,question,Tulislah sebuah naskah pidato singkat untuk Menteri Lingkungan Hidup yang berisi usulan kebijakan untuk melindungi flora,C6-Mencipta,5.0,
mencipta naskah pidato,method,Mencipta naskah pidato,,,
pemahaman konsep flora dan fauna,concept,Pemahaman konsep flora dan fauna,,,
pengetahuan tentang ancaman kepunahan,concept,Pengetahuan tentang ancaman kepunahan,,,
bentuk dan implementasi kerja sama,topic_fine,Bentuk dan Implementasi Kerja Sama,,,
kerja sama pariwisata,concept,Kerja Sama Pariwisata,C6-Mencipta,5.0,1.0
integrasi produk wisata,concept,Integrasi Produk Wisata,C6-Mencipta,5.0,1.0
q_607fbfd686,question,Rancanglah sebuah program kerja sama baru di bidang pariwisata antara Indonesia dan Malaysia yang menggabungkan objek wi,C6-Mencipta,5.0,
konsep kerja sama bilateral,concept,Konsep Kerja Sama Bilateral,,,
pengetahuan objek wisata,concept,Pengetahuan Objek Wisata,,,
evaluasi efektivitas kerja sama,concept,Evaluasi Efektivitas Kerja Sama,,,
konferensi asia afrika (kaa) 1955,concept,Konferensi Asia Afrika (KAA) 1955,C6-Mencipta,5.0,1.0
reaksi blok barat,concept,Reaksi Blok Barat,C6-Mencipta,5.0,1.0
q_73914840ee,question,Prediksikan bagaimana reaksi Blok Barat (AS) terhadap penyelenggaraan KAA 1955!,C6-Mencipta,5.0,
memprediksi,method,Memprediksi,,,
dampak kaa terhadap tatanan dunia pasca-perang dingin,concept,Dampak KAA terhadap tatanan dunia pasca-Perang Dingin,,,
perdebatan strategi perjuangan bangsa,topic_fine,Perdebatan Strategi Perjuangan Bangsa,,,
budi utomo (moderat),concept,Budi Utomo (Moderat),C6-Mencipta,5.0,1.0
indische partij (radikal),concept,Indische Partij (Radikal),C6-Mencipta,5.0,1.0
q_bb744c23a6,question,Tulislah sebuah dialog singkat antara seorang anggota Budi Utomo yang moderat dengan seorang anggota Indische Partij yan,C6-Mencipta,5.0,
mencipta dialog,method,Mencipta Dialog,,,
pengetahuan tentang organisasi pergerakan awal,concept,Pengetahuan tentang organisasi pergerakan awal,,,
analisis dampak strategi pergerakan,concept,Analisis dampak strategi pergerakan,,,
metode pelaksanaan program pemberdayaan,topic_fine,Metode Pelaksanaan Program Pemberdayaan,,,
peningkatan keterampilan,concept,Peningkatan Keterampilan,C6-Mencipta,5.0,1.0
pengolahan produk,concept,Pengolahan Produk,C6-Mencipta,5.0,1.0
q_df38ad9213,question,"Buatlah kerangka singkat untuk bagian 'Metode Pelaksanaan' dalam proposal pemberdayaan komunitas udang rebon, yang beris",C6-Mencipta,5.0,
merancang strategi,method,Merancang Strategi,,,
penerapan rencana kegiatan,concept,Penerapan Rencana Kegiatan,,,
integrasi nilai pancasila global,topic_fine,Integrasi Nilai Pancasila Global,,,
proyek penguatan profil pelajar pancasila (p5),concept,Proyek Penguatan Profil Pelajar Pancasila (P5),C6-Mencipta,5.0,1.0
kewirausahaan sosial,concept,Kewirausahaan Sosial,C6-Mencipta,5.0,1.0
q_8bb2235d20,question,Rancanglah sebuah konsep 'Proyek Penguatan Profil Pelajar Pancasila' (P5) yang mengintegrasikan minimal tiga dari lima u,C6-Mencipta,5.0,
pengetahuan tentang tantangan globalisasi,concept,Pengetahuan tentang Tantangan Globalisasi,,,
implementasi proyek berbasis komunitas,concept,Implementasi Proyek Berbasis Komunitas,,,
sistem pemerintahan pasca kmb,topic_fine,Sistem Pemerintahan Pasca KMB,,,
q_41df329054,question,"Buatlah hipotesis, mengapa sistem Parlementer dipertahankan dalam UUDS 1950!",C6-Mencipta,5.0,
struktur negara federal,concept,Struktur Negara Federal,,,
kriteria keberagaman,concept,Kriteria Keberagaman,C6-Mencipta,5.0,1.0
q_2dad1c238c,question,Usulkan satu kriteria diferensiasi sosial budaya baru (selain 5 yang disebut) yang relevan untuk generasi muda di era di,C6-Mencipta,5.0,
perancangan judul penelitian sosial,topic_fine,Perancangan Judul Penelitian Sosial,,,
perumusan masalah,concept,Perumusan Masalah,C6-Mencipta,5.0,1.0
q_400f0da8d2,question,"Rancanglah sebuah judul penelitian yang spesifik untuk kasus yang diangkat oleh kelompok Andi, setelah mereka selesai me",C6-Mencipta,5.0,
pemahaman konsep pemecahan masalah,concept,Pemahaman Konsep Pemecahan Masalah,,,
kemampuan identifikasi masalah,concept,Kemampuan Identifikasi Masalah,,,
pengembangan kerangka teori,concept,Pengembangan Kerangka Teori,,,
perancangan instrumen penelitian,concept,Perancangan Instrumen Penelitian,,,
globalisasi dan teknologi,topic_coarse,Globalisasi dan Teknologi,,,
pemanfaatan globalisasi era 4.0,topic_fine,Pemanfaatan Globalisasi Era 4.0,,,
pembangunan ekonomi lokal,concept,Pembangunan Ekonomi Lokal,C6-Mencipta,5.0,2.0
desa terpencil,concept,Desa Terpencil,C6-Mencipta,5.0,1.0
q_5c0c31925d,question,Buatlah sebuah skenario singkat tentang bagaimana sebuah desa terpencil di Indonesia dapat memanfaatkan globalisasi era ,C6-Mencipta,5.0,
prinsip dasar revolusi industri 4.0,concept,Prinsip Dasar Revolusi Industri 4.0,,,
dampak sosial ekonomi globalisasi,concept,Dampak Sosial Ekonomi Globalisasi,,,
pengembangan tujuan pembangunan berkelanjutan,topic_fine,Pengembangan Tujuan Pembangunan Berkelanjutan,,,
tantangan generasi muda,concept,Tantangan Generasi Muda,C6-Mencipta,5.0,1.0
perancangan tujuan baru,concept,Perancangan Tujuan Baru,C6-Mencipta,5.0,1.0
q_4ef5389890,question,"Jika Anda diminta untuk menambahkan SDG ke-18 yang relevan dengan tantangan generasi muda saat ini, apa nama tujuan ters",C6-Mencipta,5.0,
pemahaman sdgs yang ada,concept,Pemahaman SDGs yang ada,,,
analisis isu sosial kontemporer,concept,Analisis isu sosial kontemporer,,,
implementasi dan pemantauan sdg baru,concept,Implementasi dan Pemantauan SDG Baru,,,
penelusuran dan analisis toponimi,topic_fine,Penelusuran dan Analisis Toponimi,,,
aspek sejarah toponimi,concept,Aspek Sejarah Toponimi,C6-Mencipta,5.0,1.0
aspek simbolis toponimi,concept,Aspek Simbolis Toponimi,C6-Mencipta,5.0,1.0
penyusunan infografis,concept,Penyusunan Infografis,C6-Mencipta,5.0,1.0
q_b077e83366,question,Kembangkan sebuah konsep infografis untuk menjelaskan 5 cara menelusuri toponimi kepada teman sebaya Anda. Tentukan judu,C6-Mencipta,5.0,
pemahaman konsep toponimi,concept,Pemahaman Konsep Toponimi,,,
analisis budaya,concept,Analisis Budaya,,,
penerapan toponimi dalam penelitian lapangan,concept,Penerapan Toponimi dalam Penelitian Lapangan,,,
konflik daerah dan otonomi,topic_fine,Konflik Daerah dan Otonomi,,,
pemberontakan di/tii aceh,concept,Pemberontakan DI/TII Aceh,C6-Mencipta,5.0,1.0
hubungan pusat-daerah,concept,Hubungan Pusat-Daerah,C6-Mencipta,5.0,1.0
solusi non-militer,concept,Solusi Non-Militer,C6-Mencipta,5.0,1.0
q_1c6334f262,question,Usulkan sebuah solusi non-militer yang mungkin bisa ditempuh pemerintah pusat untuk menghentikan pemberontakan DI/TII Ac,C6-Mencipta,5.0,
pemahaman konflik politik indonesia,concept,Pemahaman Konflik Politik Indonesia,,,
konsep otonomi daerah,concept,Konsep Otonomi Daerah,,,
implementasi kebijakan desentralisasi,concept,Implementasi Kebijakan Desentralisasi,,,
perencanaan aksi sosial terstruktur,topic_fine,Perencanaan Aksi Sosial Terstruktur,,,
identifikasi isu sosial,concept,Identifikasi Isu Sosial,C6-Mencipta,5.0,1.0
evaluasi program,concept,Evaluasi Program,C6-Mencipta,5.0,1.0
q_f301920942,question,Buatlah sebuah kerangka proposal kegiatan sederhana untuk mengatasi isu 'anak putus sekolah' di lingkungan Anda. Proposa,C6-Mencipta,5.0,
proses monitoring dan evaluasi,concept,Proses Monitoring dan Evaluasi,,,
implementasi dan pelaporan program,concept,Implementasi dan Pelaporan Program,,,
isu global dan kerjasama internasional,topic_fine,Isu Global dan Kerjasama Internasional,,,
isu lingkungan global,concept,Isu Lingkungan Global,C6-Mencipta,5.0,1.0
simulasi kebijakan,concept,Simulasi Kebijakan,C6-Mencipta,5.0,1.0
q_913b98351c,question,"Gagaskan sebuah ide acara di tingkat sekolah yang dapat mensimulasikan forum G20, di mana siswa berperan sebagai delegas",C6-Mencipta,5.0,
pengetahuan tentang forum internasional,concept,Pengetahuan tentang Forum Internasional,,,
implementasi kebijakan global,concept,Implementasi Kebijakan Global,,,
pengelolaan dampak pertumbuhan penduduk,topic_fine,Pengelolaan Dampak Pertumbuhan Penduduk,,,
dampak negatif pertumbuhan penduduk,concept,Dampak negatif pertumbuhan penduduk,C6-Mencipta,5.0,1.0
penyediaan sarana pendidikan anak usia dini,concept,Penyediaan sarana pendidikan anak usia dini,C6-Mencipta,5.0,1.0
perencanaan program pemerintah desa,concept,Perencanaan program pemerintah desa,C6-Mencipta,5.0,1.0
q_972a091a56,question,Rancanglah sebuah program sederhana untuk pemerintah desa yang bertujuan mengelola dampak negatif dari pertumbuhan pendu,C6-Mencipta,5.0,
konsep dinamika kependudukan,concept,Konsep dinamika kependudukan,,,
pemahaman tentang pembangunan berkelanjutan,concept,Pemahaman tentang pembangunan berkelanjutan,,,
evaluasi efektivitas program desa,concept,Evaluasi efektivitas program desa,,,
interaksi pelaku ekonomi,topic_fine,Interaksi Pelaku Ekonomi,,,
alur interaksi ekonomi,concept,Alur Interaksi Ekonomi,C6-Mencipta,5.0,1.0
q_506183928a,question,"Rancanglah sebuah diagram sederhana yang menggambarkan alur interaksi ekonomi antara sebuah warung sembako (RTP), seoran",C6-Mencipta,5.0,
merancang diagram,method,Merancang Diagram,,,
konsep konsumsi dan produksi,concept,Konsep Konsumsi dan Produksi,,,
adaptasi umkm era industri 4.0,topic_fine,Adaptasi UMKM Era Industri 4.0,,,
umkm,concept,UMKM,C6-Mencipta,5.0,1.0
perencanaan program pemerintah,concept,Perencanaan Program Pemerintah,C6-Mencipta,5.0,1.0
q_f58c6cff43,question,"Ciptakan sebuah proposal program untuk pemerintah daerah guna mempersiapkan UMKM (Usaha Mikro, Kecil, dan Menengah) agar",C6-Mencipta,5.0,
implementasi kebijakan industri 4.0,concept,Implementasi Kebijakan Industri 4.0,,,
demografi dan perencanaan,topic_coarse,Demografi dan Perencanaan,,,
pengelolaan dinamika penduduk,topic_fine,Pengelolaan Dinamika Penduduk,,,
inovasi kebijakan,concept,Inovasi Kebijakan,C6-Mencipta,5.0,1.0
q_9e35874b33,question,"Ciptakan sebuah konsep program migrasi baru yang disebut 'Transmigrasi Digital', yang bertujuan mengurangi kepadatan fis",C6-Mencipta,5.0,
merancang solusi,method,Merancang Solusi,,,
implementasi kebijakan baru,concept,Implementasi Kebijakan Baru,,,
konflik sosial di sekolah,topic_fine,Konflik Sosial di Sekolah,,,
kesenjangan sosial-ekonomi,concept,Kesenjangan sosial-ekonomi,C6-Mencipta,5.0,1.0
penyebab konflik,concept,Penyebab konflik,C6-Mencipta,5.0,1.0
akomodasi,concept,Akomodasi,C6-Mencipta,5.0,1.0
q_0fff3652a2,question,Buatlah sebuah skenario singkat tentang konflik yang terjadi di lingkungan sekolah yang berakar dari 'kesenjangan sosial,C6-Mencipta,5.0,
interaksi budaya dan keragaman,topic_fine,Interaksi Budaya dan Keragaman,,,
adaptasi budaya,concept,Adaptasi Budaya,C6-Mencipta,5.0,1.0
interaksi antarbudaya,concept,Interaksi Antarbudaya,C6-Mencipta,5.0,1.0
q_e5eb2f816e,question,Gambarkan sebuah skenario cerita pendek tentang pertemuan dua orang dari wilayah dengan iklim yang sangat berbeda di Ind,C6-Mencipta,5.0,
dampak globalisasi terhadap budaya lokal,concept,Dampak Globalisasi terhadap Budaya Lokal,,,
rantai makanan bioma tundra,topic_fine,Rantai Makanan Bioma Tundra,,,
tingkat trofik,concept,Tingkat Trofik,C6-Mencipta,5.0,1.0
q_e02e2a4147,question,"Buatlah sebuah sketsa rantai makanan sederhana yang mungkin terjadi di bioma Tundra selama musim panas yang singkat, mel",C6-Mencipta,5.0,
konsep produsen dan konsumen,concept,Konsep Produsen dan Konsumen,,,
analisis jaring makanan,concept,Analisis Jaring Makanan,,,
kebijakan perdagangan,topic_coarse,Kebijakan Perdagangan,,,
strategi perlindungan industri domestik,topic_fine,Strategi Perlindungan Industri Domestik,,,
kebijakan larangan impor total,concept,Kebijakan Larangan Impor Total,C6-Mencipta,5.0,1.0
argumen tandingan,concept,Argumen Tandingan,C6-Mencipta,5.0,1.0
kebijakan moderat,concept,Kebijakan Moderat,C6-Mencipta,5.0,1.0
q_1b7bdf0833,question,"Susunlah sebuah argumen tandingan untuk menolak kebijakan larangan impor total terhadap produk elektronik, dengan mengus",C6-Mencipta,5.0,
mencipta argumen,method,Mencipta Argumen,,,
sintesis kebijakan,method,Sintesis Kebijakan,,,
pemahaman kebijakan proteksi,concept,Pemahaman Kebijakan Proteksi,,,
analisis dampak perdagangan,concept,Analisis Dampak Perdagangan,,,
implementasi kebijakan perdagangan campuran,concept,Implementasi Kebijakan Perdagangan Campuran,,,
instrumen moneter,concept,Instrumen Moneter,C6-Mencipta,5.0,1.0
q_167e7bed70,question,"Rancanglah sebuah paket kebijakan moneter (menggunakan ketiga instrumen) untuk mengatasi ""hiperinflasi""!",C6-Mencipta,5.0,
merancang paket kebijakan,method,Merancang paket kebijakan,,,
evaluasi efektivitas kebijakan moneter,concept,Evaluasi Efektivitas Kebijakan Moneter,,,
penyebab dan dampak kesenjangan ekonomi,topic_fine,Penyebab dan Dampak Kesenjangan Ekonomi,,,
akses infrastruktur dasar,concept,Akses Infrastruktur Dasar,C6-Mencipta,5.0,1.0
q_57c2af84fb,question,"Buatlah sebuah hipotesis mengenai dampak jangka panjang terhadap ""Kondisi Demografi"" (Faktor 1) jika ""Akses Infrastruktu",C6-Mencipta,5.0,
kebijakan pembangunan wilayah,concept,Kebijakan Pembangunan Wilayah,,,
pengelolaan sumber daya,topic_coarse,Pengelolaan Sumber Daya,,,
konsep hutan agro-konservasi,topic_fine,Konsep Hutan Agro-Konservasi,,,
fungsi konservasi,concept,Fungsi Konservasi,C6-Mencipta,5.0,1.0
fungsi produksi,concept,Fungsi Produksi,C6-Mencipta,5.0,1.0
perancangan sistem,concept,Perancangan Sistem,C6-Mencipta,5.0,1.0
q_06de977987,question,Buatlah sebuah proposal untuk jenis hutan baru bernama 'Hutan Agro-Konservasi' yang menggabungkan fungsi produksi (perta,C6-Mencipta,5.0,
prinsip konservasi keanekaragaman hayati,concept,Prinsip Konservasi Keanekaragaman Hayati,,,
implementasi kebijakan lingkungan,concept,Implementasi Kebijakan Lingkungan,,,
neraca jasa,concept,Neraca Jasa,C6-Mencipta,5.0,1.0
surplus neraca jasa,concept,Surplus Neraca Jasa,C6-Mencipta,5.0,1.0
kebijakan pemerintah inovatif,concept,Kebijakan Pemerintah Inovatif,C6-Mencipta,5.0,1.0
q_1b932ddeff,question,"Rancanglah sebuah program pemerintah yang inovatif untuk meningkatkan surplus pada komponen Neraca Jasa, di luar sektor ",C6-Mencipta,5.0,
komponen neraca jasa,concept,Komponen Neraca Jasa,,,
implementasi kebijakan ekonomi,concept,Implementasi Kebijakan Ekonomi,,,
pembentukan wilayah negara,concept,Pembentukan Wilayah Negara,C6-Mencipta,5.0,1.0
struktur pemerintahan awal,concept,Struktur Pemerintahan Awal,C6-Mencipta,5.0,1.0
peran ppki,concept,Peran PPKI,C6-Mencipta,5.0,1.0
q_499c093f3a,question,Rancanglah sebuah struktur alternatif pembagian wilayah selain 8 provinsi yang mungkin bisa dipertimbangkan PPKI!,C6-Mencipta,5.0,
pengenalan 8 provinsi awal,concept,Pengenalan 8 Provinsi Awal,,,
pemahaman proses pembentukan negara,concept,Pemahaman Proses Pembentukan Negara,,,
perubahan batas wilayah indonesia,concept,Perubahan Batas Wilayah Indonesia,,,
pengembangan otonomi daerah,concept,Pengembangan Otonomi Daerah,,,
partisipasi generasi muda digital,topic_fine,Partisipasi Generasi Muda Digital,,,
teknologi digital,concept,Teknologi Digital,C6-Mencipta,5.0,3.0
q_571c632728,question,Gagaskan sebuah format acara baru yang menggabungkan jangkauan luas dari 'kampanye sosial' dengan interaktivitas dari 'a,C6-Mencipta,5.0,
menginformasi,concept,Menginformasi,,,
tantangan sosial era digital,topic_fine,Tantangan Sosial Era Digital,,,
isu sosial digital,concept,Isu Sosial Digital,C6-Mencipta,5.0,1.0
q_81908a9a65,question,"Gagaslah sebuah kategori isu sosial baru selain empat yang sudah disebutkan (Lingkungan, Pendidikan, Ekonomi, Sosial Bud",C6-Mencipta,5.0,
implementasi solusi digital,concept,Implementasi Solusi Digital,,,
seinendan,concept,Seinendan,C6-Mencipta,5.0,1.0
q_462868ac86,question,Buatlah sebuah naskah dialog singkat antara seorang pemuda yang ingin bergabung dengan Seinendan karena tergiur propagan,C6-Mencipta,5.0,
mencipta naskah dialog,method,Mencipta naskah dialog,,,
memahami kebijakan jepang,concept,Memahami kebijakan Jepang,,,
mengetahui peran seinendan dan romusha,concept,Mengetahui peran Seinendan dan Romusha,,,
analisis dampak sosial budaya pendudukan jepang,concept,Analisis dampak sosial budaya pendudukan Jepang,,,
transformasi pendanaan usaha mikro,topic_fine,Transformasi Pendanaan Usaha Mikro,,,
pengusaha mikro,concept,Pengusaha Mikro,C6-Mencipta,5.0,1.0
akses modal,concept,Akses Modal,C6-Mencipta,5.0,1.0
q_23389966c1,question,"Prediksikan bagaimana ""Ekonomi Digital"" akan mengubah cara ""pengusaha mikro"" mendapatkan modal dalam 10 tahun ke depan!",C6-Mencipta,5.0,
konsep dasar ekonomi digital,concept,Konsep Dasar Ekonomi Digital,,,
regulasi fintech di masa depan,concept,Regulasi Fintech di Masa Depan,,,
transisi sistem pemerintahan indonesia,topic_fine,Transisi Sistem Pemerintahan Indonesia,,,
faktor pemicu perubahan,concept,Faktor Pemicu Perubahan,C6-Mencipta,5.0,1.0
proses transisi politik,concept,Proses Transisi Politik,C6-Mencipta,5.0,1.0
q_d893a065c3,question,Rancanglah sebuah bagan alur (flowchart) yang menggambarkan proses transisi dari sistem Demokrasi Parlementer ke Demokra,C6-Mencipta,5.0,
mencipta (merancang bagan alur),method,Mencipta (Merancang Bagan Alur),,,
pemahaman sistem demokrasi parlementer,concept,Pemahaman Sistem Demokrasi Parlementer,,,
pemahaman konsep demokrasi terpimpin,concept,Pemahaman Konsep Demokrasi Terpimpin,,,
inovasi ekonomi ramah lingkungan,topic_fine,Inovasi Ekonomi Ramah Lingkungan,,,
ekonomi hijau,concept,Ekonomi Hijau,C6-Mencipta,5.0,1.0
q_83835e18a3,question,Gagaskan sebuah inovasi untuk menggantikan penggunaan mesin perontok padi tradisional yang dapat mengatasi kelangkaan mo,C6-Mencipta,5.0,
prinsip ekonomi sirkular,concept,Prinsip Ekonomi Sirkular,,,
implementasi sdgs,concept,Implementasi SDGs,,,
pengambilan keputusan berbasis laporan keuangan,topic_fine,Pengambilan Keputusan Berbasis Laporan Keuangan,,,
pengambilan keputusan manajerial,concept,Pengambilan Keputusan Manajerial,C6-Mencipta,5.0,1.0
analisis kinerja keuangan,concept,Analisis Kinerja Keuangan,C6-Mencipta,5.0,1.0
q_a304b7b9a0,question,Gambarkan sebuah diagram alir (flowchart) yang menunjukkan bagaimana seorang manajer dapat menggunakan Laporan Laba Rugi,C6-Mencipta,5.0,
pembuatan diagram alir (flowchart),method,Pembuatan Diagram Alir (Flowchart),,,
konsep dasar akuntansi,concept,Konsep Dasar Akuntansi,,,
perencanaan strategis bisnis,concept,Perencanaan Strategis Bisnis,,,
konsep globalisasi kontemporer,topic_fine,Konsep Globalisasi Kontemporer,,,
likuiditas sosial,concept,Likuiditas Sosial,C6-Mencipta,5.0,1.0
q_fb26e0e41f,question,Rancanglah sebuah definisi globalisasi alternatif yang menggabungkan ide 'pertukaran' dari Guillen dan 'likuiditas' dari,C6-Mencipta,5.0,
definisi globalisasi dasar,concept,Definisi Globalisasi Dasar,,,
konsep pertukaran,concept,Konsep Pertukaran,,,
dampak globalisasi pada identitas lokal,concept,Dampak Globalisasi pada Identitas Lokal,,,
ideologi ekspansi jepang di asia,topic_fine,Ideologi Ekspansi Jepang di Asia,,,
retorika politik terselubung,concept,Retorika Politik Terselubung,C6-Mencipta,5.0,1.0
q_ff3ea4afea,question,Buatlah sebuah kerangka pidato tandingan dari seorang tokoh nasionalis Indonesia yang secara terselubung mengkritik prop,C6-Mencipta,5.0,
mencipta kerangka pidato,method,Mencipta Kerangka Pidato,,,
pemahaman ideologi jepang,concept,Pemahaman Ideologi Jepang,,,
prinsip komunikasi politik,concept,Prinsip Komunikasi Politik,,,
analisis dampak perang dunia ii,concept,Analisis Dampak Perang Dunia II,,,
kerangka penelitian sejarah sederhana,topic_fine,Kerangka Penelitian Sejarah Sederhana,,,
metode penelitian sejarah,concept,Metode Penelitian Sejarah,C6-Mencipta,5.0,2.0
sumber sejarah primer,concept,Sumber Sejarah Primer,C6-Mencipta,5.0,1.0
sumber sejarah sekunder,concept,Sumber Sejarah Sekunder,C6-Mencipta,5.0,1.0
tahap heuristik,concept,Tahap Heuristik,C6-Mencipta,5.0,1.0
q_fe175e85ca,question,Rancanglah sebuah kerangka penelitian sederhana untuk topik 'Sejarah Gedung Sekolahmu Sejak Didirikan Hingga Sekarang'. ,C6-Mencipta,5.0,
prediksi kenaikan harga,concept,Prediksi kenaikan harga,C6-Mencipta,5.0,1.0
keputusan penawaran,concept,Keputusan penawaran,C6-Mencipta,5.0,1.0
q_55030539c8,question,Gambarkan sebuah diagram alur (flowchart) sederhana yang menunjukkan bagaimana informasi tentang 'prediksi kenaikan harg,C6-Mencipta,5.0,
mencipta diagram alur,method,Mencipta diagram alur,,,
konsep permintaan dan penawaran,concept,Konsep permintaan dan penawaran,,,
analisis dampak perubahan harga jangka panjang,concept,Analisis dampak perubahan harga jangka panjang,,,
sistem perwilayahan formal,topic_fine,Sistem Perwilayahan Formal,,,
potensi wisata,concept,Potensi Wisata,C6-Mencipta,5.0,1.0
kategorisasi geografis,concept,Kategorisasi Geografis,C6-Mencipta,5.0,1.0
q_36d1fa672b,question,Gagaslah sebuah sistem perwilayahan formal untuk provinsi Anda berdasarkan 'potensi wisata'. Ciptakan minimal tiga kateg,C6-Mencipta,5.0,
analisis wilayah fungsional,concept,Analisis Wilayah Fungsional,,,
konsep dasar perpajakan,topic_fine,Konsep Dasar Perpajakan,,,
q_dca022107a,question,"Buatlah sebuah cerita naratif pendek tentang seorang siswa yang awalnya tidak peduli tentang pajak, kemudian menyadari p",C6-Mencipta,5.0,
dampak pajak terhadap perekonomian,concept,Dampak Pajak terhadap Perekonomian,,,
cerita legenda,concept,Cerita legenda,C6-Mencipta,5.0,1.0
q_8ffa0c7203,question,"Ciptakan sebuah cerita legenda baru yang berasal dari lingkungan sekitarmu (misalnya, tentang sebuah pohon tua, bukit, a",C6-Mencipta,5.0,
"ciri unik, abadi, penting",concept,"Ciri unik, abadi, penting",,,
analisis narasi sejarah,concept,Analisis narasi sejarah,,,
verifikasi kebenaran historis,topic_fine,Verifikasi Kebenaran Historis,,,
verifikasi historis,concept,Verifikasi Historis,C6-Mencipta,5.0,1.0
q_5782de87bf,question,Rancanglah sebuah proposal penelitian sederhana untuk memverifikasi kebenaran historis dari cerita 'Batu Mamberoki dan T,C6-Mencipta,5.0,
mencipta (merancang proposal),method,Mencipta (Merancang Proposal),,,
konsep unik dan penting dalam sejarah,concept,Konsep Unik dan Penting dalam Sejarah,,,
analisis sumber sejarah lanjutan,concept,Analisis Sumber Sejarah Lanjutan,,,
kerangka rencana tata ruang,topic_fine,Kerangka Rencana Tata Ruang,,,
indeks kebahagiaan penduduk,concept,Indeks Kebahagiaan Penduduk,C6-Mencipta,5.0,1.0
pengembangan wilayah berorientasi kesejahteraan,concept,Pengembangan Wilayah Berorientasi Kesejahteraan,C6-Mencipta,5.0,1.0
q_d3c489b2af,question,Buatlah sebuah kerangka Rencana Tata Ruang Wilayah (RTRW) sederhana untuk sebuah kota baru yang memprioritaskan indeks k,C6-Mencipta,5.0,
prinsip tata ruang,concept,Prinsip Tata Ruang,,,
dampak variabel ekonomi terhadap upah,topic_fine,Dampak Variabel Ekonomi Terhadap Upah,,,
formula upah minimum (um),concept,Formula Upah Minimum (UM),C6-Mencipta,5.0,1.0
prediksi perubahan upah,concept,Prediksi Perubahan Upah,C6-Mencipta,5.0,1.0
q_c98a142f82,question,"Prediksikan apa yang akan terjadi pada tingkat upah jika ""pertumbuhan ekonomi"" suatu daerah negatif, namun ""inflasi"" san",C6-Mencipta,5.0,
konsep dasar upah,concept,Konsep Dasar Upah,,,
pemahaman inflasi,concept,Pemahaman Inflasi,,,
pengetahuan formula um,concept,Pengetahuan Formula UM,,,
perumusan kebijakan upah adaptif,concept,Perumusan Kebijakan Upah Adaptif,,,
identifikasi berita hoaks media sosial,topic_fine,Identifikasi Berita Hoaks Media Sosial,,,
berita hoaks,concept,Berita Hoaks,C6-Mencipta,5.0,1.0
verifikasi informasi,concept,Verifikasi Informasi,C6-Mencipta,5.0,2.0
infografis,concept,Infografis,C6-Mencipta,5.0,1.0
q_9b6148d139,question,"Buatlah sebuah konsep infografis yang berisi panduan 3 langkah untuk mengidentifikasi berita hoaks, yang ditujukan bagi ",C6-Mencipta,5.0,
pemahaman dasar media sosial,concept,Pemahaman Dasar Media Sosial,,,
pengenalan berita palsu,concept,Pengenalan Berita Palsu,,,
strategi penyebaran informasi akurat,concept,Strategi Penyebaran Informasi Akurat,,,
pengukuran dan peningkatan pdb lokal,topic_fine,Pengukuran dan Peningkatan PDB Lokal,,,
kredit lunak,concept,Kredit Lunak,C6-Mencipta,5.0,2.0
q_83b9bb6a65,question,Bayangkan Anda adalah seorang kepala desa. Buatlah sebuah proposal singkat (3-4 kalimat) kepada pemerintah daerah untuk ,C6-Mencipta,5.0,
mencipta (proposal),method,Mencipta (Proposal),,,
pemahaman konsep pdb,concept,Pemahaman Konsep PDB,,,
analisis dampak kebijakan lokal,concept,Analisis Dampak Kebijakan Lokal,,,
pengembangan aplikasi,topic_coarse,Pengembangan Aplikasi,,,
manajemen keuangan generasi muda,topic_fine,Manajemen Keuangan Generasi Muda,,,
aplikasi mobile,concept,Aplikasi Mobile,C6-Mencipta,5.0,1.0
pemanfaatan sdm,concept,Pemanfaatan SDM,C6-Mencipta,5.0,1.0
q_91b89f93a2,question,Ciptakan sebuah konsep aplikasi mobile sederhana yang dapat membantu generasi muda mengelola keuangan mereka secara efek,C6-Mencipta,5.0,
konsep dasar keuangan pribadi,concept,Konsep Dasar Keuangan Pribadi,,,
pemahaman bonus demografi,concept,Pemahaman Bonus Demografi,,,
pengembangan fitur aplikasi lanjutan,concept,Pengembangan Fitur Aplikasi Lanjutan,,,
promosi kebanggaan keragaman budaya,topic_fine,Promosi Kebanggaan Keragaman Budaya,,,
slogan kreatif,concept,Slogan Kreatif,C6-Mencipta,5.0,1.0
q_ba5640e2e0,question,Ciptakan sebuah slogan dan tiga poin program untuk kampanye media sosial yang ditujukan bagi remaja untuk mempromosikan ,C6-Mencipta,5.0,
pemahaman keragaman sosial budaya,concept,Pemahaman Keragaman Sosial Budaya,,,
implementasi kampanye sosial,concept,Implementasi Kampanye Sosial,,,
kebijakan alokasi dana,concept,Kebijakan Alokasi Dana,C6-Mencipta,5.0,1.0
keadilan pembangunan,concept,Keadilan Pembangunan,C6-Mencipta,5.0,1.0
q_6ee860520a,question,Rancanglah sebuah kebijakan alokasi dana (Pusat ke Daerah) yang adil untuk mencegah terulangnya pemberontakan seperti PR,C6-Mencipta,5.0,
merancang kebijakan,method,Merancang Kebijakan,,,
analisis konflik pusat-daerah,concept,Analisis Konflik Pusat-Daerah,,,
kerja sama internasional indonesia,topic_fine,Kerja Sama Internasional Indonesia,,,
perlindungan pmi,concept,Perlindungan PMI,C6-Mencipta,5.0,1.0
kebijakan strategis,concept,Kebijakan Strategis,C6-Mencipta,5.0,1.0
q_5ec1c23bd8,question,Formulasikan sebuah rekomendasi kebijakan yang terdiri dari dua langkah strategis untuk pemerintah Indonesia guna mening,C6-Mencipta,5.0,
memahami bentuk kerja sama internasional,concept,Memahami bentuk kerja sama internasional,,,
menganalisis isu perlindungan pekerja migran,concept,Menganalisis isu perlindungan pekerja migran,,,
perjanjian dagang,concept,Perjanjian Dagang,C6-Mencipta,5.0,1.0
q_d8c2516ba9,question,Tulislah sebuah dialog imajiner antara Ratu Kalinyamat dengan seorang pedagang dari Banten untuk menyepakati sebuah perj,C6-Mencipta,5.0,
pengetahuan tokoh sejarah,concept,Pengetahuan Tokoh Sejarah,,,
konsep perdagangan,concept,Konsep Perdagangan,,,
analisis dampak perjanjian,concept,Analisis Dampak Perjanjian,,,
pemanfaatan lahan bekas tambang,topic_fine,Pemanfaatan Lahan Bekas Tambang,,,
sda hayati,concept,SDA Hayati,C6-Mencipta,5.0,1.0
reklamasi lahan,concept,Reklamasi Lahan,C6-Mencipta,5.0,1.0
perencanaan lingkungan,concept,Perencanaan Lingkungan,C6-Mencipta,5.0,1.0
q_4115f94e98,question,Susunlah sebuah rencana sederhana untuk mengubah lahan bekas tambang yang tidak produktif menjadi kawasan yang memiliki ,C6-Mencipta,5.0,
konsep sda nonhayati dan hayati,concept,Konsep SDA Nonhayati dan Hayati,,,
pengelolaan ekosistem berkelanjutan,concept,Pengelolaan Ekosistem Berkelanjutan,,,
konferensi asia afrika (kaa),concept,Konferensi Asia Afrika (KAA),C6-Mencipta,5.0,1.0
polarisasi perang dingin,concept,Polarisasi Perang Dingin,C6-Mencipta,5.0,1.0
q_29b3c10b3c,question,"Buatlah hipotesis, mengapa Konferensi Kolombo (diinisiasi Ali Sastroamidjojo) berlanjut menjadi KAA yang lebih besar di ",C6-Mencipta,5.0,
prinsip 'mendayung di antara dua karang',concept,Prinsip 'Mendayung di antara Dua Karang',,,
konsep politik luar negeri bebas aktif,concept,Konsep Politik Luar Negeri Bebas Aktif,,,
dampak kaa terhadap gerakan non-blok,concept,Dampak KAA terhadap Gerakan Non-Blok,,,
pengembangan lingkungan,topic_coarse,Pengembangan Lingkungan,,,
ekowisata kawasan rawa kalimantan,topic_fine,Ekowisata Kawasan Rawa Kalimantan,,,
konservasi ekosistem,concept,Konservasi Ekosistem,C6-Mencipta,5.0,1.0
rawa kalimantan,concept,Rawa Kalimantan,C6-Mencipta,5.0,1.0
q_55ad0faa35,question,Buatlah sebuah proposal sederhana untuk pengembangan ekowisata di kawasan rawa-rawa Kalimantan yang dapat memberikan man,C6-Mencipta,5.0,
prinsip dasar ekowisata,concept,Prinsip Dasar Ekowisata,,,
implementasi dan evaluasi program ekowisata,concept,Implementasi dan Evaluasi Program Ekowisata,,,
indoktrinasi jepang,concept,Indoktrinasi Jepang,C6-Mencipta,5.0,1.0
kurikulum sejarah lokal,concept,Kurikulum Sejarah Lokal,C6-Mencipta,5.0,1.0
q_61f72d0a34,question,Rancanglah sebuah konsep kurikulum satu hari di sekolah pada masa pendudukan Jepang yang secara seimbang menunjukkan ind,C6-Mencipta,5.0,
struktur politik masa jepang,concept,Struktur Politik Masa Jepang,,,
pengelolaan air bersih,topic_fine,Pengelolaan Air Bersih,,,
kampanye penghematan air,concept,Kampanye Penghematan Air,C6-Mencipta,5.0,1.0
q_227f905b1a,question,"Ciptakan sebuah slogan kampanye yang efektif untuk mengajak masyarakat menghemat penggunaan air bersih, dengan mempertim",C6-Mencipta,5.0,
pengetahuan komposisi air bumi,concept,Pengetahuan Komposisi Air Bumi,,,
q_3ea945663b,question,"Buatlah hipotesis, mengapa militer (ABRI) mau menerima peran Dwifungsi (sosial-politik)!",C6-Mencipta,5.0,
dampak dwifungsi abri terhadap demokrasi,concept,Dampak Dwifungsi ABRI terhadap Demokrasi,,,
kesempatan antara,concept,Kesempatan Antara,C6-Mencipta,5.0,1.0
intervening opportunity,concept,Intervening Opportunity,C6-Mencipta,5.0,1.0
q_9cb8b8aa20,question,"Rancanglah sebuah skenario fiktif yang melibatkan tiga wilayah (misalnya, Wilayah Hutan, Wilayah Tambang, dan Wilayah Pe",C6-Mencipta,5.0,
konsep potensi wilayah,concept,Konsep Potensi Wilayah,,,
teori interaksi wilayah,concept,Teori Interaksi Wilayah,,,
analisis dampak interaksi,concept,Analisis Dampak Interaksi,,,
karakteristik dan pemanfaatan hutan,topic_fine,Karakteristik dan Pemanfaatan Hutan,,,
definisi hutan,concept,Definisi Hutan,C6-Mencipta,5.0,1.0
"kriteria hutan (luas, tinggi pohon, kanopi)",concept,"Kriteria Hutan (Luas, Tinggi Pohon, Kanopi)",C6-Mencipta,5.0,1.0
konsep hutan kota mini,concept,Konsep Hutan Kota Mini,C6-Mencipta,5.0,1.0
q_b682b0096e,question,"Berdasarkan definisi hutan yang ada (luas, tinggi pohon, tutupan kanopi), rancanglah sebuah konsep 'hutan kota' mini unt",C6-Mencipta,5.0,
manajemen lingkungan sekolah,concept,Manajemen Lingkungan Sekolah,C6-Mencipta,5.0,1.0
promosi tujuan pembangunan berkelanjutan,topic_fine,Promosi Tujuan Pembangunan Berkelanjutan,,,
sdg 6: air bersih dan sanitasi layak,concept,SDG 6: Air Bersih dan Sanitasi Layak,C6-Mencipta,5.0,1.0
perancangan kampanye,concept,Perancangan Kampanye,C6-Mencipta,5.0,1.0
aplikasi konsep global,concept,Aplikasi Konsep Global,C6-Mencipta,5.0,1.0
q_cf0675a8fb,question,Rancanglah sebuah slogan dan tiga kegiatan utama untuk kampanye di sekolahmu yang bertujuan mempromosikan SDG 6 (Air Ber,C6-Mencipta,5.0,
pengetahuan tentang sdg 6,concept,Pengetahuan tentang SDG 6,,,
implementasi program sekolah,concept,Implementasi Program Sekolah,,,
evaluasi dampak kampanye,concept,Evaluasi Dampak Kampanye,,,
isu sosial,topic_coarse,Isu Sosial,,,
ketimpangan ekonomi dan kemiskinan,topic_fine,Ketimpangan Ekonomi dan Kemiskinan,,,
narasi kreatif,concept,Narasi Kreatif,C6-Mencipta,5.0,1.0
q_0cadd4f04b,question,"Tulislah sebuah narasi singkat (3-4 kalimat) dari sudut pandang seseorang yang tidak miskin secara absolut, namun terus-",C6-Mencipta,5.0,
definisi kemiskinan absolut,concept,Definisi Kemiskinan Absolut,,,
definisi kemiskinan relatif,concept,Definisi Kemiskinan Relatif,,,
konservasi satwa liar,topic_fine,Konservasi Satwa Liar,,,
perlindungan harimau,concept,Perlindungan Harimau,C6-Mencipta,5.0,1.0
q_788bb8980a,question,Buatlah sebuah konsep poster kampanye untuk meningkatkan kesadaran masyarakat tentang pentingnya melindungi harimau seba,C6-Mencipta,5.0,
pengetahuan fauna endemik,concept,Pengetahuan Fauna Endemik,,,
peran pers dalam reformasi indonesia,topic_fine,Peran Pers dalam Reformasi Indonesia,,,
pers bebas,concept,Pers Bebas,C6-Mencipta,5.0,1.0
q_5786bf5501,question,"Buatlah hipotesis, mengapa rezim Orde Baru sangat takut pada pers bebas (sehingga membredel Tempo)!",C6-Mencipta,5.0,
struktur kekuasaan orde baru,concept,Struktur Kekuasaan Orde Baru,,,
fungsi media massa,concept,Fungsi Media Massa,,,
dampak kebebasan pers pasca-reformasi,concept,Dampak Kebebasan Pers Pasca-Reformasi,,,
geografi dan pertanian,topic_coarse,Geografi dan Pertanian,,,
perencanaan tanaman berdasarkan musim,topic_fine,Perencanaan Tanaman Berdasarkan Musim,,,
kalender tanam,concept,Kalender Tanam,C6-Mencipta,5.0,1.0
siklus musim hujan,concept,Siklus Musim Hujan,C6-Mencipta,5.0,1.0
siklus musim kemarau,concept,Siklus Musim Kemarau,C6-Mencipta,5.0,1.0
rekomendasi tanaman,concept,Rekomendasi Tanaman,C6-Mencipta,5.0,1.0
q_f6304c2bad,question,"Kembangkan sebuah model kalender tanam sederhana untuk petani di Pulau Jawa, yang berisi rekomendasi jenis tanaman dan k",C6-Mencipta,5.0,
pemahaman iklim indonesia,concept,Pemahaman Iklim Indonesia,,,
pengetahuan jenis tanaman,concept,Pengetahuan Jenis Tanaman,,,
analisis dampak perubahan iklim pada pertanian,concept,Analisis Dampak Perubahan Iklim pada Pertanian,,,
peran budaya dalam revolusi,topic_fine,Peran Budaya dalam Revolusi,,,
semangat juang rakyat,concept,Semangat Juang Rakyat,C6-Mencipta,5.0,1.0
peran seniman dalam perjuangan,concept,Peran Seniman dalam Perjuangan,C6-Mencipta,5.0,1.0
q_f19ee47555,question,Prediksikan apa yang akan terjadi pada semangat juang rakyat jika tidak ada seniman seperti Ismail Marzuki atau Chairil ,C6-Mencipta,5.0,
pemahaman revolusi nasional,concept,Pemahaman Revolusi Nasional,,,
analisis dampak budaya pasca-kemerdekaan,concept,Analisis Dampak Budaya Pasca-Kemerdekaan,,,
manifestasi dan dampak fintech,topic_fine,Manifestasi dan Dampak Fintech,,,
pengentasan kemiskinan,concept,Pengentasan Kemiskinan,C6-Mencipta,5.0,2.0
q_f6a7e6d060,question,"Buatlah sebuah hipotesis, bagaimana layanan ""Microfinance"" dapat secara langsung ""mendukung pengentasan kemiskinan""!",C6-Mencipta,5.0,
analisis kebijakan sosial,concept,Analisis Kebijakan Sosial,,,
kebebasan berekspresi dan hoaks,topic_fine,Kebebasan Berekspresi dan Hoaks,,,
mekanisme regulasi media,concept,Mekanisme Regulasi Media,C6-Mencipta,5.0,1.0
q_19ad840317,question,"Usulkan sebuah mekanisme (selain memblokir) untuk menangani ""informasi hoaks"" tanpa mencederai ""kebebasan berekspresi""!",C6-Mencipta,5.0,
konsep pers sebagai pilar demokrasi,concept,Konsep Pers sebagai Pilar Demokrasi,,,
prinsip kebebasan pers,concept,Prinsip Kebebasan Pers,,,
etika digital dan literasi media,concept,Etika Digital dan Literasi Media,,,
teori hubungan internasional,topic_fine,Teori Hubungan Internasional,,,
realisme kooperatif,concept,Realisme Kooperatif,C6-Mencipta,5.0,1.0
q_d9800bf51e,question,"Kembangkan sebuah konsep baru yang Anda sebut 'Realisme Kooperatif', yang memadukan pandangan Realisme tentang kepenting",C6-Mencipta,5.0,
sintesis konsep,method,Sintesis Konsep,,,
pengembangan teori,method,Pengembangan Teori,,,
pengujian model teori baru,concept,Pengujian Model Teori Baru,,,
sistem penggajian dan kompensasi,topic_fine,Sistem Penggajian dan Kompensasi,,,
sistem upah skala,concept,Sistem upah skala,C6-Mencipta,5.0,1.0
keuntungan pekerja,concept,Keuntungan pekerja,C6-Mencipta,5.0,1.0
q_92d5046ba6,question,"Buatlah sebuah skenario di mana sistem upah ""indeks"" (berdasarkan biaya hidup) lebih menguntungkan pekerja daripada sist",C6-Mencipta,5.0,
pengertian sistem upah,concept,Pengertian sistem upah,,,
perbandingan sistem upah,concept,Perbandingan sistem upah,,,
analisis dampak perubahan ekonomi terhadap sistem upah,concept,Analisis dampak perubahan ekonomi terhadap sistem upah,,,
interaksi dan kerjasama sosial,topic_fine,Interaksi dan Kerjasama Sosial,,,
kerja sama,concept,Kerja sama,C6-Mencipta,5.0,1.0
gotong royong,concept,Gotong royong,C6-Mencipta,5.0,1.0
komunikasi sosial,concept,Komunikasi sosial,C6-Mencipta,5.0,1.0
perancangan poster,concept,Perancangan poster,C6-Mencipta,5.0,1.0
q_802f3ae493,question,Rancanglah sebuah poster sederhana yang berisi ajakan untuk melakukan kerja sama (gotong royong) di lingkungan sekolah!,C6-Mencipta,5.0,
pemahaman gotong royong,concept,Pemahaman gotong royong,,,
persatuan maluku dan papua,concept,Persatuan Maluku dan Papua,C6-Mencipta,5.0,1.0
semangat perjuangan,concept,Semangat Perjuangan,C6-Mencipta,5.0,1.0
q_0dd9c981c3,question,Ciptakan sebuah slogan atau semboyan yang merangkum semangat perjuangan Sultan Nuku dalam mempersatukan Maluku dan Papua,C6-Mencipta,5.0,
pemahaman tentang konteks sejarah lokal,concept,Pemahaman tentang konteks sejarah lokal,,,
analisis dampak slogan terhadap kesadaran nasional,concept,Analisis dampak slogan terhadap kesadaran nasional,,,
kesehatan dan lingkungan,topic_coarse,Kesehatan dan Lingkungan,,,
kampanye kesehatan musim pancaroba,topic_fine,Kampanye Kesehatan Musim Pancaroba,,,
musim pancaroba,concept,Musim Pancaroba,C6-Mencipta,5.0,1.0
kampanye kesehatan,concept,Kampanye Kesehatan,C6-Mencipta,5.0,1.0
perancangan slogan,concept,Perancangan Slogan,C6-Mencipta,5.0,1.0
q_4ad0827ad8,question,Rancanglah sebuah slogan yang terdiri dari maksimal 10 kata untuk kampanye kesehatan di sekolah saat menghadapi musim pa,C6-Mencipta,5.0,
pemahaman tentang musim,concept,Pemahaman tentang musim,,,
pengetahuan dasar kesehatan sekolah,concept,Pengetahuan dasar kesehatan sekolah,,,
evaluasi efektivitas kampanye,concept,Evaluasi efektivitas kampanye,,,
transaksi ekonomi digital,concept,Transaksi Ekonomi Digital,C6-Mencipta,5.0,1.0
q_57abcea57d,question,Formulasikan sebuah usulan komponen baru dalam neraca pembayaran yang secara spesifik mencatat 'Transaksi Ekonomi Digita,C6-Mencipta,5.0,
analisis dampak kebijakan moneter,concept,Analisis Dampak Kebijakan Moneter,,,
semangat kebangsaan indonesia,topic_fine,Semangat Kebangsaan Indonesia,,,
pembangunan daerah tertinggal,concept,Pembangunan Daerah Tertinggal,C6-Mencipta,5.0,1.0
inovasi organisasi mahasiswa,concept,Inovasi Organisasi Mahasiswa,C6-Mencipta,5.0,1.0
q_4ecd063558,question,Gagaskan nama dan tiga program kerja utama untuk sebuah organisasi mahasiswa di masa kini yang terinspirasi oleh semanga,C6-Mencipta,5.0,
pengetahuan sejarah budi utomo,concept,Pengetahuan Sejarah Budi Utomo,,,
implementasi program pembangunan daerah,concept,Implementasi Program Pembangunan Daerah,,,
kebijakan redistribusi pendapatan,topic_fine,Kebijakan Redistribusi Pendapatan,,,
dukungan wirausaha,concept,Dukungan Wirausaha,C6-Mencipta,5.0,1.0
q_b72f06f21b,question,"Rancanglah sebuah program redistribusi pendapatan baru yang disebut 'Beasiswa Wirausaha Muda', yang menggabungkan elemen",C6-Mencipta,5.0,
konsep kredit lunak,concept,Konsep Kredit Lunak,,,
konsep asuransi,concept,Konsep Asuransi,,,
analisis kebutuhan usaha,concept,Analisis Kebutuhan Usaha,,,
evaluasi efektivitas program,concept,Evaluasi Efektivitas Program,,,
pengesahan uud 1945,concept,Pengesahan UUD 1945,C6-Mencipta,5.0,1.0
konstitusi negara,concept,Konstitusi Negara,C6-Mencipta,5.0,1.0
implikasi kegagalan,concept,Implikasi Kegagalan,C6-Mencipta,5.0,1.0
q_cdfcda7236,question,"Buatlah skenario, apa yang akan terjadi jika Sidang PPKI I gagal mengesahkan UUD 1945!",C6-Mencipta,5.0,
perkembangan sistem pemerintahan awal,concept,Perkembangan Sistem Pemerintahan Awal,,,
warisan budaya hindu-buddha,topic_fine,Warisan Budaya Hindu-Buddha,,,
warisan budaya fisik,concept,Warisan budaya fisik,C6-Mencipta,5.0,1.0
periode hindu-buddha,concept,Periode Hindu-Buddha,C6-Mencipta,5.0,1.0
perbandingan warisan budaya,concept,Perbandingan warisan budaya,C6-Mencipta,5.0,1.0
q_bc1d0ef117,question,Susunlah sebuah hipotesis yang menjelaskan mengapa candi menjadi warisan budaya yang paling menonjol dari periode Hindu-,C6-Mencipta,5.0,
pemahaman tentang periode hindu-buddha,concept,Pemahaman tentang periode Hindu-Buddha,,,
pengetahuan tentang jenis warisan budaya,concept,Pengetahuan tentang jenis warisan budaya,,,
analisis dampak globalisasi terhadap warisan budaya,concept,Analisis dampak globalisasi terhadap warisan budaya,,,
dinamika politik era demokrasi terpimpin,topic_fine,Dinamika Politik Era Demokrasi Terpimpin,,,
g30s 1965,concept,G30S 1965,C6-Mencipta,5.0,1.0
peran mayjen soeharto,concept,Peran Mayjen Soeharto,C6-Mencipta,5.0,1.0
q_74c2eeb3de,question,Prediksikan apa yang akan terjadi jika Mayjen Soeharto tidak diberi Supersemar oleh Soekarno!,C6-Mencipta,5.0,
pengetahuan tentang supersemar,concept,Pengetahuan tentang Supersemar,,,
perkembangan orde baru,concept,Perkembangan Orde Baru,,,
q_99fd5fa970,question,Buatlah sebuah skenario fiktif di mana nilai PNB suatu negara bisa lebih besar daripada PDB-nya!,C6-Mencipta,5.0,
perhitungan pendapatan nasional,concept,Perhitungan Pendapatan Nasional,,,
interaksi sosial dan konflik,topic_fine,Interaksi Sosial dan Konflik,,,
sportivitas,concept,Sportivitas,C6-Mencipta,5.0,1.0
perancangan aturan,concept,Perancangan Aturan,C6-Mencipta,5.0,1.0
q_d7e47e35ea,question,Ciptakan sebuah 'aturan main' untuk sebuah kompetisi antarkelas yang dirancang sedemikian rupa untuk meminimalkan potens,C6-Mencipta,5.0,
prinsip komunikasi efektif,concept,Prinsip Komunikasi Efektif,,,
implementasi aturan sosial,concept,Implementasi Aturan Sosial,,,
definisi ekonomi modern,topic_fine,Definisi Ekonomi Modern,,,
keberlanjutan (sustainability),concept,Keberlanjutan (Sustainability),C6-Mencipta,5.0,1.0
q_cb3bebdaff,question,"Kembangkan sebuah definisi alternatif tentang 'ilmu ekonomi' yang relevan untuk generasi muda saat ini, dengan memasukka",C6-Mencipta,5.0,
definisi dasar ilmu ekonomi,concept,Definisi dasar ilmu ekonomi,,,
analisis kebijakan ekonomi digital,concept,Analisis kebijakan ekonomi digital,,,
strategi pembangunan masyarakat,topic_fine,Strategi Pembangunan Masyarakat,,,
pendekatan top-down,concept,Pendekatan Top-Down,C6-Mencipta,5.0,1.0
pendekatan bottom-up,concept,Pendekatan Bottom-Up,C6-Mencipta,5.0,1.0
perencanaan pembangunan,concept,Perencanaan Pembangunan,C6-Mencipta,5.0,1.0
q_2230066eb4,question,"Tuliskan sebuah proposal singkat (satu paragraf) yang ditujukan kepada kepala daerah, mengusulkan peralihan dari pendeka",C6-Mencipta,5.0,
analisis model pembangunan,concept,Analisis Model Pembangunan,,,
kerja sama antar negara,topic_fine,Kerja Sama Antar Negara,,,
dialog budaya,concept,Dialog Budaya,C6-Mencipta,5.0,1.0
pemahaman budaya,concept,Pemahaman Budaya,C6-Mencipta,5.0,1.0
pengurangan kesalahpahaman,concept,Pengurangan Kesalahpahaman,C6-Mencipta,5.0,1.0
q_863d19343f,question,Susunlah sebuah ide untuk 'Dialog Budaya' antara Indonesia dan Malaysia yang bertujuan untuk memperkuat pemahaman bersam,C6-Mencipta,5.0,
mencipta ide,method,Mencipta Ide,,,
implementasi program budaya,concept,Implementasi Program Budaya,,,
mengurangi jejak karbon pribadi,topic_fine,Mengurangi Jejak Karbon Pribadi,,,
jejak karbon,concept,Jejak Karbon,C6-Mencipta,5.0,1.0
tindakan pengurangan,concept,Tindakan Pengurangan,C6-Mencipta,5.0,1.0
q_ee47993405,question,"Rancanglah sebuah poster kampanye yang ditujukan untuk siswa SMA, yang mengkomunikasikan tiga tindakan sederhana untuk m",C6-Mencipta,5.0,
pemahaman gas rumah kaca,concept,Pemahaman Gas Rumah Kaca,,,
konsep pemanasan global,concept,Konsep Pemanasan Global,,,
implementasi kebijakan iklim,concept,Implementasi Kebijakan Iklim,,,
perubahan iklim jangka panjang,concept,Perubahan Iklim Jangka Panjang,C6-Mencipta,5.0,1.0
cuaca harian,concept,Cuaca Harian,C6-Mencipta,5.0,1.0
visualisasi konsep ilmiah,concept,Visualisasi Konsep Ilmiah,C6-Mencipta,5.0,1.0
q_0c4ded2c38,question,"Rancanglah sebuah poster sederhana yang ditujukan untuk siswa SMP, yang secara visual menjelaskan perbedaan antara cuaca",C6-Mencipta,5.0,
mencipta (designing/creating),method,Mencipta (Designing/Creating),,,
sejarah perjuangan lokal,topic_coarse,Sejarah Perjuangan Lokal,,,
strategi tokoh perlawanan daerah,topic_fine,Strategi Tokoh Perlawanan Daerah,,,
analisis situasi historis,concept,Analisis Situasi Historis,C6-Mencipta,5.0,1.0
perancangan strategi alternatif,concept,Perancangan Strategi Alternatif,C6-Mencipta,5.0,1.0
q_c03907ed87,question,Rancanglah sebuah strategi alternatif bagi Sultan Nuku jika seandainya Inggris menolak untuk memberikan dukungan kepadan,C6-Mencipta,5.0,
pengetahuan sejarah lokal,concept,Pengetahuan Sejarah Lokal,,,
pemahaman konteks konflik,concept,Pemahaman Konteks Konflik,,,
evaluasi efektivitas strategi,concept,Evaluasi Efektivitas Strategi,,,
implementasi wajib belajar dan anggaran,topic_fine,Implementasi Wajib Belajar dan Anggaran,,,
q_b9fbd046bc,question,"Buatlah hipotesis, mengapa program Wajib Belajar awalnya hanya 9 tahun dan tidak langsung 12 tahun!",C6-Mencipta,5.0,
sejarah reformasi,concept,Sejarah Reformasi,,,
struktur pendidikan dasar,concept,Struktur Pendidikan Dasar,,,
perluasan wajib belajar,concept,Perluasan Wajib Belajar,,,
lingkungan dan energi,topic_coarse,Lingkungan dan Energi,,,
pengurangan emisi sekolah hijau,topic_fine,Pengurangan Emisi Sekolah Hijau,,,
q_c812d9955d,question,Susunlah proposal singkat untuk program 'Sekolah Hijau' yang menargetkan pengurangan emisi dari tiga sumber berbeda yang,C6-Mencipta,5.0,
konsep energi terbarukan,concept,Konsep Energi Terbarukan,,,
pertumbuhan ekonomi jangka panjang,concept,Pertumbuhan Ekonomi Jangka Panjang,C6-Mencipta,5.0,1.0
akumulasi modal,concept,Akumulasi Modal,C6-Mencipta,5.0,1.0
q_8e9543ff33,question,Buatlah hipotesis mengenai hasil pertumbuhan ekonomi jangka panjang suatu negara jika negara tersebut hanya berfokus pad,C6-Mencipta,5.0,
teori endogen,concept,Teori Endogen,,,
analisis kebijakan pembangunan,concept,Analisis Kebijakan Pembangunan,,,
perancangan kebijakan pertumbuhan ekonomi,topic_fine,Perancangan Kebijakan Pertumbuhan Ekonomi,,,
teori harrod-domar,concept,Teori Harrod-Domar,C6-Mencipta,5.0,1.0
perancangan kebijakan,concept,Perancangan Kebijakan,C6-Mencipta,5.0,1.0
q_d66b606329,question,Rancanglah sebuah kerangka kebijakan ekonomi sederhana untuk negara fiktif 'Astoria' yang bertujuan mencapai pertumbuhan,C6-Mencipta,5.0,
prinsip teori klasik,concept,Prinsip Teori Klasik,,,
prinsip teori harrod-domar,concept,Prinsip Teori Harrod-Domar,,,
resistensi dan respons orde baru,topic_fine,Resistensi dan Respons Orde Baru,,,
malari,concept,Malari,C6-Mencipta,5.0,1.0
nkk/bkk,concept,NKK/BKK,C6-Mencipta,5.0,1.0
respons elite politik,concept,Respons Elite Politik,C6-Mencipta,5.0,1.0
q_15d877180e,question,"Buatlah hipotesis, mengapa resistensi mahasiswa (Malari) ditanggapi dengan kebijakan (NKK/BKK), sementara resistensi eli",C6-Mencipta,5.0,
dampak peristiwa g30s 1965,topic_fine,Dampak Peristiwa G30S 1965,,,
gerakan 30 september 1965,concept,Gerakan 30 September 1965,C6-Mencipta,5.0,1.0
dinamika politik demokrasi terpimpin,concept,Dinamika Politik Demokrasi Terpimpin,C6-Mencipta,5.0,1.0
q_526070b1de,question,Prediksikan nasib TRITURA jika G30S 1965 tidak pernah terjadi!,C6-Mencipta,5.0,
pemahaman g30s 1965,concept,Pemahaman G30S 1965,,,
pengetahuan tentang tritura,concept,Pengetahuan tentang TRITURA,,,
analisis perubahan rezim politik,concept,Analisis Perubahan Rezim Politik,,,
pengaruh hindu-buddha jalur perdagangan,topic_fine,Pengaruh Hindu-Buddha Jalur Perdagangan,,,
masuknya pengaruh hindu-buddha,concept,Masuknya pengaruh Hindu-Buddha,C6-Mencipta,5.0,1.0
peran komoditas perdagangan,concept,Peran komoditas perdagangan,C6-Mencipta,5.0,1.0
q_891120d0aa,question,Buatlah sebuah diagram alur (flowchart) yang menggambarkan proses masuknya pengaruh budaya dan agama Hindu-Buddha ke Nus,C6-Mencipta,5.0,
pengenalan jalur perdagangan kuno,concept,Pengenalan jalur perdagangan kuno,,,
pengetahuan dasar tentang hindu-buddha,concept,Pengetahuan dasar tentang Hindu-Buddha,,,
dampak sosial budaya hindu-buddha,concept,Dampak sosial budaya Hindu-Buddha,,,
solusi masalah lingkungan lokal,topic_fine,Solusi Masalah Lingkungan Lokal,,,
kearifan lokal perkotaan,concept,Kearifan Lokal Perkotaan,C6-Mencipta,5.0,1.0
pengelolaan sampah plastik,concept,Pengelolaan Sampah Plastik,C6-Mencipta,5.0,1.0
prinsip komunitas,concept,Prinsip Komunitas,C6-Mencipta,5.0,1.0
q_fe026e3955,question,"Buatlah sebuah gagasan program pemberdayaan komunitas untuk mengatasi masalah sampah plastik di lingkungan sekolahmu, de",C6-Mencipta,5.0,
mencipta gagasan program,method,Mencipta Gagasan Program,,,
pemahaman daur ulang,concept,Pemahaman Daur Ulang,,,
implementasi program komunitas,concept,Implementasi Program Komunitas,,,
verifikasi informasi dan propaganda,topic_fine,Verifikasi Informasi dan Propaganda,,,
propaganda,concept,Propaganda,C6-Mencipta,5.0,1.0
studi kasus sejarah,concept,Studi Kasus Sejarah,C6-Mencipta,5.0,1.0
q_6c4b083fef,question,"Kembangkan sebuah ide kampanye media sosial untuk siswa SMA tentang pentingnya memverifikasi informasi, dengan menggunak",C6-Mencipta,5.0,
mencipta kampanye media sosial,method,Mencipta Kampanye Media Sosial,,,
pemahaman konsep propaganda,concept,Pemahaman Konsep Propaganda,,,
pengetahuan sejarah perang dunia ii,concept,Pengetahuan Sejarah Perang Dunia II,,,
analisis bias media kontemporer,concept,Analisis Bias Media Kontemporer,,,
evolusi perlawanan kolonial indonesia,topic_fine,Evolusi Perlawanan Kolonial Indonesia,,,
q_5f44ac03f8,question,Rancanglah sebuah skema atau diagram alur yang menggambarkan evolusi perlawanan bangsa Indonesia dari sebelum 1908 hingg,C6-Mencipta,5.0,
merancang skema,method,Merancang skema,,,
membuat diagram alur,method,Membuat diagram alur,,,
perubahan politik abad ke-20,concept,Perubahan politik abad ke-20,,,
perdebatan pemajuan bangsa,topic_fine,Perdebatan Pemajuan Bangsa,,,
perlawanan moral,concept,Perlawanan Moral,C6-Mencipta,5.0,1.0
kekuatan militer dan industri,concept,Kekuatan Militer dan Industri,C6-Mencipta,5.0,1.0
kebangkitan bangsa timur,concept,Kebangkitan Bangsa Timur,C6-Mencipta,5.0,1.0
q_0005f30809,question,Tuliskan sebuah skenario dialog imajiner antara Mahatma Gandhi dan Kaisar Meiji yang memperdebatkan cara terbaik untuk m,C6-Mencipta,5.0,
mencipta skenario dialog,method,Mencipta Skenario Dialog,,,
pemahaman konsep nasionalisme asia,concept,Pemahaman Konsep Nasionalisme Asia,,,
pengetahuan tentang mahatma gandhi,concept,Pengetahuan tentang Mahatma Gandhi,,,
pengetahuan tentang kaisar meiji,concept,Pengetahuan tentang Kaisar Meiji,,,
analisis dampak strategi nasionalis,concept,Analisis Dampak Strategi Nasionalis,,,
pengukuran kesehatan sosial desa,topic_fine,Pengukuran Kesehatan Sosial Desa,,,
indeks kesehatan sosial,concept,Indeks Kesehatan Sosial,C6-Mencipta,5.0,1.0
metode pengukuran,concept,Metode Pengukuran,C6-Mencipta,5.0,1.0
q_4df24a0e0f,question,"Buatlah sebuah konsep 'indeks' alternatif selain IDM untuk mengukur 'kesehatan sosial' sebuah desa, dengan menggunakan t",C6-Mencipta,5.0,
konsep kesehatan sosial,concept,Konsep Kesehatan Sosial,,,
pemahaman karakteristik desa,concept,Pemahaman Karakteristik Desa,,,
implementasi indeks sosial,concept,Implementasi Indeks Sosial,,,
peristiwa menjelang proklamasi kemerdekaan,topic_fine,Peristiwa Menjelang Proklamasi Kemerdekaan,,,
perdebatan golongan tua dan muda,concept,Perdebatan Golongan Tua dan Muda,C6-Mencipta,5.0,1.0
negosiasi rengasdengklok,concept,Negosiasi Rengasdengklok,C6-Mencipta,5.0,1.0
perumusan naskah proklamasi,concept,Perumusan Naskah Proklamasi,C6-Mencipta,5.0,1.0
q_950c57e2e1,question,"Buatlah sebuah naskah drama singkat dengan tiga adegan yang menggambarkan: perdebatan golongan tua dan muda, negosiasi d",C6-Mencipta,5.0,
mencipta naskah drama,method,Mencipta Naskah Drama,,,
ketahanan komunitas pesisir,topic_fine,Ketahanan Komunitas Pesisir,,,
desa tangguh iklim,concept,Desa Tangguh Iklim,C6-Mencipta,5.0,1.0
pengelolaan sumber daya tambak,concept,Pengelolaan Sumber Daya Tambak,C6-Mencipta,5.0,1.0
q_4fb2cb20ea,question,Rancanglah sebuah konsep 'desa tangguh iklim' di wilayah pesisir Demak yang mengintegrasikan solusi untuk masalah kenaik,C6-Mencipta,5.0,
dampak perubahan iklim di pesisir,concept,Dampak Perubahan Iklim di Pesisir,,,
analisis kerentanan wilayah,concept,Analisis Kerentanan Wilayah,,,
implementasi kebijakan adaptasi iklim lokal,concept,Implementasi Kebijakan Adaptasi Iklim Lokal,,,
geopolitik dan strategi,topic_coarse,Geopolitik dan Strategi,,,
poros maritim dunia,concept,Poros Maritim Dunia,C6-Mencipta,5.0,1.0
q_daddd699a8,question,Ciptakan sebuah slogan beserta tiga poin penjelasannya untuk kampanye 'Indonesia: Poros Maritim Dunia' yang didasarkan s,C6-Mencipta,5.0,
"aspek geografis (lokasi, luas, sumber daya)",concept,"Aspek Geografis (Lokasi, Luas, Sumber Daya)",,,
implementasi kebijakan maritim,concept,Implementasi Kebijakan Maritim,,,
pendidikan dan teknologi,topic_coarse,Pendidikan dan Teknologi,,,
keseimbangan budaya digital dan sosial,topic_fine,Keseimbangan Budaya Digital dan Sosial,,,
cultural lag,concept,Cultural Lag,C6-Mencipta,5.0,1.0
adaptasi teknologi,concept,Adaptasi Teknologi,C6-Mencipta,5.0,1.0
nilai sosial,concept,Nilai Sosial,C6-Mencipta,5.0,1.0
kebijakan sekolah inovatif,concept,Kebijakan Sekolah Inovatif,C6-Mencipta,5.0,1.0
q_b46b22b60a,question,Gagaskan sebuah kebijakan inovatif di tingkat sekolah yang dapat membantu siswa menyeimbangkan antara penggunaan teknolo,C6-Mencipta,5.0,
pemahaman neokolonialisme,concept,Pemahaman Neokolonialisme,,,
konsep budaya material dan non-material,concept,Konsep Budaya Material dan Non-Material,,,
implementasi kurikulum berbasis nilai digital,concept,Implementasi Kurikulum Berbasis Nilai Digital,,,
pendidikan teknologi,topic_coarse,Pendidikan Teknologi,,,
pengembangan sdm keahlian digital,topic_fine,Pengembangan SDM Keahlian Digital,,,
pengembangan sumber daya manusia,concept,Pengembangan Sumber Daya Manusia,C6-Mencipta,5.0,1.0
keahlian teknologi,concept,Keahlian Teknologi,C6-Mencipta,5.0,1.0
kurikulum sekolah menengah atas,concept,Kurikulum Sekolah Menengah Atas,C6-Mencipta,5.0,1.0
kerangka program,concept,Kerangka Program,C6-Mencipta,5.0,1.0
q_87508a4f7d,question,Buatlah sebuah kerangka program untuk meningkatkan 'sumber daya manusia yang memiliki keahlian khusus di bidang teknolog,C6-Mencipta,5.0,
pemahaman dasar ekonomi digital,concept,Pemahaman Dasar Ekonomi Digital,,,
pengetahuan tentang fintech,concept,Pengetahuan tentang Fintech,,,
implementasi program pendidikan teknologi,concept,Implementasi Program Pendidikan Teknologi,,,
partisipasi ekonomi sirkular,topic_fine,Partisipasi Ekonomi Sirkular,,,
ekonomi sirkular,concept,Ekonomi Sirkular,C6-Mencipta,5.0,1.0
daur ulang pet,concept,Daur Ulang PET,C6-Mencipta,5.0,1.0
q_2f34145a45,question,"Susunlah sebuah slogan dan tiga poin kampanye untuk mengajak masyarakat berpartisipasi dalam ekonomi sirkular, terinspir",C6-Mencipta,5.0,
