id,type,label,bloom_level,difficulty,frequency
pelestarian lingkungan,topic_coarse,Pelestarian Lingkungan,C5-Mengevaluasi,5.0,1.0
kebudayaan zaman paleolithikum,topic_fine,Kebudayaan zaman Paleolithikum,,,
kebudayaan paleolithikum,concept,Kebudayaan Paleolithikum,C1-Mengingat,1.0,1.0
kebudayaan,concept,Kebudayaan,C1-Mengingat,1.0,2.0
q_b126b50336,question,Sebutkan dua kebudayaan yang berkembang pada zaman Paleolithikum yang disebutkan dalam teks,C1-Mengingat,1.0,
mengingat,method,Mengingat,,,
pengetahuan tentang zaman paleolithikum,concept,Pengetahuan tentang zaman Paleolithikum,,,
kebudayaan zaman selanjutnya,concept,Kebudayaan zaman selanjutnya,,,
penataan ruang,topic_coarse,Penataan Ruang,C6-Mencipta,5.0,5.0
asas penataan ruang,topic_fine,Asas Penataan Ruang,C6-Mencipta,5.0,3.0
q_43d575743e,question,Sebutkan lima dari 14 asas penataan ruang yang dijelaskan dalam teks!,C1-Mengingat,1.0,
definisi ruang,concept,Definisi Ruang,,,
kegiatan penataan ruang,concept,Kegiatan Penataan Ruang,,,
sejarah nusantara,topic_coarse,Sejarah Nusantara,,,
komoditas jalur rempah,topic_fine,Komoditas Jalur Rempah,,,
komoditas aromatik,concept,Komoditas aromatik,C1-Mengingat,1.0,1.0
kota pelabuhan kuno barus,concept,Kota pelabuhan kuno Barus,C1-Mengingat,1.0,1.0
q_a671df7a6e,question,Komoditas aromatik utama yang berasal dari kota pelabuhan kuno Barus adalah...,C1-Mengingat,1.0,
akar sejarah interkoneksi global nusantara,concept,Akar sejarah interkoneksi global Nusantara,,,
perdagangan internasional rempah-rempah,concept,Perdagangan internasional rempah-rempah,,,
perdagangan internasional,topic_coarse,Perdagangan Internasional,C6-Mencipta,5.0,9.0
faktor penghambat perdagangan,topic_fine,Faktor Penghambat Perdagangan,C6-Mencipta,5.0,1.0
faktor penghambat perdagangan internasional,concept,Faktor Penghambat Perdagangan Internasional,C1-Mengingat,1.0,1.0
kondisi politik dan keamanan negara,concept,Kondisi Politik dan Keamanan Negara,C1-Mengingat,1.0,1.0
q_65af9f9a67,question,Sebutkan salah satu faktor penghambat perdagangan internasional yang berkaitan dengan kondisi politik dan keamanan suatu,C1-Mengingat,1.0,
faktor pendorong perdagangan internasional,concept,Faktor Pendorong Perdagangan Internasional,,,
lembaga keuangan,topic_coarse,Lembaga Keuangan,C3-Menerapkan,3.0,2.0
fungsi utama bank,topic_fine,Fungsi utama bank,C1-Mengingat,1.0,1.0
menghimpun dana (simpanan),concept,Menghimpun dana (simpanan),C1-Mengingat,1.0,1.0
menyalurkan dana (kredit),concept,Menyalurkan dana (kredit),C1-Mengingat,1.0,1.0
q_3ef5c6a865,question,Sebutkan dua fungsi utama bank sebagaimana dijelaskan dalam teks.,C1-Mengingat,1.0,
definisi lembaga keuangan,concept,Definisi Lembaga Keuangan,,,
perbedaan antara bank dan iknb,concept,Perbedaan antara Bank dan IKNB,,,
teori keunggulan komparatif,topic_fine,Teori Keunggulan Komparatif,C6-Mencipta,5.0,3.0
david ricardo,concept,David Ricardo,C1-Mengingat,1.0,2.0
q_de63c8e657,question,Konsep ekonomi utama apa yang menjadi dasar dari teori keunggulan komparatif David Ricardo?,C1-Mengingat,1.0,
teori perdagangan internasional,concept,Teori Perdagangan Internasional,C5-Mengevaluasi,5.0,1.0
keanekaragaman hayati,topic_coarse,Keanekaragaman Hayati,C5-Mengevaluasi,5.0,4.0
manfaat sosial flora dan fauna,topic_fine,Manfaat Sosial Flora dan Fauna,,,
manfaat sosial keanekaragaman hayati,concept,Manfaat sosial keanekaragaman hayati,C1-Mengingat,1.0,1.0
flora dan fauna,concept,Flora dan fauna,C1-Mengingat,1.0,1.0
q_a6611d4967,question,Sebutkan tiga manfaat sosial dari keanekaragaman flora dan fauna.,C1-Mengingat,1.0,
konsep dasar keanekaragaman hayati,concept,Konsep dasar keanekaragaman hayati,,,
manfaat ekonomi keanekaragaman hayati,concept,Manfaat ekonomi keanekaragaman hayati,,,
letak geografis indonesia,topic_coarse,Letak Geografis Indonesia,,,
batas koordinat letak astronomis,topic_fine,Batas Koordinat Letak Astronomis,,,
garis lintang dan bujur,concept,Garis Lintang dan Bujur,C1-Mengingat,1.0,1.0
batas koordinat astronomis indonesia,concept,Batas Koordinat Astronomis Indonesia,C1-Mengingat,1.0,1.0
q_ea335ec612,question,Sebutkan batas koordinat letak astronomis Indonesia secara lengkap!,C1-Mengingat,1.0,
konsep letak astronomis,concept,Konsep Letak Astronomis,,,
pengaruh letak astronomis (iklim),concept,Pengaruh Letak Astronomis (Iklim),,,
fenomena iklim global,topic_coarse,Fenomena Iklim Global,,,
definisi la nina,topic_fine,Definisi La Nina,,,
la nina,concept,La Nina,C5-Mengevaluasi,5.0,2.0
suhu permukaan laut,concept,Suhu permukaan laut,C1-Mengingat,1.0,1.0
samudra pasifik,concept,Samudra Pasifik,C1-Mengingat,1.0,1.0
q_6f9e3683c3,question,Apa nama fenomena yang ditandai dengan mendinginnya suhu permukaan laut di Samudra Pasifik Ekuator?,C1-Mengingat,1.0,
cuaca dan iklim,concept,Cuaca dan iklim,,,
dampak la nina,concept,Dampak La Nina,,,
ambang batas la nina,concept,Ambang Batas La Nina,C6-Mencipta,5.0,1.0
menghimpun dana,concept,Menghimpun dana,C1-Mengingat,1.0,1.0
menyalurkan kredit,concept,Menyalurkan kredit,C1-Mengingat,1.0,1.0
q_c7c7f9bc95,question,Apa definisi lembaga keuangan secara umum?,C1-Mengingat,1.0,
pengertian lembaga keuangan secara umum,concept,Pengertian lembaga keuangan secara umum,,,
jenis lembaga keuangan (bank dan iknb),concept,Jenis lembaga keuangan (Bank dan IKNB),,,
masyarakat jaringan,topic_coarse,Masyarakat Jaringan,C6-Mencipta,5.0,4.0
aplikasi media sosial paling banyak digunakan,topic_fine,Aplikasi media sosial paling banyak digunakan,,,
aplikasi media sosial,concept,Aplikasi media sosial,C1-Mengingat,1.0,1.0
laporan we are social,concept,Laporan We Are Social,C1-Mengingat,1.0,1.0
q_a4cfd1a3ba,question,"Menurut laporan We Are Social, aplikasi apa yang paling banyak digunakan oleh pengguna media sosial di Indonesia?",C1-Mengingat,1.0,
konsep masyarakat jaringan,concept,Konsep Masyarakat Jaringan,,,
dampak teknologi informasi,concept,Dampak teknologi informasi,,,
analisis media sosial,concept,Analisis media sosial,,,
sosiologi interaksi sosial,topic_coarse,Sosiologi Interaksi Sosial,,,
jenis status sosial,topic_fine,Jenis Status Sosial,,,
status sosial,concept,Status Sosial,C6-Mencipta,5.0,12.0
status sosial yang diperoleh melalui kelahiran,concept,Status sosial yang diperoleh melalui kelahiran,C1-Mengingat,1.0,1.0
q_04cc0a188e,question,Status sosial yang diperoleh seseorang melalui kelahiran disebut...,C1-Mengingat,1.0,
jenis status sosial lainnya,concept,Jenis status sosial lainnya,,,
ketahanan wilayah,topic_coarse,Ketahanan wilayah,C6-Mencipta,5.0,4.0
jenis infrastruktur,topic_fine,Jenis Infrastruktur,,,
infrastruktur fisik,concept,Infrastruktur fisik,C1-Mengingat,1.0,1.0
infrastruktur nonfisik,concept,Infrastruktur nonfisik,C1-Mengingat,1.0,1.0
q_86cb1fb61e,question,Apa saja yang termasuk dalam infrastruktur fisik dan infrastruktur nonfisik?,C1-Mengingat,1.0,
konsep dasar ketahanan wilayah,concept,Konsep dasar ketahanan wilayah,,,
komponen ketahanan wilayah,concept,Komponen ketahanan wilayah,,,
psikologi sosial,topic_coarse,Psikologi Sosial,,,
gejala awal bullying,topic_fine,Gejala awal bullying,C1-Mengingat,1.0,1.0
kasus bullying,concept,Kasus bullying,C1-Mengingat,1.0,1.0
q_4a73124312,question,Sebutkan dua gejala awal yang diamati oleh kelompok Andi yang mengarah pada dugaan adanya kasus bullying.,C1-Mengingat,1.0,
konsep bullying,concept,Konsep bullying,,,
jenis-jenis bullying,concept,Jenis-jenis bullying,,,
dampak bullying,concept,Dampak bullying,,,
ilmu negara dan pemerintahan,topic_coarse,Ilmu Negara dan Pemerintahan,,,
sistem pemerintahan indonesia,topic_fine,Sistem Pemerintahan Indonesia,C1-Mengingat,1.0,1.0
dekrit presiden 1959,concept,Dekrit Presiden 1959,C1-Mengingat,1.0,1.0
q_5b01985820,question,Apa nama sistem pemerintahan yang dianut Indonesia sebelum Dekrit Presiden 1959?,C1-Mengingat,1.0,
sejarah periode orde lama,concept,Sejarah periode Orde Lama,,,
sistem pemerintahan orde lama,concept,Sistem pemerintahan Orde Lama,,,
reformasi birokrasi,topic_coarse,Reformasi Birokrasi,C6-Mencipta,5.0,2.0
langkah mereformasi bumn,topic_fine,Langkah mereformasi BUMN,,,
bumn,concept,BUMN,C6-Mencipta,5.0,4.0
langkah reformasi,concept,Langkah Reformasi,C1-Mengingat,1.0,1.0
q_ea2be250d6,question,Sebutkan dua langkah utama untuk mereformasi BUMN!,C1-Mengingat,1.0,
implementasi reformasi birokrasi,concept,Implementasi Reformasi Birokrasi,,,
sistem merit,concept,Sistem Merit,C6-Mencipta,5.0,2.0
metodologi penelitian sosial,topic_coarse,Metodologi penelitian sosial,,,
langkah awal penelitian sosial,topic_fine,Langkah awal penelitian sosial,,,
proses penelitian sosial,concept,Proses penelitian sosial,C5-Mengevaluasi,4.0,3.0
identifikasi permasalahan sosial,concept,Identifikasi permasalahan sosial,C1-Mengingat,1.0,1.0
langkah penelitian sosial,concept,Langkah penelitian sosial,C1-Mengingat,1.0,1.0
q_3cc74c0b89,question,Apakah langkah pertama dalam bagan proses penelitian sosial setelah mengidentifikasi adanya permasalahan sosial di masya,C1-Mengingat,1.0,
pemecahan masalah,concept,Pemecahan Masalah,C6-Mencipta,5.0,5.0
tahapan penelitian sosial selanjutnya,concept,Tahapan penelitian sosial selanjutnya,,,
pemberdayaan komunitas,topic_coarse,Pemberdayaan Komunitas,C5-Mengevaluasi,5.0,5.0
contoh masalah sosial yang dapat diatasi,topic_fine,Contoh masalah sosial yang dapat diatasi,,,
masalah sosial,concept,Masalah Sosial,C6-Mencipta,5.0,5.0
"pihak inisiator (pemerintah, lsm, dll.)",concept,"Pihak inisiator (Pemerintah, LSM, dll.)",C1-Mengingat,1.0,1.0
q_28339b6084,question,Sebutkan tiga contoh masalah sosial yang dapat diatasi melalui pemberdayaan komunitas.,C1-Mengingat,1.0,
definisi pemberdayaan komunitas,concept,Definisi Pemberdayaan Komunitas,,,
model pemberdayaan (top-down vs bottom-up),concept,Model Pemberdayaan (Top-Down vs Bottom-Up),,,
implementasi program pemberdayaan,concept,Implementasi Program Pemberdayaan,,,
geografi fisik,topic_coarse,Geografi Fisik,,,
komponen geosfer,topic_fine,Komponen Geosfer,C1-Mengingat,1.0,1.0
definisi litosfer,concept,Definisi Litosfer,C1-Mengingat,1.0,1.0
q_5c9579822c,question,Apakah definisi dari litosfer menurut teks?,C1-Mengingat,1.0,
geosfer,concept,Geosfer,C6-Mencipta,5.0,1.0
komponen geosfer lainnya,concept,Komponen Geosfer lainnya,,,
ekonomi ketenagakerjaan,topic_coarse,Ekonomi Ketenagakerjaan,,,
fungsi-fungsi upah,topic_fine,Fungsi-fungsi Upah,,,
fungsi upah,concept,Fungsi Upah,C2-Memahami,2.0,2.0
menjamin kehidupan layak,concept,Menjamin kehidupan layak,C1-Mengingat,1.0,1.0
insentif produktivitas,concept,Insentif produktivitas,C1-Mengingat,1.0,1.0
cerminan imbalan kerja,concept,Cerminan imbalan kerja,C1-Mengingat,1.0,1.0
q_297d07de6e,question,Sebutkan tiga fungsi penting dari upah!,C1-Mengingat,1.0,
definisi upah,concept,Definisi Upah,,,
sistem pemberian upah,concept,Sistem Pemberian Upah,C1-Mengingat,1.0,1.0
ekonomi makro,topic_coarse,Ekonomi Makro,,,
pelaku ekonomi,topic_fine,Pelaku Ekonomi,C5-Mengevaluasi,4.0,6.0
rumah tangga produsen (rtp),concept,Rumah Tangga Produsen (RTP),C1-Mengingat,1.0,1.0
kegiatan ekonomi,concept,Kegiatan Ekonomi,C2-Memahami,2.0,2.0
konsumsi,concept,Konsumsi,C6-Mencipta,5.0,3.0
produksi,concept,Produksi,C3-Menerapkan,3.0,2.0
q_b4c3c14ecf,question,Apa yang dimaksud dengan Rumah Tangga Produsen (RTP)?,C1-Mengingat,1.0,
rumah tangga konsumen (rtk),concept,Rumah Tangga Konsumen (RTK),C6-Mencipta,5.0,3.0
distribusi,concept,Distribusi,C1-Mengingat,1.0,1.0
manfaat kulit ari beras,topic_fine,Manfaat Kulit Ari Beras,,,
kulit ari beras,concept,Kulit ari beras,C1-Mengingat,1.0,1.0
anti beri-beri,concept,Anti beri-beri,C1-Mengingat,1.0,1.0
vitamin b1,concept,Vitamin B1,C1-Mengingat,1.0,1.0
q_32040d929d,question,Siapakah penemu manfaat kulit ari beras sebagai anti beri-beri (vitamin B1)?,C1-Mengingat,1.0,
pengetahuan tentang nutrisi/vitamin,concept,Pengetahuan tentang nutrisi/vitamin,,,
fungsi nutrisi vitamin b1,concept,Fungsi nutrisi vitamin B1,,,
penyakit kekurangan vitamin b1,concept,Penyakit kekurangan vitamin B1,,,
kebijakan fiskal,topic_coarse,Kebijakan Fiskal,C6-Mencipta,5.0,9.0
instrumen utama kebijakan fiskal,topic_fine,Instrumen utama kebijakan fiskal,,,
penerimaan negara,concept,Penerimaan Negara,C1-Mengingat,1.0,2.0
pengeluaran negara,concept,Pengeluaran Negara,C1-Mengingat,1.0,2.0
apbn atau apbd,concept,APBN atau APBD,C1-Mengingat,1.0,1.0
q_bfc25e08aa,question,Apa instrumen utama yang digunakan dalam Kebijakan Fiskal?,C1-Mengingat,1.0,
definisi kebijakan fiskal,concept,Definisi Kebijakan Fiskal,,,
jenis-jenis kebijakan fiskal,concept,Jenis-jenis Kebijakan Fiskal,,,
sistem berdasarkan waktu,concept,Sistem berdasarkan waktu,C1-Mengingat,1.0,1.0
sistem berdasarkan hasil/satuan,concept,Sistem berdasarkan hasil/satuan,C1-Mengingat,1.0,1.0
q_e2373e34f1,question,Sebutkan tiga sistem pemberian upah yang diterapkan!,C1-Mengingat,1.0,
jenis-jenis upah,concept,Jenis-jenis upah,,,
definisi pasar,topic_fine,Definisi Pasar,,,
pasar,concept,Pasar,C1-Mengingat,1.0,1.0
q_e15c0ff2c4,question,"Menurut teks, apa definisi dari pasar",C1-Mengingat,1.0,
kelompok pelaku ekonomi,concept,Kelompok pelaku ekonomi,C1-Mengingat,1.0,1.0
batas benua utama,topic_fine,Batas Benua Utama,,,
benua eropa,concept,Benua Eropa,C1-Mengingat,1.0,1.0
benua asia,concept,Benua Asia,C1-Mengingat,1.0,1.0
q_41f8cf5080,question,Sebutkan dua fitur geografis utama yang menjadi batas antara Benua Eropa dan Benua Asia,C1-Mengingat,1.0,
pengetahuan tentang benua utama,concept,Pengetahuan tentang Benua Utama,,,
fitur geografis lain antar benua,concept,Fitur geografis lain antar benua,,,
sosiologi perubahan sosial,topic_coarse,Sosiologi Perubahan Sosial,,,
mobilitas sosial,topic_fine,Mobilitas Sosial,,,
upward mobility,concept,Upward mobility,C1-Mengingat,1.0,1.0
downward mobility,concept,Downward mobility,C1-Mengingat,1.0,1.0
q_55fbbf4729,question,Definisikan istilah 'upward mobility' dan 'downward mobility'.,C1-Mengingat,1.0,
konsep dasar perubahan sosial,concept,Konsep dasar perubahan sosial,,,
jenis-jenis mobilitas sosial,concept,Jenis-jenis mobilitas sosial,,,
partisipasi sosial,topic_coarse,Partisipasi Sosial,,,
bentuk partisipasi generasi muda,topic_fine,Bentuk Partisipasi Generasi Muda,,,
public hearing,concept,Public Hearing,C1-Mengingat,1.0,1.0
audiensi publik,concept,Audiensi Publik,C6-Mencipta,5.0,4.0
q_40a318eed0,question,Apa arti dari istilah 'public hearing' atau audiensi publik?,C1-Mengingat,1.0,
bentuk partisipasi,concept,Bentuk Partisipasi,,,
kampanye sosial,concept,Kampanye Sosial,C6-Mencipta,5.0,7.0
ilmu sejarah,topic_coarse,Ilmu Sejarah,,,
definisi sejarah menurut e.h. carr,topic_fine,Definisi Sejarah menurut E.H. Carr,,,
sejarah,concept,Sejarah,C6-Mencipta,5.0,3.0
e.h. carr,concept,E.H. Carr,C1-Mengingat,1.0,1.0
dialog abadi,concept,Dialog abadi,C1-Mengingat,1.0,1.0
q_f7ded43964,question,"Menurut E.H. Carr, sejarah adalah dialog yang abadi antara masa sekarang dan",C1-Mengingat,1.0,
pengertian dasar sejarah,concept,Pengertian dasar sejarah,,,
teori-teori sejarah lainnya,concept,Teori-teori sejarah lainnya,,,
jenis kegiatan distribusi,topic_fine,Jenis Kegiatan Distribusi,,,
cara penyaluran,concept,Cara penyaluran,C1-Mengingat,1.0,1.0
q_81041a0178,question,Apa saja tiga bentuk distribusi berdasarkan cara penyalurannya?,C1-Mengingat,1.0,
tiga jenis kegiatan ekonomi utama,concept,Tiga jenis kegiatan ekonomi utama,,,
unsur-unsur penting dalam sejarah,topic_fine,Unsur-unsur penting dalam sejarah,,,
unsur penting dalam sejarah,concept,Unsur penting dalam sejarah,C1-Mengingat,1.0,1.0
ruang,concept,Ruang,C6-Mencipta,5.0,2.0
waktu,concept,Waktu,C1-Mengingat,1.0,1.0
manusia,concept,Manusia,C1-Mengingat,1.0,1.0
q_48edb9a6e0,question,Sebutkan tiga unsur penting yang terkandung dalam sejarah.,C1-Mengingat,1.0,
definisi sejarah,concept,Definisi Sejarah,C4-Menganalisis,4.0,2.0
ciri-ciri peristiwa sejarah,concept,Ciri-ciri Peristiwa Sejarah,C6-Mencipta,5.0,1.0
nasionalisme indonesia,topic_coarse,Nasionalisme Indonesia,C6-Mencipta,5.0,8.0
pendirian organisasi budi utomo,topic_fine,Pendirian organisasi Budi Utomo,,,
organisasi budi utomo,concept,Organisasi Budi Utomo,C1-Mengingat,1.0,1.0
tanggal pendirian,concept,Tanggal pendirian,C1-Mengingat,1.0,1.0
tahun pendirian,concept,Tahun pendirian,C1-Mengingat,1.0,1.0
q_4f66e03deb,question,Pada tanggal dan tahun berapakah organisasi Budi Utomo didirikan?,C1-Mengingat,1.0,
sejarah awal abad ke-20,concept,Sejarah awal abad ke-20,,,
organisasi pergerakan nasional lainnya,concept,Organisasi Pergerakan Nasional Lainnya,,,
pendudukan jepang,topic_coarse,Pendudukan Jepang,,,
struktur pemerintahan terkecil,topic_fine,Struktur pemerintahan terkecil,,,
struktur pemerintahan jepang,concept,Struktur pemerintahan Jepang,C1-Mengingat,1.0,1.0
tonarigumi,concept,Tonarigumi,C1-Mengingat,1.0,1.0
pengawasan masyarakat,concept,Pengawasan masyarakat,C1-Mengingat,1.0,1.0
q_77120dcca9,question,Struktur pemerintahan terkecil yang dibentuk Jepang untuk mengawasi masyarakat dikenal dengan nama apa?,C1-Mengingat,1.0,
pendudukan jepang di indonesia,concept,Pendudukan Jepang di Indonesia,,,
organisasi bentukan jepang,concept,Organisasi Bentukan Jepang,C5-Mengevaluasi,5.0,1.0
jenis-jenis status sosial,topic_fine,Jenis-jenis Status Sosial,,,
assigned status,concept,Assigned Status,C6-Mencipta,5.0,7.0
q_b172846220,question,Sebutkan tiga jenis status sosial yang dijelaskan dalam teks.,C1-Mengingat,1.0,
interaksi sosial dan status sosial,concept,Interaksi sosial dan status sosial,,,
peran sosial,concept,Peran Sosial,C6-Mencipta,5.0,7.0
geografi indonesia,topic_coarse,Geografi Indonesia,C3-Menerapkan,3.0,1.0
letak astronomis indonesia,topic_fine,Letak Astronomis Indonesia,C6-Mencipta,5.0,2.0
koordinat astronomis,concept,Koordinat astronomis,C1-Mengingat,1.0,1.0
q_d784751079,question,Pada koordinat berapa letak astronomis Indonesia?,C1-Mengingat,1.0,
konsep dasar koordinat geografis,concept,Konsep dasar koordinat geografis,,,
pengaruh letak astronomis terhadap iklim,concept,Pengaruh Letak Astronomis terhadap Iklim,C6-Mencipta,5.0,1.0
sejarah pembentukan bumi,topic_coarse,Sejarah Pembentukan Bumi,,,
munculnya tanda kehidupan manusia,topic_fine,Munculnya Tanda Kehidupan Manusia,,,
zaman praaksara,concept,Zaman Praaksara,C1-Mengingat,1.0,1.0
perkembangan zaman geologi,concept,Perkembangan Zaman Geologi,C1-Mengingat,1.0,1.0
zaman arkaekum,concept,Zaman Arkaekum,C4-Menganalisis,4.0,2.0
q_1c22b45a9e,question,Pada zaman apakah tanda-tanda kehidupan manusia mulai muncul?,C1-Mengingat,1.0,
sejarah perkembangan bumi,concept,Sejarah perkembangan bumi,,,
zaman berikutnya dalam perkembangan bumi,concept,Zaman berikutnya dalam perkembangan bumi,,,
sosiologi struktur sosial,topic_coarse,Sosiologi Struktur Sosial,,,
bentuk stratifikasi sosial,topic_fine,Bentuk Stratifikasi Sosial,,,
sistem penghargaan sosial,concept,Sistem penghargaan sosial,C1-Mengingat,1.0,1.0
kinerja,concept,Kinerja,C1-Mengingat,1.0,1.0
pendidikan tinggi,concept,Pendidikan tinggi,C1-Mengingat,1.0,1.0
q_1facd3afdf,question,Istilah untuk sistem di mana penghargaan atau posisi sosial didasarkan pada kinerja atau pendidikan tinggi adalah...,C1-Mengingat,1.0,
struktur sosial,concept,Struktur Sosial,C3-Menerapkan,3.0,3.0
jenis-jenis stratifikasi sosial,concept,Jenis-jenis Stratifikasi Sosial,,,
prinsip interaksi dunia digital,topic_fine,Prinsip interaksi dunia digital,C1-Mengingat,1.0,1.0
mike ribble,concept,Mike Ribble,C1-Mengingat,1.0,1.0
q_f022e35c5c,question,Sebutkan tiga prinsip interaksi di dunia digital yang dirumuskan oleh Mike Ribble.,C1-Mengingat,1.0,
teori komunikasi digital,concept,Teori Komunikasi Digital,,,
ilmu geografi,topic_coarse,Ilmu Geografi,,,
objek kajian geografi,topic_fine,Objek Kajian Geografi,,,
lapisan air bumi,concept,Lapisan air bumi,C1-Mengingat,1.0,1.0
objek materi geografi,concept,Objek materi geografi,C1-Mengingat,1.0,1.0
q_79e224a976,question,Lapisan air yang ada di bumi seperti sungai dan laut disebut sebagai apa dalam kajian geografi?,C1-Mengingat,1.0,
pengertian dasar geografi,concept,Pengertian dasar geografi,,,
objek formal geografi,concept,Objek formal geografi,,,
ilmu pengetahuan alam,topic_coarse,Ilmu Pengetahuan Alam,,,
asal kata istilah atmosfer,topic_fine,Asal Kata Istilah Atmosfer,,,
atmosfer,concept,Atmosfer,C6-Mencipta,5.0,3.0
bahasa yunani,concept,Bahasa Yunani,C1-Mengingat,1.0,2.0
atmos,concept,Atmos,C1-Mengingat,1.0,1.0
q_2a4c8d16d4,question,Apa arti dari kata 'atmos' dalam bahasa Yunani yang menjadi asal kata atmosfer?,C1-Mengingat,1.0,
kosakata bahasa yunani,concept,Kosakata Bahasa Yunani,,,
komposisi atmosfer,concept,Komposisi Atmosfer,C5-Mengevaluasi,4.0,2.0
fungsi atmosfer,concept,Fungsi atmosfer,,,
gas komposisi atmosfer,concept,Gas komposisi atmosfer,C1-Mengingat,1.0,1.0
nitrogen,concept,Nitrogen,C1-Mengingat,1.0,1.0
oksigen,concept,Oksigen,C1-Mengingat,1.0,2.0
q_952c661c73,question,Sebutkan dua gas dengan komposisi terbesar yang membentuk atmosfer,C1-Mengingat,1.0,
definisi atmosfer,concept,Definisi Atmosfer,,,
struktur lapisan atmosfer,concept,Struktur lapisan atmosfer,,,
budaya dan masyarakat,topic_coarse,Budaya dan Masyarakat,,,
contoh rumah adat,topic_fine,Contoh rumah adat,,,
bentuk rumah adat,concept,Bentuk rumah adat,C1-Mengingat,1.0,1.0
budaya,concept,Budaya,C4-Menganalisis,4.0,4.0
q_c655d51dfb,question,Sebutkan tiga contoh bentuk rumah adat yang disebutkan dalam teks,C1-Mengingat,1.0,
definisi budaya,concept,Definisi Budaya,C6-Mencipta,5.0,3.0
keragaman sosial budaya,concept,Keragaman Sosial Budaya,C6-Mencipta,5.0,2.0
sejarah indonesia,topic_coarse,Sejarah Indonesia,,,
tragedi trisakti,topic_fine,Tragedi Trisakti,C6-Mencipta,5.0,2.0
nama korban,concept,Nama korban,C1-Mengingat,1.0,1.0
q_2f00b7b197,question,Kapan Tragedi Trisakti terjadi dan sebutkan salah satu nama korban yang tewas?,C1-Mengingat,1.0,
peristiwa politik orde baru,concept,Peristiwa politik Orde Baru,,,
gerakan mahasiswa menuntut reformasi,concept,Gerakan mahasiswa menuntut Reformasi,,,
sejarah perang dunia ii,topic_coarse,Sejarah Perang Dunia II,,,
kedatangan sekutu di surabaya,topic_fine,Kedatangan Sekutu di Surabaya,,,
jenderal inggris,concept,Jenderal Inggris,C1-Mengingat,1.0,1.0
peristiwa surabaya,concept,Peristiwa Surabaya,C1-Mengingat,1.0,1.0
afnei,concept,AFNEI,C1-Mengingat,1.0,1.0
nica,concept,NICA,C2-Memahami,2.0,2.0
q_d5d4376ad8,question,Siapa nama jenderal Inggris yang tewas di Surabaya?,C1-Mengingat,1.0,
peristiwa proklamasi kemerdekaan,concept,Peristiwa Proklamasi Kemerdekaan,,,
perjuangan mempertahankan kemerdekaan,concept,Perjuangan mempertahankan kemerdekaan,,,
atmosfer bumi,topic_coarse,Atmosfer Bumi,C6-Mencipta,5.0,1.0
unsur pembentuk iklim dan cuaca,topic_fine,Unsur pembentuk iklim dan cuaca,,,
gas nitrogen,concept,Gas nitrogen,C1-Mengingat,1.0,1.0
q_366f206f32,question,Sebutkan unsur-unsur pembentuk iklim dan cuaca yang disebutkan dalam teks,C1-Mengingat,1.0,
peran atmosfer,concept,Peran Atmosfer,C2-Memahami,2.0,1.0
sosiologi dan perubahan sosial,topic_coarse,Sosiologi dan Perubahan Sosial,,,
penyebab transformasi sosial,topic_fine,Penyebab Transformasi Sosial,,,
transformasi sosial,concept,Transformasi Sosial,C6-Mencipta,5.0,3.0
peristiwa historis,concept,Peristiwa Historis,C1-Mengingat,1.0,1.0
pasca tahun 1990-an,concept,Pasca Tahun 1990-an,C1-Mengingat,1.0,1.0
q_4a9a91785a,question,Peristiwa historis apa yang disebut sebagai penyebab utama terjadinya transformasi sosial pasca tahun 1990-an?,C1-Mengingat,1.0,
perubahan sosial,concept,Perubahan Sosial,C6-Mencipta,5.0,6.0
dampak negatif globalisasi,concept,Dampak Negatif Globalisasi,,,
jenis-jenis perubahan sosial,concept,Jenis-jenis perubahan sosial,,,
keuangan daerah,topic_coarse,Keuangan Daerah,,,
definisi anggaran pendapatan dan belanja daerah,topic_fine,Definisi Anggaran Pendapatan dan Belanja Daerah,,,
apbd,concept,APBD,C4-Menganalisis,4.0,6.0
rencana keuangan tahunan pemda,concept,Rencana keuangan tahunan Pemda,C1-Mengingat,1.0,1.0
"alat alokasi, distribusi, dan stabilisasi",concept,"Alat alokasi, distribusi, dan stabilisasi",C1-Mengingat,1.0,1.0
q_b9f38faa6f,question,Apa definisi dari APBD? ,C1-Mengingat,1.0,
pemerintah daerah,concept,Pemerintah Daerah,,,
struktur apbd,concept,Struktur APBD,,,
pendapatan daerah,concept,Pendapatan Daerah,C3-Menerapkan,3.0,2.0
model-model pemberdayaan komunitas,topic_fine,Model-model pemberdayaan komunitas,,,
model top-down,concept,Model Top-Down,C5-Mengevaluasi,4.0,3.0
model bottom-up,concept,Model Bottom-Up,C5-Mengevaluasi,4.0,2.0
q_4dfa0c8cdc,question,Sebutkan dua model pemberdayaan komunitas yang dijelaskan dalam teks.,C1-Mengingat,1.0,
kelebihan dan kekurangan model pemberdayaan,concept,Kelebihan dan kekurangan model pemberdayaan,,,
tokoh bapak sejarah,topic_fine,Tokoh Bapak Sejarah,,,
bapak sejarah,concept,Bapak Sejarah,C1-Mengingat,1.0,1.0
q_e805a13c4d,question,Siapakah tokoh yang dijuluki sebagai 'Bapak Sejarah'?,C1-Mengingat,1.0,
pengertian sejarah,concept,Pengertian Sejarah,,,
metode penelitian sejarah,concept,Metode penelitian sejarah,C3-Menerapkan,3.0,1.0
pengaruh ketinggian terhadap suhu,topic_fine,Pengaruh Ketinggian Terhadap Suhu,,,
penurunan suhu udara,concept,Penurunan Suhu Udara,C1-Mengingat,1.0,1.0
ketinggian,concept,Ketinggian,C1-Mengingat,1.0,1.0
suhu udara,concept,Suhu Udara,C1-Mengingat,1.0,1.0
q_9392443f09,question,Berapa rata-rata penurunan suhu udara untuk setiap kenaikan ketinggian 100 meter?,C1-Mengingat,1.0,
konsep dasar tentang iklim,concept,Konsep dasar tentang iklim,,,
pengaruh ketinggian terhadap vegetasi,concept,Pengaruh Ketinggian Terhadap Vegetasi,,,
fenomena atmosfer,concept,Fenomena Atmosfer,,,
sejarah perjuangan bangsa,topic_coarse,Sejarah Perjuangan Bangsa,,,
kebijakan politik etis,topic_fine,Kebijakan Politik Etis,,,
program politik etis,concept,Program Politik Etis,C1-Mengingat,1.0,1.0
kebijakan kolonial,concept,Kebijakan Kolonial,C1-Mengingat,1.0,1.0
q_1701721426,question,Sebutkan tiga program yang dijalankan dalam kebijakan Politik Etis!,C1-Mengingat,1.0,
politik kolonial,concept,Politik Kolonial,,,
dampak politik etis,concept,Dampak Politik Etis,,,
perubahan iklim,topic_coarse,Perubahan Iklim,C5-Mengevaluasi,5.0,6.0
peningkatan suhu rata-rata global,topic_fine,Peningkatan Suhu Rata-rata Global,,,
kenaikan suhu rata-rata global,concept,Kenaikan suhu rata-rata global,C1-Mengingat,1.0,1.0
intergovernmental panel on climate change (ipcc),concept,Intergovernmental Panel on Climate Change (IPCC),C1-Mengingat,1.0,1.0
q_e1369b6715,question,Berapa perkiraan kenaikan suhu rata-rata global menurut Intergovernmental Panel on Climate Change (IPCC) tahun 2021?,C1-Mengingat,1.0,
definisi perubahan iklim,concept,Definisi Perubahan Iklim,C6-Mencipta,5.0,4.0
dampak perubahan iklim,concept,Dampak Perubahan Iklim,C3-Menerapkan,3.0,1.0
penyebab perubahan iklim,concept,Penyebab perubahan iklim,,,
pengukuran pertumbuhan ekonomi,topic_fine,Pengukuran Pertumbuhan Ekonomi,,,
produk domestik bruto (pdb),concept,Produk Domestik Bruto (PDB),C6-Mencipta,5.0,7.0
definisi pdb,concept,Definisi PDB,C1-Mengingat,1.0,1.0
q_1f2bfd8923,question,Apa kepanjangan dari PDB dan apa yang diukurnya?,C1-Mengingat,1.0,
pertumbuhan ekonomi,concept,Pertumbuhan Ekonomi,C6-Mencipta,5.0,12.0
indikator pertumbuhan ekonomi,concept,Indikator Pertumbuhan Ekonomi,C5-Mengevaluasi,4.0,1.0
ketenagakerjaan,topic_coarse,Ketenagakerjaan,,,
definisi pengangguran,topic_fine,Definisi Pengangguran,C2-Memahami,2.0,1.0
pengangguran,concept,Pengangguran,C5-Mengevaluasi,4.0,7.0
angkatan kerja,concept,Angkatan Kerja,C2-Memahami,2.0,4.0
kondisi mencari kerja,concept,Kondisi Mencari Kerja,C1-Mengingat,1.0,1.0
q_3eb1e79935,question,Apa definisi pengangguran menurut konteks tersebut?,C1-Mengingat,1.0,
konsep dasar ketenagakerjaan,concept,Konsep dasar ketenagakerjaan,,,
jenis-jenis pengangguran,concept,Jenis-jenis Pengangguran,,,
zona waktu indonesia,topic_fine,Zona Waktu Indonesia,C6-Mencipta,5.0,1.0
zona waktu,concept,Zona Waktu,C5-Mengevaluasi,4.0,2.0
keputusan presiden nomor 41 tahun 1987,concept,Keputusan Presiden Nomor 41 Tahun 1987,C1-Mengingat,1.0,1.0
q_ad9d8b4ebe,question,"Berdasarkan Keputusan Presiden Nomor 41 Tahun 1987, ada berapa zona waktu yang ditetapkan di Indonesia?",C1-Mengingat,1.0,
pengetahuan tentang pembagian zona waktu,concept,Pengetahuan tentang pembagian zona waktu,,,
sejarah uang,topic_coarse,Sejarah Uang,,,
peredaran uang kertas tertua,topic_fine,Peredaran Uang Kertas Tertua,,,
jiaozi,concept,Jiaozi,C1-Mengingat,1.0,1.0
era dinasti,concept,Era Dinasti,C1-Mengingat,1.0,1.0
negara,concept,Negara,C1-Mengingat,1.0,2.0
q_217259097f,question,"Pada era dinasti apa dan di negara mana uang kertas tertua di dunia, Jiaozi, pertama kali beredar?",C1-Mengingat,1.0,
sistem barter,concept,Sistem Barter,C5-Mengevaluasi,4.0,6.0
evolusi sistem moneter,concept,Evolusi Sistem Moneter,,,
keterampilan dasar,topic_coarse,Keterampilan Dasar,,,
kemampuan aksara,topic_fine,Kemampuan aksara,C1-Mengingat,1.0,1.0
tiga kemampuan dasar,concept,Tiga kemampuan dasar,C1-Mengingat,1.0,1.0
q_de5416af06,question,Apa tiga kemampuan dasar yang termasuk dalam kemampuan aksara?,C1-Mengingat,1.0,
dasar-dasar literasi,concept,Dasar-dasar literasi,,,
jenis-jenis aksara,concept,Jenis-jenis aksara,,,
pembelajaran membaca,concept,Pembelajaran membaca,,,
sosiologi konflik,topic_coarse,Sosiologi Konflik,,,
teori konflik kelas,topic_fine,Teori Konflik Kelas,,,
konflik sosial,concept,Konflik sosial,C6-Mencipta,5.0,4.0
pertentangan kelas,concept,Pertentangan kelas,C1-Mengingat,1.0,1.0
kaum borjuis,concept,Kaum borjuis,C1-Mengingat,1.0,1.0
kaum proletar,concept,Kaum proletar,C1-Mengingat,1.0,1.0
q_76d7aea646,question,Siapakah tokoh sosiologi yang memandang konflik sebagai pertentangan kelas antara kaum borjuis dan proletar?,C1-Mengingat,1.0,
pengertian konflik sosial,concept,Pengertian Konflik Sosial,,,
teori konflik lainnya,concept,Teori konflik lainnya,,,
sejarah politik indonesia,topic_coarse,Sejarah Politik Indonesia,,,
kabinet era reformasi,topic_fine,Kabinet Era Reformasi,,,
b.j. habibie,concept,B.J. Habibie,C1-Mengingat,1.0,1.0
kabinet reformasi pembangunan,concept,Kabinet Reformasi Pembangunan,C1-Mengingat,1.0,1.0
q_1d2c457d27,question,Apa nama kabinet yang dipimpin oleh B.J. Habibie?,C1-Mengingat,1.0,
era reformasi,concept,Era Reformasi,C3-Menerapkan,3.0,1.0
tap mpr no. xi/1998,concept,Tap MPR No. XI/1998,,,
pemisahan kekuasaan,concept,Pemisahan Kekuasaan,C6-Mencipta,5.0,3.0
metodologi penelitian sejarah,topic_coarse,Metodologi Penelitian Sejarah,,,
tahapan penelitian sejarah,topic_fine,Tahapan penelitian sejarah,C5-Mengevaluasi,4.0,1.0
heuristik,concept,Heuristik,C1-Mengingat,1.0,1.0
penelitian sejarah,concept,Penelitian sejarah,C1-Mengingat,1.0,1.0
louis gottschalk,concept,Louis Gottschalk,C1-Mengingat,1.0,1.0
pengumpulan informasi,concept,Pengumpulan informasi,C5-Mengevaluasi,4.0,3.0
q_3f17acc1b8,question,Apakah definisi dari Heuristik dalam konteks penelitian sejarah?,C1-Mengingat,1.0,
kritik sumber,concept,Kritik Sumber,,,
interpretasi,concept,Interpretasi,,,
historiografi,concept,Historiografi,,,
penelitian berbasis pemecahan konflik,topic_coarse,Penelitian berbasis pemecahan konflik,C1-Mengingat,1.0,1.0
teknik pengumpulan data,topic_fine,Teknik pengumpulan data,C1-Mengingat,1.0,1.0
q_ca2c238427,question,Sebutkan dua teknik pengumpulan data yang dijelaskan dalam penelitian berbasis pemecahan konflik!,C1-Mengingat,1.0,
[],method,[],,,
tahapan penelitian berbasis pemecahan konflik,concept,Tahapan Penelitian Berbasis Pemecahan Konflik,,,
nasionalisme dan sejarah,topic_coarse,Nasionalisme dan Sejarah,,,
tokoh dan kitab keagamaan,topic_fine,Tokoh dan Kitab Keagamaan,,,
fadha’il al-jihad,concept,Fadha’il al-Jihad,C1-Mengingat,1.0,1.0
kewajiban perang suci,concept,Kewajiban perang suci,C1-Mengingat,1.0,1.0
penjajah,concept,Penjajah,C1-Mengingat,1.0,1.0
q_56a733e460,question,Siapakah tokoh yang menulis kitab 'Fadha’il al-Jihad' yang berisi tentang kewajiban perang suci melawan penjajah?,C1-Mengingat,1.0,
pengetahuan tentang nasionalisme,concept,Pengetahuan tentang nasionalisme,,,
perang dan konflik asia,concept,Perang dan Konflik Asia,,,
pembangunan wilayah,topic_coarse,Pembangunan Wilayah,C5-Mengevaluasi,5.0,1.0
konsep society 5.0,topic_fine,Konsep Society 5.0,,,
society 5.0,concept,Society 5.0,C2-Memahami,2.0,2.0
q_a189a4ebdb,question,"Menurut teks, konsep Society 5.0 diusung oleh negara mana?",C1-Mengingat,1.0,
strategi sosial globalisasi,topic_coarse,Strategi Sosial Globalisasi,,,
perbedaan kewirausahaan biasa dan sosial,topic_fine,Perbedaan Kewirausahaan Biasa dan Sosial,,,
kewirausahaan biasa,concept,Kewirausahaan biasa,C1-Mengingat,1.0,1.0
kewirausahaan sosial,concept,Kewirausahaan sosial,C1-Mengingat,1.0,1.0
q_bd1fb54f1d,question,"Menurut teks, apa perbedaan utama antara kewirausahaan biasa dengan kewirausahaan sosial?",C1-Mengingat,1.0,
konsep kewirausahaan,concept,Konsep kewirausahaan,,,
analisis dampak sosial kewirausahaan,concept,Analisis dampak sosial kewirausahaan,,,
sejarah penjelajahan samudra,topic_coarse,Sejarah Penjelajahan Samudra,,,
penaklukan malaka oleh portugal,topic_fine,Penaklukan Malaka oleh Portugal,,,
tokoh portugis,concept,Tokoh Portugis,C1-Mengingat,1.0,1.0
penaklukan malaka,concept,Penaklukan Malaka,C1-Mengingat,1.0,1.0
tahun 1511,concept,Tahun 1511,C1-Mengingat,1.0,1.0
q_87384c2de6,question,Siapakah tokoh dari Portugal yang berhasil menguasai Malaka pada tahun 1511?,C1-Mengingat,1.0,
sejarah jalur rempah,concept,Sejarah Jalur Rempah,,,
dampak kolonialisme eropa,concept,Dampak kolonialisme Eropa,,,
pemberontakan ideologis jawa barat,topic_fine,Pemberontakan Ideologis Jawa Barat,,,
pemberontakan kartosuwiryo,concept,Pemberontakan Kartosuwiryo,C1-Mengingat,1.0,1.0
era demokrasi liberal,concept,Era Demokrasi Liberal,C5-Mengevaluasi,4.0,2.0
q_d4f5e42939,question,Apa nama pemberontakan ideologis di Jawa Barat yang dipimpin Kartosuwiryo?,C1-Mengingat,1.0,
pemberontakan prri,concept,Pemberontakan PRRI,C6-Mencipta,5.0,4.0
sosiologi dan masyarakat,topic_coarse,Sosiologi dan Masyarakat,,,
konsep harmoni sosial,topic_fine,Konsep Harmoni Sosial,,,
perpecahan,concept,Perpecahan,C3-Menerapkan,3.0,2.0
konsep yang merusak harmoni sosial,concept,Konsep yang merusak harmoni sosial,C1-Mengingat,1.0,1.0
q_95cc727824,question,"Berdasarkan teks, sebutkan dua konsep yang berpotensi merusak harmoni sosial.",C1-Mengingat,1.0,
harmoni sosial,concept,Harmoni Sosial,C6-Mencipta,5.0,7.0
pencegahan perpecahan,concept,Pencegahan perpecahan,C2-Memahami,2.0,1.0
cara mencapai harmoni sosial,concept,Cara mencapai harmoni sosial,,,
demografi penduduk,topic_coarse,Demografi Penduduk,,,
proses demografi,topic_fine,Proses Demografi,,,
kelahiran (natalitas),concept,Kelahiran (Natalitas),C3-Menerapkan,3.0,5.0
kematian (mortalitas),concept,Kematian (Mortalitas),C3-Menerapkan,3.0,3.0
perpindahan (migrasi),concept,Perpindahan (migrasi),C1-Mengingat,1.0,2.0
q_8f9e819030,question,Sebutkan tiga proses demografi yang memengaruhi perubahan penduduk!,C1-Mengingat,1.0,
definisi penduduk,concept,Definisi Penduduk,,,
dinamika kependudukan,concept,Dinamika Kependudukan,C6-Mencipta,5.0,1.0
pertumbuhan penduduk,concept,Pertumbuhan Penduduk,C3-Menerapkan,3.0,2.0
persebaran flora fauna,topic_coarse,Persebaran Flora Fauna,,,
faktor pengaruh persebaran,topic_fine,Faktor Pengaruh Persebaran,,,
faktor persebaran flora fauna,concept,Faktor persebaran flora fauna,C5-Mengevaluasi,4.0,2.0
hewan pemindah biji durian,concept,Hewan pemindah biji durian,C1-Mengingat,1.0,1.0
q_0da0cef2cd,question,"Menurut teks, contoh hewan yang mampu memindahkan biji durian adalah...",C1-Mengingat,1.0,
faktor-faktor yang mempengaruhi persebaran flora fauna,concept,Faktor-faktor yang mempengaruhi persebaran flora fauna,,,
peran manusia dalam persebaran flora fauna,concept,Peran manusia dalam persebaran flora fauna,,,
konsep dasar keuangan,topic_coarse,Konsep Dasar Keuangan,,,
sistem pertukaran barang sebelum uang,topic_fine,Sistem Pertukaran Barang Sebelum Uang,,,
uang,concept,Uang,C6-Mencipta,5.0,2.0
pertukaran barang,concept,Pertukaran Barang,C3-Menerapkan,3.0,2.0
q_4c49b534fe,question,Apa nama sistem pertukaran barang sebelum uang digunakan sebagai alat pembayaran?,C1-Mengingat,1.0,
pengertian uang,concept,Pengertian Uang,,,
fungsi uang,concept,Fungsi uang,,,
asal usul siklosporin,topic_fine,Asal Usul Siklosporin,,,
siklosporin,concept,Siklosporin,C1-Mengingat,1.0,1.0
transplantasi jaringan manusia,concept,Transplantasi jaringan manusia,C1-Mengingat,1.0,1.0
q_8115d528bb,question,"Dari mana siklosporin, yang berguna untuk transplantasi jaringan manusia, dikembangkan?",C1-Mengingat,1.0,
pengetahuan tentang senyawa medis,concept,Pengetahuan tentang senyawa medis,,,
aplikasi siklosporin dalam kedokteran,concept,Aplikasi Siklosporin dalam kedokteran,,,
literasi finansial,topic_coarse,Literasi Finansial,C5-Mengevaluasi,4.0,3.0
jenis pengeluaran keuangan,topic_fine,Jenis Pengeluaran Keuangan,,,
pengeluaran jangka pendek,concept,Pengeluaran Jangka Pendek,C3-Menerapkan,3.0,2.0
pengeluaran jangka panjang,concept,Pengeluaran Jangka Panjang,C3-Menerapkan,3.0,2.0
q_8ee028c029,question,Sebutkan dua contoh pengeluaran jangka pendek dan dua contoh pengeluaran jangka panjang!,C1-Mengingat,1.0,
konsep dasar pengelolaan keuangan,concept,Konsep dasar pengelolaan keuangan,,,
analisis anggaran keuangan,concept,Analisis anggaran keuangan,,,
perencanaan keuangan,concept,Perencanaan keuangan,,,
akuntansi keuangan,topic_coarse,Akuntansi Keuangan,,,
syarat kualitatif laporan keuangan,topic_fine,Syarat kualitatif laporan keuangan,C1-Mengingat,1.0,1.0
laporan keuangan,concept,Laporan Keuangan,C6-Mencipta,5.0,6.0
q_47af4db4d2,question,Sebutkan empat syarat kualitatif yang harus dipenuhi oleh sebuah laporan keuangan.,C1-Mengingat,1.0,
pengertian laporan keuangan,concept,Pengertian Laporan Keuangan,,,
aspek-aspek laporan keuangan,concept,Aspek-aspek laporan keuangan,,,
ilmu negara/pembangunan,topic_coarse,Ilmu Negara/Pembangunan,,,
konflik keamanan awal orde lama,topic_fine,Konflik Keamanan Awal Orde Lama,,,
konflik utama orde lama,concept,Konflik utama Orde Lama,C1-Mengingat,1.0,1.0
ketidakstabilan keamanan negara,concept,Ketidakstabilan keamanan negara,C1-Mengingat,1.0,1.0
q_8ca7d566a9,question,Sebutkan dua konflik utama yang menyebabkan kondisi keamanan negara tidak stabil pada awal masa Orde Lama!,C1-Mengingat,1.0,
periode orde lama,concept,Periode Orde Lama,C6-Mencipta,5.0,2.0
kondisi politik orde lama,concept,Kondisi politik Orde Lama,,,
sosiologi lembaga sosial,topic_coarse,Sosiologi Lembaga Sosial,,,
definisi norma dalam masyarakat,topic_fine,Definisi Norma dalam Masyarakat,,,
norma,concept,Norma,C2-Memahami,2.0,2.0
lembaga sosial,concept,Lembaga Sosial,C5-Mengevaluasi,5.0,4.0
q_2a89b7fc5c,question,Apa yang dimaksud dengan norma?,C1-Mengingat,1.0,
konsep dasar masyarakat,concept,Konsep dasar masyarakat,,,
fungsi lembaga sosial,concept,Fungsi Lembaga Sosial,,,
bencana alam dan nonalam,topic_coarse,Bencana Alam dan Nonalam,,,
aspek dinamika bencana,topic_fine,Aspek Dinamika Bencana,,,
dinamika bencana,concept,Dinamika Bencana,C5-Mengevaluasi,5.0,2.0
kerentanan,concept,Kerentanan,C3-Menerapkan,3.0,2.0
ancaman,concept,Ancaman,C5-Mengevaluasi,5.0,3.0
kapasitas,concept,Kapasitas,C3-Menerapkan,3.0,3.0
q_0ea981ba64,question,Sebutkan tiga aspek yang membentuk dinamika bencana.,C1-Mengingat,1.0,
definisi bencana,concept,Definisi Bencana,,,
jenis-jenis kerentanan,concept,Jenis-jenis Kerentanan,,,
ilmu atmosfer,topic_coarse,Ilmu Atmosfer,,,
fenomena cuaca di atmosfer,topic_fine,Fenomena Cuaca di Atmosfer,,,
fenomena cuaca,concept,Fenomena cuaca,C1-Mengingat,1.0,1.0
hujan,concept,Hujan,C1-Mengingat,1.0,1.0
awan,concept,Awan,C1-Mengingat,1.0,1.0
q_c6e378b045,question,Di lapisan atmosfer manakah sebagian besar fenomena cuaca seperti hujan dan awan terjadi?,C1-Mengingat,1.0,
definisi lapisan atmosfer,concept,Definisi Lapisan Atmosfer,,,
peran atmosfer bagi kehidupan,concept,Peran atmosfer bagi kehidupan,C5-Mengevaluasi,4.0,2.0
keuangan negara,topic_coarse,Keuangan Negara,,,
anggaran pendapatan dan belanja negara,topic_fine,Anggaran Pendapatan dan Belanja Negara,,,
apbn,concept,APBN,C6-Mencipta,5.0,7.0
rencana keuangan tahunan pemerintah,concept,Rencana keuangan tahunan pemerintah,C1-Mengingat,1.0,2.0
penggunaan apbn untuk pandemi,concept,Penggunaan APBN untuk pandemi,C1-Mengingat,1.0,1.0
q_fa1251c1b8,question,"Menurut teks, program apa yang menjadi contoh nyata penggunaan APBN untuk menanggulangi pandemi?",C1-Mengingat,1.0,
definisi apbn,concept,Definisi APBN,,,
fungsi apbn,concept,Fungsi APBN,C3-Menerapkan,3.0,2.0
siklus anggaran,concept,Siklus Anggaran,,,
geopolitik indonesia,topic_coarse,Geopolitik Indonesia,,,
luas wilayah indonesia,topic_fine,Luas wilayah Indonesia,C1-Mengingat,1.0,1.0
badan informasi geospasial (big),concept,Badan Informasi Geospasial (BIG),C1-Mengingat,1.0,1.0
q_6a61846000,question,Berapakah luas total wilayah Indonesia menurut Badan Informasi Geospasial (BIG)?,C1-Mengingat,1.0,
pengetahuan dasar tentang geopolitik,concept,Pengetahuan dasar tentang Geopolitik,,,
potensi kerja sama internasional indonesia,concept,Potensi Kerja Sama Internasional Indonesia,C5-Mengevaluasi,4.0,1.0
sejarah kolonialisme,topic_coarse,Sejarah Kolonialisme,,,
pendirian vereenigde oostindische compagnie,topic_fine,Pendirian Vereenigde Oostindische Compagnie,,,
vereenigde oostindische compagnie (voc),concept,Vereenigde Oostindische Compagnie (VOC),C1-Mengingat,1.0,1.0
pendirian voc,concept,Pendirian VOC,C1-Mengingat,1.0,1.0
q_418cc257ae,question,Kapan Vereenigde Oostindische Compagnie (VOC) didirikan?,C1-Mengingat,1.0,
botani dan ekologi,topic_coarse,Botani dan Ekologi,,,
flora endemik dan bahan baku,topic_fine,Flora Endemik dan Bahan Baku,,,
minyak kayu putih,concept,Minyak kayu putih,C1-Mengingat,1.0,1.0
tanaman bahan utama,concept,Tanaman bahan utama,C1-Mengingat,1.0,1.0
q_097e7b6e30,question,Tanaman apa yang menjadi bahan utama untuk pembuatan minyak kayu putih?,C1-Mengingat,1.0,
pengetahuan tentang tanaman obat,concept,Pengetahuan tentang tanaman obat,,,
proses pembuatan minyak atsiri,concept,Proses pembuatan minyak atsiri,,,
klasifikasi tumbuhan,concept,Klasifikasi Tumbuhan,,,
biologi lingkungan,topic_coarse,Biologi Lingkungan,,,
xerophyta,concept,Xerophyta,C1-Mengingat,1.0,1.0
definisi,concept,Definisi,C1-Mengingat,1.0,1.0
q_8687b11a9a,question,Apakah definisi dari tumbuhan Xerophyta?,C1-Mengingat,1.0,
jenis-jenis tumbuhan,concept,Jenis-jenis Tumbuhan,,,
adaptasi tumbuhan,concept,Adaptasi tumbuhan,C4-Menganalisis,4.0,1.0
perbandingan tingkat literasi finansial,topic_fine,Perbandingan Tingkat Literasi Finansial,,,
tingkat literasi finansial indonesia,concept,Tingkat literasi finansial Indonesia,C1-Mengingat,1.0,1.0
tingkat literasi finansial singapura,concept,Tingkat literasi finansial Singapura,C1-Mengingat,1.0,1.0
tingkat literasi finansial malaysia,concept,Tingkat literasi finansial Malaysia,C1-Mengingat,1.0,1.0
data penelitian bank dunia 2015,concept,Data penelitian Bank Dunia 2015,C1-Mengingat,1.0,1.0
q_9a2a9ef04d,question,"Menurut penelitian Bank Dunia tahun 2015, bagaimana perbandingan tingkat literasi finansial Indonesia dengan negara teta",C1-Mengingat,1.0,
definisi literasi finansial,concept,Definisi Literasi Finansial,C5-Mengevaluasi,4.0,1.0
dampak literasi finansial,concept,Dampak literasi finansial,,,
strategi peningkatan literasi finansial,concept,Strategi Peningkatan Literasi Finansial,,,
manajemen konflik,topic_coarse,Manajemen Konflik,C6-Mencipta,5.0,4.0
pendekatan dalam penanganan konflik,topic_fine,Pendekatan dalam Penanganan Konflik,,,
pencegahan konflik,concept,Pencegahan Konflik,C6-Mencipta,5.0,6.0
penanganan konflik,concept,Penanganan Konflik,C3-Menerapkan,3.0,3.0
q_d100174d99,question,Sebutkan dua pendekatan yang digunakan dalam manajemen konflik.,C1-Mengingat,1.0,
jenis-jenis pengangguran berdasarkan sifat,topic_fine,Jenis-jenis pengangguran berdasarkan sifat,,,
pengangguran terbuka,concept,Pengangguran Terbuka,C4-Menganalisis,4.0,4.0
setengah menganggur,concept,Setengah Menganggur,C4-Menganalisis,4.0,4.0
pengangguran terselubung,concept,Pengangguran Terselubung,C4-Menganalisis,4.0,2.0
q_b6238fb213,question,Sebutkan tiga jenis pengangguran berdasarkan sifatnya!,C1-Mengingat,1.0,
penyebab pengangguran,concept,Penyebab pengangguran,,,
solusi pengangguran,concept,Solusi pengangguran,,,
sejarah islam nusantara,topic_coarse,Sejarah Islam Nusantara,,,
teori masuknya islam,topic_fine,Teori Masuknya Islam,C4-Menganalisis,4.0,1.0
teori arab mengenai masuknya islam,concept,Teori Arab mengenai masuknya Islam,C1-Mengingat,1.0,1.0
tokoh pendukung teori,concept,Tokoh pendukung teori,C1-Mengingat,1.0,1.0
q_7eb526a9e0,question,Sebutkan tiga tokoh pendukung Teori Arab mengenai masuknya Islam ke Nusantara,C1-Mengingat,1.0,
versi waktu masuknya islam di nusantara,concept,Versi waktu masuknya Islam di Nusantara,,,
bukti-bukti masuknya islam di nusantara,concept,Bukti-bukti masuknya Islam di Nusantara,,,
perkembangan pengaruh islam di nusantara,concept,Perkembangan Pengaruh Islam di Nusantara,,,
kongsi dagang belanda di indonesia,topic_fine,Kongsi Dagang Belanda di Indonesia,,,
kongsi dagang belanda,concept,Kongsi Dagang Belanda,C1-Mengingat,1.0,1.0
indonesia,concept,Indonesia,C4-Menganalisis,4.0,2.0
penjelajahan samudra,concept,Penjelajahan Samudra,C1-Mengingat,1.0,1.0
kolonialisme,concept,Kolonialisme,C5-Mengevaluasi,5.0,2.0
q_cdb9701ee8,question,Apa nama kongsi dagang yang didirikan oleh Belanda untuk beroperasi di Indonesia?,C1-Mengingat,1.0,
latar belakang kedatangan bangsa eropa,concept,Latar belakang kedatangan bangsa Eropa,,,
peran rempah-rempah dalam perdagangan global,concept,Peran rempah-rempah dalam perdagangan global,,,
struktur pemerintahan kolonial belanda,concept,Struktur pemerintahan kolonial Belanda,,,
biologi dan keanekaragaman hayati,topic_coarse,Biologi dan Keanekaragaman Hayati,,,
sumber antibiotik dari mikroorganisme,topic_fine,Sumber Antibiotik dari Mikroorganisme,,,
antibiotik,concept,Antibiotik,C1-Mengingat,1.0,1.0
mikroorganisme,concept,Mikroorganisme,C1-Mengingat,1.0,1.0
q_af46707296,question,Sebutkan dua contoh antibiotik yang diperoleh dari mikroorganisme.,C1-Mengingat,1.0,
mikrobiologi dasar,concept,Mikrobiologi dasar,,,
mekanisme kerja antibiotik,concept,Mekanisme kerja antibiotik,,,
proses sintesis antibiotik,concept,Proses sintesis antibiotik,,,
penelitian konflik sosial,topic_coarse,Penelitian Konflik Sosial,,,
pihak terlibat dalam kasus konflik,topic_fine,Pihak Terlibat dalam Kasus Konflik,,,
pihak yang terlibat dalam konflik,concept,Pihak yang terlibat dalam konflik,C1-Mengingat,1.0,1.0
contoh kasus konflik,concept,Contoh kasus konflik,C1-Mengingat,1.0,1.0
q_5d14cbcc99,question,Siapa saja pihak yang terlibat dalam contoh kasus konflik di Desa Sumber Aman?,C1-Mengingat,1.0,
identifikasi komponen konflik,concept,Identifikasi komponen konflik,C6-Mencipta,5.0,3.0
anggaran pendapatan dan belanja negara (apbn),concept,Anggaran Pendapatan dan Belanja Negara (APBN),C6-Mencipta,5.0,7.0
penerimaan dan pengeluaran negara,concept,Penerimaan dan Pengeluaran Negara,C3-Menerapkan,3.0,3.0
q_b4dfacb36e,question,Apa yang dimaksud dengan Anggaran Pendapatan dan Belanja Negara (APBN)?,C1-Mengingat,1.0,
konsep dasar keuangan negara,concept,Konsep dasar keuangan negara,,,
komponen apbn,concept,Komponen APBN,,,
proses penetapan apbn,concept,Proses Penetapan APBN,,,
contoh perubahan sosial cakupan kecil,topic_fine,Contoh perubahan sosial cakupan kecil,,,
perubahan dengan cakupan kecil,concept,Perubahan dengan cakupan kecil,C1-Mengingat,1.0,1.0
q_9f46eca8f1,question,Sebutkan satu contoh perubahan sosial dengan cakupan kecil yang dijelaskan dalam teks!,C1-Mengingat,1.0,
definisi perubahan sosial,concept,Definisi Perubahan Sosial,C6-Mencipta,5.0,1.0
kategori perubahan sosial,concept,Kategori perubahan sosial,,,
apbn/apbd,concept,APBN/APBD,C1-Mengingat,1.0,1.0
q_53ac0a079b,question,Apa definisi dari Kebijakan Fiskal? ,C1-Mengingat,1.0,
perekonomian,concept,Perekonomian,,,
kebijakan fiskal ekspansif,concept,Kebijakan Fiskal Ekspansif,C6-Mencipta,5.0,4.0
kebijakan fiskal kontraktif,concept,Kebijakan Fiskal Kontraktif,C6-Mencipta,5.0,3.0
sejarah regional global,topic_coarse,Sejarah Regional Global,,,
organisasi regional asia tenggara,topic_fine,Organisasi regional Asia Tenggara,,,
keterkaitan sejarah regional dan global,concept,Keterkaitan sejarah regional dan global,C1-Mengingat,1.0,1.0
jalur perdagangan kuno,concept,Jalur Perdagangan Kuno,C1-Mengingat,1.0,1.0
q_5d5aac1582,question,Organisasi regional apa yang disebutkan dalam teks sebagai contoh di kawasan Asia Tenggara?,C1-Mengingat,1.0,
contoh historis keterkaitan regional global,concept,Contoh historis keterkaitan regional global,,,
sosiologi,topic_coarse,Sosiologi,,,
diferensiasi sosial,topic_fine,Diferensiasi Sosial,C6-Mencipta,5.0,6.0
penggolongan masyarakat horizontal,concept,Penggolongan masyarakat horizontal,C1-Mengingat,1.0,1.0
suku bangsa (etnis),concept,Suku Bangsa (Etnis),C5-Mengevaluasi,5.0,3.0
ras,concept,Ras,C5-Mengevaluasi,5.0,7.0
q_e4ee39a37b,question,Apa yang dimaksud dengan diferensiasi sosial?,C1-Mengingat,1.0,
diferensiasi sosial budaya,concept,Diferensiasi Sosial Budaya,C6-Mencipta,5.0,3.0
metodologi penelitian,topic_coarse,Metodologi Penelitian,,,
fungsi utama penelitian,topic_fine,Fungsi utama penelitian,C1-Mengingat,1.0,1.0
penelitian menurut nurdin & hartati (2019),concept,Penelitian menurut Nurdin & Hartati (2019),C1-Mengingat,1.0,1.0
q_a495117144,question,Sebutkan tiga fungsi utama penelitian menurut Nurdin & Hartati (2019).,C1-Mengingat,1.0,
pengertian penelitian secara umum,concept,Pengertian penelitian secara umum,,,
jenis-jenis penelitian,concept,Jenis-jenis Penelitian,,,
tahapan penelitian,concept,Tahapan Penelitian,C4-Menganalisis,4.0,1.0
makanan pokok utama sagu,topic_fine,Makanan Pokok Utama Sagu,,,
sagu,concept,Sagu,C1-Mengingat,1.0,1.0
makanan pokok utama,concept,Makanan Pokok Utama,C1-Mengingat,1.0,1.0
wilayah indonesia,concept,Wilayah Indonesia,C1-Mengingat,1.0,1.0
q_7f0873026f,question,Di wilayah Indonesia bagian mana sagu menjadi makanan pokok utama?,C1-Mengingat,1.0,
pengetahuan tentang makanan pokok di indonesia,concept,Pengetahuan tentang makanan pokok di Indonesia,,,
makanan pokok daerah lain,concept,Makanan pokok daerah lain,,,
karakteristik tanaman sagu,concept,Karakteristik tanaman sagu,,,
kerja sama internasional,topic_coarse,Kerja Sama Internasional,C6-Mencipta,5.0,5.0
bentuk-bentuk kerja sama internasional,topic_fine,Bentuk-bentuk Kerja Sama Internasional,,,
kerja sama bilateral,concept,Kerja Sama Bilateral,C6-Mencipta,5.0,12.0
kerja sama regional,concept,Kerja Sama Regional,C6-Mencipta,5.0,10.0
kerja sama multilateral,concept,Kerja Sama Multilateral,C6-Mencipta,5.0,10.0
q_672fd86ee1,question,Apa sebutan untuk kerja sama yang dijalin Indonesia dengan satu negara lain secara individual?,C1-Mengingat,1.0,
jenis-jenis kerja sama internasional,concept,Jenis-jenis kerja sama internasional,,,
contoh kerja sama internasional,concept,Contoh kerja sama internasional,,,
tujuan kerja sama internasional,concept,Tujuan kerja sama internasional,,,
politik luar negeri indonesia,topic_coarse,Politik Luar Negeri Indonesia,C2-Memahami,2.0,1.0
piagam konferensi asia-afrika 1955,topic_fine,Piagam Konferensi Asia-Afrika 1955,,,
konferensi asia-afrika 1955,concept,Konferensi Asia-Afrika 1955,C1-Mengingat,1.0,1.0
piagam kaa,concept,Piagam KAA,C1-Mengingat,1.0,1.0
q_53492fdde5,question,Apa nama piagam yang dihasilkan oleh Konferensi Asia-Afrika (KAA) 1955?,C1-Mengingat,1.0,
perang dingin,concept,Perang Dingin,C6-Mencipta,5.0,4.0
politik luar negeri bebas aktif,concept,Politik Luar Negeri Bebas Aktif,C6-Mencipta,5.0,5.0
slogan indische partij,topic_fine,Slogan Indische Partij,,,
indische partij,concept,Indische Partij,C6-Mencipta,5.0,2.0
slogan perjuangan,concept,Slogan perjuangan,C1-Mengingat,1.0,1.0
q_660f50cc1c,question,Apa slogan yang diperjuangkan oleh Indische Partij untuk mempersatukan semua penduduk Hindia Belanda?,C1-Mengingat,1.0,
faktor pendorong nasionalisme,concept,Faktor pendorong nasionalisme,,,
analisis swot dalam pemberdayaan,topic_fine,Analisis SWOT dalam Pemberdayaan,,,
analisis swot,concept,Analisis SWOT,C5-Mengevaluasi,4.0,4.0
potensi,concept,Potensi,C1-Mengingat,1.0,1.0
masalah,concept,Masalah,C1-Mengingat,1.0,1.0
peluang,concept,Peluang,C1-Mengingat,1.0,1.0
q_e6688210c7,question,"Apa kepanjangan dari analisis SWOT yang digunakan untuk memetakan potensi, masalah, dan peluang?",C1-Mengingat,1.0,
tahapan pemberdayaan komunitas,concept,Tahapan Pemberdayaan Komunitas,C4-Menganalisis,4.0,1.0
perencanaan kegiatan,concept,Perencanaan Kegiatan,C6-Mencipta,5.0,4.0
penerapan rencana kegiatan,concept,Penerapan Rencana Kegiatan,,,
isu sosial globalisasi,topic_coarse,Isu Sosial Globalisasi,,,
upaya mengatasi masalah globalisasi,topic_fine,Upaya Mengatasi Masalah Globalisasi,,,
memperkuat nasionalisme,concept,Memperkuat nasionalisme,C1-Mengingat,1.0,1.0
refleksi sejarah,concept,Refleksi sejarah,C5-Mengevaluasi,5.0,3.0
mengenal budaya bangsa,concept,Mengenal budaya bangsa,C3-Menerapkan,3.0,2.0
proyek penguatan profil pelajar pancasila,concept,Proyek Penguatan Profil Pelajar Pancasila,C5-Mengevaluasi,5.0,2.0
q_94592adb8e,question,Sebutkan lima upaya utama yang dapat dilakukan untuk mengatasi masalah akibat globalisasi.,C1-Mengingat,1.0,
pemahaman tentang masalah sosial akibat globalisasi,concept,Pemahaman tentang masalah sosial akibat globalisasi,,,
strategi penanganan tantangan global,concept,Strategi penanganan tantangan global,,,
sejarah kemerdekaan indonesia,topic_coarse,Sejarah Kemerdekaan Indonesia,,,
pembentukan republik indonesia serikat,topic_fine,Pembentukan Republik Indonesia Serikat,,,
pembentukan ris,concept,Pembentukan RIS,C6-Mencipta,5.0,2.0
taktik belanda,concept,Taktik Belanda,C1-Mengingat,1.0,1.0
republik indonesia serikat,concept,Republik Indonesia Serikat,C1-Mengingat,1.0,1.0
q_eb34c34983,question,Taktik apa yang dianggap rakyat digunakan Belanda dengan membentuk RIS?,C1-Mengingat,1.0,
hasil konferensi meja bundar (kmb),concept,Hasil Konferensi Meja Bundar (KMB),,,
sistem pemerintahan ris,concept,Sistem pemerintahan RIS,,,
negara-negara bentukan belanda,concept,Negara-negara bentukan Belanda,,,
jenis-jenis ras,topic_fine,Jenis-jenis Ras,,,
contoh ras di indonesia,concept,Contoh ras di Indonesia,C1-Mengingat,1.0,1.0
q_1de89ef2f8,question,Sebutkan tiga contoh ras yang ada di Indonesia menurut teks!,C1-Mengingat,1.0,
suku bangsa,concept,Suku Bangsa,C5-Mengevaluasi,4.0,5.0
sosiologi dan masalah sosial,topic_coarse,Sosiologi dan Masalah Sosial,,,
perspektif sosiologi untuk masalah sosial,topic_fine,Perspektif Sosiologi untuk Masalah Sosial,,,
perspektif sosiologi,concept,Perspektif Sosiologi,C5-Mengevaluasi,4.0,2.0
q_f5d55738d5,question,Sebutkan tiga perspektif sosiologi yang digunakan untuk mengatasi masalah sosial.,C1-Mengingat,1.0,
pengertian pemecahan masalah,concept,Pengertian pemecahan masalah,,,
penjelasan mendalam mengenai masing-masing perspektif sosiologi,concept,Penjelasan mendalam mengenai masing-masing perspektif sosiologi,,,
sosiologi/geografi,topic_coarse,Sosiologi/Geografi,,,
definisi globalisasi,topic_fine,Definisi Globalisasi,,,
globalisasi,concept,Globalisasi,C6-Mencipta,5.0,9.0
proses transplanet,concept,Proses transplanet,C1-Mengingat,1.0,1.0
q_bcbc6832ac,question,Siapakah ahli yang mendefinisikan globalisasi sebagai 'proses transplanet' (transplanetary process)?,C1-Mengingat,1.0,
konsep dasar globalisasi,concept,Konsep dasar globalisasi,,,
faktor pendorong globalisasi,concept,Faktor pendorong globalisasi,,,
dampak globalisasi,concept,Dampak Globalisasi,,,
pembangunan berkelanjutan,topic_coarse,Pembangunan Berkelanjutan,C6-Mencipta,5.0,10.0
tujuan pembangunan berkelanjutan (sdgs),topic_fine,Tujuan Pembangunan Berkelanjutan (SDGs),C6-Mencipta,5.0,5.0
agenda 2030,concept,Agenda 2030,C1-Mengingat,1.0,1.0
indikator pembangunan,concept,Indikator pembangunan,C5-Mengevaluasi,4.0,2.0
q_31af0dda58,question,"Menurut teks, berapa batas pendapatan harian dalam Dolar Amerika Serikat (USD) yang digunakan untuk mengukur kategori ma",C1-Mengingat,1.0,
pengetahuan dasar tentang sdgs,concept,Pengetahuan dasar tentang SDGs,,,
analisis indikator sdgs,concept,Analisis indikator SDGs,,,
implementasi sdgs,concept,Implementasi SDGs,,,
toponimi dan studi nama tempat,topic_coarse,Toponimi dan Studi Nama Tempat,,,
narasumber untuk menelusuri toponimi,topic_fine,Narasumber untuk Menelusuri Toponimi,,,
toponimi,concept,Toponimi,C5-Mengevaluasi,4.0,6.0
narasumber,concept,Narasumber,C1-Mengingat,1.0,1.0
penelusuran toponimi,concept,Penelusuran Toponimi,C1-Mengingat,1.0,1.0
q_061351eb21,question,Sebutkan dua contoh narasumber yang dapat diwawancarai untuk menelusuri toponimi,C1-Mengingat,1.0,
definisi toponimi,concept,Definisi Toponimi,,,
aspek sejarah toponimi,concept,Aspek Sejarah Toponimi,C5-Mengevaluasi,4.0,2.0
folklor dan legenda,concept,Folklor dan Legenda,,,
pemberontakan prri di luar jawa,topic_fine,Pemberontakan PRRI di luar Jawa,,,
tokoh pemimpin di/tii,concept,Tokoh pemimpin DI/TII,C1-Mengingat,1.0,1.0
prri,concept,PRRI,C1-Mengingat,1.0,1.0
sumatra,concept,Sumatra,C1-Mengingat,1.0,1.0
sulawesi,concept,Sulawesi,C1-Mengingat,1.0,1.0
q_ee78905e40,question,Sebutkan dua tokoh pemimpin DI/TII di luar Jawa Barat!,C1-Mengingat,1.0,
ketidakseimbangan pusat dan daerah,concept,Ketidakseimbangan Pusat dan Daerah,,,
aksi sosial,topic_coarse,Aksi Sosial,C6-Mencipta,5.0,1.0
tahap perencanaan aksi sosial,topic_fine,Tahap Perencanaan Aksi Sosial,,,
perencanaan aksi sosial,concept,Perencanaan Aksi Sosial,C1-Mengingat,1.0,1.0
q_59fd082996,question,Apa kepanjangan dari analisis SWOT yang digunakan dalam tahap perencanaan aksi sosial?,C1-Mengingat,1.0,
tahapan aksi sosial,concept,Tahapan Aksi Sosial,,,
melaksanakan aksi sosial,concept,Melaksanakan Aksi Sosial,,,
globalisasi dan respons,topic_coarse,Globalisasi dan Respons,,,
gerakan global kepedulian lingkungan,topic_fine,Gerakan global kepedulian lingkungan,,,
gerakan global,concept,Gerakan global,C1-Mengingat,1.0,1.0
earth hour,concept,Earth Hour,C1-Mengingat,1.0,1.0
q_617249db02,question,Apa nama gerakan global yang dicontohkan sebagai bentuk kepedulian terhadap lingkungan dengan mematikan listrik selama s,C1-Mengingat,1.0,
respons terhadap globalisasi,concept,Respons terhadap Globalisasi,,,
dinamika penduduk,topic_fine,Dinamika Penduduk,C5-Mengevaluasi,4.0,6.0
q_956af8c215,question,Apa yang dimaksud dengan dinamika penduduk?,C1-Mengingat,1.0,
q_75fa493850,question,Sebutkan empat kelompok pelaku ekonomi yang dijelaskan dalam teks.,C1-Mengingat,1.0,
pengertian pelaku ekonomi,concept,Pengertian Pelaku Ekonomi,,,
kelompok pelaku ekonomi lainnya,concept,Kelompok Pelaku Ekonomi Lainnya,,,
revolusi industri,topic_coarse,Revolusi Industri,,,
pemicu revolusi industri 3.0,topic_fine,Pemicu Revolusi Industri 3.0,,,
revolusi industri 3.0,concept,Revolusi Industri 3.0,C1-Mengingat,1.0,1.0
teknologi pemicu,concept,Teknologi pemicu,C1-Mengingat,1.0,1.0
q_b42143bcaa,question,Teknologi apa yang menjadi pemicu utama Revolusi Industri 3.0?,C1-Mengingat,1.0,
revolusi industri 1.0,concept,Revolusi Industri 1.0,C4-Menganalisis,4.0,2.0
revolusi industri 4.0,concept,Revolusi Industri 4.0,C6-Mencipta,5.0,4.0
jenis-jenis piramida penduduk,topic_fine,Jenis-jenis Piramida Penduduk,,,
jenis piramida penduduk,concept,Jenis Piramida Penduduk,C1-Mengingat,1.0,1.0
q_1050855859,question,Sebutkan tiga jenis piramida penduduk yang dijelaskan dalam materi,C1-Mengingat,1.0,
konsep dasar dinamika penduduk,concept,Konsep dasar dinamika penduduk,,,
analisis struktur penduduk,concept,Analisis Struktur Penduduk,,,
interpretasi data sensus,concept,Interpretasi data sensus,,,
sosiologi dan hukum,topic_coarse,Sosiologi dan Hukum,,,
sumber konflik sosial dalam uu,topic_fine,Sumber konflik sosial dalam UU,,,
sumber konflik sosial,concept,Sumber konflik sosial,C1-Mengingat,1.0,1.0
pasal 5 uu ri no. 7 tahun 2012,concept,Pasal 5 UU RI No. 7 Tahun 2012,C1-Mengingat,1.0,1.0
q_9752d38252,question,Sebutkan tiga dari lima sumber konflik sosial yang tercantum dalam Pasal 5 UU RI No. 7 Tahun 2012.,C1-Mengingat,1.0,
jenis-jenis konflik sosial,concept,Jenis-jenis konflik sosial,,,
penyelesaian konflik sosial,concept,Penyelesaian Konflik Sosial,,,
perbandingan kebudayaan,topic_fine,Perbandingan Kebudayaan,C1-Mengingat,1.0,1.0
q_76b7eeecfd,question,Apa istilah untuk sikap yang merasa kebudayaannya paling baik dibandingkan dengan kebudayaan lain?,C1-Mengingat,1.0,
persebaran flora dunia,topic_coarse,Persebaran Flora Dunia,,,
suhu bioma hutan tropis,topic_fine,Suhu Bioma Hutan Tropis,,,
bioma,concept,Bioma,C3-Menerapkan,3.0,3.0
hutan tropis,concept,Hutan Tropis,C5-Mengevaluasi,4.0,2.0
suhu,concept,Suhu,C4-Menganalisis,4.0,2.0
q_a6de4932fb,question,Berapa rata-rata suhu di bioma Hutan Tropis?,C1-Mengingat,1.0,
klasifikasi bioma,concept,Klasifikasi bioma,,,
karakteristik bioma lain,concept,Karakteristik Bioma Lain,,,
manfaat kebijakan perdagangan bebas,topic_fine,Manfaat Kebijakan Perdagangan Bebas,,,
kebijakan perdagangan bebas,concept,Kebijakan Perdagangan Bebas,C1-Mengingat,1.0,1.0
manfaat perdagangan bebas,concept,Manfaat Perdagangan Bebas,C1-Mengingat,1.0,1.0
q_d26853a444,question,Sebutkan tiga manfaat dari penerapan kebijakan perdagangan bebas.,C1-Mengingat,1.0,
kebijakan perdagangan internasional,concept,Kebijakan Perdagangan Internasional,C2-Memahami,2.0,1.0
kebijakan proteksi,concept,Kebijakan Proteksi,C6-Mencipta,5.0,2.0
kebijakan moneter,topic_coarse,Kebijakan Moneter,C6-Mencipta,5.0,4.0
tujuan kebijakan moneter,topic_fine,Tujuan Kebijakan Moneter,,,
bank sentral,concept,Bank Sentral,C2-Memahami,2.0,2.0
stabilitas nilai rupiah,concept,Stabilitas Nilai Rupiah,C1-Mengingat,1.0,1.0
pengendalian inflasi,concept,Pengendalian Inflasi,C1-Mengingat,1.0,1.0
q_a4cb2de084,question,Apa tujuan utama dari kebijakan moneter?,C1-Mengingat,1.0,
definisi kebijakan moneter,concept,Definisi Kebijakan Moneter,,,
jenis kebijakan moneter (ekspansif/kontraktif),concept,Jenis Kebijakan Moneter (Ekspansif/Kontraktif),,,
ekonomi dan kesenjangan,topic_coarse,Ekonomi dan Kesenjangan,,,
pengukuran ketimpangan distribusi pendapatan,topic_fine,Pengukuran ketimpangan distribusi pendapatan,C1-Mengingat,1.0,1.0
kesenjangan ekonomi,concept,Kesenjangan ekonomi,C6-Mencipta,5.0,7.0
q_bf73baecbf,question,Apa dua alat yang digunakan untuk mengukur ketimpangan distribusi pendapatan?,C1-Mengingat,1.0,
faktor penyebab kesenjangan ekonomi,concept,Faktor penyebab kesenjangan ekonomi,,,
sumber daya alam,topic_coarse,Sumber Daya Alam,C5-Mengevaluasi,5.0,2.0
klasifikasi sumber daya alam,topic_fine,Klasifikasi Sumber Daya Alam,,,
jenis sumber daya alam,concept,Jenis Sumber Daya Alam,C1-Mengingat,1.0,1.0
sifat sumber daya alam,concept,Sifat Sumber Daya Alam,C1-Mengingat,1.0,1.0
potensi sumber daya alam,concept,Potensi Sumber Daya Alam,C5-Mengevaluasi,5.0,2.0
q_2e7f43fdd6,question,Sebutkan tiga jenis sumber daya alam berdasarkan potensinya!,C1-Mengingat,1.0,
definisi sumber daya alam,concept,Definisi Sumber Daya Alam,C3-Menerapkan,3.0,1.0
klasifikasi sda berdasarkan jenis,concept,Klasifikasi SDA berdasarkan jenis,C2-Memahami,2.0,1.0
klasifikasi sda berdasarkan sifat,concept,Klasifikasi SDA berdasarkan sifat,C3-Menerapkan,3.0,2.0
ekonomi internasional,topic_coarse,Ekonomi Internasional,,,
definisi neraca pembayaran imf,topic_fine,Definisi Neraca Pembayaran IMF,,,
neraca pembayaran,concept,Neraca Pembayaran,C6-Mencipta,5.0,8.0
international monetary fund (imf),concept,International Monetary Fund (IMF),C1-Mengingat,1.0,1.0
transaksi ekonomi internasional,concept,Transaksi ekonomi internasional,C1-Mengingat,1.0,1.0
q_f4f4ec70d9,question,Sebutkan definisi neraca pembayaran menurut International Monetary Fund (IMF).,C1-Mengingat,1.0,
dasar-dasar ekonomi internasional,concept,Dasar-dasar ekonomi internasional,,,
jenis-jenis transaksi dalam neraca pembayaran,concept,Jenis-jenis transaksi dalam neraca pembayaran,,,
keputusan sidang ppki ii,topic_fine,Keputusan Sidang PPKI II,,,
sidang ppki ii,concept,Sidang PPKI II,C5-Mengevaluasi,4.0,2.0
pembentukan provinsi,concept,Pembentukan provinsi,C1-Mengingat,1.0,1.0
q_ced6999516,question,Berapa jumlah provinsi yang ditetapkan pada Sidang PPKI II?,C1-Mengingat,1.0,
sidang ppki i,concept,Sidang PPKI I,C4-Menganalisis,4.0,3.0
struktur pemerintahan indonesia,concept,Struktur Pemerintahan Indonesia,,,
media kampanye sosial,topic_fine,Media Kampanye Sosial,,,
penyebarluasan informasi,concept,Penyebarluasan Informasi,C1-Mengingat,1.0,1.0
q_338796832e,question,Media apa saja yang dapat digunakan untuk melakukan kampanye sosial?,C1-Mengingat,1.0,
berdialog,concept,Berdialog,,,
berkolaborasi,concept,Berkolaborasi,,,
koordinasi pelaksanaan bakti sosial,topic_fine,Koordinasi pelaksanaan bakti sosial,,,
langkah-langkah aksi sosial,concept,Langkah-langkah aksi sosial,C1-Mengingat,1.0,1.0
identifikasi gejala sosial,concept,Identifikasi Gejala Sosial,C4-Menganalisis,4.0,4.0
pelibatan pihak koordinasi,concept,Pelibatan pihak koordinasi,C1-Mengingat,1.0,1.0
q_1823d59e09,question,Pihak mana saja yang perlu dilibatkan untuk koordinasi saat akan melaksanakan aksi bakti sosial?,C1-Mengingat,1.0,
monitoring aksi sosial,concept,Monitoring aksi sosial,,,
organisasi militer/semimiliter jepang,topic_fine,Organisasi militer/semimiliter Jepang,,,
organisasi militer jepang,concept,Organisasi militer Jepang,C1-Mengingat,1.0,1.0
organisasi semimiliter jepang,concept,Organisasi semimiliter Jepang,C1-Mengingat,1.0,1.0
q_1a676ea3ff,question,Sebutkan dua organisasi militer atau semimiliter yang dibentuk oleh Jepang di Indonesia.,C1-Mengingat,1.0,
dampak pendudukan jepang,concept,Dampak Pendudukan Jepang,,,
ekonomi digital,topic_coarse,Ekonomi Digital,C6-Mencipta,5.0,2.0
jenis fintech,topic_fine,Jenis Fintech,,,
crowdfunding,concept,Crowdfunding,C6-Mencipta,5.0,7.0
platform penggalangan dana,concept,Platform penggalangan dana,C1-Mengingat,1.0,1.0
donasi online,concept,Donasi online,C1-Mengingat,1.0,1.0
q_06c893152f,question,Apa yang dimaksud dengan Crowdfunding?,C1-Mengingat,1.0,
financial technology (fintech),concept,Financial Technology (Fintech),C3-Menerapkan,3.0,3.0
microfinance,concept,Microfinance,C6-Mencipta,5.0,7.0
masa orde lama,topic_fine,Masa Orde Lama,,,
presiden orde lama,concept,Presiden Orde Lama,C1-Mengingat,1.0,1.0
q_a9ae8a068b,question,Siapakah yang menjabat sebagai Presiden selama masa Orde Lama?,C1-Mengingat,1.0,
definisi pembangunan,concept,Definisi Pembangunan,C6-Mencipta,5.0,1.0
periode orde baru,concept,Periode Orde Baru,,,
kelangkaan modal dalam pembangunan berkelanjutan,topic_fine,Kelangkaan modal dalam pembangunan berkelanjutan,,,
kelangkaan modal,concept,Kelangkaan Modal,C6-Mencipta,5.0,2.0
q_efb61e84fb,question,Apa contoh kelangkaan modal yang disebutkan dalam teks?,C1-Mengingat,1.0,
definisi pembangunan berkelanjutan,concept,Definisi Pembangunan Berkelanjutan,,,
karakteristik pembangunan berkelanjutan,concept,Karakteristik pembangunan berkelanjutan,,,
tujuan pembuatan laporan keuangan,topic_fine,Tujuan Pembuatan Laporan Keuangan,,,
sak-emkm,concept,SAK-EMKM,C1-Mengingat,1.0,1.0
q_32c674d4c6,question,"Menurut SAK-EMKM, apa tujuan utama dari pembuatan laporan keuangan?",C1-Mengingat,1.0,
komponen laporan keuangan,concept,Komponen Laporan Keuangan,,,
jalur perdagangan awal globalisasi,topic_fine,Jalur perdagangan awal globalisasi,,,
jalur sutra,concept,Jalur Sutra,C4-Menganalisis,4.0,3.0
jalur rempah,concept,Jalur Rempah,C4-Menganalisis,4.0,4.0
q_8fcc557a0f,question,Sebutkan dua jalur perdagangan yang menjadi penanda globalisasi awal pada periode pramodern.,C1-Mengingat,1.0,
konsep globalisasi,concept,Konsep Globalisasi,C5-Mengevaluasi,5.0,1.0
proses pendorong globalisasi (iptek),concept,Proses pendorong globalisasi (IPTEK),,,
sejarah ekspansi jepang,topic_coarse,Sejarah Ekspansi Jepang,,,
ideologi ekspansi jepang,topic_fine,Ideologi Ekspansi Jepang,,,
ideologi hakko ichiu,concept,Ideologi Hakko Ichiu,C1-Mengingat,1.0,1.0
ekspansi jepang di asia,concept,Ekspansi Jepang di Asia,C1-Mengingat,1.0,1.0
q_8ed25742ff,question,Apa nama ideologi yang digunakan Jepang untuk membenarkan ekspansinya di Asia?,C1-Mengingat,1.0,
latar belakang ekspansi jepang,concept,Latar belakang ekspansi Jepang,C3-Menerapkan,3.0,1.0
pemicu perang pasifik,concept,Pemicu Perang Pasifik,,,
tahapan metodologis penelitian sejarah,topic_fine,Tahapan Metodologis Penelitian Sejarah,,,
empat kegiatan penelitian sejarah,concept,Empat kegiatan penelitian sejarah,C1-Mengingat,1.0,1.0
mengumpulkan informasi relevan,concept,Mengumpulkan informasi relevan,C1-Mengingat,1.0,1.0
membuang informasi yang diragukan,concept,Membuang informasi yang diragukan,C1-Mengingat,1.0,1.0
menarik kesimpulan dari bukti tepercaya,concept,Menarik kesimpulan dari bukti tepercaya,C1-Mengingat,1.0,1.0
merangkai laporan,concept,Merangkai laporan,C1-Mengingat,1.0,1.0
q_fc77e80ac6,question,Sebutkan empat tahapan metodologis dalam penelitian sejarah secara berurutan,C1-Mengingat,1.0,
analisis sumber sejarah,concept,Analisis Sumber Sejarah,,,
interpretasi data sejarah,concept,Interpretasi data sejarah,,,
ilmu ekonomi,topic_coarse,Ilmu Ekonomi,,,
hukum permintaan,topic_fine,Hukum Permintaan,C5-Mengevaluasi,4.0,3.0
hubungan harga dan jumlah diminta,concept,Hubungan Harga dan Jumlah Diminta,C1-Mengingat,1.0,1.0
q_3ae4a84fee,question,"Dalam hukum permintaan, bagaimana hubungan antara tingkat harga dan jumlah barang yang diminta?",C1-Mengingat,1.0,
permintaan,concept,Permintaan,C6-Mencipta,5.0,2.0
penawaran,concept,Penawaran,C6-Mencipta,5.0,3.0
harga keseimbangan,concept,Harga Keseimbangan,C6-Mencipta,5.0,2.0
geografi regional,topic_coarse,Geografi Regional,,,
identifikasi dan pengelompokan wilayah,topic_fine,Identifikasi dan pengelompokan wilayah,,,
wilayah,concept,Wilayah,C1-Mengingat,1.0,1.0
karakteristik wilayah,concept,Karakteristik wilayah,C2-Memahami,2.0,2.0
wilayah formal,concept,Wilayah Formal,C1-Mengingat,1.0,1.0
q_45f14b345e,question,Proses identifikasi dan pengelompokan wilayah berdasarkan karakteristiknya disebut apa?,C1-Mengingat,1.0,
definisi wilayah,concept,Definisi Wilayah,,,
jenis-jenis wilayah (misalnya wilayah fungsional),concept,Jenis-jenis wilayah (misalnya Wilayah Fungsional),,,
analisis karakteristik wilayah,concept,Analisis Karakteristik Wilayah,,,
pajak dan fungsi,topic_coarse,Pajak dan Fungsi,,,
manfaat penggunaan pajak,topic_fine,Manfaat Penggunaan Pajak,,,
manfaat pajak,concept,Manfaat Pajak,C1-Mengingat,1.0,1.0
pembangunan infrastruktur,concept,Pembangunan Infrastruktur,C4-Menganalisis,4.0,4.0
sektor usaha,concept,Sektor Usaha,C1-Mengingat,1.0,1.0
q_8921afd892,question,"Selain untuk pembangunan infrastruktur, manfaat pajak digunakan untuk membantu sektor usaha apa?",C1-Mengingat,1.0,
definisi pajak,concept,Definisi Pajak,C6-Mencipta,5.0,5.0
jenis-jenis pajak,concept,Jenis-jenis Pajak,,,
asas pemungutan pajak,concept,Asas Pemungutan Pajak,,,
jenis sumber sejarah,topic_fine,Jenis Sumber Sejarah,,,
sumber sejarah,concept,Sumber Sejarah,C6-Mencipta,5.0,4.0
tiga jenis sumber sejarah,concept,Tiga jenis sumber sejarah,C1-Mengingat,1.0,1.0
q_164d252c62,question,Apa saja tiga jenis utama sumber sejarah yang disebutkan dalam teks?,C1-Mengingat,1.0,
unsur-unsur sejarah,concept,Unsur-unsur Sejarah,C6-Mencipta,5.0,1.0
asal kata istilah sejarah,topic_fine,Asal Kata Istilah Sejarah,,,
asal kata 'sejarah',concept,Asal kata 'sejarah',C1-Mengingat,1.0,1.0
arti kata dasar 'syajaratun',concept,Arti kata dasar 'syajaratun',C1-Mengingat,1.0,1.0
q_48733ea797,question,Dari bahasa apakah istilah 'sejarah' berasal dan apa arti kata dasarnya?,C1-Mengingat,1.0,
pengetahuan dasar tentang istilah sejarah,concept,Pengetahuan dasar tentang istilah sejarah,,,
unsur-unsur dalam sejarah,concept,Unsur-unsur dalam sejarah,,,
pengembangan wilayah,topic_coarse,Pengembangan wilayah,C6-Mencipta,5.0,2.0
indeks kesejahteraan subjektif,topic_fine,Indeks kesejahteraan subjektif,C1-Mengingat,1.0,1.0
dimensi penilaian,concept,Dimensi penilaian,C1-Mengingat,1.0,1.0
q_449b8ef5eb,question,Sebutkan tiga dimensi yang digunakan untuk menilai indeks kesejahteraan subjektif (kebahagiaan).,C1-Mengingat,1.0,
konsep pengembangan wilayah,concept,Konsep pengembangan wilayah,,,
paradigma pengembangan wilayah,concept,Paradigma pengembangan wilayah,,,
hukum ketenagakerjaan,topic_coarse,Hukum Ketenagakerjaan,,,
perlindungan upah pekerja,topic_fine,Perlindungan Upah Pekerja,,,
upah,concept,Upah,C6-Mencipta,5.0,2.0
kebijakan pemerintah,concept,Kebijakan Pemerintah,C6-Mencipta,5.0,5.0
perlindungan pekerja,concept,Perlindungan Pekerja,C1-Mengingat,1.0,1.0
q_473e464e4a,question,Apa kebijakan yang diterapkan pemerintah untuk melindungi pekerja dari upah terlalu rendah?,C1-Mengingat,1.0,
sistem pengupahan,concept,Sistem Pengupahan,,,
regulasi ketenagakerjaan,concept,Regulasi Ketenagakerjaan,,,
statistik dan data,topic_coarse,Statistik dan Data,,,
peningkatan penggunaan internet indonesia,topic_fine,Peningkatan Penggunaan Internet Indonesia,,,
persentase peningkatan penggunaan internet,concept,Persentase peningkatan penggunaan internet,C1-Mengingat,1.0,1.0
data bps,concept,Data BPS,C1-Mengingat,1.0,1.0
periode waktu 2016-2020,concept,Periode waktu 2016-2020,C1-Mengingat,1.0,1.0
q_a502084703,question,Berapa persen peningkatan penggunaan internet oleh individu di Indonesia dari tahun 2016 hingga 2020 menurut data BPS?,C1-Mengingat,1.0,
pemahaman dasar tentang data statistik,concept,Pemahaman dasar tentang data statistik,,,
analisis tren data,concept,Analisis tren data,,,
interpretasi data statistik,concept,Interpretasi data statistik,,,
pengukuran pembangunan,topic_coarse,Pengukuran Pembangunan,,,
indikator redistribusi pendapatan,topic_fine,Indikator Redistribusi Pendapatan,,,
program pemerintah,concept,Program pemerintah,C1-Mengingat,1.0,1.0
redistribusi pendapatan,concept,Redistribusi Pendapatan,C6-Mencipta,5.0,3.0
q_cb5794d10e,question,Sebutkan dua contoh program pemerintah terkait redistribusi pendapatan yang dijelaskan dalam teks,C1-Mengingat,1.0,
konsep pembangunan,concept,Konsep Pembangunan,,,
indikator pembangunan lainnya,concept,Indikator Pembangunan Lainnya,,,
sumber daya manusia,topic_coarse,Sumber Daya Manusia,,,
kondisi demografi penduduk,topic_fine,Kondisi Demografi Penduduk,,,
masyarakat usia produktif,concept,Masyarakat usia produktif,C1-Mengingat,1.0,1.0
masyarakat usia nonproduktif,concept,Masyarakat usia nonproduktif,C1-Mengingat,1.0,1.0
q_e1046f6005,question,Apa istilah yang digunakan untuk menggambarkan kondisi di mana jumlah masyarakat berusia produktif lebih banyak daripada,C1-Mengingat,1.0,
konsep demografi dasar,concept,Konsep demografi dasar,,,
struktur penduduk,concept,Struktur penduduk,,,
bonus demografi,concept,Bonus Demografi,C3-Menerapkan,3.0,1.0
upacara adat masyarakat pesisir,topic_fine,Upacara Adat Masyarakat Pesisir,,,
upacara adat,concept,Upacara Adat,C1-Mengingat,1.0,1.0
masyarakat pesisir,concept,Masyarakat Pesisir,C1-Mengingat,1.0,1.0
q_fae9f0d4d5,question,Apa nama upacara adat masyarakat pesisir sebagai wujud terima kasih atas tangkapan ikan?,C1-Mengingat,1.0,
ketidakseimbangan alokasi dana pembangunan,concept,Ketidakseimbangan alokasi dana pembangunan,C4-Menganalisis,4.0,2.0
kesenjangan ekonomi daerah,concept,Kesenjangan ekonomi daerah,C1-Mengingat,1.0,1.0
q_8f89006c7d,question,Apa penyebab utama ketidakseimbangan relasi Pusat dan Daerah pada era 1950-an?,C1-Mengingat,1.0,
era demokrasi liberal 1950-an,concept,Era Demokrasi Liberal 1950-an,,,
konflik pusat dan daerah,concept,Konflik Pusat dan Daerah,,,
jenis kerja sama bilateral,topic_fine,Jenis Kerja Sama Bilateral,,,
indonesia dan malaysia,concept,Indonesia dan Malaysia,C1-Mengingat,1.0,1.0
militer-pertahanan,concept,Militer-Pertahanan,C1-Mengingat,1.0,1.0
q_50abc89310,question,Apakah nama wadah kerja sama bilateral antara Indonesia dengan Malaysia yang spesifik bergerak dalam bidang militer-pert,C1-Mengingat,1.0,
sejarah lokal indonesia,topic_coarse,Sejarah Lokal Indonesia,,,
lokasi pertapaan ratu kalinyamat,topic_fine,Lokasi pertapaan Ratu Kalinyamat,,,
ratu kalinyamat,concept,Ratu Kalinyamat,C6-Mencipta,5.0,4.0
pertapaan,concept,Pertapaan,C1-Mengingat,1.0,1.0
maluku,concept,Maluku,C1-Mengingat,1.0,1.0
q_5031a32f37,question,Di gunung manakah Ratu Kalinyamat melakukan pertapaan setelah suaminya dibunuh?,C1-Mengingat,1.0,
sejarah tokoh daerah,concept,Sejarah tokoh daerah,,,
perjuangan tokoh daerah lainnya,concept,Perjuangan tokoh daerah lainnya,,,
sumber daya alam nonhayati (abiotik),concept,Sumber Daya Alam Nonhayati (Abiotik),C1-Mengingat,1.0,1.0
contoh sda nonhayati,concept,Contoh SDA Nonhayati,C1-Mengingat,1.0,1.0
q_77cbc4f9ef,question,Sebutkan dua contoh sumber daya alam nonhayati (abiotik)!,C1-Mengingat,1.0,
konferensi kolombo 1954,topic_fine,Konferensi Kolombo 1954,C1-Mengingat,1.0,1.0
inisiasi kebijakan luar negeri,concept,Inisiasi kebijakan luar negeri,C1-Mengingat,1.0,1.0
q_6a51e21ced,question,Siapa yang menginisiasi Konferensi Kolombo (1954)?,C1-Mengingat,1.0,
politik luar negeri indonesia pasca-perang dunia ii,concept,Politik luar negeri Indonesia pasca-Perang Dunia II,,,
prinsip bebas aktif,concept,Prinsip Bebas Aktif,C2-Memahami,2.0,1.0
ilmu geografi/hidrologi,topic_coarse,Ilmu Geografi/Hidrologi,,,
definisi rawa-rawa,topic_fine,Definisi Rawa-rawa,,,
rawa-rawa,concept,Rawa-rawa,C1-Mengingat,1.0,1.0
hidrosfer,concept,Hidrosfer,C1-Mengingat,1.0,1.0
siklus air,concept,Siklus Air,C6-Mencipta,5.0,4.0
q_771396b4d2,question,Apakah definisi dari rawa-rawa?,C1-Mengingat,1.0,
sistem ekonomi masa pendudukan,topic_fine,Sistem Ekonomi Masa Pendudukan,,,
sistem ekonomi jepang,concept,Sistem ekonomi Jepang,C1-Mengingat,1.0,1.0
kebutuhan perang jepang,concept,Kebutuhan perang Jepang,C1-Mengingat,1.0,1.0
q_81c7c1680e,question,Apa nama sistem ekonomi yang menuntut setiap daerah untuk mandiri guna memenuhi kebutuhan perang Jepang?,C1-Mengingat,1.0,
recall,method,Recall,,,
ilmu kelautan,topic_coarse,Ilmu Kelautan,,,
klasifikasi laut berdasarkan letak,topic_fine,Klasifikasi Laut Berdasarkan Letak,,,
klasifikasi laut,concept,Klasifikasi laut,C1-Mengingat,1.0,1.0
letak laut,concept,Letak laut,C1-Mengingat,1.0,1.0
q_6c7a5fbdf5,question,Sebutkan tiga jenis klasifikasi laut berdasarkan letaknya,C1-Mengingat,1.0,
jenis-jenis laut,concept,Jenis-jenis laut,,,
orde baru,topic_coarse,Orde Baru,C6-Mencipta,5.0,2.0
pilar stabilitas politik,topic_fine,Pilar Stabilitas Politik,,,
dwifungsi abri,concept,Dwifungsi ABRI,C6-Mencipta,5.0,8.0
peran militer (abri),concept,Peran Militer (ABRI),C1-Mengingat,1.0,1.0
pertahanan (hankam),concept,Pertahanan (Hankam),C1-Mengingat,1.0,1.0
sosial-politik,concept,Sosial-politik,C1-Mengingat,1.0,1.0
q_9cddc2c0d9,question,Apa yang dimaksud dengan Dwifungsi ABRI?,C1-Mengingat,1.0,
konsep trilogi pembangunan,concept,Konsep Trilogi Pembangunan,,,
repelita (rencana pembangunan lima tahun),concept,Repelita (Rencana Pembangunan Lima Tahun),,,
interaksi wilayah,topic_coarse,Interaksi Wilayah,C6-Mencipta,5.0,3.0
faktor-faktor pengaruh interaksi wilayah,topic_fine,Faktor-faktor pengaruh interaksi wilayah,,,
faktor utama interaksi wilayah,concept,Faktor utama interaksi wilayah,C1-Mengingat,1.0,1.0
edward ullman,concept,Edward Ullman,C1-Mengingat,1.0,1.0
q_661175838f,question,Siapakah tokoh yang menyebutkan tiga faktor utama yang memengaruhi interaksi wilayah?,C1-Mengingat,1.0,
konektivitas antarruang,concept,Konektivitas antarruang,,,
saling melengkapi,concept,Saling Melengkapi,C5-Mengevaluasi,5.0,3.0
tahapan pemanfaatan sumber daya tambang,topic_fine,Tahapan pemanfaatan sumber daya tambang,C1-Mengingat,1.0,1.0
pemanfaatan sumber daya,concept,Pemanfaatan sumber daya,C1-Mengingat,1.0,1.0
sumber daya tambang,concept,Sumber daya tambang,C1-Mengingat,1.0,1.0
q_53ff142d59,question,Sebutkan empat tahapan dalam kegiatan pemanfaatan sumber daya tambang secara berurutan,C1-Mengingat,1.0,
pengetahuan dasar tentang sumber daya alam,concept,Pengetahuan dasar tentang sumber daya alam,,,
jenis-jenis sumber daya alam,concept,Jenis-jenis sumber daya alam,,,
aspek kelestarian sumber daya alam,concept,Aspek kelestarian sumber daya alam,,,
kepanjangan sustainable development goals,topic_fine,Kepanjangan Sustainable Development Goals,,,
sdgs,concept,SDGs,C1-Mengingat,1.0,1.0
tujuan pembangunan berkelanjutan,concept,Tujuan Pembangunan Berkelanjutan,C1-Mengingat,1.0,1.0
q_52557e7c11,question,Apa kepanjangan dari singkatan SDGs yang dibahas dalam teks?,C1-Mengingat,1.0,
target pencapaian sdgs,concept,Target pencapaian SDGs,,,
keterkaitan kemiskinan dan modal budaya,topic_fine,Keterkaitan Kemiskinan dan Modal Budaya,,,
kemiskinan,concept,Kemiskinan,C5-Mengevaluasi,5.0,4.0
modal budaya,concept,Modal Budaya,C1-Mengingat,1.0,1.0
tokoh sosiologi,concept,Tokoh Sosiologi,C1-Mengingat,1.0,1.0
q_d1aa78d799,question,Siapakah tokoh sosiologi yang mengaitkan kemiskinan dengan kurangnya 'modal budaya'?,C1-Mengingat,1.0,
konsep dasar sosiologi,concept,Konsep dasar sosiologi,,,
teori pembangunan sosial,concept,Teori pembangunan sosial,,,
studi tentang stratifikasi sosial,concept,Studi tentang stratifikasi sosial,,,
biologi keanekaragaman hayati,topic_coarse,Biologi Keanekaragaman Hayati,,,
fauna endemik indonesia,topic_fine,Fauna Endemik Indonesia,,,
fauna endemik,concept,Fauna Endemik,C6-Mencipta,5.0,4.0
contoh hewan endemik,concept,Contoh hewan endemik,C1-Mengingat,1.0,1.0
daerah asal hewan,concept,Daerah asal hewan,C1-Mengingat,1.0,1.0
q_c3d34b7055,question,Sebutkan dua contoh hewan yang merupakan fauna endemik Indonesia beserta daerah asalnya.,C1-Mengingat,1.0,
definisi fauna endemik,concept,Definisi fauna endemik,,,
flora endemik,concept,Flora Endemik,C6-Mencipta,5.0,3.0
klasifikasi fauna,concept,Klasifikasi fauna,,,
sejarah demokrasi indonesia,topic_coarse,Sejarah Demokrasi Indonesia,,,
perkembangan pers pasca reformasi,topic_fine,Perkembangan Pers Pasca Reformasi,,,
reformasi,concept,Reformasi,C5-Mengevaluasi,5.0,6.0
uu no. 40/1999 tentang pers,concept,UU No. 40/1999 tentang Pers,C5-Mengevaluasi,5.0,4.0
siupp,concept,SIUPP,C6-Mencipta,5.0,5.0
pilar keempat demokrasi,concept,Pilar Keempat Demokrasi,C5-Mengevaluasi,5.0,3.0
q_710a23861f,question,Apa sebutan untuk pers setelah era Reformasi?,C1-Mengingat,1.0,
kebebasan pers,concept,Kebebasan Pers,C6-Mencipta,5.0,4.0
demokrasi,concept,Demokrasi,,,
faktor pengaruh keragaman alam,topic_fine,Faktor Pengaruh Keragaman Alam,,,
gunung api aktif,concept,Gunung api aktif,C5-Mengevaluasi,4.0,2.0
jumlah gunung api,concept,Jumlah gunung api,C1-Mengingat,1.0,1.0
q_87401ca0be,question,Berapa jumlah gunung api aktif di Indonesia menurut teks?,C1-Mengingat,1.0,
keragaman alam indonesia,concept,Keragaman alam Indonesia,,,
kondisi geologis indonesia,concept,Kondisi geologis Indonesia,,,
revolusi nasional,topic_coarse,Revolusi Nasional,,,
peserta perjuangan fisik,topic_fine,Peserta perjuangan fisik,,,
tentara resmi (tkr),concept,Tentara Resmi (TKR),C4-Menganalisis,4.0,2.0
laskar rakyat,concept,Laskar Rakyat,C2-Memahami,2.0,2.0
laskar hizbullah,concept,Laskar Hizbullah,C1-Mengingat,1.0,1.0
sabilillah,concept,Sabilillah,C1-Mengingat,1.0,1.0
q_a99540f6ed,question,"Selain tentara resmi (TKR), siapa lagi yang ikut berjuang secara fisik?",C1-Mengingat,1.0,
penyebaran berita proklamasi,concept,Penyebaran berita proklamasi,,,
pengawasan industri fintech indonesia,topic_fine,Pengawasan Industri Fintech Indonesia,,,
fintech,concept,Fintech,C6-Mencipta,5.0,3.0
lembaga pengawas,concept,Lembaga Pengawas,C1-Mengingat,1.0,1.0
q_511b6ac234,question,Lembaga apa yang berperan penting mengawasi industri fintech di Indonesia?,C1-Mengingat,1.0,
definisi ekonomi digital,concept,Definisi Ekonomi Digital,,,
jenis-jenis fintech,concept,Jenis-jenis Fintech,,,
regulasi fintech,concept,Regulasi Fintech,,,
dampak fintech,concept,Dampak Fintech,,,
sejarah reformasi,topic_coarse,Sejarah Reformasi,,,
media yang dibredel orde baru,topic_fine,Media yang dibredel Orde Baru,,,
pembredelan media,concept,Pembredelan Media,C6-Mencipta,5.0,3.0
majalah tempo,concept,Majalah Tempo,C1-Mengingat,1.0,1.0
q_d94c883add,question,Sebutkan salah satu media yang pernah dibredel (ditutup paksa) oleh Orde Baru!,C1-Mengingat,1.0,
hubungan internasional,topic_coarse,Hubungan Internasional,,,
blok persaingan perang dingin,topic_fine,Blok Persaingan Perang Dingin,,,
blok besar perang dingin,concept,Blok besar Perang Dingin,C1-Mengingat,1.0,1.0
persaingan antarnegara,concept,Persaingan antarnegara,C1-Mengingat,1.0,1.0
q_aa8ba72931,question,Apa nama dua blok besar yang bersaing selama era Perang Dingin?,C1-Mengingat,1.0,
dampak perang dingin,concept,Dampak Perang Dingin,,,
perang dingin pasca perang dunia ii,concept,Perang Dingin Pasca Perang Dunia II,,,
ketenagakerjaan dan upah,topic_coarse,Ketenagakerjaan dan Upah,,,
singkatan upah minimum,topic_fine,Singkatan Upah Minimum,,,
ump,concept,UMP,C1-Mengingat,1.0,1.0
umk,concept,UMK,C1-Mengingat,1.0,1.0
q_19780ebffc,question,Apa kepanjangan dari UMP dan UMK?,C1-Mengingat,1.0,
konsep dasar mengenai upah,concept,Konsep dasar mengenai upah,,,
jenis-jenis sistem pemberian upah,concept,Jenis-jenis sistem pemberian upah,,,
sosiologi dasar,topic_coarse,Sosiologi Dasar,,,
syarat terjadinya interaksi sosial,topic_fine,Syarat terjadinya interaksi sosial,,,
interaksi sosial,concept,Interaksi Sosial,C6-Mencipta,5.0,10.0
kontak sosial,concept,Kontak Sosial,C6-Mencipta,5.0,5.0
komunikasi,concept,Komunikasi,C6-Mencipta,5.0,5.0
q_f83a4f5e3c,question,Sebutkan dua syarat utama terjadinya interaksi sosial!,C1-Mengingat,1.0,
definisi interaksi sosial,concept,Definisi Interaksi Sosial,,,
bentuk-bentuk interaksi sosial,concept,Bentuk-bentuk interaksi sosial,,,
sejarah dan tokoh lokal,topic_coarse,Sejarah dan Tokoh Lokal,,,
tokoh yang dibunuh dan konflik demak,topic_fine,Tokoh yang dibunuh dan konflik Demak,,,
tokoh sejarah lokal,concept,Tokoh sejarah lokal,C1-Mengingat,1.0,1.0
arya penangsang,concept,Arya Penangsang,C1-Mengingat,1.0,1.0
konflik kerajaan demak,concept,Konflik Kerajaan Demak,C1-Mengingat,1.0,1.0
q_f3b1d6c8c4,question,Siapakah tokoh yang dibunuh oleh Arya Penangsang sehingga memicu konflik di Kerajaan Demak?,C1-Mengingat,1.0,
sejarah lokal,concept,Sejarah lokal,,,
perjuangan tokoh daerah melawan bangsa asing,concept,Perjuangan tokoh daerah melawan bangsa asing,,,
definisi iklim,topic_fine,Definisi Iklim,C2-Memahami,2.0,1.0
iklim,concept,Iklim,C6-Mencipta,5.0,2.0
cuaca,concept,Cuaca,C6-Mencipta,5.0,2.0
q_a6a43e91eb,question,Apa definisi dari iklim?,C1-Mengingat,1.0,
jenis-jenis iklim,concept,Jenis-jenis Iklim,,,
komponen neraca pembayaran,topic_fine,Komponen Neraca Pembayaran,,,
komponen utama neraca pembayaran,concept,Komponen utama neraca pembayaran,C1-Mengingat,1.0,1.0
q_d794171336,question,Sebutkan tiga komponen utama neraca pembayaran menurut Bank Indonesia.,C1-Mengingat,1.0,
definisi neraca pembayaran,concept,Definisi Neraca Pembayaran,,,
cikal bakal sarekat islam,topic_fine,Cikal bakal Sarekat Islam,,,
sarekat islam (si),concept,Sarekat Islam (SI),C2-Memahami,2.0,2.0
q_a61528df28,question,Sebutkan nama organisasi yang menjadi cikal bakal dari Sarekat Islam (SI)!,C1-Mengingat,1.0,
komponen indeks pembangunan manusia,topic_fine,Komponen Indeks Pembangunan Manusia,,,
indeks pembangunan manusia (ipm),concept,Indeks Pembangunan Manusia (IPM),C5-Mengevaluasi,4.0,5.0
komponen utama ipm,concept,Komponen utama IPM,C1-Mengingat,1.0,1.0
q_a6382ca6ff,question,Sebutkan tiga komponen utama yang diukur dalam Indeks Pembangunan Manusia (IPM),C1-Mengingat,1.0,
keputusan sidang ppki i,topic_fine,Keputusan Sidang PPKI I,C6-Mencipta,5.0,1.0
presiden,concept,Presiden,C1-Mengingat,1.0,1.0
wakil presiden,concept,Wakil Presiden,C1-Mengingat,1.0,1.0
q_cc6eae27b6,question,Siapa yang diangkat sebagai Presiden dan Wakil Presiden pada Sidang PPKI I?,C1-Mengingat,1.0,
pembentukan ppki,concept,Pembentukan PPKI,,,
interaksi nusantara,topic_coarse,Interaksi Nusantara,,,
perdagangan jalur sutra,topic_fine,Perdagangan Jalur Sutra,,,
komoditas utama,concept,Komoditas utama,C1-Mengingat,1.0,1.0
cina,concept,Cina,C1-Mengingat,1.0,1.0
q_03748bc5fd,question,Sebutkan salah satu komoditas utama yang diperdagangkan dari Cina melalui Jalur Sutra.,C1-Mengingat,1.0,
angin muson,concept,Angin muson,C4-Menganalisis,4.0,1.0
peristiwa gerakan 30 september 1965,topic_fine,Peristiwa Gerakan 30 September 1965,,,
gerakan 30 september (g30s) 1965,concept,Gerakan 30 September (G30S) 1965,C6-Mencipta,5.0,3.0
pki sebagai dalang,concept,PKI sebagai dalang,C1-Mengingat,1.0,1.0
mayjen soeharto,concept,Mayjen Soeharto,C6-Mencipta,5.0,2.0
q_5058a277be,question,Siapa yang dituduh sebagai dalang G30S 1965?,C1-Mengingat,1.0,
peristiwa demokrasi terpimpin,concept,Peristiwa Demokrasi Terpimpin,,,
penumpasan g30s,concept,Penumpasan G30S,,,
demonstrasi mahasiswa tritura,concept,Demonstrasi mahasiswa TRITURA,,,
definisi pendapatan nasional,topic_fine,Definisi Pendapatan Nasional,,,
pendapatan nasional,concept,Pendapatan Nasional,C3-Menerapkan,3.0,2.0
produk nasional bruto (pnb),concept,Produk Nasional Bruto (PNB),C6-Mencipta,5.0,3.0
q_fd6fbf3fbb,question,Apa yang dimaksud dengan pendapatan nasional?,C1-Mengingat,1.0,
konsep dasar ekonomi,concept,Konsep dasar ekonomi,,,
perbedaan pdb dan pnb,concept,Perbedaan PDB dan PNB,,,
definisi kerja sama,topic_fine,Definisi Kerja Sama,,,
q_09eae0dee7,question,Apakah definisi dari kerja sama menurut teks tersebut?,C1-Mengingat,1.0,
asal istilah 'homo economicus',topic_fine,Asal Istilah 'Homo Economicus',,,
economicus,concept,economicus,C1-Mengingat,1.0,1.0
oikonomikos,concept,oikonomikos,C1-Mengingat,1.0,1.0
q_883117a08c,question,Dari bahasa Yunani apakah istilah 'economicus' berasal dan apa artinya?,C1-Mengingat,1.0,
pengenalan konsep dasar ilmu ekonomi,concept,Pengenalan konsep dasar ilmu ekonomi,,,
definisi homo economicus,concept,Definisi Homo Economicus,,,
ilmu pembangunan,topic_coarse,Ilmu Pembangunan,,,
definisi pembangunan dan perubahan,topic_fine,Definisi Pembangunan dan Perubahan,,,
pembangunan,concept,Pembangunan,C5-Mengevaluasi,4.0,4.0
perubahan konstruktif,concept,Perubahan konstruktif,C1-Mengingat,1.0,1.0
perubahan destruktif,concept,Perubahan destruktif,C1-Mengingat,1.0,1.0
q_4a6eecc6dc,question,Istilah apa yang digunakan untuk menggambarkan perubahan yang mengarah pada keburukan?,C1-Mengingat,1.0,
aspek pembangunan,concept,Aspek Pembangunan,,,
q_d98d6f1884,question,Kerja sama Indonesia dalam kelompok G20 dan WTO tergolong dalam jenis kerja sama apa?,C1-Mengingat,1.0,
ilmu lingkungan,topic_coarse,Ilmu Lingkungan,,,
definisi pemanasan global,topic_fine,Definisi Pemanasan Global,,,
pemanasan global,concept,Pemanasan Global,C6-Mencipta,5.0,10.0
peningkatan suhu permukaan bumi,concept,Peningkatan suhu permukaan bumi,C1-Mengingat,1.0,1.0
gas rumah kaca,concept,Gas Rumah Kaca,C6-Mencipta,5.0,5.0
q_b04598c24a,question,Apa definisi dari pemanasan global menurut teks?,C1-Mengingat,1.0,
konsep dasar fenomena atmosfer,concept,Konsep dasar fenomena atmosfer,,,
penyebab pemanasan global,concept,Penyebab Pemanasan Global,,,
efek rumah kaca,concept,Efek Rumah Kaca,C6-Mencipta,5.0,4.0
suhu rata-rata,concept,Suhu rata-rata,C1-Mengingat,1.0,1.0
pola cuaca,concept,Pola Cuaca,C6-Mencipta,5.0,2.0
iklim vs cuaca,concept,Iklim vs Cuaca,C1-Mengingat,1.0,1.0
q_7983855a9b,question,Apa definisi dari iklim menurut teks yang disajikan?,C1-Mengingat,1.0,
perbedaan antara cuaca dan iklim,concept,Perbedaan antara cuaca dan iklim,,,
faktor-faktor yang mempengaruhi perubahan iklim,concept,Faktor-faktor yang mempengaruhi perubahan iklim,,,
sejarah dan budaya indonesia,topic_coarse,Sejarah dan Budaya Indonesia,,,
tokoh sejarah lokal dan konflik,topic_fine,Tokoh Sejarah Lokal dan Konflik,,,
sultan nuku,concept,Sultan Nuku,C6-Mencipta,5.0,7.0
perebutan takhta tidore,concept,Perebutan takhta Tidore,C1-Mengingat,1.0,1.0
negara eropa,concept,Negara Eropa,C1-Mengingat,1.0,1.0
q_d185979acc,question,Negara Eropa manakah yang menjadi musuh utama Sultan Nuku dalam perebutan takhta Tidore?,C1-Mengingat,1.0,
kebijakan pendidikan indonesia,topic_coarse,Kebijakan Pendidikan Indonesia,,,
program bantuan sekolah dasar menengah,topic_fine,Program Bantuan Sekolah Dasar Menengah,,,
bantuan operasional sekolah (bos),concept,Bantuan Operasional Sekolah (BOS),C3-Menerapkan,3.0,3.0
pemerataan akses pendidikan,concept,Pemerataan Akses Pendidikan,C6-Mencipta,5.0,4.0
wajib belajar 9 tahun,concept,Wajib Belajar 9 tahun,C3-Menerapkan,3.0,2.0
q_2f0f710c2b,question,Apa nama program bantuan yang memberikan dana langsung ke sekolah dasar dan menengah?,C1-Mengingat,1.0,
bidikmisi,concept,Bidikmisi,C3-Menerapkan,3.0,3.0
alokasi anggaran pendidikan,concept,Alokasi Anggaran Pendidikan,C6-Mencipta,5.0,2.0
sumber emisi karbon dioksida,topic_fine,Sumber Emisi Karbon Dioksida,,,
emisi karbon dioksida (co2),concept,Emisi Karbon Dioksida (CO2),C1-Mengingat,1.0,1.0
aktivitas manusia,concept,Aktivitas Manusia,C2-Memahami,2.0,2.0
q_2f084eb799,question,Aktivitas manusia apa yang menjadi sumber utama emisi Karbon Dioksida (CO2)?,C1-Mengingat,1.0,
gas rumah kaca lainnya,concept,Gas rumah kaca lainnya,,,
dampak pemanasan global,concept,Dampak pemanasan global,,,
teori pertumbuhan ekonomi,topic_fine,Teori Pertumbuhan Ekonomi,,,
teori klasik,concept,Teori Klasik,C6-Mencipta,5.0,5.0
adam smith,concept,Adam Smith,C1-Mengingat,1.0,1.0
q_8f91252942,question,Siapa dua tokoh yang disebutkan dalam Teori Klasik?,C1-Mengingat,1.0,
definisi pertumbuhan ekonomi,concept,Definisi Pertumbuhan Ekonomi,C4-Menganalisis,4.0,1.0
teori pertumbuhan ekonomi lainnya,concept,Teori Pertumbuhan Ekonomi lainnya,,,
produksi barang dan jasa,concept,Produksi barang dan jasa,C1-Mengingat,1.0,1.0
peningkatan output negara,concept,Peningkatan output negara,C1-Mengingat,1.0,1.0
q_0158e1336e,question,Apa definisi dari pertumbuhan ekonomi?,C1-Mengingat,1.0,
konsep dasar produksi,concept,Konsep dasar produksi,,,
pengukuran produk domestik bruto,concept,Pengukuran Produk Domestik Bruto,,,
dokumen kritik elite politik,topic_fine,Dokumen Kritik Elite Politik,,,
jenderal nasution,concept,Jenderal Nasution,C1-Mengingat,1.0,1.0
ali sadikin,concept,Ali Sadikin,C1-Mengingat,1.0,1.0
dokumen kritik 1980,concept,Dokumen Kritik 1980,C1-Mengingat,1.0,1.0
q_d39007e6cd,question,Apa nama dokumen kritik yang dikeluarkan oleh Jenderal Nasution dan Ali Sadikin pada 1980?,C1-Mengingat,1.0,
kebijakan orde baru,concept,Kebijakan Orde Baru,,,
resistensi mahasiswa,concept,Resistensi Mahasiswa,,,
peristiwa politik 1970-an,concept,Peristiwa Politik 1970-an,,,
peristiwa g30s dan supersemar,topic_fine,Peristiwa G30S dan Supersemar,,,
presiden soekarno,concept,Presiden Soekarno,C3-Menerapkan,3.0,2.0
supersemar 1966,concept,Supersemar 1966,C1-Mengingat,1.0,1.0
mandat,concept,Mandat,C1-Mengingat,1.0,1.0
angkatan darat,concept,Angkatan Darat,C1-Mengingat,1.0,1.0
q_57e02c8829,question,Siapa yang diberi mandat oleh Presiden Soekarno melalui Supersemar 1966?,C1-Mengingat,1.0,
era orde baru,concept,Era Orde Baru,,,
perdagangan nusantara,topic_coarse,Perdagangan Nusantara,,,
komoditas unggulan dari barus,topic_fine,Komoditas unggulan dari Barus,,,
komoditas unggulan barus,concept,Komoditas unggulan Barus,C1-Mengingat,1.0,1.0
kayu gaharu,concept,Kayu gaharu,C1-Mengingat,1.0,1.0
kapur barus,concept,Kapur barus,C1-Mengingat,1.0,1.0
q_975e9748e5,question,"Apa komoditas unggulan yang berasal dari Barus, Sumatra, yang diperdagangkan secara internasional pada masa awal?",C1-Mengingat,1.0,
perdagangan antarpulau,concept,Perdagangan antarpulau,C6-Mencipta,5.0,4.0
jalur perdagangan dunia,concept,Jalur perdagangan dunia,C6-Mencipta,5.0,1.0
kearifan lokal,topic_coarse,Kearifan Lokal,C6-Mencipta,5.0,6.0
filosofi sistem subak bali,topic_fine,Filosofi Sistem Subak Bali,,,
sistem subak,concept,Sistem Subak,C1-Mengingat,1.0,1.0
filosofi,concept,Filosofi,C1-Mengingat,1.0,1.0
bali,concept,Bali,C1-Mengingat,1.0,1.0
q_fc6ba3ad24,question,Apa nama filosofi yang menjadi dasar dari sistem Subak di Bali?,C1-Mengingat,1.0,
peran jenderal jepang dalam ppki,topic_fine,Peran Jenderal Jepang dalam PPKI,,,
jenderal jepang,concept,Jenderal Jepang,C1-Mengingat,1.0,1.0
pemilihan anggota ppki,concept,Pemilihan anggota PPKI,C1-Mengingat,1.0,1.0
q_d505a12d97,question,Siapakah Jenderal Jepang yang berwenang memilih anggota PPKI?,C1-Mengingat,1.0,
proklamasi kemerdekaan indonesia,concept,Proklamasi Kemerdekaan Indonesia,C2-Memahami,3.0,1.0
peran ppki,concept,Peran PPKI,,,
organisasi pergerakan nasional,topic_fine,Organisasi pergerakan nasional,,,
budi utomo,concept,Budi Utomo,C6-Mencipta,5.0,5.0
tahun berdirinya,concept,Tahun Berdirinya,C1-Mengingat,1.0,1.0
q_e6cdaec200,question,Sebutkan tahun berdirinya organisasi Budi Utomo.,C1-Mengingat,1.0,
sejarah perlawanan bangsa indonesia,concept,Sejarah Perlawanan Bangsa Indonesia,,,
sejarah asia,topic_coarse,Sejarah Asia,,,
faktor pendorong nasionalisme asia,topic_fine,Faktor pendorong nasionalisme Asia,,,
nasionalisme asia,concept,Nasionalisme Asia,C6-Mencipta,5.0,5.0
faktor pendorong eksternal,concept,Faktor pendorong eksternal,C1-Mengingat,1.0,1.0
peristiwa tahun 1905,concept,Peristiwa tahun 1905,C1-Mengingat,1.0,1.0
q_235be10c10,question,Peristiwa penting apa yang terjadi pada tahun 1905 yang menjadi faktor pendorong eksternal bagi nasionalisme Asia?,C1-Mengingat,1.0,
faktor pendorong internal nasionalisme asia,concept,Faktor pendorong internal nasionalisme Asia,,,
wilayah perdesaan dan perkotaan,topic_coarse,Wilayah Perdesaan dan Perkotaan,,,
unsur vital desa,topic_fine,Unsur vital desa,C1-Mengingat,1.0,1.0
karakteristik desa,concept,Karakteristik desa,C5-Mengevaluasi,5.0,2.0
q_1155a57216,question,Sebutkan tiga unsur vital yang terdapat pada sebuah desa.,C1-Mengingat,1.0,
perbedaan wilayah desa dan kota,concept,Perbedaan Wilayah Desa dan Kota,,,
pengembangan wilayah perdesaan,concept,Pengembangan wilayah perdesaan,,,
pemanfaatan lahan desa,concept,Pemanfaatan lahan desa,,,
proklamasi kemerdekaan,topic_fine,Proklamasi Kemerdekaan,,,
pengetikan naskah proklamasi,concept,Pengetikan Naskah Proklamasi,C1-Mengingat,1.0,1.0
peristiwa kekosongan kekuasaan,concept,Peristiwa Kekosongan Kekuasaan,C1-Mengingat,1.0,1.0
q_4ef7a1920f,question,Siapakah yang mengetik naskah proklamasi kemerdekaan?,C1-Mengingat,1.0,
peristiwa menjelang kekalahan jepang,concept,Peristiwa menjelang kekalahan Jepang,,,
isi dan makna proklamasi kemerdekaan,concept,Isi dan makna Proklamasi Kemerdekaan,,,
perubahan iklim dan dampak geografis,topic_coarse,Perubahan Iklim dan Dampak Geografis,,,
wilayah kepulauan terdampak kenaikan air laut,topic_fine,Wilayah Kepulauan Terdampak Kenaikan Air Laut,,,
dampak kenaikan permukaan air laut,concept,Dampak kenaikan permukaan air laut,C5-Mengevaluasi,5.0,2.0
wilayah kepulauan indonesia,concept,Wilayah kepulauan Indonesia,C1-Mengingat,1.0,1.0
kepulauan riau,concept,Kepulauan Riau,C1-Mengingat,1.0,1.0
bangka belitung,concept,Bangka Belitung,C1-Mengingat,1.0,1.0
kepulauan seribu,concept,Kepulauan Seribu,C1-Mengingat,1.0,1.0
q_36ebc2e9eb,question,Sebutkan tiga wilayah kepulauan di Indonesia yang terdampak langsung oleh kenaikan permukaan air laut.,C1-Mengingat,1.0,
dampak perubahan iklim terhadap wilayah pesisir,concept,Dampak perubahan iklim terhadap wilayah pesisir,,,
dampak perubahan iklim pada wilayah pesisir daratan,concept,Dampak perubahan iklim pada wilayah pesisir daratan,,,
analisis mitigasi dampak perubahan iklim,concept,Analisis mitigasi dampak perubahan iklim,,,
batas wilayah astronomis,topic_fine,Batas Wilayah Astronomis,,,
batas wilayah paling selatan indonesia,concept,Batas wilayah paling selatan Indonesia,C1-Mengingat,1.0,1.0
lokasi geografis indonesia,concept,Lokasi geografis Indonesia,C1-Mengingat,1.0,1.0
q_60a7d63d4d,question,Pulau apakah yang menjadi batas wilayah paling selatan Indonesia secara astronomis?,C1-Mengingat,1.0,
pengetahuan dasar tentang batas wilayah indonesia,concept,Pengetahuan dasar tentang batas wilayah Indonesia,,,
karakteristik wilayah indonesia,concept,Karakteristik wilayah Indonesia,,,
potensi kerja sama internasional,concept,Potensi kerja sama internasional,C6-Mencipta,5.0,1.0
bahasa dan kosakata,topic_coarse,Bahasa dan Kosakata,,,
definisi kata menurut kbbi,topic_fine,Definisi kata menurut KBBI,,,
hedonisme,concept,Hedonisme,C1-Mengingat,1.0,1.0
q_807e25fbf8,question,"Menurut Kamus Besar Bahasa Indonesia, apa yang dimaksud dengan hedonisme?",C1-Mengingat,1.0,
pengetahuan dasar kosakata bahasa indonesia,concept,Pengetahuan dasar kosakata Bahasa Indonesia,,,
definisi kata lain,concept,Definisi kata lain,,,
pengawasan kegiatan fintech,topic_fine,Pengawasan Kegiatan Fintech,,,
pengawasan fintech,concept,Pengawasan Fintech,C1-Mengingat,1.0,1.0
q_a854f25580,question,Lembaga apakah yang bertugas mengawasi kegiatan fintech di Indonesia?,C1-Mengingat,1.0,
pengertian ekonomi digital,concept,Pengertian Ekonomi Digital,,,
dampak ekonomi digital,concept,Dampak Ekonomi Digital,,,
industrialisasi dan pembangunan,topic_coarse,Industrialisasi dan Pembangunan,,,
prinsip pembangunan industri berkelanjutan,topic_fine,Prinsip Pembangunan Industri Berkelanjutan,,,
aspek ekonomi,concept,Aspek Ekonomi,C4-Menganalisis,4.0,2.0
aspek sosial,concept,Aspek sosial,C1-Mengingat,1.0,1.0
aspek lingkungan,concept,Aspek lingkungan,C1-Mengingat,1.0,1.0
q_b4aaf472f1,question,Sebutkan tiga aspek yang menjadi dasar prinsip-prinsip pembangunan industri berkelanjutan.,C1-Mengingat,1.0,
definisi industrialisasi,concept,Definisi Industrialisasi,,,
tahapan revolusi industri,concept,Tahapan Revolusi Industri,,,
peran tokoh dalam revolusi,topic_fine,Peran Tokoh dalam Revolusi,,,
peran ismail marzuki,concept,Peran Ismail Marzuki,C2-Memahami,2.0,1.0
revolusi sosial,concept,Revolusi Sosial,C6-Mencipta,5.0,2.0
q_4791d73df0,question,Jelaskan peran Ismail Marzuki dalam revolusi!,C2-Memahami,2.0,
pemahaman,method,Pemahaman,,,
latar belakang revolusi nasional,concept,Latar belakang Revolusi Nasional,,,
peran tokoh lain dalam revolusi,concept,Peran tokoh lain dalam Revolusi,,,
aspek-aspek revolusi sosial,concept,Aspek-aspek Revolusi Sosial,,,
perkembangan teknologi dan pasar,topic_fine,Perkembangan Teknologi dan Pasar,,,
perkembangan teknologi,concept,Perkembangan Teknologi,C2-Memahami,2.0,1.0
konsep pasar,concept,Konsep pasar,C2-Memahami,2.0,1.0
q_7408d11cb3,question,Jelaskan bagaimana perkembangan teknologi telah mengubah konsep pasar,C2-Memahami,2.0,
dampak teknologi terhadap perilaku konsumen,concept,Dampak teknologi terhadap perilaku konsumen,,,
struktur pasar,concept,Struktur pasar,,,
perbedaan belanja pemerintah pusat dan transfer ke daerah,topic_fine,Perbedaan Belanja Pemerintah Pusat dan Transfer ke Daerah,,,
belanja pemerintah pusat,concept,Belanja Pemerintah Pusat,C2-Memahami,2.0,1.0
transfer ke daerah,concept,Transfer ke Daerah,C2-Memahami,2.0,1.0
q_c990db6f21,question,Jelaskan perbedaan antara Belanja Pemerintah Pusat dan Transfer ke Daerah!,C2-Memahami,2.0,
membandingkan,method,Membandingkan,,,
pengertian apbn,concept,Pengertian APBN,,,
struktur pendapatan negara,concept,Struktur Pendapatan Negara,,,
perbedaan perubahan sosial cepat dan lambat,topic_fine,Perbedaan Perubahan Sosial Cepat dan Lambat,,,
perubahan sosial cepat (revolusi),concept,Perubahan sosial cepat (revolusi),C2-Memahami,2.0,1.0
perubahan sosial lambat (evolusi),concept,Perubahan sosial lambat (evolusi),C2-Memahami,2.0,1.0
teori evolusionis,concept,Teori Evolusionis,C4-Menganalisis,4.0,2.0
q_ee429ee361,question,Jelaskan perbedaan mendasar antara perubahan sosial cepat (revolusi) dan lambat (evolusi) beserta masing-masing contohny,C2-Memahami,2.0,
analisis dan perbandingan,method,Analisis dan Perbandingan,,,
teori perubahan sosial,concept,Teori Perubahan Sosial,,,
teori perubahan sosial lainnya,concept,Teori Perubahan Sosial lainnya,,,
transaksi berjalan,concept,Transaksi Berjalan,C4-Menganalisis,4.0,2.0
q_fb60d28f2c,question,Uraikan komponen-komponen yang termasuk dalam Transaksi Berjalan (Current Account).,C2-Memahami,2.0,
transaksi modal,concept,Transaksi Modal,,,
sosiologi dan pemberdayaan,topic_coarse,Sosiologi dan Pemberdayaan,,,
pemberdayaan masyarakat desa melalui budidaya,topic_fine,Pemberdayaan masyarakat desa melalui budidaya,,,
komunitas,concept,Komunitas,C3-Menerapkan,3.0,3.0
pemberdayaan masyarakat,concept,Pemberdayaan masyarakat,C2-Memahami,2.0,1.0
kegiatan budidaya tanaman hias,concept,Kegiatan budidaya tanaman hias,C2-Memahami,2.0,1.0
q_6bbc85c55c,question,Mengapa kegiatan budidaya tanaman hias dianggap sebagai contoh pemberdayaan masyarakat desa yang efektif?,C2-Memahami,2.0,
pemahaman konsep,method,Pemahaman Konsep,,,
definisi komunitas,concept,Definisi Komunitas,C3-Menerapkan,3.0,1.0
jenis-jenis pemberdayaan masyarakat,concept,Jenis-jenis Pemberdayaan Masyarakat,,,
dampak sosial ekonomi kegiatan pertanian,concept,Dampak sosial ekonomi kegiatan pertanian,,,
masalah sosial ekonomi,topic_coarse,Masalah Sosial Ekonomi,,,
hubungan ketimpangan ekonomi dan kemiskinan,topic_fine,Hubungan Ketimpangan Ekonomi dan Kemiskinan,,,
ketimpangan ekonomi,concept,Ketimpangan Ekonomi,C6-Mencipta,5.0,4.0
rasio gini,concept,Rasio Gini,C6-Mencipta,5.0,4.0
korelasi,concept,Korelasi,C2-Memahami,2.0,1.0
q_ca507cc0ad,question,Simpulkan hubungan antara masalah ketimpangan ekonomi dengan masalah kemiskinan berdasarkan teks.,C2-Memahami,2.0,
memahami,method,Memahami,,,
definisi ketimpangan ekonomi,concept,Definisi Ketimpangan Ekonomi,,,
pengukuran ketimpangan ekonomi,concept,Pengukuran Ketimpangan Ekonomi,,,
dampak kebijakan ekonomi,concept,Dampak kebijakan ekonomi,,,
motivasi dan tindakan tokoh,topic_fine,Motivasi dan Tindakan Tokoh,,,
sumpah menyerahkan harta,concept,Sumpah menyerahkan harta,C2-Memahami,2.0,1.0
kekuasaan,concept,Kekuasaan,C2-Memahami,2.0,1.0
q_787e985cc7,question,Uraikan penyebab Ratu Kalinyamat bersumpah untuk menyerahkan harta dan kekuasaannya.,C2-Memahami,2.0,
analisis dampak perjuangan tokoh,concept,Analisis dampak perjuangan tokoh,,,
globalisasi dan budaya,topic_coarse,Globalisasi dan Budaya,,,
peran industri digital dalam pertukaran budaya,topic_fine,Peran industri digital dalam pertukaran budaya,,,
industri digital (film dan musik),concept,Industri digital (film dan musik),C2-Memahami,2.0,1.0
pertukaran budaya global,concept,Pertukaran budaya global,C2-Memahami,2.0,1.0
q_9a80b4e7e2,question,Simpulkan bagaimana industri digital seperti film dan musik dapat menjadi pendorong pertukaran budaya secara global.,C2-Memahami,2.0,
analisis/sintesis,method,Analisis/Sintesis,,,
dampak globalisasi terhadap identitas budaya,concept,Dampak globalisasi terhadap identitas budaya,,,
hubungan penemuan eijkman dan industri kesehatan,topic_fine,Hubungan penemuan Eijkman dan industri kesehatan,,,
penemuan christiaan eijkman,concept,Penemuan Christiaan Eijkman,C2-Memahami,2.0,1.0
industri kesehatan modern,concept,Industri kesehatan modern,C2-Memahami,2.0,1.0
nilai ekonomi,concept,Nilai ekonomi,C2-Memahami,2.0,1.0
hubungan sebab-akibat,concept,Hubungan sebab-akibat,C4-Menganalisis,4.0,6.0
q_ac66e5c0dc,question,Terangkan hubungan antara penemuan Christiaan Eijkman dengan industri kesehatan modern yang bernilai miliaran dolar.,C2-Memahami,2.0,
analisis hubungan,method,Analisis hubungan,,,
pengetahuan dasar tentang ekologi,concept,Pengetahuan dasar tentang ekologi,,,
dampak konservasi keanekaragaman hayati,concept,Dampak konservasi keanekaragaman hayati,,,
bioprospeksi,concept,Bioprospeksi,C6-Mencipta,5.0,1.0
peran kaum intelektual,concept,Peran Kaum Intelektual,C2-Memahami,2.0,1.0
imperialisme dan kolonialisme barat,concept,Imperialisme dan Kolonialisme Barat,C2-Memahami,2.0,1.0
q_7546f992fd,question,Bagaimana peran kaum intelektual menjadi faktor internal pendorong lahirnya nasionalisme di Asia?,C2-Memahami,2.0,
definisi nasionalisme asia,concept,Definisi nasionalisme Asia,,,
faktor pendorong nasionalisme (faktor eksternal),concept,Faktor pendorong nasionalisme (faktor eksternal),,,
pembentukan negara-bangsa,concept,Pembentukan negara-bangsa,,,
q_4332b958b8,question,Uraikan tiga bentuk kerja sama di bidang ekonomi dan perdagangan yang terjalin antara Indonesia dan Malaysia.,C2-Memahami,2.0,
pengertian kerja sama internasional,concept,Pengertian kerja sama internasional,,,
contoh kerja sama spesifik,concept,Contoh kerja sama spesifik,,,
geografi dan sumber daya alam,topic_coarse,Geografi dan Sumber Daya Alam,C6-Mencipta,5.0,1.0
potensi kekayaan alam indonesia,topic_fine,Potensi kekayaan alam Indonesia,C3-Menerapkan,3.0,1.0
kekayaan alam indonesia,concept,Kekayaan Alam Indonesia,C2-Memahami,2.0,1.0
pengembangan industri strategis,concept,Pengembangan industri strategis,C2-Memahami,2.0,1.0
ketergantungan ekonomi,concept,Ketergantungan ekonomi,C2-Memahami,2.0,2.0
q_f663349be3,question,Jelaskan mengapa pemerintah Indonesia merasa perlu mengembangkan industri strategis meskipun telah memiliki kekayaan ala,C2-Memahami,2.0,
analisis sebab-akibat,method,Analisis sebab-akibat,C6-Mencipta,5.0,1.0
pemahaman tentang kekayaan alam indonesia,concept,Pemahaman tentang kekayaan alam Indonesia,,,
kebijakan ekonomi indonesia,concept,Kebijakan ekonomi Indonesia,,,
dampak eksploitasi sumber daya alam,concept,Dampak eksploitasi sumber daya alam,,,
pendorong kerja sama antarnegara,topic_fine,Pendorong Kerja Sama Antarnegara,,,
kerja sama antarnegara,concept,Kerja sama antarnegara,C5-Mengevaluasi,5.0,2.0
saling ketergantungan (interdependensi),concept,Saling ketergantungan (interdependensi),C2-Memahami,2.0,2.0
kebutuhan mendasar negara,concept,Kebutuhan mendasar negara,C2-Memahami,2.0,2.0
q_4eb194bdd9,question,Jelaskan dengan kata-katamu sendiri mengapa saling ketergantungan (interdependensi) menjadi pendorong utama terjadinya k,C2-Memahami,2.0,
penjelasan dengan kata-kata sendiri,method,Penjelasan dengan kata-kata sendiri,,,
geografi fisik bumi,topic_coarse,Geografi Fisik Bumi,,,
keterlaik huni permukaan bumi,topic_fine,Keterlaik Huni Permukaan Bumi,,,
persentase permukaan yang dapat dihuni,concept,Persentase permukaan yang dapat dihuni,C2-Memahami,2.0,1.0
"komposisi permukaan bumi (lautan, gurun, pegunungan)",concept,"Komposisi permukaan bumi (lautan, gurun, pegunungan)",C2-Memahami,2.0,1.0
alasan ketidaklaikan huni,concept,Alasan ketidaklaikan huni,C2-Memahami,2.0,1.0
q_bb2b27875d,question,Uraikan mengapa sebagian besar permukaan bumi tidak laik huni bagi manusia berdasarkan data yang disajikan,C2-Memahami,2.0,
analisis data,method,Analisis Data,,,
pemahaman data statistik,concept,Pemahaman data statistik,,,
dampak lingkungan geografis,concept,Dampak lingkungan geografis,,,
pembagian zona iklim,concept,Pembagian zona iklim,,,
perbandingan definisi sejarah,topic_fine,Perbandingan Definisi Sejarah,,,
definisi sejarah e.h. carr,concept,Definisi Sejarah E.H. Carr,C2-Memahami,2.0,1.0
definisi sejarah jackson j. spielvogel,concept,Definisi Sejarah Jackson J. Spielvogel,C2-Memahami,2.0,1.0
perbedaan mendasar,concept,Perbedaan Mendasar,C2-Memahami,2.0,1.0
q_b354204f96,question,Bandingkan definisi sejarah menurut E.H. Carr dengan definisi menurut Jackson J. Spielvogel. Apa perbedaan mendasar kedu,C2-Memahami,2.0,
pemahaman dasar tentang konsep sejarah,concept,Pemahaman dasar tentang konsep sejarah,,,
analisis teori sejarah,concept,Analisis teori sejarah,,,
dampak konflik terhadap solidaritas kelompok,topic_fine,Dampak Konflik terhadap Solidaritas Kelompok,,,
konflik,concept,Konflik,C5-Mengevaluasi,4.0,2.0
solidaritas kelompok,concept,Solidaritas Kelompok,C2-Memahami,2.0,1.0
interaksi antar pihak,concept,Interaksi Antar Pihak,C2-Memahami,2.0,1.0
q_c05dd3fde1,question,Jelaskan bagaimana sebuah konflik dengan pihak luar justru dapat meningkatkan solidaritas di dalam sebuah kelompok,C2-Memahami,2.0,
definisi konflik,concept,Definisi Konflik,,,
faktor penyebab konflik,concept,Faktor penyebab konflik,,,
resolusi konflik,concept,Resolusi Konflik,,,
kerja sama kelompok,concept,Kerja Sama Kelompok,,,
geopolitik,topic_coarse,Geopolitik,,,
definisi geopolitik,topic_fine,Definisi Geopolitik,,,
"geopolitik (studi masalah geografi, sejarah, ilmu sosial kaitannya dengan politik internasional)",concept,"Geopolitik (studi masalah geografi, sejarah, ilmu sosial kaitannya dengan politik internasional)",C2-Memahami,2.0,1.0
makna strategis dan politis wilayah geografis,concept,Makna strategis dan politis wilayah geografis,C2-Memahami,2.0,1.0
"aspek lokasi, luas, dan sumber daya alam",concept,"Aspek lokasi, luas, dan sumber daya alam",C2-Memahami,2.0,1.0
q_e7efcd4d24,question,Simpulkan apa yang dimaksud dengan geopolitik berdasarkan penjelasan awal dalam teks.,C2-Memahami,2.0,
geografi,concept,Geografi,,,
politik internasional,concept,Politik Internasional,,,
potensi kerja sama internasional berdasarkan aspek geografis,concept,Potensi kerja sama internasional berdasarkan aspek geografis,,,
konsep ruang,topic_coarse,Konsep Ruang,,,
perbedaan ruang abstrak dan konkret,topic_fine,Perbedaan Ruang Abstrak dan Konkret,,,
konsep ruang abstrak (negara),concept,Konsep ruang abstrak (negara),C2-Memahami,2.0,1.0
konsep ruang konkret (ruang tamu),concept,Konsep ruang konkret (ruang tamu),C2-Memahami,2.0,1.0
q_d5550baef8,question,Bagaimana konsep ruang yang abstrak (seperti negara) berbeda dengan konsep ruang yang konkret (seperti ruang tamu) berda,C2-Memahami,2.0,
prinsip gerakan nasionalisme tiongkok,topic_fine,Prinsip gerakan nasionalisme Tiongkok,,,
san min chu i,concept,San Min Chu I,C2-Memahami,2.0,1.0
prinsip gerakan nasionalisme,concept,Prinsip gerakan nasionalisme,C2-Memahami,2.0,1.0
gerakan nasionalisme tiongkok,concept,Gerakan nasionalisme Tiongkok,C2-Memahami,2.0,1.0
q_7d8f43c227,question,Uraikan secara singkat tiga prinsip rakyat (San Min Chu I) yang menjadi dasar gerakan nasionalisme di Tiongkok.,C2-Memahami,2.0,
gerakan nasionalisme di tiongkok,concept,Gerakan nasionalisme di Tiongkok,,,
pembangunan ekonomi,topic_coarse,Pembangunan Ekonomi,,,
dampak jumlah penduduk terhadap pembangunan,topic_fine,Dampak Jumlah Penduduk terhadap Pembangunan,,,
peran jumlah penduduk sebagai penghambat,concept,Peran jumlah penduduk sebagai penghambat,C2-Memahami,2.0,1.0
peran jumlah penduduk sebagai pendorong,concept,Peran jumlah penduduk sebagai pendorong,C2-Memahami,2.0,1.0
kualitas hidup dan standar hidup,concept,Kualitas hidup dan standar hidup,C2-Memahami,2.0,1.0
perbedaan pertumbuhan ekonomi dan pembangunan ekonomi,concept,Perbedaan pertumbuhan ekonomi dan pembangunan ekonomi,C2-Memahami,2.0,1.0
q_afe43afdc1,question,Mengapa jumlah penduduk yang besar bisa menjadi penghambat sekaligus pendorong pembangunan ekonomi?,C2-Memahami,2.0,
definisi pembangunan ekonomi,concept,Definisi pembangunan ekonomi,,,
faktor-faktor lain yang mempengaruhi pembangunan ekonomi,concept,Faktor-faktor lain yang mempengaruhi pembangunan ekonomi,,,
kebijakan demografi dan dampaknya,concept,Kebijakan demografi dan dampaknya,,,
definisi flora dan fauna endemik,topic_fine,Definisi Flora dan Fauna Endemik,,,
kondisi khas wilayah,concept,Kondisi khas wilayah,C2-Memahami,2.0,1.0
endemik,concept,Endemik,C2-Memahami,2.0,1.0
q_492cb775bc,question,Jelaskan dengan kata-katamu sendiri mengapa suatu jenis flora atau fauna bisa menjadi endemik di suatu wilayah.,C2-Memahami,2.0,
penjelasan/pemahaman,method,Penjelasan/Pemahaman,,,
definisi flora,concept,Definisi Flora,,,
definisi fauna,concept,Definisi Fauna,,,
konsep endemik,concept,Konsep Endemik,,,
faktor-faktor yang mempengaruhi keanekaragaman hayati,concept,Faktor-faktor yang mempengaruhi keanekaragaman hayati,,,
klasifikasi spesies,concept,Klasifikasi spesies,,,
dampak pertumbuhan penduduk,topic_fine,Dampak Pertumbuhan Penduduk,,,
pertumbuhan penduduk yang cepat,concept,Pertumbuhan penduduk yang cepat,C2-Memahami,2.0,1.0
q_72846dd092,question,Mengapa pertumbuhan penduduk yang cepat dapat menjadi hambatan bagi pembangunan berkelanjutan?,C2-Memahami,2.0,
"proses demografi (kelahiran, kematian, migrasi)",concept,"Proses Demografi (Kelahiran, Kematian, Migrasi)",C5-Mengevaluasi,5.0,1.0
sifat unik peristiwa sejarah,concept,Sifat unik peristiwa sejarah,C2-Memahami,2.0,1.0
q_7a1edb8fe6,question,Jelaskan mengapa suatu peristiwa sejarah dikatakan bersifat 'unik'.,C2-Memahami,2.0,
pengertian peristiwa sejarah,concept,Pengertian peristiwa sejarah,,,
ciri-ciri peristiwa sejarah lainnya,concept,Ciri-ciri peristiwa sejarah lainnya,,,
pembangunan sosial,topic_coarse,Pembangunan Sosial,,,
paradigma top-down dan kebutuhan lokal,topic_fine,Paradigma Top-Down dan Kebutuhan Lokal,,,
paradigma top-down,concept,Paradigma Top-Down,C2-Memahami,2.0,1.0
kebutuhan masyarakat lokal,concept,Kebutuhan Masyarakat Lokal,C2-Memahami,2.0,1.0
ketidaksesuaian,concept,Ketidaksesuaian,C2-Memahami,2.0,1.0
q_45ab5c9302,question,Mengapa paradigma top-down seringkali menimbulkan ketidaksesuaian dengan kebutuhan masyarakat lokal?,C2-Memahami,2.0,
analisis,method,Analisis,,,
paradigma bottom-up,concept,Paradigma Bottom-Up,,,
perencanaan pembangunan,concept,Perencanaan Pembangunan,,,
hidrosfer dan air,topic_coarse,Hidrosfer dan Air,,,
jenis air tanah,topic_fine,Jenis Air Tanah,,,
air tanah,concept,Air tanah,C2-Memahami,2.0,1.0
pengairan sawah,concept,Pengairan sawah,C2-Memahami,2.0,1.0
q_a52caad936,question,Seorang petani menggunakan sumur untuk mengairi sawahnya. Jenis air tanah apakah yang ia manfaatkan?,C2-Memahami,2.0,
tujuan program wajib belajar 9 tahun,topic_fine,Tujuan Program Wajib Belajar 9 Tahun,,,
program wajib belajar 9 tahun,concept,Program Wajib Belajar 9 Tahun,C6-Mencipta,5.0,3.0
q_5dd3e5df3c,question,Jelaskan tujuan utama dari program Wajib Belajar 9 tahun!,C2-Memahami,2.0,
akses perguruan tinggi (bidikmisi),concept,Akses Perguruan Tinggi (Bidikmisi),,,
perbedaan ump dan umk,topic_fine,Perbedaan UMP dan UMK,,,
ump (upah minimum provinsi),concept,UMP (Upah Minimum Provinsi),C2-Memahami,2.0,1.0
umk (upah minimum kabupaten/kota),concept,UMK (Upah Minimum Kabupaten/Kota),C2-Memahami,2.0,1.0
q_b3e44159aa,question,Jelaskan perbedaan antara UMP dan UMK!,C2-Memahami,2.0,
perbandingan tujuan organisasi,topic_fine,Perbandingan tujuan organisasi,,,
tujuan organisasi putera,concept,Tujuan organisasi PUTERA,C2-Memahami,2.0,1.0
tujuan organisasi pergerakan nasional,concept,Tujuan organisasi pergerakan nasional,C2-Memahami,2.0,1.0
kebijakan ekspansi jepang,concept,Kebijakan ekspansi Jepang,C2-Memahami,2.0,1.0
q_5c771278a4,question,Bandingkan tujuan pembentukan organisasi PUTERA oleh Jepang dengan tujuan organisasi pergerakan nasional sebelum kedatan,C2-Memahami,2.0,
pergerakan nasional sebelum jepang,concept,Pergerakan nasional sebelum Jepang,,,
dampak kebijakan jepang di asia tenggara,concept,Dampak kebijakan Jepang di Asia Tenggara,,,
fokus pendekatan lingkungan,topic_fine,Fokus Pendekatan Lingkungan,,,
pendekatan lingkungan (ekologi),concept,Pendekatan Lingkungan (Ekologi),C2-Memahami,2.0,1.0
studi geografi,concept,Studi Geografi,C2-Memahami,2.0,1.0
q_68d2fb0df3,question,Terangkan apa yang menjadi fokus utama dalam pendekatan lingkungan (ekologi) pada studi geografi!,C2-Memahami,2.0,
pengertian geografi,concept,Pengertian Geografi,,,
pendekatan geografi lainnya,concept,Pendekatan Geografi Lainnya,,,
metode sensus penduduk,topic_fine,Metode Sensus Penduduk,,,
metode sensus canvasser,concept,Metode Sensus Canvasser,C2-Memahami,2.0,1.0
metode householder,concept,Metode Householder,C2-Memahami,2.0,1.0
q_4320d87568,question,Jelaskan keunggulan dari metode sensus canvasser dibandingkan dengan metode householder!,C2-Memahami,2.0,
perbandingan dan analisis,method,Perbandingan dan Analisis,,,
jenis-jenis sensus penduduk,concept,Jenis-jenis Sensus Penduduk,,,
analisis data demografi,concept,Analisis Data Demografi,,,
toponimi dan sumber,topic_coarse,Toponimi dan Sumber,,,
kredibilitas sumber penelusuran toponimi,topic_fine,Kredibilitas Sumber Penelusuran Toponimi,,,
kredibilitas sumber,concept,Kredibilitas Sumber,C2-Memahami,2.0,1.0
aspek sejarah,concept,Aspek sejarah,C2-Memahami,2.0,3.0
aspek simbolis,concept,Aspek Simbolis,C2-Memahami,2.0,2.0
q_55e8ad9c50,question,"Mengapa saat melakukan penelusuran toponimi melalui internet, kita harus memperhatikan kredibilitas sumber?",C2-Memahami,2.0,
analisis kritis,method,Analisis Kritis,,,
analisis makna toponim,concept,Analisis Makna Toponim,,,
studi folklor lokal,concept,Studi Folklor Lokal,,,
interaksi manusia dan alam,topic_coarse,Interaksi manusia dan alam,C2-Memahami,2.0,1.0
dampak interaksi manusia dan alam,topic_fine,Dampak Interaksi Manusia dan Alam,,,
dampak positif,concept,Dampak Positif,C5-Mengevaluasi,5.0,3.0
dampak negatif,concept,Dampak Negatif,C5-Mengevaluasi,5.0,3.0
q_d12e4d2832,question,"Mengapa interaksi antara manusia dan alam dapat dikatakan memiliki dua sisi, yaitu positif dan negatif?",C2-Memahami,2.0,
lingkungan sekitar,concept,Lingkungan sekitar,,,
interaksi manusia dengan alam,concept,Interaksi manusia dengan alam,C3-Menerapkan,3.0,1.0
dampak perubahan lingkungan,concept,Dampak perubahan lingkungan,,,
konservasi lingkungan,concept,Konservasi Lingkungan,,,
definisi angkatan kerja,topic_fine,Definisi Angkatan Kerja,C2-Memahami,2.0,1.0
usia kerja (15-64 tahun),concept,Usia Kerja (15-64 tahun),C2-Memahami,2.0,1.0
angkatan kerja (bekerja atau mencari kerja),concept,Angkatan Kerja (Bekerja atau mencari kerja),C2-Memahami,2.0,1.0
q_2c2bac195f,question,"Jelaskan apa yang dimaksud dengan ""Angkatan Kerja""! ",C2-Memahami,2.0,
definisi ketenagakerjaan,concept,Definisi Ketenagakerjaan,C2-Memahami,2.0,2.0
bukan angkatan kerja,concept,Bukan Angkatan Kerja,C2-Memahami,2.0,2.0
kebijakan bea masuk,topic_fine,Kebijakan Bea Masuk,C2-Memahami,2.0,1.0
bea masuk,concept,Bea Masuk,C6-Mencipta,5.0,3.0
keuntungan perdagangan,concept,Keuntungan Perdagangan,C2-Memahami,2.0,1.0
kebijakan perdagangan,concept,Kebijakan Perdagangan,C2-Memahami,2.0,1.0
q_2e24ff074d,question,Pemerintah Indonesia mengenakan bea masuk yang tinggi untuk mobil mewah yang didatangkan dari Eropa. Manfaat perdagangan,C2-Memahami,2.0,
definisi perdagangan internasional,concept,Definisi Perdagangan Internasional,,,
jenis-jenis kebijakan perdagangan,concept,Jenis-jenis Kebijakan Perdagangan,,,
dampak perdagangan internasional,concept,Dampak perdagangan internasional,,,
faktor pendorong perdagangan,topic_fine,Faktor Pendorong Perdagangan,,,
era globalisasi,concept,Era Globalisasi,C4-Menganalisis,4.0,2.0
perbedaan sumber daya,concept,Perbedaan Sumber Daya,C6-Mencipta,5.0,4.0
perbedaan teknologi,concept,Perbedaan Teknologi,C5-Mengevaluasi,5.0,4.0
q_1113cbc3b3,question,Mengapa era globalisasi dianggap sebagai faktor pendorong perdagangan internasional?,C2-Memahami,2.0,
ekologi lingkungan,topic_coarse,Ekologi Lingkungan,,,
sumber energi dalam lingkungan abiotik,topic_fine,Sumber Energi dalam Lingkungan Abiotik,,,
cahaya matahari,concept,Cahaya matahari,C2-Memahami,2.0,1.0
sumber energi utama,concept,Sumber energi utama,C2-Memahami,2.0,1.0
lingkungan abiotik,concept,Lingkungan Abiotik,C4-Menganalisis,4.0,2.0
q_b7e831475d,question,Mengapa cahaya matahari dianggap sebagai sumber energi utama dalam lingkungan abiotik?,C2-Memahami,2.0,
komponen biotik dan abiotik,concept,Komponen Biotik dan Abiotik,,,
interaksi komponen ekosistem,concept,Interaksi komponen ekosistem,,,
peran energi dalam ekosistem,concept,Peran energi dalam ekosistem,,,
revolusi industri dan masyarakat,topic_coarse,Revolusi Industri dan Masyarakat,,,
kolaborasi teknologi dan ekonomi,topic_fine,Kolaborasi Teknologi dan Ekonomi,,,
tujuan kolaborasi teknologi dan ekonomi,concept,Tujuan kolaborasi teknologi dan ekonomi,C2-Memahami,2.0,1.0
q_644d1026e7,question,Uraikan tujuan utama dari kolaborasi antara bidang teknologi dan ekonomi dalam Revolusi Industri 4.0 dan Society 5.0!,C2-Memahami,2.0,
implementasi teknologi dalam pembangunan,concept,Implementasi teknologi dalam pembangunan,,,
dampak sosial ekonomi revolusi industri,concept,Dampak sosial ekonomi Revolusi Industri,,,
peta,concept,PETA,C2-Memahami,2.0,1.0
heiho,concept,Heiho,C2-Memahami,2.0,1.0
q_c5afbca74d,question,Jelaskan tujuan utama Jepang membentuk organisasi PETA dan Heiho.,C2-Memahami,2.0,
organisasi politik masa pendudukan jepang,concept,Organisasi Politik Masa Pendudukan Jepang,,,
tingkatan norma dalam tradisi,topic_fine,Tingkatan Norma dalam Tradisi,,,
norma sosial,concept,Norma Sosial,C6-Mencipta,5.0,2.0
tingkatan norma,concept,Tingkatan Norma,C2-Memahami,2.0,1.0
q_4b9a9ed5a4,question,"Di beberapa daerah di Indonesia, ada tradisi untuk mengadakan upacara syukuran setelah panen. Tradisi ini merupakan cont",C2-Memahami,2.0,
definisi lembaga sosial,concept,Definisi Lembaga Sosial,,,
jenis-jenis norma sosial,concept,Jenis-jenis Norma Sosial,,,
toponimi dan budaya,topic_coarse,Toponimi dan Budaya,,,
aspek sejarah dan simbolis toponimi,topic_fine,Aspek Sejarah dan Simbolis Toponimi,,,
toponimi sebagai produk budaya,concept,Toponimi sebagai produk budaya,C2-Memahami,2.0,1.0
aspek sejarah (tradisi turun-temurun),concept,Aspek sejarah (tradisi turun-temurun),C2-Memahami,2.0,1.0
aspek simbolis (makna bersama),concept,Aspek simbolis (makna bersama),C2-Memahami,2.0,1.0
q_8dfbdce217,question,Jelaskan mengapa toponimi dianggap sebagai hasil budaya dari segi sejarah dan simbolis.,C2-Memahami,2.0,
contoh toponimi di indonesia,concept,Contoh Toponimi di Indonesia,,,
klasifikasi dan keunikan tumbuhan,topic_fine,Klasifikasi dan Keunikan Tumbuhan,,,
kayu jati,concept,Kayu Jati,C3-Menerapkan,3.0,2.0
kayu premium,concept,Kayu Premium,C2-Memahami,2.0,1.0
industri mebel,concept,Industri Mebel,C2-Memahami,2.0,1.0
q_daef1ea8d1,question,Mengapa kayu jati dianggap sebagai kayu premium dalam industri mebel?,C2-Memahami,2.0,
definisi kayu,concept,Definisi Kayu,,,
karakteristik kayu,concept,Karakteristik Kayu,,,
jenis-jenis kayu,concept,Jenis-jenis Kayu,,,
proses pengolahan kayu,concept,Proses Pengolahan Kayu,,,
ekologi dan keanekaragaman hayati,topic_coarse,Ekologi dan Keanekaragaman Hayati,,,
peran fauna endemik dalam ekosistem,topic_fine,Peran Fauna Endemik dalam Ekosistem,,,
peran harimau dalam keseimbangan ekosistem,concept,Peran harimau dalam keseimbangan ekosistem,C2-Memahami,2.0,1.0
q_b161f46121,question,Uraikan peran harimau dalam menjaga keseimbangan ekosistem menurut teks.,C2-Memahami,2.0,
definisi flora dan fauna,concept,Definisi Flora dan Fauna,,,
faktor-faktor yang mempengaruhi keseimbangan ekosistem,concept,Faktor-faktor yang mempengaruhi keseimbangan ekosistem,,,
pentingnya identifikasi kebutuhan komunitas,topic_fine,Pentingnya Identifikasi Kebutuhan Komunitas,,,
identifikasi kebutuhan komunitas,concept,Identifikasi kebutuhan komunitas,C2-Memahami,2.0,1.0
efektivitas program,concept,Efektivitas program,C2-Memahami,2.0,1.0
ketepatan sasaran,concept,Ketepatan sasaran,C2-Memahami,2.0,1.0
keberlanjutan program,concept,Keberlanjutan Program,C5-Mengevaluasi,5.0,2.0
q_ffe834db31,question,Jelaskan mengapa identifikasi kebutuhan komunitas menjadi langkah awal yang sangat penting dalam program pemberdayaan.,C2-Memahami,2.0,
tahapan proses pemberdayaan,concept,Tahapan Proses Pemberdayaan,,,
dampak positif perubahan sosial,topic_fine,Dampak Positif Perubahan Sosial,,,
pola pikir masyarakat makin berkembang,concept,Pola Pikir Masyarakat Makin Berkembang,C2-Memahami,2.0,1.0
interaksi dengan budaya luar,concept,Interaksi dengan Budaya Luar,C2-Memahami,2.0,1.0
akses teknologi informasi,concept,Akses Teknologi Informasi,C2-Memahami,2.0,1.0
q_3f294f8114,question,Mengapa pola pikir masyarakat yang makin berkembang dianggap sebagai dampak positif dari perubahan sosial?,C2-Memahami,2.0,
dampak negatif perubahan sosial,concept,Dampak negatif perubahan sosial,,,
fungsi komite nasional indonesia pusat,topic_fine,Fungsi Komite Nasional Indonesia Pusat,,,
fungsi knip sebelum maklumat wakil presiden no. x,concept,Fungsi KNIP sebelum Maklumat Wakil Presiden No. X,C2-Memahami,2.0,1.0
fungsi knip sesudah maklumat wakil presiden no. x,concept,Fungsi KNIP sesudah Maklumat Wakil Presiden No. X,C2-Memahami,2.0,1.0
q_d8c7dad32f,question,Jelaskan perbedaan fungsi KNIP sebelum dan sesudah Maklumat Wakil Presiden No. X!,C2-Memahami,2.0,
analisis perbandingan,method,Analisis Perbandingan,,,
maklumat wakil presiden no. x,concept,Maklumat Wakil Presiden No. X,,,
perkembangan lembaga negara pasca-1945,concept,Perkembangan lembaga negara pasca-1945,,,
penyebab stratifikasi sosial,topic_fine,Penyebab Stratifikasi Sosial,,,
stratifikasi sosial,concept,Stratifikasi Sosial,C6-Mencipta,5.0,6.0
nilai yang dihargai,concept,Nilai yang Dihargai,C2-Memahami,2.0,1.0
pembedaan posisi sosial,concept,Pembedaan Posisi Sosial,C2-Memahami,2.0,1.0
q_045a4fb6f9,question,Jelaskan mengapa stratifikasi sosial muncul karena adanya sesuatu yang dihargai dalam masyarakat!,C2-Memahami,2.0,
bentuk-bentuk stratifikasi sosial,concept,Bentuk-bentuk Stratifikasi Sosial,,,
dampak kebijakan bahasa indonesia,topic_fine,Dampak Kebijakan Bahasa Indonesia,,,
kebijakan bahasa indonesia,concept,Kebijakan Bahasa Indonesia,C2-Memahami,2.0,1.0
pengalaman tokoh nasionalis,concept,Pengalaman Tokoh Nasionalis,C2-Memahami,2.0,1.0
q_2754697ca6,question,Mengapa kebijakan Jepang yang mewajibkan penggunaan bahasa Indonesia justru memberikan dampak positif bagi bangsa Indone,C2-Memahami,2.0,
analisis sebab akibat,method,Analisis Sebab Akibat,,,
dampak politik pendudukan jepang,concept,Dampak Politik Pendudukan Jepang,,,
kondisi bumn orde baru,topic_fine,Kondisi BUMN Orde Baru,,,
birokrasi patrimonial,concept,Birokrasi Patrimonial,C5-Mengevaluasi,4.0,3.0
"kkn (korupsi, kolusi, nepotisme)",concept,"KKN (Korupsi, Kolusi, Nepotisme)",C4-Menganalisis,4.0,2.0
inefisiensi bumn,concept,Inefisiensi BUMN,C2-Memahami,2.0,1.0
q_272b5a7a30,question,"Mengapa BUMN pada masa Orde Baru dianggap ""tidak efisien dan sarat KKN""?",C2-Memahami,2.0,
uu no. 5/2014 tentang asn,concept,UU No. 5/2014 tentang ASN,,,
posisi silang dunia,topic_fine,Posisi Silang Dunia,,,
posisi geografis indonesia,concept,Posisi geografis Indonesia,C2-Memahami,2.0,1.0
pengaruh posisi geografis,concept,Pengaruh posisi geografis,C2-Memahami,2.0,1.0
q_5624ed4977,question,Terangkan mengapa posisi geografis Indonesia disebut sebagai posisi silang dunia!,C2-Memahami,2.0,
pengaruh letak geografis terhadap iklim,concept,Pengaruh letak geografis terhadap iklim,,,
perbedaan produsen dan konsumen,topic_fine,Perbedaan Produsen dan Konsumen,,,
produsen,concept,Produsen,C2-Memahami,2.0,1.0
konsumen,concept,Konsumen,C3-Menerapkan,3.0,2.0
ekosistem,concept,Ekosistem,C5-Mengevaluasi,5.0,3.0
interaksi komponen biotik,concept,Interaksi komponen biotik,C2-Memahami,2.0,1.0
q_b84d1cd1a7,question,Jelaskan perbedaan mendasar antara produsen dan konsumen dalam sebuah ekosistem!,C2-Memahami,2.0,
definisi ekosistem,concept,Definisi ekosistem,,,
rantai makanan,concept,Rantai Makanan,C6-Mencipta,5.0,1.0
aliran energi dalam ekosistem,concept,Aliran energi dalam ekosistem,,,
lapisan atmosfer dan fenomena bintang jatuh,topic_fine,Lapisan Atmosfer dan Fenomena Bintang Jatuh,,,
lapisan atmosfer,concept,Lapisan atmosfer,C4-Menganalisis,4.0,2.0
bintang jatuh,concept,Bintang Jatuh,C2-Memahami,2.0,1.0
q_b3f0897f12,question,Seorang pengamat bintang melihat fenomena 'bintang jatuh'. Fenomena pembakaran benda langit tersebut sebenarnya terjadi ,C2-Memahami,2.0,
proses pembakaran benda langit,concept,Proses Pembakaran Benda Langit,,,
interaksi budaya islam,topic_coarse,Interaksi Budaya Islam,,,
peran jalur perdagangan penyebaran agama,topic_fine,Peran Jalur Perdagangan Penyebaran Agama,,,
jalur perdagangan,concept,Jalur perdagangan,C4-Menganalisis,4.0,2.0
sarana penyebaran agama,concept,Sarana penyebaran agama,C2-Memahami,2.0,1.0
pedagang sebagai misionaris,concept,Pedagang sebagai misionaris,C2-Memahami,2.0,1.0
pengaruh walisongo,concept,Pengaruh Walisongo,C2-Memahami,2.0,1.0
q_2a4b8fb629,question,Jelaskan mengapa jalur perdagangan menjadi media yang efektif untuk penyebaran agama Islam di Nusantara,C2-Memahami,2.0,
jalur perdagangan antarwilayah,concept,Jalur perdagangan antarwilayah,,,
peran walisongo dalam islamisasi,concept,Peran Walisongo dalam Islamisasi,,,
dampak ekonomi jalur perdagangan,concept,Dampak ekonomi jalur perdagangan,,,
pajak dan definisi,topic_coarse,Pajak dan Definisi,,,
karakteristik pajak tanpa kontraprestasi,topic_fine,Karakteristik Pajak Tanpa Kontraprestasi,,,
tidak memberikan balas jasa (kontraprestasi),concept,Tidak Memberikan Balas Jasa (Kontraprestasi),C2-Memahami,2.0,1.0
sifat pajak (wajib dan memaksa),concept,Sifat Pajak (Wajib dan Memaksa),C2-Memahami,2.0,1.0
q_5985dacc83,question,"Apa yang dimaksud dengan ""tidak memberikan balas jasa (kontraprestasi) secara langsung""?",C2-Memahami,2.0,
fungsi pajak (budgetair dan regulerend),concept,Fungsi Pajak (Budgetair dan Regulerend),,,
peran kegiatan distribusi,topic_fine,Peran Kegiatan Distribusi,,,
kegiatan distribusi,concept,Kegiatan Distribusi,C2-Memahami,2.0,1.0
kegiatan produksi,concept,Kegiatan Produksi,C6-Mencipta,5.0,2.0
keberlangsungan produksi,concept,Keberlangsungan Produksi,C2-Memahami,2.0,1.0
kebutuhan tidak terbatas,concept,Kebutuhan Tidak Terbatas,C2-Memahami,2.0,1.0
q_14de18f900,question,Jelaskan mengapa kegiatan distribusi penting untuk menjaga keberlangsungan produksi perusahaan!,C2-Memahami,2.0,
analisis hubungan sebab-akibat,method,Analisis hubungan sebab-akibat,,,
"jenis-jenis kegiatan ekonomi (produksi, distribusi, konsumsi)",concept,"Jenis-jenis kegiatan ekonomi (produksi, distribusi, konsumsi)",,,
fungsi kegiatan produksi,concept,Fungsi kegiatan produksi,,,
peran kegiatan konsumsi,concept,Peran kegiatan konsumsi,,,
ilmu politik luar negeri,topic_coarse,Ilmu Politik Luar Negeri,,,
prinsip bebas aktif indonesia,topic_fine,Prinsip Bebas Aktif Indonesia,,,
makna,concept,Makna,C2-Memahami,2.0,1.0
q_78935b5640,question,"Uraikan dengan kata-katamu sendiri makna dari prinsip ""Bebas Aktif"" dalam politik luar negeri Indonesia",C2-Memahami,2.0,
konsep dasar politik luar negeri,concept,Konsep dasar Politik Luar Negeri,,,
implementasi politik luar negeri,concept,Implementasi Politik Luar Negeri,,,
teori politik luar negeri,concept,Teori Politik Luar Negeri,,,
konsep gender dan ketidaksetaraan,topic_fine,Konsep Gender dan Ketidaksetaraan,,,
konsep gender,concept,Konsep gender,C2-Memahami,2.0,1.0
pembedaan berdasarkan gender,concept,Pembedaan berdasarkan gender,C2-Memahami,2.0,1.0
ketidaksetaraan,concept,Ketidaksetaraan,C2-Memahami,2.0,1.0
q_d39c128bee,question,Jelaskan konsep 'gender' seperti yang dijelaskan dalam teks dan bagaimana pembedaan berdasarkan gender dapat menyebabkan,C2-Memahami,2.0,
isu-isu sosial dalam sdgs,concept,Isu-isu sosial dalam SDGs,,,
sosiologi dan ekonomi,topic_coarse,Sosiologi dan Ekonomi,,,
perbedaan pandangan marx dan simmel tentang kemiskinan,topic_fine,Perbedaan pandangan Marx dan Simmel tentang kemiskinan,,,
pandangan karl marx tentang kemiskinan,concept,Pandangan Karl Marx tentang kemiskinan,C2-Memahami,3.0,1.0
pandangan georg simmel tentang kemiskinan,concept,Pandangan Georg Simmel tentang kemiskinan,C2-Memahami,3.0,1.0
q_259dabf097,question,Jelaskan bagaimana pandangan Karl Marx mengenai penyebab kemiskinan berbeda dengan pandangan Georg Simmel.,C2-Memahami,3.0,
konsep dasar kemiskinan,concept,Konsep dasar kemiskinan,,,
teori sosiologi lain,concept,Teori sosiologi lain,,,
analisis teori sosial,concept,Analisis teori sosial,,,
era reformasi dan pemilu,topic_fine,Era Reformasi dan Pemilu,,,
pemilu 1999,concept,Pemilu 1999,C2-Memahami,2.0,1.0
presiden gus dur,concept,Presiden Gus Dur,C2-Memahami,2.0,1.0
mpr sebagai lembaga pemilih,concept,MPR sebagai lembaga pemilih,C2-Memahami,2.0,1.0
pdi-p menang,concept,PDI-P menang,C2-Memahami,2.0,1.0
q_fc62f8059c,question,"Meskipun PDI-P menang Pemilu 1999, mengapa Gus Dur yang menjadi Presiden? (Implisit dari ""MPR sebagai lembaga pemilih"")",C2-Memahami,2.0,
sidang istimewa mpr 1998,concept,Sidang Istimewa MPR 1998,C6-Mencipta,5.0,1.0
tap mpr krusial,concept,Tap MPR krusial,C4-Menganalisis,4.0,1.0
kebijakan reformasi pembangunan,concept,Kebijakan Reformasi Pembangunan,,,
peran komunitas jawi,topic_fine,Peran Komunitas Jawi,,,
komunitas jawi,concept,Komunitas Jawi,C6-Mencipta,5.0,3.0
penyebaran ilmu pengetahuan,concept,Penyebaran ilmu pengetahuan,C2-Memahami,2.0,1.0
paham baru,concept,Paham baru,C2-Memahami,2.0,1.0
nusantara,concept,Nusantara,C2-Memahami,2.0,1.0
q_7ef4522904,question,Uraikan bagaimana 'Komunitas Jawi' berperan dalam penyebaran ilmu pengetahuan dan paham baru di Nusantara.,C2-Memahami,2.0,
nasionalisme,concept,Nasionalisme,C6-Mencipta,5.0,5.0
konteks nusantara,concept,Konteks Nusantara,,,
interkoneksi bangsa-bangsa asia,concept,Interkoneksi bangsa-bangsa Asia,,,
reaksi terhadap kolonialisme,concept,Reaksi terhadap Kolonialisme,C5-Mengevaluasi,4.0,1.0
faktor penyebab masalah ekonomi lokal,topic_fine,Faktor penyebab masalah ekonomi lokal,,,
identifikasi masalah komunitas,concept,Identifikasi masalah komunitas,C2-Memahami,2.0,1.0
peran tengkulak,concept,Peran tengkulak,C2-Memahami,2.0,1.0
q_3586ee1dc4,question,Mengapa komunitas perempuan di Desa Ujung terpaksa menjual udang rebon dengan harga murah kepada tengkulak?,C2-Memahami,2.0,
perencanaan kegiatan pemberdayaan,concept,Perencanaan kegiatan pemberdayaan,,,
strategi intervensi ekonomi,concept,Strategi intervensi ekonomi,,,
klasifikasi minyak bumi,topic_fine,Klasifikasi Minyak Bumi,,,
klasifikasi sda berdasarkan potensi,concept,Klasifikasi SDA berdasarkan potensi,C2-Memahami,2.0,1.0
q_7e8686c313,question,"Klasifikasikan minyak bumi berdasarkan tiga kategori: jenis, sifat, dan potensi!",C2-Memahami,2.0,
klasifikasi umum sumber daya alam,concept,Klasifikasi umum Sumber Daya Alam,,,
klasifikasi sda nonhayati dan hayati,concept,Klasifikasi SDA Nonhayati dan Hayati,,,
kebijakan ekspansif dan kontraktif,topic_fine,Kebijakan Ekspansif dan Kontraktif,,,
kebijakan ekspansif,concept,Kebijakan Ekspansif,C6-Mencipta,5.0,4.0
kebijakan kontraktif,concept,Kebijakan Kontraktif,C6-Mencipta,5.0,3.0
pembelian surat berharga,concept,Pembelian Surat Berharga,C2-Memahami,2.0,1.0
q_996d6a9fdd,question,"Untuk mendorong ekonomi, Bank Sentral membeli surat berharga (SBI/SBN). Instrumen apa yang sedang digunakan?",C2-Memahami,2.0,
instrumen kebijakan moneter lainnya,concept,Instrumen Kebijakan Moneter Lainnya,,,
definisi dan contoh struktur sosial,topic_fine,Definisi dan Contoh Struktur Sosial,,,
q_ff8174e8e8,question,"Jelaskan apa yang dimaksud dengan struktur sosial menurut Selo Soemardjan dan Soelaeman Soemardi, dan berikan satu conto",C2-Memahami,2.0,
unsur-unsur sosial,concept,Unsur-unsur sosial,,,
daya tarik ajaran islam,topic_fine,Daya tarik ajaran Islam,C2-Memahami,2.0,1.0
sistem kasta,concept,Sistem Kasta,C2-Memahami,2.0,1.0
penyebaran islam,concept,Penyebaran Islam,C2-Memahami,2.0,1.0
q_1f9c5c46b0,question,Terangkan mengapa ajaran Islam yang tidak mengenal sistem kasta menjadi daya tarik bagi masyarakat Indonesia pada masa i,C2-Memahami,2.0,
sejarah kerajaan islam di indonesia,concept,Sejarah Kerajaan Islam di Indonesia,,,
peran walisongo,concept,Peran Walisongo,C2-Memahami,3.0,1.0
aspek sosial budaya islam,concept,Aspek sosial budaya Islam,,,
sistem perdagangan modern,topic_coarse,Sistem Perdagangan Modern,,,
perbandingan sistem pembayaran,topic_fine,Perbandingan Sistem Pembayaran,,,
sistem pembayaran tunai,concept,Sistem pembayaran tunai,C2-Memahami,2.0,1.0
sistem pembayaran dompet elektronik,concept,Sistem pembayaran dompet elektronik,C2-Memahami,2.0,1.0
q_f7065baa4c,question,Bandingkan antara sistem pembayaran tunai dengan sistem pembayaran menggunakan dompet elektronik.,C2-Memahami,2.0,
perbandingan,method,Perbandingan,C4-Menganalisis,4.0,1.0
pengertian sistem perdagangan,concept,Pengertian sistem perdagangan,,,
keamanan transaksi pembayaran,concept,Keamanan transaksi pembayaran,,,
inovasi teknologi dalam keuangan,concept,Inovasi teknologi dalam keuangan,,,
globalisasi dan digitalisasi,topic_coarse,Globalisasi dan Digitalisasi,,,
pandangan skeptis terhadap globalisasi,topic_fine,Pandangan skeptis terhadap globalisasi,,,
keuntungan globalisasi,concept,Keuntungan globalisasi,C2-Memahami,2.0,1.0
negara maju,concept,Negara Maju,C3-Menerapkan,3.0,2.0
q_bf502c5d9b,question,Jelaskan mengapa kaum skeptis menganggap globalisasi hanya menguntungkan negara-negara maju.,C2-Memahami,2.0,
kritik terhadap globalisasi,concept,Kritik terhadap globalisasi,,,
pemilihan lokasi perumusan proklamasi,topic_fine,Pemilihan lokasi perumusan proklamasi,,,
rumah laksamana tadashi maeda,concept,Rumah Laksamana Tadashi Maeda,C2-Memahami,2.0,1.0
kondisi kekosongan kekuasaan,concept,Kondisi Kekosongan Kekuasaan,C2-Memahami,2.0,1.0
perbedaan pendapat golongan muda,concept,Perbedaan Pendapat Golongan Muda,C3-Menerapkan,3.0,2.0
q_cbb4a44dd3,question,Jelaskan mengapa rumah Laksamana Tadashi Maeda dipilih sebagai tempat yang aman untuk merumuskan proklamasi.,C2-Memahami,2.0,
latar belakang peristiwa menjelang proklamasi,concept,Latar belakang peristiwa menjelang proklamasi,,,
proses pembacaan proklamasi,concept,Proses pembacaan proklamasi,,,
peran tokoh dalam perumusan,concept,Peran tokoh dalam perumusan,,,
peran sosial-politik abri,concept,Peran sosial-politik ABRI,C2-Memahami,2.0,1.0
q_f280de8e8b,question,"Apa yang dimaksud dengan peran ""sosial-politik"" ABRI dalam konsep Dwifungsi?",C2-Memahami,2.0,
repelita,concept,Repelita,C6-Mencipta,5.0,6.0
hubungan harmonis dengan alam,topic_fine,Hubungan harmonis dengan alam,,,
hubungan dengan alam,concept,Hubungan dengan alam,C2-Memahami,2.0,1.0
q_9e123b33f6,question,Uraikan mengapa hubungan yang harmonis dengan alam termasuk dalam ruang lingkup harmoni sosial.,C2-Memahami,2.0,
definisi harmoni sosial,concept,Definisi Harmoni Sosial,,,
konsep harmoni sosial yang lebih luas,concept,Konsep Harmoni Sosial yang lebih luas,,,
perbedaan stratifikasi sosial,topic_fine,Perbedaan Stratifikasi Sosial,,,
sistem stratifikasi sosial terbuka,concept,Sistem stratifikasi sosial terbuka,C2-Memahami,2.0,1.0
sistem stratifikasi sosial tertutup,concept,Sistem stratifikasi sosial tertutup,C2-Memahami,2.0,1.0
q_41661fd9a6,question,Uraikan perbedaan mendasar antara sistem stratifikasi sosial terbuka dan sistem stratifikasi sosial tertutup!,C2-Memahami,2.0,
faktor-faktor yang mempengaruhi stratifikasi sosial,concept,Faktor-faktor yang mempengaruhi stratifikasi sosial,,,
kelemahan sistem barter,topic_fine,Kelemahan Sistem Barter,,,
kesulitan menentukan nilai tukar yang adil,concept,Kesulitan menentukan nilai tukar yang adil,C2-Memahami,2.0,1.0
ketiadaan kehendak ganda yang selaras,concept,Ketiadaan kehendak ganda yang selaras,C2-Memahami,2.0,1.0
q_0cb3cf0810,question,Jelaskan dua permasalahan utama yang membuat sistem barter dianggap tidak lagi efisien,C2-Memahami,2.0,
munculnya sistem pertukaran barang/uang,concept,Munculnya sistem pertukaran barang/uang,,,
perbedaan wilayah,topic_coarse,Perbedaan Wilayah,,,
karakteristik masyarakat desa,topic_fine,Karakteristik masyarakat desa,,,
hubungan kekerabatan yang kuat,concept,Hubungan kekerabatan yang kuat,C2-Memahami,2.0,1.0
masyarakat desa,concept,Masyarakat desa,C2-Memahami,2.0,1.0
q_5664bcb3dd,question,Apa yang dimaksud dengan karakteristik 'hubungan kekerabatan yang kuat' dalam masyarakat desa?,C2-Memahami,2.0,
perbedaan wilayah perdesaan dan perkotaan,concept,Perbedaan wilayah perdesaan dan perkotaan,,,
sifat masalah sosial,topic_fine,Sifat Masalah Sosial,,,
sifat subjektif masalah sosial,concept,Sifat subjektif masalah sosial,C2-Memahami,2.0,1.0
definisi masalah sosial,concept,Definisi Masalah Sosial,C2-Memahami,2.0,1.0
karakteristik masalah sosial,concept,Karakteristik Masalah Sosial,C4-Menganalisis,4.0,2.0
q_8666df984a,question,Mengapa suatu masalah sosial dikatakan memiliki sifat subjektif? Berikan contohnya.,C2-Memahami,2.0,
perbedaan masalah pribadi dan sosial,concept,Perbedaan masalah pribadi dan sosial,,,
masalah sosial global,topic_coarse,Masalah Sosial Global,,,
neokolonialisme dan negara berkembang,topic_fine,Neokolonialisme dan Negara Berkembang,,,
neokolonialisme,concept,Neokolonialisme,C2-Memahami,2.0,1.0
penjajahan bentuk baru,concept,Penjajahan bentuk baru,C2-Memahami,2.0,1.0
kontrol tidak langsung,concept,Kontrol tidak langsung,C2-Memahami,2.0,1.0
q_8ee42f4ee5,question,Mengapa negara-negara berkembang sering menjadi target praktik neokolonialisme?,C2-Memahami,2.0,
kolonialisme lama,concept,Kolonialisme lama,,,
bentuk-bentuk neokolonialisme lainnya,concept,Bentuk-bentuk neokolonialisme lainnya,,,
kegiatan impor dalam ekonomi negara,topic_fine,Kegiatan Impor dalam Ekonomi Negara,,,
impor,concept,Impor,C4-Menganalisis,4.0,4.0
q_da094a65d3,question,"Berdasarkan teks, jelaskan mengapa suatu negara melakukan kegiatan impor",C2-Memahami,2.0,
definisi pelaku ekonomi,concept,Definisi Pelaku Ekonomi,,,
peran pelaku ekonomi,concept,Peran Pelaku Ekonomi,,,
"kegiatan ekonomi (produksi, distribusi, konsumsi)",concept,"Kegiatan Ekonomi (Produksi, Distribusi, Konsumsi)",C4-Menganalisis,4.0,1.0
ekologi dan lingkungan,topic_coarse,Ekologi dan Lingkungan,,,
peran manusia dalam ekosistem,topic_fine,Peran Manusia dalam Ekosistem,,,
lingkungan hidup,concept,Lingkungan hidup,C2-Memahami,2.0,1.0
ekologi,concept,Ekologi,C2-Memahami,2.0,1.0
interaksi komponen biotik dan abiotik,concept,Interaksi komponen biotik dan abiotik,C3-Menerapkan,3.0,2.0
agen perubahan,concept,Agen perubahan,C2-Memahami,2.0,1.0
q_5067e4874b,question,Mengapa manusia disebut sebagai agen perubahan yang dominan di alam?,C2-Memahami,2.0,
definisi lingkungan hidup,concept,Definisi lingkungan hidup,,,
konsep ekosistem,concept,Konsep ekosistem,,,
etika lingkungan,concept,Etika Lingkungan,,,
dampak aktivitas manusia terhadap ekosistem,concept,Dampak Aktivitas Manusia terhadap Ekosistem,,,
ekologi dan keberlanjutan,topic_coarse,Ekologi dan Keberlanjutan,,,
cara hidup masa berburu mengumpulkan makanan,topic_fine,Cara hidup masa berburu mengumpulkan makanan,,,
cara hidup manusia masa berburu,concept,Cara hidup manusia masa berburu,C2-Memahami,2.0,1.0
mengumpulkan makanan tingkat sederhana,concept,Mengumpulkan makanan tingkat sederhana,C2-Memahami,2.0,1.0
q_b8adeb3ac6,question,Uraikan bagaimana cara hidup manusia pada masa berburu dan mengumpulkan makanan tingkat sederhana.,C2-Memahami,2.0,
masa prasejarah,concept,Masa prasejarah,,,
masa pertanian,concept,Masa pertanian,,,
faktor perubahan jumlah penduduk,topic_fine,Faktor Perubahan Jumlah Penduduk,,,
keluarga berencana (kb),concept,Keluarga Berencana (KB),C2-Memahami,2.0,1.0
q_6edef48a13,question,Mengapa program Keluarga Berencana (KB) digolongkan sebagai faktor anti-natalitas?,C2-Memahami,2.0,
"faktor-faktor perubahan penduduk (kelahiran, kematian, migrasi)",concept,"Faktor-faktor perubahan penduduk (kelahiran, kematian, migrasi)",,,
pengaruh keluarga berencana terhadap struktur penduduk,concept,Pengaruh Keluarga Berencana terhadap struktur penduduk,,,
analisis data sensus penduduk,concept,Analisis data sensus penduduk,,,
perbedaan penyebab kemiskinan kultural dan struktural,topic_fine,Perbedaan penyebab kemiskinan kultural dan struktural,,,
kemiskinan kultural,concept,Kemiskinan kultural,C2-Memahami,2.0,1.0
kemiskinan struktural,concept,Kemiskinan struktural,C2-Memahami,2.0,1.0
q_f35287a3b2,question,Jelaskan perbedaan penyebab antara kemiskinan kultural dan kemiskinan struktural!,C2-Memahami,2.0,
analisis/membandingkan,method,Analisis/Membandingkan,,,
"jenis-jenis kemiskinan (subjektif, objektif, kultural, struktural)",concept,"Jenis-jenis kemiskinan (subjektif, objektif, kultural, struktural)",,,
pengukuran kemiskinan (garis kemiskinan),concept,Pengukuran kemiskinan (Garis Kemiskinan),,,
sejarah global regional,topic_coarse,Sejarah Global Regional,,,
keterkaitan peristiwa sejarah,topic_fine,Keterkaitan Peristiwa Sejarah,,,
perang dunia ii,concept,Perang Dunia II,C2-Memahami,3.0,1.0
dinamika regional global,concept,Dinamika Regional Global,C2-Memahami,3.0,1.0
q_8df9f11779,question,Uraikan hubungan sebab-akibat antara kekalahan Jepang dalam Perang Dunia II dengan proklamasi kemerdekaan Indonesia.,C2-Memahami,3.0,
pengetahuan tentang perang dunia ii,concept,Pengetahuan tentang Perang Dunia II,,,
pengetahuan tentang sejarah indonesia,concept,Pengetahuan tentang Sejarah Indonesia,,,
analisis konflik pasca-perang dunia ii,concept,Analisis Konflik Pasca-Perang Dunia II,,,
studi hubungan internasional,concept,Studi Hubungan Internasional,,,
perbedaan kemiskinan absolut dan relatif,topic_fine,Perbedaan Kemiskinan Absolut dan Relatif,,,
kemiskinan absolut,concept,Kemiskinan Absolut,C2-Memahami,2.0,1.0
kemiskinan relatif,concept,Kemiskinan Relatif,C6-Mencipta,5.0,2.0
q_18d5b7e6ae,question,Uraikan perbedaan utama antara konsep kemiskinan absolut dan kemiskinan relatif.,C2-Memahami,2.0,
konsep ketimpangan ekonomi,concept,Konsep Ketimpangan Ekonomi,,,
pengukuran kemiskinan,concept,Pengukuran Kemiskinan,,,
indikator kemiskinan,concept,Indikator Kemiskinan,,,
efektivitas sistem barter,topic_fine,Efektivitas Sistem Barter,,,
kebutuhan manusia tidak terbatas,concept,Kebutuhan manusia tidak terbatas,C2-Memahami,2.0,1.0
sumber daya terbatas,concept,Sumber daya terbatas,C2-Memahami,2.0,1.0
efektivitas ekonomi,concept,Efektivitas ekonomi,C2-Memahami,2.0,1.0
q_860673e78b,question,Mengapa sistem barter dianggap tidak efektif untuk memenuhi kebutuhan manusia yang semakin beragam?,C2-Memahami,2.0,
definisi ilmu ekonomi,concept,Definisi ilmu ekonomi,,,
konsep kelangkaan,concept,Konsep Kelangkaan,,,
"sistem ekonomi (tradisional, pasar, komando)",concept,"Sistem ekonomi (tradisional, pasar, komando)",,,
masalah ekonomi dasar,concept,Masalah ekonomi dasar,,,
pembentukan komite nasional indonesia pusat,topic_fine,Pembentukan Komite Nasional Indonesia Pusat,,,
pembentukan knip,concept,Pembentukan KNIP,C4-Menganalisis,4.0,2.0
tujuan pembentukan knip,concept,Tujuan pembentukan KNIP,C2-Memahami,2.0,1.0
q_a6bb471129,question,Apa tujuan awal pembentukan KNIP menurut hasil Sidang PPKI I?,C2-Memahami,2.0,
peristiwa proklamasi 17 agustus 1945,concept,Peristiwa Proklamasi 17 Agustus 1945,,,
pembentukan panitia persiapan kemerdekaan indonesia (ppki),concept,Pembentukan Panitia Persiapan Kemerdekaan Indonesia (PPKI),,,
struktur pemerintahan awal indonesia,concept,Struktur pemerintahan awal Indonesia,,,
perbedaan penelitian sejarah dan sosiologi,topic_fine,Perbedaan Penelitian Sejarah dan Sosiologi,,,
fokus kajian (masa lampau vs. masyarakat),concept,Fokus kajian (masa lampau vs. masyarakat),C2-Memahami,2.0,1.0
sumber data (sumber sejarah vs. data sosial),concept,Sumber data (sumber sejarah vs. data sosial),C2-Memahami,2.0,1.0
sifat objek kajian (peristiwa nyata vs. interaksi sosial),concept,Sifat objek kajian (peristiwa nyata vs. interaksi sosial),C2-Memahami,2.0,1.0
q_a3e4e97d54,question,Uraikan dengan kata-katamu sendiri apa yang membedakan penelitian sejarah dengan penelitian sosiologi berdasarkan peneka,C2-Memahami,2.0,
pemahaman dasar tentang penelitian sejarah,concept,Pemahaman dasar tentang penelitian sejarah,,,
perbandingan metodologi ilmu sosial lainnya,concept,Perbandingan metodologi ilmu sosial lainnya,,,
perbandingan fokus perjuangan awal,topic_fine,Perbandingan fokus perjuangan awal,,,
sarekat dagang islam (sdi),concept,Sarekat Dagang Islam (SDI),C2-Memahami,2.0,1.0
fokus perjuangan awal,concept,Fokus perjuangan awal,C2-Memahami,2.0,1.0
q_93c57bf8e3,question,Bandingkan fokus perjuangan awal antara Budi Utomo dengan Sarekat Dagang Islam (SDI)!,C2-Memahami,2.0,
perkembangan organisasi pergerakan nasional,concept,Perkembangan Organisasi Pergerakan Nasional,,,
karakteristik laporan keuangan,topic_fine,Karakteristik Laporan Keuangan,,,
keterbandingan laporan keuangan,concept,Keterbandingan laporan keuangan,C2-Memahami,2.0,1.0
peran bagi investor,concept,Peran bagi investor,C2-Memahami,2.0,1.0
q_c614fafcb0,question,Jelaskan dengan kata-katamu sendiri mengapa karakteristik 'Keterbandingan' penting bagi seorang investor.,C2-Memahami,2.0,
penjelasan/parafrase,method,Penjelasan/Parafrase,,,
definisi laporan keuangan,concept,Definisi Laporan Keuangan,,,
karakteristik laporan keuangan lainnya,concept,Karakteristik laporan keuangan lainnya,,,
masalah ketenagakerjaan,topic_coarse,Masalah Ketenagakerjaan,,,
perbedaan penyebab pengangguran,topic_fine,Perbedaan Penyebab Pengangguran,,,
pengangguran struktural,concept,Pengangguran Struktural,C6-Mencipta,5.0,2.0
pengangguran friksional,concept,Pengangguran Friksional,C2-Memahami,2.0,1.0
q_48cdb9b480,question,Jelaskan perbedaan penyebab antara pengangguran Struktural dan Friksional!,C2-Memahami,2.0,
analisis perbedaan,method,Analisis Perbedaan,C4-Menganalisis,4.0,1.0
alasan negara melakukan perdagangan internasional,topic_fine,Alasan negara melakukan perdagangan internasional,,,
kebutuhan barang/jasa yang tidak dapat diproduksi sendiri,concept,Kebutuhan barang/jasa yang tidak dapat diproduksi sendiri,C2-Memahami,2.0,1.0
mencari keuntungan,concept,Mencari keuntungan,C2-Memahami,2.0,1.0
solusi kekurangan produksi,concept,Solusi kekurangan produksi,C2-Memahami,2.0,1.0
q_cee2d46476,question,Jelaskan dengan kata-katamu sendiri mengapa suatu negara perlu melakukan perdagangan internasional.,C2-Memahami,2.0,
jenis-jenis pelaku perdagangan internasional,concept,Jenis-jenis pelaku perdagangan internasional,,,
keuntungan dan kerugian perdagangan internasional,concept,Keuntungan dan kerugian perdagangan internasional,,,
bioma dan persebaran flora,topic_coarse,Bioma dan Persebaran Flora,,,
fungsi perubahan warna bulu hewan di tundra,topic_fine,Fungsi perubahan warna bulu hewan di Tundra,,,
bioma tundra,concept,Bioma Tundra,C6-Mencipta,5.0,2.0
adaptasi hewan,concept,Adaptasi hewan,C2-Memahami,2.0,1.0
perubahan warna bulu,concept,Perubahan warna bulu,C2-Memahami,2.0,1.0
musim dingin,concept,Musim dingin,C2-Memahami,2.0,1.0
q_c4be2f9a59,question,Jelaskan fungsi perubahan warna bulu menjadi putih pada hewan di bioma Tundra selama musim dingin!,C2-Memahami,2.0,
karakteristik vegetasi tundra,concept,Karakteristik vegetasi Tundra,,,
adaptasi makhluk hidup terhadap iklim ekstrem,concept,Adaptasi makhluk hidup terhadap iklim ekstrem,,,
perbandingan organisasi pergerakan,topic_fine,Perbandingan organisasi pergerakan,,,
ruang lingkup keanggotaan,concept,Ruang lingkup keanggotaan,C2-Memahami,2.0,1.0
faktor pendorong kebangsaan,concept,Faktor pendorong kebangsaan,C2-Memahami,2.0,1.0
q_2655d95fd0,question,Mengapa ruang lingkup keanggotaan Sarekat Islam (SI) di bawah H.O.S. Cokroaminoto bisa lebih luas dibandingkan dengan Bu,C2-Memahami,2.0,
definisi nasionalisme indonesia,concept,Definisi Nasionalisme Indonesia,,,
latar belakang sarekat islam dan budi utomo,concept,Latar belakang Sarekat Islam dan Budi Utomo,,,
perbedaan ideologi organisasi pergerakan,concept,Perbedaan ideologi organisasi pergerakan,,,
perdagangan modern,topic_coarse,Perdagangan Modern,,,
perbandingan harga e-commerce dan toko fisik,topic_fine,Perbandingan Harga E-Commerce dan Toko Fisik,,,
teknologi dalam perdagangan,concept,Teknologi dalam Perdagangan,C2-Memahami,2.0,1.0
efisiensi transaksi,concept,Efisiensi Transaksi,C2-Memahami,2.0,1.0
biaya operasional,concept,Biaya Operasional,C2-Memahami,2.0,1.0
model bisnis e-commerce,concept,Model Bisnis E-Commerce,C2-Memahami,2.0,1.0
q_af1303aa61,question,Jelaskan dengan kata-katamu sendiri mengapa harga barang di E-Commerce bisa lebih murah dibandingkan di toko fisik.,C2-Memahami,2.0,
analisis dan sintesis,method,Analisis dan Sintesis,,,
konsep dasar perdagangan,concept,Konsep dasar perdagangan,,,
keuntungan dan kerugian e-commerce,concept,Keuntungan dan Kerugian E-Commerce,,,
strategi pemasaran digital,concept,Strategi Pemasaran Digital,,,
perbedaan program bantuan pendidikan,topic_fine,Perbedaan Program Bantuan Pendidikan,,,
program bantuan operasional sekolah (bos),concept,Program Bantuan Operasional Sekolah (BOS),C4-Menganalisis,4.0,2.0
program bidikmisi/kip,concept,Program Bidikmisi/KIP,C2-Memahami,2.0,1.0
fokus bantuan dana pendidikan,concept,Fokus bantuan dana pendidikan,C2-Memahami,2.0,1.0
q_4060ad288f,question,Apa perbedaan fokus antara program BOS dan program Bidikmisi/KIP?,C2-Memahami,2.0,
kebijakan alokasi anggaran pendidikan,concept,Kebijakan alokasi anggaran pendidikan,,,
implementasi program pendidikan,concept,Implementasi program pendidikan,,,
evaluasi efektivitas program,concept,Evaluasi efektivitas program,,,
karakteristik kerak bumi,topic_fine,Karakteristik Kerak Bumi,,,
kerak benua,concept,Kerak Benua,C2-Memahami,2.0,1.0
kerak samudra,concept,Kerak Samudra,C2-Memahami,2.0,1.0
q_74a4add973,question,Bandingkan karakteristik antara kerak benua dan kerak samudra yang menyusun litosfer,C2-Memahami,2.0,
litosfer,concept,Litosfer,,,
tektonik lempeng,concept,Tektonik Lempeng,,,
teori merkantilisme,topic_fine,Teori Merkantilisme,,,
perdagangan dalam merkantilisme,concept,Perdagangan dalam Merkantilisme,C2-Memahami,2.0,1.0
zero-sum game,concept,Zero-sum game,C2-Memahami,2.0,1.0
logam mulia,concept,Logam Mulia,C4-Menganalisis,4.0,2.0
q_1e2e263ddc,question,Jelaskan mengapa perdagangan dalam pandangan teori merkantilisme dianggap sebagai 'zero-sum game'!,C2-Memahami,2.0,
definisi teori perdagangan internasional,concept,Definisi Teori Perdagangan Internasional,,,
teori perdagangan internasional lainnya,concept,Teori Perdagangan Internasional lainnya,,,
ilmu gizi dan kesehatan,topic_coarse,Ilmu Gizi dan Kesehatan,,,
perbandingan makanan fungsional dan nutrasetikal,topic_fine,Perbandingan Makanan Fungsional dan Nutrasetikal,,,
makanan fungsional,concept,Makanan Fungsional,C2-Memahami,2.0,1.0
nutrasetikal,concept,Nutrasetikal,C2-Memahami,2.0,1.0
q_cfecdf87ee,question,Bandingkan antara makanan fungsional dan nutrasetikal berdasarkan definisi yang diberikan,C2-Memahami,2.0,
definisi makanan fungsional,concept,Definisi Makanan Fungsional,,,
definisi nutrasetikal,concept,Definisi Nutrasetikal,,,
klasifikasi produk kesehatan,concept,Klasifikasi Produk Kesehatan,,,
regulasi pangan,concept,Regulasi Pangan,,,
kesejahteraan sosial,topic_coarse,Kesejahteraan Sosial,,,
indikator dan status ipm indonesia,topic_fine,Indikator dan Status IPM Indonesia,,,
makna status ipm indonesia,concept,Makna Status IPM Indonesia,C2-Memahami,2.0,1.0
kategori ipm provinsi,concept,Kategori IPM Provinsi,C2-Memahami,2.0,1.0
pembangunan kesejahteraan,concept,Pembangunan Kesejahteraan,C2-Memahami,2.0,1.0
q_a0bdbc7bb8,question,Jelaskan makna dari status IPM Indonesia dimana sejak tahun 2018 sudah tidak ada provinsi dengan kategori rendah.,C2-Memahami,2.0,
definisi kesejahteraan sosial,concept,Definisi Kesejahteraan Sosial,,,
analisis indikator kesejahteraan,concept,Analisis Indikator Kesejahteraan,,,
kebijakan pembangunan,concept,Kebijakan Pembangunan,,,
fungsi devisa negara,topic_fine,Fungsi Devisa Negara,,,
devisa negara,concept,Devisa Negara,C2-Memahami,2.0,1.0
aktivitas perdagangan internasional,concept,Aktivitas Perdagangan Internasional,C2-Memahami,2.0,1.0
q_3de28501a3,question,Jelaskan fungsi utama devisa negara dalam aktivitas perdagangan internasional,C2-Memahami,2.0,
instrumen kebijakan ekonomi internasional,concept,Instrumen Kebijakan Ekonomi Internasional,,,
perbedaan microfinancing dan p2p lending,topic_fine,Perbedaan Microfinancing dan P2P Lending,,,
microfinancing,concept,Microfinancing,C2-Memahami,2.0,1.0
peer to peer (p2p) lending,concept,Peer to Peer (P2P) Lending,C2-Memahami,2.0,1.0
target pengguna,concept,Target Pengguna,C4-Menganalisis,4.0,2.0
q_ae9c4aa3c6,question,Uraikan perbedaan utama antara layanan Microfinancing dan Peer to Peer (P2P) Lending berdasarkan target penggunanya.,C2-Memahami,2.0,
konsep dasar layanan keuangan,concept,Konsep dasar layanan keuangan,,,
jenis-jenis fintech lainnya,concept,Jenis-jenis Fintech lainnya,,,
kerja sama ekonomi internasional,topic_coarse,Kerja Sama Ekonomi Internasional,C3-Menerapkan,3.0,1.0
cakupan kegiatan kerja sama ekonomi,topic_fine,Cakupan Kegiatan Kerja Sama Ekonomi,,,
kerja sama saling menguntungkan,concept,Kerja sama saling menguntungkan,C2-Memahami,2.0,1.0
peningkatan kesejahteraan dan pertumbuhan ekonomi,concept,Peningkatan kesejahteraan dan pertumbuhan ekonomi,C2-Memahami,2.0,1.0
pertukaran faktor produksi,concept,Pertukaran faktor produksi,C2-Memahami,2.0,1.0
hubungan utang-piutang,concept,Hubungan utang-piutang,C2-Memahami,2.0,1.0
q_8fa6cfd419,question,"Berdasarkan teks, jelaskan cakupan kegiatan yang termasuk dalam kerja sama ekonomi internasional!",C2-Memahami,2.0,
definisi kerja sama ekonomi internasional,concept,Definisi Kerja Sama Ekonomi Internasional,,,
jenis-jenis kerja sama ekonomi internasional,concept,Jenis-jenis kerja sama ekonomi internasional,,,
perbedaan fokus kajian marx dan weber,topic_fine,Perbedaan fokus kajian Marx dan Weber,,,
fokus kajian karl marx,concept,Fokus kajian Karl Marx,C2-Memahami,3.0,1.0
fokus kajian max weber,concept,Fokus kajian Max Weber,C2-Memahami,3.0,1.0
q_c96336b210,question,Jelaskan perbedaan mendasar antara fokus kajian Karl Marx dengan Max Weber dalam melihat masyarakat,C2-Memahami,3.0,
pengenalan dasar sosiologi,concept,Pengenalan dasar Sosiologi,,,
teori sosiologi klasik lainnya,concept,Teori Sosiologi Klasik lainnya,,,
penguatan efek rumah kaca,topic_fine,Penguatan Efek Rumah Kaca,,,
aktivitas manusia (deforestasi),concept,Aktivitas Manusia (Deforestasi),C2-Memahami,2.0,1.0
q_7a923d84c5,question,Bagaimana aktivitas manusia seperti deforestasi dapat memperkuat efek rumah kaca?,C2-Memahami,2.0,
mitigasi perubahan iklim,concept,Mitigasi Perubahan Iklim,,,
hubungan timbal balik toponimi dan sejarah,topic_fine,Hubungan Timbal Balik Toponimi dan Sejarah,,,
folklor,concept,Folklor,C2-Memahami,2.0,1.0
q_84b4722324,question,Jelaskan hubungan timbal balik antara toponimi dan sejarah,C2-Memahami,2.0,
ekologi tumbuhan,topic_coarse,Ekologi Tumbuhan,,,
hubungan ketinggian dan tanaman,topic_fine,Hubungan Ketinggian dan Tanaman,,,
ketinggian tempat,concept,Ketinggian Tempat,C2-Memahami,2.0,1.0
jenis tanaman budidaya,concept,Jenis Tanaman Budidaya,C2-Memahami,2.0,1.0
klasifikasi tanaman,concept,Klasifikasi Tanaman,C2-Memahami,2.0,1.0
q_82f82ad685,question,"Uraikan hubungan antara ketinggian suatu tempat dengan jenis tanaman budidaya yang dapat tumbuh di sana, berdasarkan kla",C2-Memahami,2.0,
adaptasi spesies terhadap lingkungan,concept,Adaptasi Spesies terhadap Lingkungan,,,
ekologi vegetasi,concept,Ekologi vegetasi,,,
ilmu geografi/meteorologi,topic_coarse,Ilmu Geografi/Meteorologi,,,
perbedaan iklim dan cuaca,topic_fine,Perbedaan Iklim dan Cuaca,C5-Mengevaluasi,5.0,3.0
definisi cuaca,concept,Definisi Cuaca,C6-Mencipta,5.0,2.0
durasi waktu,concept,Durasi Waktu,C2-Memahami,2.0,1.0
cakupan wilayah,concept,Cakupan Wilayah,C2-Memahami,2.0,1.0
q_b435586970,question,Jelaskan perbedaan mendasar antara iklim dan cuaca berdasarkan durasi waktu dan cakupan wilayahnya.,C2-Memahami,2.0,
pengertian dasar cuaca,concept,Pengertian dasar cuaca,,,
faktor-faktor yang memengaruhi iklim,concept,Faktor-faktor yang memengaruhi iklim,,,
hubungan populasi dan eksploitasi sda,topic_fine,Hubungan populasi dan eksploitasi SDA,,,
peningkatan populasi manusia,concept,Peningkatan populasi manusia,C2-Memahami,2.0,1.0
tingkat eksploitasi sumber daya alam,concept,Tingkat eksploitasi sumber daya alam,C2-Memahami,2.0,1.0
kelestarian sumber daya alam,concept,Kelestarian Sumber Daya Alam,C2-Memahami,2.0,1.0
q_5bb4a1704b,question,Jelaskan hubungan antara peningkatan populasi manusia dengan tingkat eksploitasi sumber daya alam,C2-Memahami,2.0,
jenis-jenis sumber daya alam (dapat diperbarui/tidak dapat diperbarui),concept,Jenis-jenis Sumber Daya Alam (Dapat Diperbarui/Tidak Dapat Diperbarui),,,
dampak eksploitasi sda,concept,Dampak Eksploitasi SDA,,,
konservasi sumber daya alam,concept,Konservasi Sumber Daya Alam,,,
praktik pengelolaan sampah perkotaan,topic_fine,Praktik pengelolaan sampah perkotaan,,,
komunitas lokal,concept,Komunitas Lokal,C6-Mencipta,5.0,5.0
q_45d0914f2e,question,Bagaimana praktik memilah sampah di perkotaan dapat dikategorikan sebagai sebuah kearifan lokal menurut penjelasan dalam,C2-Memahami,2.0,
definisi komunitas lokal,concept,Definisi Komunitas Lokal,,,
prinsip swadeshi mahatma gandhi,topic_fine,Prinsip Swadeshi Mahatma Gandhi,,,
prinsip swadeshi,concept,Prinsip Swadeshi,C2-Memahami,2.0,1.0
mahatma gandhi,concept,Mahatma Gandhi,C2-Memahami,2.0,1.0
q_0f82f507b4,question,Jelaskan apa yang dimaksud dengan prinsip *Swadeshi* yang digagas oleh Mahatma Gandhi.,C2-Memahami,2.0,
perbedaan suku bangsa dan ras,topic_fine,Perbedaan Suku Bangsa dan Ras,,,
q_31fde5d252,question,Apa perbedaan mendasar antara diferensiasi berdasarkan Suku Bangsa dan Ras?,C2-Memahami,2.0,
kriteria diferensiasi sosial budaya lainnya,concept,Kriteria Diferensiasi Sosial Budaya Lainnya,,,
pengaruh kualitas penduduk terhadap ketahanan,topic_fine,Pengaruh Kualitas Penduduk terhadap Ketahanan,,,
kualitas penduduk (unsur nonfisik),concept,Kualitas Penduduk (unsur nonfisik),C2-Memahami,2.0,1.0
"sumber daya manusia (intelektual, moral, kepemimpinan)",concept,"Sumber Daya Manusia (intelektual, moral, kepemimpinan)",C2-Memahami,2.0,1.0
ancaman dan gangguan,concept,Ancaman dan Gangguan,C2-Memahami,2.0,1.0
q_8d742f8f44,question,Jelaskan dengan kata-katamu sendiri bagaimana kualitas penduduk (unsur nonfisik) dapat mempengaruhi tinggi atau rendahny,C2-Memahami,2.0,
penjelasan konseptual,method,Penjelasan Konseptual,,,
definisi ketahanan wilayah,concept,Definisi ketahanan wilayah,,,
strategi pemanfaatan potensi daerah,concept,Strategi Pemanfaatan Potensi Daerah,,,
kerja sama antarwilayah,concept,Kerja Sama Antarwilayah,C3-Menerapkan,3.0,1.0
pentingnya literasi finansial pelajar,topic_fine,Pentingnya literasi finansial pelajar,,,
pengelolaan keuangan efektif,concept,Pengelolaan Keuangan Efektif,C6-Mencipta,5.0,2.0
menghindari gaya hidup konsumtif,concept,Menghindari gaya hidup konsumtif,C2-Memahami,2.0,1.0
risiko keuangan ilegal,concept,Risiko keuangan ilegal,C2-Memahami,2.0,1.0
q_5eee40a27f,question,Jelaskan mengapa seorang pelajar dengan penghasilan terbatas dari orang tua justru sangat memerlukan literasi finansial!,C2-Memahami,2.0,
penerapan strategi pengelolaan keuangan,concept,Penerapan strategi pengelolaan keuangan,,,
dampak literasi finansial pada tingkat negara,concept,Dampak literasi finansial pada tingkat negara,,,
ekonomi indonesia pasca kemerdekaan,topic_coarse,Ekonomi Indonesia Pasca Kemerdekaan,,,
hubungan defisit apbn dan utang luar negeri,topic_fine,Hubungan Defisit APBN dan Utang Luar Negeri,,,
defisit apbn,concept,Defisit APBN,C2-Memahami,2.0,1.0
utang luar negeri (uln),concept,Utang Luar Negeri (ULN),C2-Memahami,2.0,1.0
kondisi ekonomi awal kemerdekaan,concept,Kondisi Ekonomi Awal Kemerdekaan,C3-Menerapkan,3.0,2.0
hiperinflasi,concept,Hiperinflasi,C6-Mencipta,5.0,4.0
q_3d898cccef,question,Jelaskan hubungan antara defisit APBN dengan munculnya Utang Luar Negeri (ULN) berdasarkan teks.,C2-Memahami,2.0,
kondisi perekonomian indonesia awal kemerdekaan,concept,Kondisi Perekonomian Indonesia Awal Kemerdekaan,,,
blokade ekonomi belanda,concept,Blokade ekonomi Belanda,,,
peredaran mata uang jepang,concept,Peredaran mata uang Jepang,,,
ekonomi indonesia,topic_coarse,Ekonomi Indonesia,,,
pemicu krisis moneter 1997,topic_fine,Pemicu Krisis Moneter 1997,,,
krisis moneter 1997,concept,Krisis Moneter 1997,C6-Mencipta,5.0,9.0
jatuhnya nilai tukar rupiah,concept,Jatuhnya Nilai Tukar Rupiah,C2-Memahami,2.0,1.0
dampak krisis ekonomi,concept,Dampak Krisis Ekonomi,C6-Mencipta,5.0,4.0
kebijakan imf,concept,Kebijakan IMF,C2-Memahami,2.0,2.0
q_81895126fb,question,Jelaskan bagaimana Krisis Moneter 1997 (jatuhnya Rupiah) memicu krisis ekonomi di Indonesia!,C2-Memahami,2.0,
konsep dasar nilai tukar mata uang,concept,Konsep dasar nilai tukar mata uang,,,
dampak krisis ekonomi 1997,concept,Dampak Krisis Ekonomi 1997,,,
respon kebijakan ekonomi pasca krisis,concept,Respon Kebijakan Ekonomi Pasca Krisis,,,
hubungan pusat dan daerah,topic_fine,Hubungan Pusat dan Daerah,,,
ketidakseimbangan alokasi dana,concept,Ketidakseimbangan alokasi dana,C2-Memahami,2.0,1.0
pemberontakan prri/permesta,concept,Pemberontakan PRRI/Permesta,C2-Memahami,2.0,1.0
sikap pemerintah pusat,concept,Sikap pemerintah pusat,C2-Memahami,2.0,1.0
q_cac318a980,question,Bagaimana sikap pemerintah pusat terhadap tuntutan PRRI/Permesta?,C2-Memahami,2.0,
ketidakseimbangan relasi pusat dan daerah,concept,Ketidakseimbangan relasi Pusat dan Daerah,C5-Mengevaluasi,4.0,1.0
penyebab pemberontakan prri,concept,Penyebab pemberontakan PRRI,,,
dampak pemberontakan prri,concept,Dampak Pemberontakan PRRI,,,
geologi dan batuan,topic_coarse,Geologi dan Batuan,,,
siklus batuan,topic_fine,Siklus batuan,C2-Memahami,2.0,1.0
batuan sedimen,concept,Batuan Sedimen,C2-Memahami,2.0,1.0
pelapukan batuan,concept,Pelapukan Batuan,C2-Memahami,2.0,1.0
q_e498f56207,question,Seorang geolog menemukan batuan yang terbentuk dari endapan material hasil pelapukan batuan lain yang mengeras. Berdasar,C2-Memahami,2.0,
proses pelapukan batuan,concept,Proses Pelapukan Batuan,,,
jenis-jenis batuan,concept,Jenis-jenis Batuan,,,
proses pembentukan batuan,concept,Proses pembentukan batuan,,,
peran pendidikan dalam ekonomi,topic_fine,Peran Pendidikan dalam Ekonomi,,,
kualitas sdm,concept,Kualitas SDM,C3-Menerapkan,3.0,2.0
pendidikan,concept,Pendidikan,C5-Mengevaluasi,5.0,3.0
kemajuan ekonomi,concept,Kemajuan Ekonomi,C2-Memahami,2.0,1.0
produktivitas,concept,Produktivitas,C2-Memahami,2.0,1.0
q_c6e6bdeb91,question,Jelaskan mengapa pendidikan dianggap sebagai kunci utama untuk mencapai kemajuan ekonomi suatu negara.,C2-Memahami,2.0,
pentingnya sdm dalam pembangunan bangsa,concept,Pentingnya SDM dalam pembangunan bangsa,,,
tantangan kualitas sdm,concept,Tantangan Kualitas SDM,,,
pengaruh pendidikan terhadap pertumbuhan ekonomi,concept,Pengaruh Pendidikan terhadap Pertumbuhan Ekonomi,,,
perubahan struktur ekonomi,concept,Perubahan Struktur Ekonomi,C2-Memahami,2.0,1.0
q_e0797363e5,question,Sebuah pabrik tekstil tutup karena kalah bersaing (perubahan struktur ekonomi). Para pekerjanya mengalami pengangguran a,C2-Memahami,2.0,
klasifikasi jenis pengangguran,concept,Klasifikasi Jenis Pengangguran,,,
dampak perubahan struktur ekonomi,concept,Dampak Perubahan Struktur Ekonomi,,,
perbandingan pendekatan studi geografi,topic_fine,Perbandingan Pendekatan Studi Geografi,,,
pendekatan kewilayahan,concept,Pendekatan Kewilayahan,C6-Mencipta,5.0,3.0
dua pendekatan lainnya,concept,Dua pendekatan lainnya,C2-Memahami,2.0,1.0
komprehensif,concept,Komprehensif,C2-Memahami,2.0,1.0
q_bd53e85fdc,question,"Berdasarkan konteks, jelaskan mengapa pendekatan kewilayahan dianggap lebih komprehensif dibandingkan dua pendekatan lai",C2-Memahami,2.0,
jenis-jenis pendekatan geografi,concept,Jenis-jenis pendekatan geografi,,,
definisi kerja sama internasional,topic_fine,Definisi Kerja Sama Internasional,,,
q_73a4ae362a,question,Simpulkan definisi kerja sama internasional menurut Dougherty & Pfaltzgraff dalam satu kalimat!,C2-Memahami,2.0,
dampak tata ruang terhadap kebahagiaan,topic_fine,Dampak Tata Ruang terhadap Kebahagiaan,,,
wilayah dengan tata ruang yang baik,concept,Wilayah dengan tata ruang yang baik,C2-Memahami,2.0,1.0
wilayah 'slum area',concept,Wilayah 'slum area',C2-Memahami,2.0,1.0
dampak terhadap kebahagiaan penduduk,concept,Dampak terhadap kebahagiaan penduduk,C2-Memahami,2.0,1.0
q_381bfebf5f,question,Uraikan perbedaan dampak terhadap kebahagiaan penduduk antara wilayah dengan tata ruang yang baik dan wilayah dengan 'sl,C2-Memahami,2.0,
perbandingan paradigma pengembangan wilayah,concept,Perbandingan paradigma pengembangan wilayah,,,
perbedaan bank umum dan bpr,topic_fine,Perbedaan Bank Umum dan BPR,,,
bank umum,concept,Bank Umum,C5-Mengevaluasi,4.0,2.0
bank perkreditan rakyat (bpr),concept,Bank Perkreditan Rakyat (BPR),C2-Memahami,2.0,1.0
q_b0a32521f4,question,Jelaskan dengan kata-katamu sendiri perbedaan mendasar antara Bank Umum dan Bank Perkreditan Rakyat (BPR).,C2-Memahami,2.0,
jenis-jenis produk perbankan,concept,Jenis-jenis produk perbankan,,,
hubungan status dan peran sosial,topic_fine,Hubungan Status dan Peran Sosial,,,
prestise,concept,Prestise,C5-Mengevaluasi,5.0,2.0
q_27e25160ad,question,Terangkan hubungan antara status sosial dan peran sosial berdasarkan konteks yang diberikan.,C2-Memahami,2.0,
interaksi sosial dalam masyarakat,concept,Interaksi sosial dalam masyarakat,,,
jenis-jenis status sosial lainnya,concept,Jenis-jenis status sosial lainnya,,,
perbandingan lingkungan alami dan buatan,topic_fine,Perbandingan Lingkungan Alami dan Buatan,,,
lingkungan hidup alami,concept,Lingkungan hidup alami,C2-Memahami,2.0,1.0
lingkungan hidup buatan,concept,Lingkungan hidup buatan,C2-Memahami,2.0,1.0
q_9ac0b1f5db,question,Bandingkan karakteristik antara lingkungan hidup alami dan lingkungan hidup buatan!,C2-Memahami,2.0,
sosial dan globalisasi,topic_coarse,Sosial dan Globalisasi,,,
pemeliharaan kearifan lokal,topic_fine,Pemeliharaan Kearifan Lokal,,,
modernisasi,concept,Modernisasi,C5-Mengevaluasi,5.0,3.0
aspek fisik,concept,Aspek Fisik,C2-Memahami,2.0,1.0
aspek nonfisik,concept,Aspek Nonfisik,C2-Memahami,2.0,1.0
q_770f13473f,question,"Uraikan mengapa kearifan lokal, baik yang bersifat fisik maupun nonfisik, perlu dipelihara di tengah arus modernisasi.",C2-Memahami,2.0,
upaya strategis menghadapi tantangan global,concept,Upaya Strategis Menghadapi Tantangan Global,,,
konservasi keanekaragaman hayati,topic_coarse,Konservasi Keanekaragaman Hayati,C6-Mencipta,5.0,1.0
metode pelestarian spesies,topic_fine,Metode Pelestarian Spesies,,,
metode konservasi in situ,concept,Metode Konservasi In Situ,C3-Menerapkan,3.0,2.0
metode konservasi ex situ,concept,Metode Konservasi Ex Situ,C2-Memahami,2.0,1.0
q_0594edb325,question,Mengapa metode ex situ diperlukan dalam upaya konservasi?,C2-Memahami,2.0,
metode pelestarian in situ,concept,Metode Pelestarian In Situ,,,
bentuk pelestarian in situ,concept,Bentuk Pelestarian In Situ,,,
respons adaptif nu dan muhammadiyah,topic_fine,Respons adaptif NU dan Muhammadiyah,,,
respons adaptif,concept,Respons adaptif,C2-Memahami,2.0,1.0
nu,concept,NU,C5-Mengevaluasi,5.0,2.0
muhammadiyah,concept,Muhammadiyah,C5-Mengevaluasi,5.0,2.0
q_181c3ee41e,question,"Apa yang dimaksud dengan ""respons adaptif"" yang ditunjukkan oleh NU dan Muhammadiyah?",C2-Memahami,2.0,
peristiwa malari,concept,Peristiwa Malari,C3-Menerapkan,3.0,1.0
resistensi kritis elite politik/militer,concept,Resistensi kritis elite politik/militer,,,
pengaruh aktivitas manusia,topic_fine,Pengaruh Aktivitas Manusia,,,
pola persebaran flora,concept,Pola Persebaran Flora,C2-Memahami,2.0,1.0
perubahan ekologi,concept,Perubahan Ekologi,C2-Memahami,2.0,1.0
q_413da31666,question,Jelaskan bagaimana aktivitas manusia dapat mengubah pola persebaran flora alami.,C2-Memahami,2.0,
faktor-faktor persebaran flora fauna,concept,Faktor-faktor persebaran flora fauna,,,
peran hewan dan tumbuhan dalam persebaran,concept,Peran hewan dan tumbuhan dalam persebaran,,,
dampak perubahan lingkungan terhadap ekosistem,concept,Dampak perubahan lingkungan terhadap ekosistem,,,
diferensiasi sosial horizontal,topic_fine,Diferensiasi sosial horizontal,,,
penggolongan horizontal,concept,Penggolongan horizontal,C2-Memahami,2.0,1.0
perbedaan setara,concept,Perbedaan setara,C2-Memahami,2.0,1.0
q_a3ad177aa6,question,"Jelaskan mengapa diferensiasi sosial disebut sebagai penggolongan ""horizontal""!",C2-Memahami,2.0,
definisi diferensiasi sosial,concept,Definisi Diferensiasi Sosial,,,
kriteria diferensiasi sosial,concept,Kriteria Diferensiasi Sosial,C6-Mencipta,5.0,1.0
klasifikasi angkatan kerja,topic_fine,Klasifikasi Angkatan Kerja,,,
q_1948fbfb3a,question,Seorang ibu rumah tangga berusia 40 tahun yang mendedikasikan seluruh waktunya untuk mengurus rumah dan tidak mencari pe,C2-Memahami,2.0,
perhitungan sensus tenaga kerja,concept,Perhitungan Sensus Tenaga Kerja,,,
teori lingkaran setan kemiskinan,topic_fine,Teori Lingkaran Setan Kemiskinan,C2-Memahami,2.0,1.0
ragnar nurkse,concept,Ragnar Nurkse,C2-Memahami,2.0,1.0
alur/siklus kemiskinan,concept,Alur/Siklus Kemiskinan,C2-Memahami,2.0,1.0
q_befc9a18d9,question,"Jelaskan alur (siklus) dari ""teori lingkaran setan kemiskinan"" seperti yang dijelaskan Ragnar Nurkse!",C2-Memahami,2.0,
konsep kemiskinan,concept,Konsep Kemiskinan,,,
teori pembangunan ekonomi,concept,Teori pembangunan ekonomi,,,
demokrasi dan media,topic_coarse,Demokrasi dan Media,,,
peran pers dalam demokrasi,topic_fine,Peran Pers dalam Demokrasi,,,
penghapusan siupp,concept,Penghapusan SIUPP,C4-Menganalisis,4.0,3.0
q_ef1db8969b,question,"Mengapa pers disebut sebagai ""pilar keempat demokrasi""?",C2-Memahami,2.0,
peran media dalam pemerintahan,concept,Peran Media dalam Pemerintahan,,,
julukan negara maritim,topic_fine,Julukan Negara Maritim,,,
definisi hidrosfer,concept,Definisi Hidrosfer,C2-Memahami,2.0,1.0
karakteristik air bumi,concept,Karakteristik Air Bumi,C2-Memahami,2.0,1.0
q_2d92a82c02,question,Mengapa Indonesia dijuluki sebagai negara maritim?,C2-Memahami,2.0,
konsep hidrosfer,concept,Konsep Hidrosfer,,,
konsep siklus air,concept,Konsep Siklus Air,,,
faktor-faktor yang mempengaruhi kondisi maritim indonesia,concept,Faktor-faktor yang mempengaruhi kondisi maritim Indonesia,,,
subsidi,concept,Subsidi,C5-Mengevaluasi,5.0,2.0
perlindungan industri domestik,concept,Perlindungan Industri Domestik,C4-Menganalisis,4.0,2.0
q_cd817eec93,question,Mengapa pemerintah memberikan subsidi kepada produsen dalam negeri terkait perdagangan internasional?,C2-Memahami,2.0,
pemicu kerusuhan mei 1998,topic_fine,Pemicu Kerusuhan Mei 1998,,,
runtuhnya nilai tukar rupiah,concept,Runtuhnya Nilai Tukar Rupiah,C2-Memahami,2.0,1.0
krisis politik,concept,Krisis Politik,C6-Mencipta,5.0,2.0
q_34afff5ef5,question,Jelaskan peristiwa yang memicu terjadinya Kerusuhan Mei 1998!,C2-Memahami,2.0,
kerusuhan mei 1998,concept,Kerusuhan Mei 1998,C4-Menganalisis,4.0,1.0
hubungan sebab-akibat perubahan sosial,topic_fine,Hubungan sebab-akibat perubahan sosial,,,
perubahan sosial yang cepat,concept,Perubahan sosial yang cepat,C2-Memahami,2.0,1.0
permasalahan sosial (konflik),concept,Permasalahan sosial (konflik),C2-Memahami,2.0,1.0
dampak perubahan sosial,concept,Dampak Perubahan Sosial,C5-Mengevaluasi,5.0,2.0
q_ecb28c2e1b,question,Jelaskan hubungan sebab-akibat antara perubahan sosial yang cepat dan munculnya permasalahan sosial seperti konflik.,C2-Memahami,2.0,
jenis-jenis dampak perubahan sosial,concept,Jenis-jenis dampak perubahan sosial,,,
upaya mengatasi permasalahan sosial,concept,Upaya mengatasi permasalahan sosial,,,
perbandingan bioma savana dan stepa,topic_fine,Perbandingan Bioma Savana dan Stepa,,,
bioma savana,concept,Bioma Savana,C2-Memahami,2.0,1.0
bioma stepa,concept,Bioma Stepa,C2-Memahami,2.0,1.0
kondisi tanah,concept,Kondisi Tanah,C2-Memahami,2.0,1.0
vegetasi dominan,concept,Vegetasi Dominan,C2-Memahami,2.0,1.0
q_66a5bd89ba,question,Bandingkan perbedaan utama antara bioma Savana dan Stepa berdasarkan kondisi tanah dan vegetasinya!,C2-Memahami,2.0,
"faktor pengaruh bioma (iklim, tanah, geologi)",concept,"Faktor Pengaruh Bioma (Iklim, Tanah, Geologi)",,,
klasifikasi bioma lainnya,concept,Klasifikasi Bioma Lainnya,,,
faktor-faktor yang mempengaruhi vegetasi,concept,Faktor-faktor yang Mempengaruhi Vegetasi,,,
sejarah kerajaan dan agama,topic_coarse,Sejarah Kerajaan dan Agama,,,
hubungan keruntuhan majapahit dan penyebaran islam,topic_fine,Hubungan Keruntuhan Majapahit dan Penyebaran Islam,,,
runtuhnya kerajaan majapahit,concept,Runtuhnya Kerajaan Majapahit,C2-Memahami,3.0,1.0
percepatan penyebaran islam,concept,Percepatan penyebaran Islam,C2-Memahami,3.0,1.0
jalur perdagangan dan pelayaran,concept,Jalur perdagangan dan pelayaran,C2-Memahami,3.0,1.0
q_ec1087aab0,question,Jelaskan kaitan antara runtuhnya Kerajaan Majapahit dengan percepatan proses penyebaran Islam di Indonesia,C2-Memahami,3.0,
pengetahuan tentang kerajaan majapahit,concept,Pengetahuan tentang Kerajaan Majapahit,,,
pengetahuan tentang proses penyebaran islam di indonesia,concept,Pengetahuan tentang proses penyebaran Islam di Indonesia,,,
dampak politik kerajaan islam awal,concept,Dampak politik Kerajaan Islam awal,,,
peran wali songo dalam pembentukan budaya islam,concept,Peran Wali Songo dalam pembentukan budaya Islam,,,
konsep laba dalam laporan laba rugi,topic_fine,Konsep Laba dalam Laporan Laba Rugi,,,
laporan laba rugi,concept,Laporan Laba Rugi,C6-Mencipta,5.0,2.0
perolehan laba,concept,Perolehan Laba,C2-Memahami,2.0,1.0
komponen laporan laba rugi,concept,Komponen Laporan Laba Rugi,C2-Memahami,2.0,1.0
q_38c438eb57,question,Bagaimana sebuah perusahaan dapat dikatakan memperoleh 'laba' berdasarkan komponen-komponen dalam laporan laba rugi?,C2-Memahami,2.0,
analisis kinerja keuangan,concept,Analisis Kinerja Keuangan,C3-Menerapkan,3.0,1.0
penyusunan laporan keuangan,concept,Penyusunan Laporan Keuangan,C3-Menerapkan,3.0,1.0
gerak epirogenetik,topic_fine,Gerak Epirogenetik,C4-Menganalisis,4.0,2.0
gerak epirogenetik positif,concept,Gerak epirogenetik positif,C2-Memahami,2.0,1.0
gerak epirogenetik negatif,concept,Gerak Epirogenetik Negatif,C6-Mencipta,5.0,2.0
q_32937bc007,question,Jelaskan perbedaan mendasar antara gerak epirogenetik positif dan gerak epirogenetik negatif,C2-Memahami,2.0,
konsep dasar geologi/tektonik,concept,Konsep dasar geologi/tektonik,,,
dampak pergerakan lempeng tektonik,concept,Dampak pergerakan lempeng tektonik,,,
perbedaan konflik peran dan ketegangan peran,topic_fine,Perbedaan Konflik Peran dan Ketegangan Peran,,,
konflik peran,concept,Konflik Peran,C6-Mencipta,5.0,2.0
ketegangan peran,concept,Ketegangan peran,C2-Memahami,2.0,1.0
q_a0ecf5c5d0,question,Jelaskan perbedaan antara 'konflik peran' dan 'ketegangan peran' menurut definisi pada teks,C2-Memahami,2.0,
e-commerce dan distribusi barang,topic_fine,E-Commerce dan Distribusi Barang,,,
e-commerce,concept,E-Commerce,C2-Memahami,2.0,1.0
jalur distribusi barang,concept,Jalur Distribusi Barang,C2-Memahami,2.0,1.0
perpendekan distribusi,concept,Perpendekan Distribusi,C2-Memahami,2.0,1.0
q_21e42e445a,question,Jelaskan bagaimana E-Commerce dapat memperpendek jalur distribusi barang dari produsen ke konsumen.,C2-Memahami,2.0,
logistik dan rantai pasok,concept,Logistik dan Rantai Pasok,,,
fokus pembangunan masa orde lama,topic_fine,Fokus Pembangunan Masa Orde Lama,,,
pembangunan nasional,concept,Pembangunan Nasional,C6-Mencipta,5.0,7.0
sistem politik,concept,Sistem Politik,C2-Memahami,2.0,1.0
sistem ekonomi,concept,Sistem Ekonomi,C2-Memahami,2.0,1.0
q_f6e9e4f69a,question,Jelaskan mengapa fokus pembangunan pada masa Orde Lama adalah pada penataan sistem politik dan ekonomi!,C2-Memahami,2.0,
periode pembangunan orde baru,concept,Periode Pembangunan Orde Baru,,,
globalisasi dan lembaga internasional,topic_coarse,Globalisasi dan Lembaga Internasional,,,
pengaruh lembaga seperti bank dunia,topic_fine,Pengaruh Lembaga seperti Bank Dunia,,,
bank dunia,concept,Bank Dunia,C2-Memahami,2.0,1.0
kebijakan politik,concept,Kebijakan Politik,C2-Memahami,2.0,1.0
kebijakan hukum,concept,Kebijakan Hukum,C2-Memahami,2.0,1.0
q_bec59eb27d,question,Uraikan bagaimana lembaga-lembaga seperti Bank Dunia dapat memengaruhi kebijakan politik dan hukum suatu negara.,C2-Memahami,2.0,
dampak perusahaan multinasional,concept,Dampak Perusahaan Multinasional,,,
perlawanan bangsa indonesia,topic_coarse,Perlawanan Bangsa Indonesia,,,
perbandingan pemimpin perlawanan,topic_fine,Perbandingan pemimpin perlawanan,,,
periode perlawanan sebelum 1908,concept,Periode Perlawanan Sebelum 1908,C6-Mencipta,5.0,2.0
periode perlawanan sesudah 1908,concept,Periode Perlawanan Sesudah 1908,C6-Mencipta,5.0,2.0
ciri perlawanan kedaerahan,concept,Ciri perlawanan kedaerahan,C2-Memahami,2.0,1.0
pemimpin perlawanan,concept,Pemimpin perlawanan,C2-Memahami,2.0,1.0
q_29b7ea1893,question,Bandingkan siapa yang menjadi pemimpin perlawanan pada periode sebelum 1908 dengan periode sesudah 1908.,C2-Memahami,2.0,
periode perlawanan sebelum abad ke-20,concept,Periode perlawanan sebelum abad ke-20,,,
faktor pemicu perlawanan,concept,Faktor Pemicu Perlawanan,C6-Mencipta,5.0,2.0
karakteristik perlawanan,concept,Karakteristik Perlawanan,C6-Mencipta,5.0,1.0
q_06a6313997,question,Mengapa seseorang yang bekerja (misal 30 jam/minggu) masih bisa dikategorikan sebagai Setengah Menganggur?,C2-Memahami,2.0,
kedatangan afnei di indonesia,topic_fine,Kedatangan AFNEI di Indonesia,,,
tujuan kedatangan afnei,concept,Tujuan kedatangan AFNEI,C2-Memahami,2.0,1.0
vacuum of power,concept,Vacuum of Power,C4-Menganalisis,4.0,3.0
q_65487b2ae3,question,Jelaskan tujuan utama kedatangan AFNEI ke Indonesia!,C2-Memahami,2.0,
ekonomi masa sukarno,topic_coarse,Ekonomi Masa Sukarno,,,
kebijakan ekonomi demokrasi liberal,topic_fine,Kebijakan Ekonomi Demokrasi Liberal,,,
devaluasi,concept,Devaluasi,C2-Memahami,2.0,1.0
demokrasi liberal,concept,Demokrasi Liberal,C3-Menerapkan,3.0,2.0
inflasi,concept,Inflasi,C6-Mencipta,5.0,4.0
defisit,concept,Defisit,C2-Memahami,2.0,1.0
q_90f8faf61c,question,Apa yang dimaksud dengan Devaluasi?,C2-Memahami,2.0,
kebijakan ekonomi demokrasi terpimpin,concept,Kebijakan Ekonomi Demokrasi Terpimpin,C4-Menganalisis,4.0,1.0
studi toponimi,topic_coarse,Studi Toponimi,,,
peran peta kuno dalam toponimi,topic_fine,Peran peta kuno dalam toponimi,,,
peta kuno,concept,Peta kuno,C2-Memahami,2.0,1.0
sumber informasi,concept,Sumber informasi,C2-Memahami,2.0,1.0
q_e3c5f72ebf,question,Mengapa peta-peta kuno menjadi sumber informasi yang penting dalam studi toponimi?,C2-Memahami,2.0,
aspek simbolis toponimi,concept,Aspek Simbolis Toponimi,C5-Mengevaluasi,4.0,2.0
folklor dan toponimi,concept,Folklor dan toponimi,,,
geografi dan sejarah,topic_coarse,Geografi dan Sejarah,,,
faktor penjelajahan samudra eropa,topic_fine,Faktor penjelajahan samudra Eropa,,,
kekayaan rempah-rempah,concept,Kekayaan Rempah-rempah,C6-Mencipta,5.0,3.0
kondisi geografis indonesia,concept,Kondisi Geografis Indonesia,C6-Mencipta,5.0,2.0
daya tarik bagi bangsa eropa,concept,Daya tarik bagi bangsa Eropa,C2-Memahami,2.0,1.0
q_36228afdbd,question,Jelaskan mengapa kondisi geografis Indonesia menjadi faktor utama penjelajahan samudra oleh bangsa-bangsa Eropa!,C2-Memahami,2.0,
pengetahuan tentang lokasi geografis indonesia,concept,Pengetahuan tentang lokasi geografis Indonesia,,,
dampak kolonialisme,concept,Dampak kolonialisme,,,
sosiologi komunitas,topic_coarse,Sosiologi Komunitas,,,
marginalisasi komunitas buta aksara,topic_fine,Marginalisasi Komunitas Buta Aksara,,,
aksara,concept,Aksara,C2-Memahami,2.0,1.0
marginalisasi sosial,concept,Marginalisasi Sosial,C2-Memahami,2.0,1.0
q_324a1f1d41,question,Mengapa kelompok masyarakat yang buta aksara cenderung termarginalkan dalam kehidupan sosial?,C2-Memahami,2.0,
peran kearifan lokal,concept,Peran Kearifan Lokal,,,
dampak rendahnya literasi finansial,topic_fine,Dampak Rendahnya Literasi Finansial,,,
gaya hidup konsumtif,concept,Gaya Hidup Konsumtif,C5-Mengevaluasi,4.0,3.0
risiko kerugian jasa keuangan ilegal,concept,Risiko Kerugian Jasa Keuangan Ilegal,C2-Memahami,2.0,1.0
q_6d914cd7c7,question,Jelaskan hubungan antara rendahnya literasi finansial masyarakat dengan potensi terjadinya inflasi di suatu negara!,C2-Memahami,2.0,
pengelolaan keuangan,concept,Pengelolaan Keuangan,C6-Mencipta,5.0,4.0
penerapan pengelolaan keuangan efektif,concept,Penerapan Pengelolaan Keuangan Efektif,,,
regulasi keuangan,concept,Regulasi Keuangan,,,
penyebab inflasi,topic_fine,Penyebab Inflasi,,,
ekspektasi inflasi,concept,Ekspektasi inflasi,C2-Memahami,2.0,1.0
demand-pull inflation,concept,Demand-pull inflation,C4-Menganalisis,4.0,2.0
cost-push inflation,concept,Cost-push inflation,C4-Menganalisis,4.0,2.0
q_c41c88cde2,question,"Jelaskan bagaimana ""ekspektasi inflasi"" dapat menyebabkan inflasi benar-benar terjadi!",C2-Memahami,2.0,
definisi inflasi,concept,Definisi inflasi,,,
jenis-jenis inflasi,concept,Jenis-jenis Inflasi,,,
dampak inflasi,concept,Dampak Inflasi,,,
fungsi dan penetapan upah minimum,topic_fine,Fungsi dan Penetapan Upah Minimum,,,
upah minimum,concept,Upah Minimum,C6-Mencipta,5.0,2.0
q_4c53ceb48e,question,Mengapa pemerintah perlu menetapkan Upah Minimum (UM)?,C2-Memahami,2.0,
dampak upah minimum,concept,Dampak Upah Minimum,,,
sifat sumber daya hayati,topic_fine,Sifat Sumber Daya Hayati,,,
keanekaragaman flora dan fauna,concept,Keanekaragaman flora dan fauna,C2-Memahami,2.0,1.0
sumber daya yang dapat diperbarui,concept,Sumber daya yang dapat diperbarui,C2-Memahami,2.0,1.0
q_305c5f9303,question,Jelaskan mengapa keanekaragaman flora dan fauna dianggap sebagai sumber daya yang bersifat dapat diperbarui (renewable).,C2-Memahami,2.0,
definisi keanekaragaman hayati,concept,Definisi Keanekaragaman Hayati,,,
manfaat keanekaragaman hayati,concept,Manfaat Keanekaragaman Hayati,,,
perbandingan fungsi alokasi dan distribusi,topic_fine,Perbandingan Fungsi Alokasi dan Distribusi,,,
fungsi alokasi pajak,concept,Fungsi Alokasi Pajak,C2-Memahami,2.0,1.0
fungsi distribusi pajak,concept,Fungsi Distribusi Pajak,C2-Memahami,2.0,1.0
perbedaan tujuan fungsi pajak,concept,Perbedaan Tujuan Fungsi Pajak,C2-Memahami,2.0,1.0
q_aa9cb460ec,question,Bandingkan antara fungsi alokasi dan fungsi distribusi pajak. Apa perbedaan tujuan utama dari kedua fungsi tersebut?,C2-Memahami,2.0,
aspek hukum pajak,concept,Aspek Hukum Pajak,,,
metodologi sejarah,topic_coarse,Metodologi Sejarah,,,
pendekatan multidimensional sartono kartodirdjo,topic_fine,Pendekatan multidimensional Sartono Kartodirdjo,C5-Mengevaluasi,4.0,1.0
pendekatan multidimensional,concept,Pendekatan Multidimensional,C6-Mencipta,5.0,2.0
sartono kartodirdjo,concept,Sartono Kartodirdjo,C6-Mencipta,5.0,2.0
q_e544c5cffe,question,Uraikan apa yang dimaksud dengan pendekatan multidimensional yang diperkenalkan oleh Sartono Kartodirdjo!,C2-Memahami,2.0,
konsep dasar ilmu sejarah,concept,Konsep dasar ilmu sejarah,,,
klasifikasi populasi usia kerja,topic_fine,Klasifikasi Populasi Usia Kerja,,,
definisi bukan angkatan kerja,concept,Definisi Bukan Angkatan Kerja,C2-Memahami,2.0,1.0
q_1811da97fe,question,Seorang pensiunan berusia 60 tahun yang menikmati masa tuanya dan tidak mencari pekerjaan. Termasuk dalam kategori apaka,C2-Memahami,2.0,
perhitungan angkatan kerja dan bukan angkatan kerja,concept,Perhitungan Angkatan Kerja dan Bukan Angkatan Kerja,,,
hubungan pertumbuhan penduduk dan kelangkaan sumber daya,topic_fine,Hubungan Pertumbuhan Penduduk dan Kelangkaan Sumber Daya,,,
kelangkaan sumber daya alam,concept,Kelangkaan Sumber Daya Alam,C2-Memahami,2.0,1.0
q_6861dfaf67,question,Jelaskan hubungan antara pertumbuhan penduduk dengan kelangkaan sumber daya alam.,C2-Memahami,2.0,
konsep dasar sumber daya alam,concept,Konsep Dasar Sumber Daya Alam,,,
dampak pembangunan berkelanjutan,concept,Dampak Pembangunan Berkelanjutan,,,
pengelolaan sumber daya alam,concept,Pengelolaan Sumber Daya Alam,,,
perbedaan pendapatan apbd,topic_fine,Perbedaan Pendapatan APBD,,,
pendapatan asli daerah (pad),concept,Pendapatan Asli Daerah (PAD),C6-Mencipta,5.0,4.0
dana perimbangan,concept,Dana Perimbangan,C2-Memahami,2.0,1.0
q_7082649420,question,Bedakan antara Pendapatan Asli Daerah (PAD) dengan Dana Perimbangan berdasarkan sumber asalnya.,C2-Memahami,2.0,
pengertian apbd,concept,Pengertian APBD,,,
struktur pendapatan apbd,concept,Struktur Pendapatan APBD,,,
jenis fintech di indonesia,topic_fine,Jenis Fintech di Indonesia,,,
p2p lending,concept,P2P Lending,C4-Menganalisis,4.0,2.0
peminjam,concept,Peminjam,C2-Memahami,2.0,1.0
perbedaan,concept,Perbedaan,C2-Memahami,2.0,1.0
q_702b22d81a,question,Apa perbedaan utama antara peminjam pada layanan Microfinance dan peminjam pada P2P Lending (berdasarkan deskripsi di te,C2-Memahami,2.0,
layanan keuangan,concept,Layanan Keuangan,,,
globalisasi dan perkembangan,topic_coarse,Globalisasi dan Perkembangan,,,
peran iptek dalam modernisasi,topic_fine,Peran IPTEK dalam Modernisasi,,,
ilmu pengetahuan dan teknologi (iptek),concept,Ilmu Pengetahuan dan Teknologi (IPTEK),C2-Memahami,2.0,1.0
q_05ab4197ed,question,Jelaskan bagaimana perkembangan ilmu pengetahuan dan teknologi menjadi faktor utama yang memengaruhi proses modernisasi ,C2-Memahami,2.0,
perkembangan iptek,concept,Perkembangan IPTEK,C5-Mengevaluasi,5.0,2.0
sejarah ekonomi indonesia,topic_coarse,Sejarah Ekonomi Indonesia,,,
pemicu keruntuhan orde baru,topic_fine,Pemicu Keruntuhan Orde Baru,,,
pembentukan kabinet pembangunan vii,concept,Pembentukan Kabinet Pembangunan VII,C2-Memahami,2.0,1.0
kemarahan publik,concept,Kemarahan Publik,C2-Memahami,2.0,1.0
q_ff641875a8,question,Mengapa pembentukan Kabinet Pembangunan VII (1998) memicu kemarahan publik?,C2-Memahami,2.0,
keruntuhan orde baru,concept,Keruntuhan Orde Baru,C4-Menganalisis,4.0,1.0
gerakan mahasiswa,concept,Gerakan Mahasiswa,C5-Mengevaluasi,4.0,1.0
privatisasi badan usaha milik negara,topic_fine,Privatisasi Badan Usaha Milik Negara,,,
privatisasi bumn,concept,Privatisasi BUMN,C2-Memahami,2.0,1.0
pemerintahan,concept,Pemerintahan,C4-Menganalisis,4.0,2.0
birokrasi,concept,Birokrasi,C2-Memahami,2.0,1.0
q_e54d8ecda3,question,"Jelaskan apa yang dimaksud dengan ""Privatisasi"" BUMN!",C2-Memahami,2.0,
model pemerintahan,concept,Model Pemerintahan,,,
efisiensi pemerintahan,concept,Efisiensi Pemerintahan,,,
tujuan pembentukan ppki dan janji kemerdekaan,topic_fine,Tujuan Pembentukan PPKI dan Janji Kemerdekaan,,,
tujuan jepang membentuk ppki,concept,Tujuan Jepang membentuk PPKI,C2-Memahami,2.0,1.0
janji kemerdekaan kepada indonesia,concept,Janji kemerdekaan kepada Indonesia,C2-Memahami,2.0,1.0
q_8b395cd4d1,question,Apa tujuan utama Jepang membentuk PPKI dan menjanjikan kemerdekaan kepada Indonesia?,C2-Memahami,2.0,
perkembangan politik global,concept,Perkembangan Politik Global,C6-Mencipta,5.0,1.0
hukum permintaan dan penawaran,topic_fine,Hukum Permintaan dan Penawaran,,,
harga pasar,concept,Harga Pasar,C2-Memahami,2.0,1.0
hubungan harga dan kuantitas,concept,Hubungan Harga dan Kuantitas,C4-Menganalisis,4.0,2.0
q_8ba134bca9,question,Mengapa seorang produsen cenderung menawarkan lebih banyak barang ketika harga di pasar sedang tinggi?,C2-Memahami,2.0,
hukum penawaran,concept,Hukum Penawaran,C3-Menerapkan,3.0,1.0
keseimbangan pasar,concept,Keseimbangan Pasar,,,
negara indonesia,topic_coarse,Negara Indonesia,,,
perbedaan bentuk negara ris dan nkri,topic_fine,Perbedaan Bentuk Negara RIS dan NKRI,,,
bentuk negara federal (ris),concept,Bentuk Negara Federal (RIS),C2-Memahami,2.0,1.0
bentuk negara kesatuan (nkri),concept,Bentuk Negara Kesatuan (NKRI),C2-Memahami,2.0,1.0
q_f4ba642ce1,question,Jelaskan perbedaan mendasar antara bentuk negara RIS (Federal) dan NKRI (Kesatuan)!,C2-Memahami,2.0,
pembentukan republik indonesia serikat (ris),concept,Pembentukan Republik Indonesia Serikat (RIS),,,
sistem pemerintahan indonesia pasca-kmb,concept,Sistem Pemerintahan Indonesia pasca-KMB,,,
pergantian sumber energi,topic_fine,Pergantian Sumber Energi,,,
sumber energi bahan bakar fosil (minyak dan batu bara),concept,Sumber energi bahan bakar fosil (minyak dan batu bara),C2-Memahami,2.0,1.0
q_ee15f6e383,question,"Mengapa menurut teks, sumber energi dari bahan bakar fosil seperti minyak dan batu bara perlu digantikan untuk mencapai ",C2-Memahami,2.0,
pemahaman teks,method,Pemahaman Teks,,,
definisi tujuan pembangunan berkelanjutan (sdgs),concept,Definisi Tujuan Pembangunan Berkelanjutan (SDGs),,,
indikator sdgs,concept,Indikator SDGs,,,
isu lingkungan dan sosial,concept,Isu lingkungan dan sosial,,,
"perbedaan mitos, legenda, dongeng",topic_fine,"Perbedaan Mitos, Legenda, Dongeng",,,
mitos,concept,Mitos,C2-Memahami,2.0,1.0
legenda,concept,Legenda,C2-Memahami,2.0,1.0
dongeng,concept,Dongeng,C2-Memahami,2.0,1.0
tingkat kepercayaan,concept,Tingkat Kepercayaan,C2-Memahami,2.0,1.0
q_d4393ade67,question,"Jelaskan perbedaan mendasar antara mitos, legenda, dan dongeng berdasarkan tingkat kepercayaan pemilik ceritanya.",C2-Memahami,2.0,
pengertian dasar cerita,concept,Pengertian dasar cerita,,,
jenis-jenis sumber sejarah,concept,Jenis-jenis sumber sejarah,,,
perbedaan kesaksian lisan dan tradisi lisan,topic_fine,Perbedaan Kesaksian Lisan dan Tradisi Lisan,,,
kesaksian lisan (oral history),concept,Kesaksian Lisan (Oral History),C2-Memahami,2.0,1.0
tradisi lisan (oral tradition),concept,Tradisi Lisan (Oral Tradition),C2-Memahami,2.0,1.0
q_5e40ef1e5b,question,Bedakan antara 'kesaksian lisan' (oral history) dan 'tradisi lisan' (oral tradition).,C2-Memahami,2.0,
perbedaan kebijakan proteksi,topic_fine,Perbedaan Kebijakan Proteksi,,,
kebijakan tarif,concept,Kebijakan Tarif,C2-Memahami,2.0,1.0
q_587003a889,question,Jelaskan perbedaan mendasar antara kebijakan tarif dan kebijakan bea masuk.,C2-Memahami,2.0,
peran asuransi pengalihan risiko,topic_fine,Peran Asuransi Pengalihan Risiko,,,
asuransi,concept,Asuransi,C6-Mencipta,5.0,2.0
mekanisme pengalihan risiko,concept,Mekanisme Pengalihan Risiko,C2-Memahami,2.0,1.0
q_0840409b41,question,Jelaskan peran asuransi sebagai mekanisme pengalihan risiko berdasarkan definisinya.,C2-Memahami,2.0,
definisi asuransi,concept,Definisi Asuransi,,,
jenis-jenis asuransi,concept,Jenis-jenis Asuransi,,,
prinsip dasar asuransi,concept,Prinsip Dasar Asuransi,,,
perbedaan transformasi dan perubahan sosial,topic_fine,Perbedaan Transformasi dan Perubahan Sosial,,,
potensi masalah sosial,concept,Potensi Masalah Sosial,C2-Memahami,2.0,1.0
q_ae5cdc8448,question,Jelaskan dengan kata-kata sendiri mengapa transformasi sosial dianggap lebih berpotensi menimbulkan masalah sosial diban,C2-Memahami,2.0,
analisis dan penjelasan,method,Analisis dan Penjelasan,,,
penyebab masalah sosial,concept,Penyebab Masalah Sosial,,,
asal etimologi dan makna sejarah,topic_fine,Asal Etimologi dan Makna Sejarah,,,
asal kata 'syajaratun' (pohon kayu),concept,Asal kata 'Syajaratun' (pohon kayu),C2-Memahami,2.0,1.0
makna 'pohon kayu' (pertumbuhan berkelanjutan),concept,Makna 'pohon kayu' (pertumbuhan berkelanjutan),C2-Memahami,2.0,1.0
definisi ilmu sejarah,concept,Definisi ilmu sejarah,C2-Memahami,2.0,1.0
asal kata 'historia' (orang pandai),concept,Asal kata 'historia' (orang pandai),C2-Memahami,2.0,1.0
q_857c6f91e3,question,Bagaimana filosofi 'pohon kayu' (Syajaratun) dapat menjelaskan makna dari ilmu sejarah?,C2-Memahami,2.0,
fungsi atau kegunaan ilmu sejarah,concept,Fungsi atau kegunaan ilmu sejarah,,,
eksploitasi sda,concept,Eksploitasi SDA,C2-Memahami,2.0,1.0
kelestarian sda,concept,Kelestarian SDA,C2-Memahami,2.0,1.0
penurunan potensi sda,concept,Penurunan Potensi SDA,C2-Memahami,2.0,1.0
q_5488b88c2e,question,Uraikan bagaimana eksploitasi yang mengabaikan kelestarian dapat menyebabkan penurunan potensi sumber daya alam,C2-Memahami,2.0,
jenis sumber daya alam (dapat diperbarui),concept,Jenis Sumber Daya Alam (Dapat Diperbarui),,,
pemanfaatan sda yang bijaksana,concept,Pemanfaatan SDA yang Bijaksana,,,
kumpulan status sosial,topic_fine,Kumpulan Status Sosial,,,
q_112e153ac8,question,Simpulkan apa yang dimaksud dengan seseorang memiliki 'kumpulan status' berdasarkan contoh kepala sekolah.,C2-Memahami,2.0,
peran presiden pada demokrasi parlementer,topic_fine,Peran Presiden pada Demokrasi Parlementer,,,
peran presiden soekarno pada demokrasi parlementer,concept,Peran Presiden Soekarno pada Demokrasi Parlementer,C2-Memahami,2.0,1.0
peran presiden setelah dekret presiden,concept,Peran Presiden setelah Dekret Presiden,C2-Memahami,2.0,1.0
demokrasi parlementer (uuds 1950),concept,Demokrasi Parlementer (UUDS 1950),C3-Menerapkan,3.0,2.0
dekret presiden,concept,Dekret Presiden,C2-Memahami,2.0,1.0
q_0f2938a1f5,question,Apa perbedaan utama peran Presiden Soekarno pada masa Demokrasi Parlementer (UUDS 1950) dan setelah Dekret Presiden (kem,C2-Memahami,2.0,
sistem demokrasi parlementer,concept,Sistem Demokrasi Parlementer,C2-Memahami,2.0,1.0
sistem demokrasi terpimpin,concept,Sistem Demokrasi Terpimpin,,,
uud 1945,concept,UUD 1945,,,
pengaruh letak astronomis,topic_fine,Pengaruh Letak Astronomis,,,
angin muson barat laut,concept,Angin muson barat laut,C2-Memahami,2.0,1.0
angin muson tenggara,concept,Angin muson tenggara,C2-Memahami,2.0,1.0
pengaruh angin muson terhadap musim,concept,Pengaruh angin muson terhadap musim,C2-Memahami,2.0,1.0
q_3a5c454f32,question,Bandingkan sifat antara angin muson barat laut dengan angin muson tenggara yang mempengaruhi musim di Indonesia!,C2-Memahami,2.0,
antropologi budaya,topic_coarse,Antropologi Budaya,,,
pengaruh variasi iklim terhadap budaya,topic_fine,Pengaruh Variasi Iklim terhadap Budaya,,,
perbedaan suhu,concept,Perbedaan Suhu,C2-Memahami,2.0,1.0
adaptasi budaya,concept,Adaptasi Budaya,C3-Menerapkan,3.0,2.0
q_da7cf6843e,question,Jelaskan bagaimana perbedaan suhu antara daerah pegunungan dan pesisir dapat menciptakan budaya yang berbeda!,C2-Memahami,2.0,
penjelasan,method,Penjelasan,,,
contoh struktur organisasi,topic_fine,Contoh Struktur Organisasi,,,
struktur organisasi (osis),concept,Struktur Organisasi (OSIS),C2-Memahami,2.0,1.0
status dan peran individu,concept,Status dan Peran Individu,C2-Memahami,2.0,1.0
q_e5ba0d0f7e,question,Mengapa struktur organisasi seperti OSIS dapat dianggap sebagai contoh kecil dari struktur sosial di masyarakat?,C2-Memahami,2.0,
definisi struktur sosial,concept,Definisi Struktur Sosial,,,
hukum pajak,topic_coarse,Hukum Pajak,,,
dasar hukum pemungutan pajak,topic_fine,Dasar Hukum Pemungutan Pajak,,,
sifat pajak (wajib berdasarkan uu),concept,Sifat Pajak (Wajib berdasarkan UU),C2-Memahami,2.0,1.0
fungsi pajak,concept,Fungsi Pajak,C2-Memahami,2.0,1.0
q_e9417ce51f,question,Mengapa pemungutan pajak di Indonesia harus dilaksanakan berdasarkan undang-undang?,C2-Memahami,2.0,
pengertian pajak,concept,Pengertian Pajak,,,
ciri-ciri pajak,concept,Ciri-ciri Pajak,C5-Mengevaluasi,4.0,2.0
kepekaan sosial,concept,Kepekaan Sosial,C5-Mengevaluasi,4.0,3.0
kepedulian sosial,concept,Kepedulian sosial,C2-Memahami,2.0,1.0
q_39ed4ab8df,question,Mengapa kepekaan dan kepedulian sosial dianggap sangat penting dalam upaya pencegahan konflik?,C2-Memahami,2.0,
eskalasi konflik,concept,Eskalasi Konflik,C6-Mencipta,5.0,2.0
dampak infrastruktur terhadap masyarakat,topic_fine,Dampak Infrastruktur terhadap Masyarakat,,,
kebijakan negatif,concept,Kebijakan negatif,C2-Memahami,2.0,1.0
partisipasi masyarakat,concept,Partisipasi Masyarakat,C6-Mencipta,5.0,4.0
kesejahteraan ekonomi,concept,Kesejahteraan Ekonomi,C5-Mengevaluasi,5.0,3.0
q_1e8c97c5c1,question,Mengapa pembangunan infrastruktur seperti jalan tol dapat dianggap sebagai kebijakan negatif oleh sebagian masyarakat?,C2-Memahami,2.0,
konsep pembangunan wilayah,concept,Konsep Pembangunan Wilayah,,,
peran masyarakat dalam pembangunan,concept,Peran Masyarakat dalam Pembangunan,,,
model pembangunan partisipatif,concept,Model pembangunan partisipatif,,,
analisis dampak sosial infrastruktur,concept,Analisis dampak sosial infrastruktur,,,
geografi dan lokasi,topic_coarse,Geografi dan Lokasi,,,
lokasi absolut dan relatif,topic_fine,Lokasi Absolut dan Relatif,,,
standarisasi waktu internasional,concept,Standarisasi waktu internasional,C2-Memahami,2.0,1.0
alasan perlunya standarisasi waktu,concept,Alasan perlunya standarisasi waktu,C2-Memahami,2.0,1.0
q_6aa42b26fe,question,Jelaskan alasan utama mengapa standarisasi waktu internasional diperlukan pada akhir abad ke-19!,C2-Memahami,2.0,
konsep lokasi absolut,concept,Konsep lokasi absolut,,,
pengaruh waktu terhadap fenomena geografis,concept,Pengaruh waktu terhadap fenomena geografis,,,
prinsip mendayung di antara dua karang,concept,Prinsip Mendayung di antara Dua Karang,C2-Memahami,2.0,1.0
blok barat,concept,Blok Barat,C5-Mengevaluasi,5.0,3.0
blok timur,concept,Blok Timur,C5-Mengevaluasi,5.0,3.0
q_ac1bf38809,question,"Apa yang dimaksud dengan prinsip ""Mendayung di antara Dua Karang""?",C2-Memahami,2.0,
implementasi kebijakan politik luar negeri,concept,Implementasi kebijakan politik luar negeri,,,
keterkaitan regional dan global,concept,Keterkaitan regional dan global,C3-Menerapkan,3.0,2.0
fungsi jalur sutra,concept,Fungsi Jalur Sutra,C2-Memahami,2.0,1.0
q_25aff2fd36,question,Jelaskan dengan kata-katamu sendiri mengapa Jalur Sutra dianggap lebih dari sekadar rute perdagangan barang.,C2-Memahami,2.0,
penjelasan (menggunakan kata-kata sendiri),method,Penjelasan (menggunakan kata-kata sendiri),,,
pemahaman tentang interaksi antar wilayah,concept,Pemahaman tentang interaksi antar wilayah,,,
contoh historis keterkaitan global lainnya,concept,Contoh historis keterkaitan global lainnya,,,
sosial dan teknologi,topic_coarse,Sosial dan Teknologi,,,
kecakapan sosial era digital,topic_fine,Kecakapan Sosial Era Digital,,,
pengembangan kecakapan sosial,concept,Pengembangan kecakapan sosial,C2-Memahami,2.0,1.0
kreativitas,concept,Kreativitas,C2-Memahami,2.0,1.0
adaptabilitas,concept,Adaptabilitas,C2-Memahami,2.0,1.0
tantangan era digital,concept,Tantangan Era Digital,C6-Mencipta,5.0,2.0
q_afaa17928c,question,Jelaskan hubungan antara pengembangan kecakapan sosial (seperti kreativitas dan adaptabilitas) dengan tantangan yang dib,C2-Memahami,2.0,
pemahaman tentang globalisasi,concept,Pemahaman tentang globalisasi,,,
pemahaman tentang era digital,concept,Pemahaman tentang era digital,,,
strategi mengatasi masalah sosial,concept,Strategi mengatasi masalah sosial,,,
penerapan nilai-nilai pancasila,concept,Penerapan nilai-nilai Pancasila,,,
interaksi antarruang,topic_coarse,Interaksi Antarruang,,,
pengaruh karakteristik muka bumi,topic_fine,Pengaruh Karakteristik Muka Bumi,,,
perbedaan potensi wilayah,concept,Perbedaan Potensi Wilayah,C6-Mencipta,5.0,2.0
kebutuhan antarwilayah,concept,Kebutuhan antarwilayah,C2-Memahami,2.0,1.0
q_e1927864b0,question,Jelaskan mengapa perbedaan karakteristik muka bumi dapat menyebabkan interaksi antarruang!,C2-Memahami,2.0,
faktor-faktor pendorong interaksi wilayah,concept,Faktor-faktor pendorong interaksi wilayah,,,
sumber daya alam tidak dapat diperbarui,concept,Sumber daya alam tidak dapat diperbarui,C2-Memahami,2.0,1.0
minyak bumi,concept,Minyak bumi,C2-Memahami,2.0,1.0
batu bara,concept,Batu bara,C2-Memahami,2.0,1.0
q_1471e65831,question,Mengapa minyak bumi dan batu bara diklasifikasikan sebagai sumber daya alam yang tidak dapat diperbarui?,C2-Memahami,2.0,
pembagian sumber daya alam (dapat diperbarui vs tidak dapat diperbarui),concept,Pembagian sumber daya alam (dapat diperbarui vs tidak dapat diperbarui),,,
karakteristik sumber daya alam yang dapat diperbarui,concept,Karakteristik sumber daya alam yang dapat diperbarui,,,
fenomena gerak epirogenetik,topic_fine,Fenomena Gerak Epirogenetik,,,
permukaan air laut,concept,Permukaan air laut,C2-Memahami,2.0,1.0
pulau buton,concept,Pulau Buton,C2-Memahami,2.0,1.0
q_4b25b5655b,question,Bayangkan permukaan air laut di sekitar Pulau Buton tiba-tiba tampak surut secara permanen. Fenomena gerak epirogenetik ,C2-Memahami,2.0,
sistem geosfer,concept,Sistem Geosfer,C5-Mengevaluasi,5.0,1.0
proses geomorfologi,concept,Proses geomorfologi,,,
fenomena oseanografi,concept,Fenomena oseanografi,,,
stabilitas sosial,concept,Stabilitas Sosial,C5-Mengevaluasi,5.0,2.0
pola perilaku dan budaya,concept,Pola perilaku dan budaya,C2-Memahami,2.0,1.0
respons masyarakat,concept,Respons masyarakat,C2-Memahami,2.0,1.0
q_2dc099e42f,question,Jelaskan mengapa perubahan sosial dapat memengaruhi stabilitas sosial dalam masyarakat.,C2-Memahami,2.0,
ketidakstabilan demokrasi parlementer,topic_fine,Ketidakstabilan Demokrasi Parlementer,,,
kabinet bertanggung jawab kepada parlemen,concept,Kabinet bertanggung jawab kepada Parlemen,C2-Memahami,2.0,1.0
perbedaan ideologi antarpartai,concept,Perbedaan ideologi antarpartai,C3-Menerapkan,3.0,2.0
q_6a93627620,question,"Jelaskan mengapa sistem Demokrasi Parlementer di Indonesia (1950-1959) dianggap ""sangat tidak stabil""!",C2-Memahami,2.0,
sistem demokrasi parlementer 1950-1959,concept,Sistem Demokrasi Parlementer 1950-1959,,,
dampak ketidakstabilan politik,concept,Dampak ketidakstabilan politik,,,
pentingnya data statistik dalam perwilayahan formal,topic_fine,Pentingnya data statistik dalam perwilayahan formal,,,
wilayah formal (homogen),concept,Wilayah Formal (Homogen),C6-Mencipta,5.0,3.0
data statistik,concept,Data statistik,C2-Memahami,2.0,1.0
q_556b044a39,question,"Mengapa dalam proses perwilayahan formal, data statistik dianggap penting?",C2-Memahami,2.0,
jenis-jenis wilayah,concept,Jenis-jenis Wilayah,,,
wilayah fungsional,concept,Wilayah Fungsional,,,
analisis spasial,concept,Analisis spasial,,,
peran komunitas dalam pembangunan berkelanjutan,topic_fine,Peran Komunitas dalam Pembangunan Berkelanjutan,,,
peran komunitas,concept,Peran komunitas,C2-Memahami,2.0,1.0
q_10dcd737e8,question,Simpulkan tiga peran utama komunitas dalam mendukung pembangunan berkelanjutan,C2-Memahami,2.0,
aksi kolektif komunitas,concept,Aksi kolektif komunitas,,,
isu sosial dan lingkungan,concept,Isu sosial dan lingkungan,,,
tujuan penyusunan apbn,topic_fine,Tujuan Penyusunan APBN,,,
rencana keuangan tahunan,concept,Rencana Keuangan Tahunan,C2-Memahami,2.0,1.0
q_c48e2a073d,question,Gambarkan tujuan utama dari penyusunan APBN bagi suatu negara.,C2-Memahami,2.0,
komponen apbn (penerimaan dan pengeluaran),concept,Komponen APBN (Penerimaan dan Pengeluaran),,,
studi literatur,concept,Studi literatur,C2-Memahami,2.0,1.0
prasurvei,concept,Prasurvei,C2-Memahami,2.0,1.0
pengumpulan data lapangan,concept,Pengumpulan data lapangan,C2-Memahami,2.0,1.0
q_c8d324b8e1,question,Simpulkan langkah-langkah yang harus dilakukan peneliti dari awal identifikasi hingga siap mengumpulkan data di lapangan,C2-Memahami,2.0,
pemahaman urutan langkah,method,Pemahaman urutan langkah,,,
pengumpulan data di lapangan,concept,Pengumpulan data di lapangan,,,
q_b1f6d38e15,question,"Mengapa seseorang yang ""menganggur"" (tidak bekerja) tetap dianggap sebagai bagian dari ""Angkatan Kerja""?",C2-Memahami,2.0,
reformasi dan pers,topic_coarse,Reformasi dan Pers,,,
penutupan media oleh orde baru,topic_fine,Penutupan media oleh Orde Baru,,,
membredel media,concept,Membredel media,C2-Memahami,2.0,1.0
q_e25e5580fc,question,"Apa yang dimaksud dengan ""membredel"" media?",C2-Memahami,2.0,
ekonomi moneter,topic_coarse,Ekonomi Moneter,,,
penawaran uang dan permintaan uang,topic_fine,Penawaran Uang dan Permintaan Uang,,,
penawaran uang,concept,Penawaran Uang,C3-Menerapkan,3.0,2.0
permintaan uang,concept,Permintaan Uang,C4-Menganalisis,4.0,3.0
q_b5f3cb84bc,question,"Jika Bank Sentral memutuskan untuk menambah ""penawaran uang"", faktor apa yang sedang ia pengaruhi?",C2-Memahami,2.0,
definisi uang,concept,Definisi Uang,,,
motif permintaan uang,concept,Motif Permintaan Uang,,,
perbedaan presidensial dan parlementer,topic_fine,Perbedaan Presidensial dan Parlementer,,,
sistem pemerintahan presidensial,concept,Sistem Pemerintahan Presidensial,C2-Memahami,2.0,1.0
sistem pemerintahan parlementer,concept,Sistem Pemerintahan Parlementer,C2-Memahami,2.0,1.0
q_2d2976180b,question,Jelaskan perbedaan mendasar antara sistem pemerintahan Presidensial dan Parlementer berdasarkan konteks!,C2-Memahami,2.0,
konsep dasar sistem pemerintahan,concept,Konsep dasar sistem pemerintahan,,,
struktur pemerintahan indonesia pasca-1945,concept,Struktur pemerintahan Indonesia pasca-1945,,,
perbedaan interaksi sosial asosiatif dan disosiatif,topic_fine,Perbedaan Interaksi Sosial Asosiatif dan Disosiatif,,,
interaksi sosial asosiatif,concept,Interaksi Sosial Asosiatif,C2-Memahami,2.0,1.0
interaksi sosial disosiatif,concept,Interaksi Sosial Disosiatif,C2-Memahami,2.0,1.0
q_a85b3614a5,question,Jelaskan perbedaan mendasar antara interaksi sosial asosiatif dan disosiatif!,C2-Memahami,2.0,
konsep dasar interaksi sosial,concept,Konsep dasar Interaksi Sosial,,,
jenis-jenis interaksi sosial,concept,Jenis-jenis Interaksi Sosial,,,
ekspor,concept,Ekspor,C4-Menganalisis,4.0,3.0
neraca perdagangan,concept,Neraca Perdagangan,C3-Menerapkan,3.0,1.0
surplus/defisit,concept,Surplus/Defisit,C3-Menerapkan,3.0,1.0
q_d769c9bfcb,question,"Jika nilai ekspor Indonesia adalah $150 miliar dan nilai impornya adalah $135 miliar, hitunglah neraca perdagangannya da",C3-Menerapkan,3.0,
menerapkan,method,Menerapkan,,,
neraca pembayaran (seluruh komponen),concept,Neraca Pembayaran (seluruh komponen),,,
neraca pembayaran (transaksi debit/kredit),concept,Neraca Pembayaran (transaksi debit/kredit),,,
jenis diferensiasi sosial budaya,topic_fine,Jenis Diferensiasi Sosial Budaya,,,
q_e648e51570,question,"Penggolongan masyarakat di Papua berdasarkan warna kulit gelap dan rambut ikal (ras Melanesoid). Terapkan konteks, ini a",C3-Menerapkan,3.0,
pengertian diferensiasi sosial,concept,Pengertian Diferensiasi Sosial,,,
klasifikasi dan sifat sda,topic_fine,Klasifikasi dan Sifat SDA,,,
sda dapat diperbarui,concept,SDA Dapat Diperbarui,C5-Mengevaluasi,5.0,2.0
implikasi penambangan terhadap ketersediaan sumber daya,concept,Implikasi penambangan terhadap ketersediaan sumber daya,C3-Menerapkan,3.0,1.0
q_5bfc022b12,question,"Sebuah perusahaan menambang bijih besi untuk diolah menjadi baja. Berdasarkan sifatnya, jelaskan implikasi dari kegiatan",C3-Menerapkan,3.0,
klasifikasi sda berdasarkan jenis dan sifat,concept,Klasifikasi SDA berdasarkan jenis dan sifat,,,
klasifikasi sda berdasarkan jenis (nonhayati/hayati),concept,Klasifikasi SDA berdasarkan jenis (Nonhayati/Hayati),,,
konsep keberlanjutan sumber daya alam,concept,Konsep keberlanjutan sumber daya alam,,,
teori kuantitas uang,topic_fine,Teori Kuantitas Uang,,,
indeks kuantitas uang (mv=pt),concept,Indeks Kuantitas Uang (MV=PT),C3-Menerapkan,3.0,1.0
rumus irving fisher,concept,Rumus Irving Fisher,C3-Menerapkan,3.0,1.0
q_ba1db6091c,question,"Jika M=100, V=5, dan T=25, terapkan rumus Irving Fisher untuk menghitung P (tingkat harga)!",C3-Menerapkan,3.0,
konsep permintaan dan penawaran uang,concept,Konsep Permintaan dan Penawaran Uang,,,
analisis kebijakan moneter,concept,Analisis Kebijakan Moneter,,,
model kuantitas uang,concept,Model Kuantitas Uang,,,
modernisasi dan sikap,topic_coarse,Modernisasi dan Sikap,,,
pola pikir masyarakat modern,topic_fine,Pola Pikir Masyarakat Modern,,,
ciri pola pikir modern (rasional dan ilmiah),concept,Ciri pola pikir modern (rasional dan ilmiah),C3-Menerapkan,3.0,1.0
penerimaan berita tidak terverifikasi,concept,Penerimaan berita tidak terverifikasi,C3-Menerapkan,3.0,1.0
q_89453adde8,question,"Berdasarkan ciri pola pikir masyarakat modern (rasional dan ilmiah), bagaimana sikap yang seharusnya mereka tunjukkan sa",C3-Menerapkan,3.0,
definisi modernisasi,concept,Definisi modernisasi,,,
etika digital,concept,Etika digital,,,
literasi media,concept,Literasi Media,,,
angka partisipasi kasar sma,topic_fine,Angka Partisipasi Kasar SMA,,,
angka partisipasi kasar (apk),concept,Angka Partisipasi Kasar (APK),C3-Menerapkan,3.0,1.0
q_ff6d12719b,question,"Jika APK (Angka Partisipasi Kasar) di jenjang SMA meningkat. Terapkan konteks, apa artinya ini?",C3-Menerapkan,3.0,
kebijakan pendidikan era reformasi,concept,Kebijakan Pendidikan Era Reformasi,,,
"program bantuan pendidikan (bos, bidikmisi)",concept,"Program bantuan pendidikan (BOS, Bidikmisi)",,,
analisis dampak kebijakan pendidikan,concept,Analisis dampak kebijakan pendidikan,,,
evaluasi efektivitas program pendidikan,concept,Evaluasi efektivitas program pendidikan,,,
sistem klan dan klasifikasi sosial,topic_fine,Sistem Klan dan Klasifikasi Sosial,,,
q_b1d07337c2,question,"Seseorang memiliki marga Siregar yang didapat dari ayahnya. Terapkan konteks, ia termasuk dalam sistem klan apa?",C3-Menerapkan,3.0,
penerapan peran komunitas dalam pembangunan berkelanjutan,topic_fine,Penerapan peran komunitas dalam pembangunan berkelanjutan,,,
q_5536f04a24,question,Bayangkan Anda dan teman-teman membentuk komunitas pendaki gunung. Bagaimana cara komunitas Anda menerapkan peran dalam ,C3-Menerapkan,3.0,
konsep komunitas,concept,Konsep Komunitas,,,
aksi komunitas,concept,Aksi Komunitas,,,
metodologi penelitian geografi,topic_coarse,Metodologi Penelitian Geografi,,,
pemilihan metode penelitian,topic_fine,Pemilihan Metode Penelitian,,,
"pendekatan geografi (keruangan, ekologi, kompleks wilayah)",concept,"Pendekatan Geografi (Keruangan, Ekologi, Kompleks Wilayah)",C3-Menerapkan,3.0,1.0
"jenis penelitian (studi kasus, survei, eksperimen)",concept,"Jenis Penelitian (Studi Kasus, Survei, Eksperimen)",C3-Menerapkan,3.0,1.0
analisis dampak fenomena geosfer,concept,Analisis Dampak Fenomena Geosfer,C3-Menerapkan,3.0,1.0
q_8e0fd8ca1b,question,Seorang peneliti ingin mengetahui dampak pembangunan sebuah mal baru terhadap pola kemacetan di sekitarnya. Bentuk penel,C3-Menerapkan,3.0,
penerapan,method,Penerapan,,,
pengertian penelitian geografi,concept,Pengertian Penelitian Geografi,,,
jenis-jenis metode penelitian geografi,concept,Jenis-jenis Metode Penelitian Geografi,,,
penggunaan alat analisis geospasial (sig),concept,Penggunaan Alat Analisis Geospasial (SIG),,,
peran ojk dalam fintech,topic_fine,Peran OJK dalam Fintech,,,
peran ojk,concept,Peran OJK,C3-Menerapkan,3.0,1.0
platform p2p lending,concept,Platform P2P Lending,C3-Menerapkan,3.0,1.0
perlindungan konsumen,concept,Perlindungan konsumen,C5-Mengevaluasi,5.0,2.0
q_66a244f897,question,"Terapkan konsep ""peran OJK"". Apa yang akan dilakukan OJK jika menemukan platform P2P Lending yang merugikan ""konsumen""?",C3-Menerapkan,3.0,
konsep fintech,concept,Konsep Fintech,,,
regulasi ojk,concept,Regulasi OJK,,,
aspek hukum keuangan digital,concept,Aspek Hukum Keuangan Digital,,,
keruntuhan orde baru dan reformasi,topic_fine,Keruntuhan Orde Baru dan Reformasi,,,
demonstrasi mahasiswa,concept,Demonstrasi Mahasiswa,C3-Menerapkan,3.0,1.0
pembunuhan mahasiswa,concept,Pembunuhan Mahasiswa,C3-Menerapkan,3.0,1.0
q_12b12aa918,question,"Empat mahasiswa tewas tertembak saat demonstrasi menuntut Reformasi. Terapkan konteks, peristiwa apa ini?",C3-Menerapkan,3.0,
peristiwa reformasi,concept,Peristiwa Reformasi,,,
keuangan dan perbankan,topic_coarse,Keuangan dan Perbankan,,,
jenis kredit aktif untuk eksportir,topic_fine,Jenis Kredit Aktif untuk Eksportir,,,
kredit aktif,concept,Kredit Aktif,C3-Menerapkan,3.0,1.0
jaminan pembayaran ekspor,concept,Jaminan Pembayaran Ekspor,C3-Menerapkan,3.0,1.0
kebutuhan eksportir,concept,Kebutuhan Eksportir,C3-Menerapkan,3.0,1.0
q_452b11abe7,question,Seorang eksportir membutuhkan jaminan pembayaran dari bank atas barang yang akan dikirimnya ke luar negeri. Jenis 'kredi,C3-Menerapkan,3.0,
konsep dasar kredit perbankan,concept,Konsep dasar kredit perbankan,,,
mekanisme pembayaran internasional,concept,Mekanisme pembayaran internasional,,,
jenis-jenis instrumen keuangan lainnya,concept,Jenis-jenis instrumen keuangan lainnya,,,
manajemen risiko ekspor,concept,Manajemen risiko ekspor,,,
sejarah perdagangan nusantara,topic_coarse,Sejarah Perdagangan Nusantara,,,
kausalitas peristiwa perdagangan,topic_fine,Kausalitas Peristiwa Perdagangan,,,
kausalitas,concept,Kausalitas,C3-Menerapkan,3.0,1.0
sistem pemerintahan,concept,Sistem Pemerintahan,C3-Menerapkan,3.0,1.0
q_467bc9f43d,question,"Dengan menggunakan konsep kausalitas, urutkanlah peristiwa-peristiwa berikut menjadi sebuah alur yang logis: A) Munculny",C3-Menerapkan,3.0,
perkembangan komoditas unggulan,concept,Perkembangan komoditas unggulan,,,
struktur sosial kerajaan,concept,Struktur sosial kerajaan,,,
lokasi benua dan iklim,topic_fine,Lokasi Benua dan Iklim,,,
benua,concept,Benua,C3-Menerapkan,3.0,1.0
iklim tropis,concept,Iklim Tropis,C5-Mengevaluasi,4.0,3.0
habitat megafauna,concept,Habitat Megafauna,C3-Menerapkan,3.0,1.0
q_61c249f9ab,question,"Seorang ahli biologi ingin meneliti hewan megafauna di habitat aslinya yang beriklim tropis. Berdasarkan deskripsi, benu",C3-Menerapkan,3.0,
karakteristik ekosistem tropis,concept,Karakteristik ekosistem tropis,,,
biogeografi,concept,Biogeografi,,,
unsur-unsur dalam peristiwa sejarah,topic_fine,Unsur-unsur dalam Peristiwa Sejarah,,,
"unsur sejarah (ruang, waktu, manusia)",concept,"Unsur Sejarah (Ruang, Waktu, Manusia)",C6-Mencipta,5.0,3.0
identifikasi unsur sejarah,concept,Identifikasi unsur sejarah,C3-Menerapkan,3.0,1.0
q_ade93abd5d,question,"Jika seorang sejarawan menemukan sebuah candi kuno, unsur sejarah apa saja yang bisa langsung diidentifikasi dari penemu",C3-Menerapkan,3.0,
definisi dan ciri-ciri peristiwa sejarah,concept,Definisi dan ciri-ciri peristiwa sejarah,,,
analisis sebab-akibat peristiwa sejarah,concept,Analisis sebab-akibat peristiwa sejarah,,,
paradigma pembangunan,topic_fine,Paradigma Pembangunan,,,
program imunisasi nasional,concept,Program Imunisasi Nasional,C3-Menerapkan,3.0,1.0
penerapan kebijakan,concept,Penerapan Kebijakan,C3-Menerapkan,3.0,1.0
q_218087f886,question,Sebuah program imunisasi nasional yang diwajibkan oleh pemerintah pusat untuk seluruh daerah tanpa konsultasi lokal meru,C3-Menerapkan,3.0,
jenis-jenis paradigma pembangunan,concept,Jenis-jenis Paradigma Pembangunan,,,
geografi fisik dan interaksi,topic_coarse,Geografi Fisik dan Interaksi,,,
"interaksi antroposfer, hidrosfer, biosfer",topic_fine,"Interaksi Antroposfer, Hidrosfer, Biosfer",,,
interaksi antroposfer dan lingkungan,concept,Interaksi Antroposfer dan Lingkungan,C3-Menerapkan,3.0,1.0
interaksi hidrosfer dan biosfer,concept,Interaksi Hidrosfer dan Biosfer,C3-Menerapkan,3.0,1.0
sistem ekologi geografis,concept,Sistem Ekologi Geografis,C3-Menerapkan,3.0,1.0
q_94e4071b5e,question,Pembangunan sebuah bendungan raksasa telah mengubah aliran sungai dan merendam area hutan. Tunjukkan bagaimana fenomena ,C3-Menerapkan,3.0,
"konsep antroposfer, hidrosfer, biosfer",concept,"Konsep Antroposfer, Hidrosfer, Biosfer",,,
analisis dampak lingkungan,concept,Analisis Dampak Lingkungan,,,
kegiatan penelitian sejarah,concept,Kegiatan penelitian sejarah,C3-Menerapkan,3.0,1.0
q_20d05c5513,question,"Jika Anda ingin meneliti 'Sejarah Perkembangan Pasar Tradisional di Kotamu dari Tahun 1980 hingga 2000', kegiatan pertam",C3-Menerapkan,3.0,
definisi penelitian sejarah,concept,Definisi penelitian sejarah,,,
penarikan kesimpulan,concept,Penarikan kesimpulan,C5-Mengevaluasi,4.0,1.0
transisi kepemimpinan orde baru,topic_fine,Transisi Kepemimpinan Orde Baru,,,
pergantian presiden soeharto,concept,Pergantian Presiden Soeharto,C3-Menerapkan,3.0,1.0
naik ke presiden b.j. habibie,concept,Naik ke Presiden B.J. Habibie,C3-Menerapkan,3.0,1.0
q_3719e8087b,question,"B.J. Habibie naik menjadi Presiden menggantikan Soeharto yang berhenti. Terapkan konteks, tanggal berapa peristiwa ini t",C3-Menerapkan,3.0,
kabinet pembangunan vii,concept,Kabinet Pembangunan VII,,,
q_8e549303f3,question,Seorang pemilik usaha warung kopi (pengusaha mikro) ditolak oleh bank saat mengajukan modal. Layanan fintech manakah yan,C3-Menerapkan,3.0,
definisi fintech,concept,Definisi Fintech,,,
layanan keuangan digital lainnya,concept,Layanan keuangan digital lainnya,,,
masyarakat digital,topic_coarse,Masyarakat Digital,C3-Menerapkan,3.0,1.0
aktivitas dalam kelas online,topic_fine,Aktivitas dalam Kelas Online,,,
interaksi virtual,concept,Interaksi Virtual,C3-Menerapkan,3.0,1.0
representasi aktivitas elektronik,concept,Representasi Aktivitas Elektronik,C3-Menerapkan,3.0,1.0
pergeseran pola interaksi sosial,concept,Pergeseran Pola Interaksi Sosial,C3-Menerapkan,3.0,1.0
q_5281ea7d0b,question,Seorang siswa mengikuti kelas online melalui platform video conference. Tunjukkan bagaimana aktivitas ini mencerminkan k,C3-Menerapkan,3.0,
definisi masyarakat digital,concept,Definisi Masyarakat Digital,,,
dampak teknologi terhadap interaksi sosial,concept,Dampak Teknologi terhadap Interaksi Sosial,,,
penyedia faktor produksi,concept,Penyedia Faktor Produksi,C6-Mencipta,5.0,2.0
q_6d6fc3fd61,question,Pak Budi menyewakan ruko miliknya kepada sebuah bank. Uang hasil sewa ia gunakan untuk membayar tagihan listrik dan air ,C3-Menerapkan,3.0,
peran rumah tangga konsumen,concept,Peran Rumah Tangga Konsumen,,,
investasi energi terbarukan indonesia,topic_fine,Investasi Energi Terbarukan Indonesia,,,
potensi energi terbarukan indonesia,concept,Potensi Energi Terbarukan Indonesia,C3-Menerapkan,3.0,1.0
analisis data potensi (bppt 2007),concept,Analisis Data Potensi (BPPT 2007),C3-Menerapkan,3.0,1.0
keputusan investasi,concept,Keputusan Investasi,C3-Menerapkan,3.0,1.0
q_d10d4bfbec,question,"Jika Anda seorang investor yang ingin berinvestasi di sektor energi terbarukan Indonesia, jenis energi apa yang akan And",C3-Menerapkan,3.0,
pemahaman tentang energi terbarukan,concept,Pemahaman tentang energi terbarukan,,,
kemampuan menganalisis data sektoral,concept,Kemampuan menganalisis data sektoral,,,
evaluasi risiko investasi energi,concept,Evaluasi Risiko Investasi Energi,,,
kebijakan energi nasional,concept,Kebijakan Energi Nasional,,,
penerapan analisis swot,topic_fine,Penerapan Analisis SWOT,,,
identifikasi peluang,concept,Identifikasi Peluang,C3-Menerapkan,3.0,1.0
mengatasi kelemahan,concept,Mengatasi Kelemahan,C3-Menerapkan,3.0,1.0
penerapan program,concept,Penerapan Program,C3-Menerapkan,3.0,1.0
q_afd6011650,question,"Berdasarkan analisis SWOT pada kasus Desa Ujung, bagaimana 'Opportunity' berupa 'adanya aplikasi jual beli online' dapat",C3-Menerapkan,3.0,
konsep pemberdayaan komunitas,concept,Konsep Pemberdayaan Komunitas,,,
konsep analisis swot,concept,Konsep Analisis SWOT,,,
monitoring dan evaluasi,concept,Monitoring dan Evaluasi,C6-Mencipta,5.0,1.0
sistem barter dan ketidakadilan,topic_fine,Sistem Barter dan Ketidakadilan,,,
satuan ukur,concept,Satuan Ukur,C3-Menerapkan,3.0,1.0
ketidakadilan ekonomi,concept,Ketidakadilan Ekonomi,C3-Menerapkan,3.0,1.0
q_8bc1a6898c,question,"Jika sebuah komunitas kecil memutuskan untuk kembali ke sistem barter, masalah ketidakadilan seperti apa yang mungkin mu",C3-Menerapkan,3.0,
konsep dasar ilmu ekonomi,concept,Konsep dasar ilmu ekonomi,,,
peran uang sebagai alat tukar,concept,Peran Uang sebagai Alat Tukar,,,
pengukuran ketimpangan pendapatan,topic_fine,Pengukuran Ketimpangan Pendapatan,,,
koefisien gini,concept,Koefisien Gini,C3-Menerapkan,3.0,1.0
distribusi pendapatan,concept,Distribusi pendapatan,C3-Menerapkan,3.0,1.0
q_d5cfaf414b,question,"Jika sebuah negara memiliki Koefisien Gini 0,6, dan negara tetangganya memiliki Gini ratio 0,3, negara manakah yang memi",C3-Menerapkan,3.0,
konsep kesenjangan ekonomi,concept,Konsep kesenjangan ekonomi,,,
analisis dampak kebijakan pemerataan pendapatan,concept,Analisis dampak kebijakan pemerataan pendapatan,,,
pertukaran budaya pedagang india,topic_fine,Pertukaran budaya pedagang India,,,
pertukaran budaya,concept,Pertukaran budaya,C3-Menerapkan,3.0,1.0
perdagangan komoditas,concept,Perdagangan komoditas,C4-Menganalisis,4.0,3.0
transportasi laut,concept,Transportasi laut,C3-Menerapkan,3.0,1.0
q_52a14f57b1,question,"Berdasarkan pola interaksi yang dijelaskan, sebutkan tiga contoh lain (selain agama dan candi) dari pertukaran budaya ya",C3-Menerapkan,3.0,
interaksi nusantara dengan bangsa asing,concept,Interaksi Nusantara dengan bangsa asing,,,
peran geografis dalam perdagangan,concept,Peran geografis dalam perdagangan,,,
dampak perdagangan terhadap struktur sosial,concept,Dampak Perdagangan Terhadap Struktur Sosial,,,
pengaruh budaya india di sumatra,concept,Pengaruh budaya India di Sumatra,,,
fungsi kearifan lokal dalam komunitas,topic_fine,Fungsi kearifan lokal dalam komunitas,,,
kontrol sosial,concept,Kontrol Sosial,C3-Menerapkan,3.0,1.0
perekat sosial,concept,Perekat Sosial,C3-Menerapkan,3.0,1.0
q_0af0c3853b,question,"Jika sebuah kampung memiliki aturan tidak tertulis untuk bekerja bakti membersihkan lingkungan setiap hari Minggu, tunju",C3-Menerapkan,3.0,
perjuangan kemerdekaan,topic_coarse,Perjuangan Kemerdekaan,,,
strategi perang jenderal soedirman,topic_fine,Strategi Perang Jenderal Soedirman,,,
perang gerilya,concept,Perang Gerilya,C3-Menerapkan,3.0,2.0
peran jenderal soedirman,concept,Peran Jenderal Soedirman,C3-Menerapkan,3.0,1.0
perang di hutan,concept,Perang di Hutan,C3-Menerapkan,3.0,1.0
q_a2362eb6f5,question,"Jenderal Soedirman memimpin perang di hutan-hutan Jawa setelah Yogyakarta jatuh. Terapkan konteks, strategi perang apa y",C3-Menerapkan,3.0,
diplomasi,concept,Diplomasi,C3-Menerapkan,3.0,1.0
agresi militer belanda,concept,Agresi Militer Belanda,,,
perubahan iklim dan gas rumah kaca,topic_coarse,Perubahan Iklim dan Gas Rumah Kaca,,,
pengurangan emisi gas rumah kaca,topic_fine,Pengurangan Emisi Gas Rumah Kaca,,,
pupuk sintetis,concept,Pupuk Sintetis,C3-Menerapkan,3.0,1.0
pupuk kompos,concept,Pupuk Kompos,C3-Menerapkan,3.0,1.0
q_191e7e6b1a,question,"Seorang petani beralih dari penggunaan pupuk sintetis ke pupuk kompos. Berdasarkan teks, emisi gas rumah kaca manakah ya",C3-Menerapkan,3.0,
definisi gas rumah kaca,concept,Definisi Gas Rumah Kaca,,,
pengendalian emisi gas rumah kaca,concept,Pengendalian Emisi Gas Rumah Kaca,,,
komponen pendapatan apbd,topic_fine,Komponen Pendapatan APBD,,,
kenaikan tarif parkir,concept,Kenaikan Tarif Parkir,C3-Menerapkan,3.0,1.0
q_fc323c3943,question,Pemerintah daerah menaikkan tarif parkir di area publik yang dikelolanya. Penerimaan dari kenaikan tarif ini akan masuk ,C3-Menerapkan,3.0,
pengelolaan belanja daerah,concept,Pengelolaan Belanja Daerah,,,
geografi fisik dan bencana,topic_coarse,Geografi Fisik dan Bencana,,,
pemetaan daerah rawan gempa bumi,topic_fine,Pemetaan daerah rawan gempa bumi,,,
aktivitas lempeng tektonik,concept,Aktivitas lempeng tektonik,C3-Menerapkan,3.0,1.0
pemetaan wilayah rawan bencana,concept,Pemetaan wilayah rawan bencana,C3-Menerapkan,3.0,1.0
analisis risiko bencana,concept,Analisis risiko bencana,C3-Menerapkan,3.0,1.0
q_b5da68adcc,question,Pemerintah ingin memetakan semua daerah di Indonesia yang rawan bencana gempa bumi berdasarkan data aktivitas lempeng te,C3-Menerapkan,3.0,
konsep dasar lempeng tektonik,concept,Konsep dasar lempeng tektonik,,,
jenis-jenis bahaya geologi,concept,Jenis-jenis bahaya geologi,,,
mitigasi bencana gempa bumi,concept,Mitigasi bencana gempa bumi,,,
produk simpanan untuk transaksi bisnis,topic_fine,Produk Simpanan untuk Transaksi Bisnis,,,
kredit pasif,concept,Kredit Pasif,C3-Menerapkan,3.0,1.0
fungsi cek dalam transaksi bisnis,concept,Fungsi Cek dalam Transaksi Bisnis,C3-Menerapkan,3.0,1.0
kebutuhan rekening bisnis,concept,Kebutuhan Rekening Bisnis,C3-Menerapkan,3.0,1.0
q_30005e1472,question,Seorang pengusaha memerlukan rekening untuk transaksi bisnisnya yang memungkinkan dia melakukan pembayaran dalam jumlah ,C3-Menerapkan,3.0,
jenis-jenis produk simpanan bank,concept,Jenis-jenis produk simpanan bank,,,
jenis-jenis instrumen pembayaran,concept,Jenis-jenis instrumen pembayaran,,,
ekspor produk ke negara lain,topic_fine,Ekspor produk ke negara lain,,,
perusahaan,concept,Perusahaan,C3-Menerapkan,3.0,1.0
pasar amerika serikat,concept,Pasar Amerika Serikat,C3-Menerapkan,3.0,1.0
q_fb9373d316,question,Perusahaan X di Indonesia berhasil menjual produk kerajinan rotan ke pasar Amerika Serikat. Kegiatan apakah yang dilakuk,C3-Menerapkan,3.0,
jenis-jenis kegiatan perdagangan internasional,concept,Jenis-jenis kegiatan perdagangan internasional,,,
faktor-faktor yang mempengaruhi perdagangan internasional,concept,Faktor-faktor yang mempengaruhi perdagangan internasional,,,
pelestarian lingkungan hidup,topic_coarse,Pelestarian Lingkungan Hidup,,,
upaya pelestarian udara,topic_fine,Upaya Pelestarian Udara,,,
pengurangan polusi udara,concept,Pengurangan polusi udara,C3-Menerapkan,3.0,1.0
penyaring udara di pabrik,concept,Penyaring udara di pabrik,C3-Menerapkan,3.0,1.0
mengurangi penggunaan kendaraan bermotor,concept,Mengurangi penggunaan kendaraan bermotor,C3-Menerapkan,3.0,1.0
menanam pohon penghasil oksigen,concept,Menanam pohon penghasil oksigen,C3-Menerapkan,3.0,1.0
q_25bd28638c,question,"Jika Anda ingin mengurangi polusi udara di lingkungan tempat tinggal Anda, kegiatan sederhana apa yang dapat Anda lakuka",C3-Menerapkan,3.0,
pelestarian sumber daya udara,concept,Pelestarian Sumber Daya Udara,C4-Menganalisis,4.0,1.0
pelestarian sumber daya air,concept,Pelestarian Sumber Daya Air,C4-Menganalisis,4.0,1.0
pelestarian sumber daya tanah,concept,Pelestarian Sumber Daya Tanah,C4-Menganalisis,4.0,1.0
q_53aba95fa4,question,Seseorang baru lulus kuliah dan sedang aktif mencari pekerjaan pertamanya. Ini adalah contoh pengangguran apa?,C3-Menerapkan,3.0,
klasifikasi pengangguran,concept,Klasifikasi Pengangguran,,,
sosiologi globalisasi,topic_coarse,Sosiologi Globalisasi,,,
dependensi dalam perdagangan global,topic_fine,Dependensi dalam Perdagangan Global,,,
konsep dependensi immanuel wallerstein,concept,Konsep Dependensi Immanuel Wallerstein,C3-Menerapkan,3.0,1.0
hubungan perusahaan garmen,concept,Hubungan Perusahaan Garmen,C3-Menerapkan,3.0,1.0
negara berkembang,concept,Negara Berkembang,C3-Menerapkan,3.0,1.0
q_ef9be1eff5,question,Bagaimana konsep 'dependensi' Immanuel Wallerstein dapat digunakan untuk menjelaskan hubungan antara perusahaan garmen d,C3-Menerapkan,3.0,
teori dependensi,concept,Teori Dependensi,,,
analisis struktur ekonomi global,concept,Analisis Struktur Ekonomi Global,,,
kritik terhadap neoliberalisme,concept,Kritik terhadap Neoliberalisme,,,
keuntungan perusahaan,concept,Keuntungan Perusahaan,C3-Menerapkan,3.0,1.0
q_d7d495d5a0,question,Sebuah perusahaan di Indonesia berhasil memproduksi mebel rotan dengan jumlah yang jauh melebihi permintaan pasar domest,C3-Menerapkan,3.0,
hambatan perdagangan internasional,concept,Hambatan Perdagangan Internasional,,,
q_e41dc6eab6,question,"Raden Mas Ario adalah seorang pangeran di sebuah kerajaan. Berdasarkan kelahirannya, status yang melekat pada dirinya ad",C3-Menerapkan,3.0,
peran perusahaan dalam kegiatan ekonomi,topic_fine,Peran Perusahaan dalam Kegiatan Ekonomi,,,
peran perusahaan,concept,Peran Perusahaan,C3-Menerapkan,3.0,1.0
investasi,concept,Investasi,C3-Menerapkan,3.0,3.0
q_2cbccdb17e,question,Sebuah perusahaan dari Jepang menanamkan modalnya untuk membangun pabrik otomotif di Indonesia. Tentukan peran perusahaa,C3-Menerapkan,3.0,
"jenis-jenis pelaku ekonomi (rtk, perusahaan, pemerintah)",concept,"Jenis-jenis Pelaku Ekonomi (RTK, Perusahaan, Pemerintah)",,,
peran perusahaan dalam distribusi,concept,Peran Perusahaan dalam Distribusi,,,
"kegiatan ekonomi (konsumsi, produksi, distribusi)",concept,"Kegiatan Ekonomi (Konsumsi, Produksi, Distribusi)",,,
pemanfaatan potensi daerah,concept,Pemanfaatan potensi daerah,C3-Menerapkan,3.0,1.0
q_f2d38c3de1,question,Pemerintah kota A ingin mengurangi kemacetan dengan meniru sistem transportasi publik dari kota B di Jepang. Berdasarkan,C3-Menerapkan,3.0,
strategi pengembangan ketahanan wilayah,concept,Strategi pengembangan ketahanan wilayah,,,
analisis laporan keuangan dasar,topic_fine,Analisis Laporan Keuangan Dasar,,,
pendapatan dan beban,concept,Pendapatan dan Beban,C3-Menerapkan,3.0,1.0
q_65fe7c25ce,question,Sebuah perusahaan memiliki total pendapatan sebesar Rp100 juta dan total beban sebesar Rp120 juta dalam satu bulan. Berd,C3-Menerapkan,3.0,
interpretasi rasio keuangan,concept,Interpretasi Rasio Keuangan,,,
penyusunan laporan keuangan lengkap,concept,Penyusunan Laporan Keuangan Lengkap,,,
jenis kegiatan ekonomi,topic_fine,Jenis Kegiatan Ekonomi,,,
kebutuhan,concept,Kebutuhan,C3-Menerapkan,3.0,1.0
alat pemuas,concept,Alat Pemuas,C3-Menerapkan,3.0,1.0
q_1f6b80e6a4,question,Rina membeli vitamin untuk menjaga daya tahan tubuhnya saat musim hujan. Identifikasi tujuan konsumsi yang dilakukan ole,C3-Menerapkan,3.0,
peristiwa malari dan kebijakan orde baru,topic_fine,Peristiwa Malari dan Kebijakan Orde Baru,,,
protes mahasiswa,concept,Protes mahasiswa,C3-Menerapkan,3.0,1.0
kebijakan nkk/bkk,concept,Kebijakan NKK/BKK,C3-Menerapkan,3.0,1.0
resistensi elite politik,concept,Resistensi Elite Politik,C6-Mencipta,5.0,2.0
q_8422d2b935,question,"Demo mahasiswa menolak kedatangan investor Jepang. Terapkan konteks, peristiwa apa yang dimaksud",C3-Menerapkan,3.0,
dampak kebijakan represif,concept,Dampak kebijakan represif,,,
manajemen konflik sosial,topic_coarse,Manajemen Konflik Sosial,,,
upaya penanganan konflik,topic_fine,Upaya Penanganan Konflik,,,
mediasi,concept,Mediasi,C5-Mengevaluasi,4.0,2.0
penyelesaian damai,concept,Penyelesaian Damai,C3-Menerapkan,3.0,1.0
q_8c48ef9717,question,Dua kelompok pemuda di sebuah desa sering berselisih. Kepala desa kemudian mengundang perwakilan kedua kelompok untuk du,C3-Menerapkan,3.0,
jenis-jenis konflik,concept,Jenis-jenis Konflik,,,
tahapan eskalasi konflik,concept,Tahapan eskalasi konflik,,,
q_91f2acf665,question,Seorang atlet berlatih keras sejak kecil hingga akhirnya memenangkan medali emas di olimpiade. Jenis status sosial apaka,C3-Menerapkan,3.0,
program beasiswa dan alokasi anggaran,topic_fine,Program Beasiswa dan Alokasi Anggaran,,,
akses perguruan tinggi,concept,Akses Perguruan Tinggi,C3-Menerapkan,3.0,1.0
q_c73d4ab99b,question,"Seorang lulusan SMA berprestasi namun tidak mampu secara ekonomi, mendapat beasiswa penuh di Perguruan Tinggi. Terapkan ",C3-Menerapkan,3.0,
kebijakan era reformasi,concept,Kebijakan Era Reformasi,C6-Mencipta,5.0,1.0
program wajib belajar,concept,Program Wajib Belajar,,,
anggaran pendidikan apbn,concept,Anggaran Pendidikan APBN,,,
sistem beasiswa pendidikan,concept,Sistem Beasiswa Pendidikan,,,
klasifikasi belanja apbd,topic_fine,Klasifikasi Belanja APBD,,,
pengeluaran pemerintah daerah,concept,Pengeluaran Pemerintah Daerah,C3-Menerapkan,3.0,1.0
jenis belanja daerah,concept,Jenis Belanja Daerah,C3-Menerapkan,3.0,1.0
q_e53c7292b8,question,Pemerintah kota membangun sebuah jembatan baru untuk menghubungkan dua kecamatan. Klasifikasikan pengeluaran ini ke dala,C3-Menerapkan,3.0,
klasifikasi pendapatan daerah,concept,Klasifikasi Pendapatan Daerah,,,
siklus anggaran daerah,concept,Siklus Anggaran Daerah,,,
pendidikan kewarganegaraan,topic_coarse,Pendidikan Kewarganegaraan,,,
penguatan nasionalisme,topic_fine,Penguatan Nasionalisme,C6-Mencipta,5.0,2.0
cara memperkuat nasionalisme,concept,Cara memperkuat nasionalisme,C3-Menerapkan,3.0,1.0
kegiatan konkret,concept,Kegiatan konkret,C3-Menerapkan,3.0,1.0
q_d9bf05f677,question,"Jika OSIS di sekolahmu ingin mengadakan acara untuk memperkuat nasionalisme, usulkan satu kegiatan konkret berdasarkan c",C3-Menerapkan,3.0,
pemahaman tentang pentingnya nasionalisme,concept,Pemahaman tentang pentingnya nasionalisme,,,
perencanaan kegiatan osis,concept,Perencanaan kegiatan OSIS,,,
implementasi program pendidikan karakter,concept,Implementasi program pendidikan karakter,,,
klasifikasi pengeluaran jangka pendek dan panjang,topic_fine,Klasifikasi Pengeluaran Jangka Pendek dan Panjang,,,
q_82efb129a3,question,Seorang siswa setiap hari mengeluarkan uang untuk ongkos angkutan umum dan jajan di kantin. Klasifikasikan kedua jenis p,C3-Menerapkan,3.0,
konsep pengeluaran keuangan,concept,Konsep Pengeluaran Keuangan,,,
penganggaran keuangan,concept,Penganggaran Keuangan,,,
manajemen utang,concept,Manajemen Utang,,,
hukum penawaran dan tindakan produsen,topic_fine,Hukum Penawaran dan Tindakan Produsen,,,
keputusan produksi,concept,Keputusan Produksi,C3-Menerapkan,3.0,1.0
q_1658285a8c,question,"Anda adalah seorang petani cabai. Berdasarkan hukum penawaran, apa yang akan Anda lakukan jika harga cabai di pasaran an",C3-Menerapkan,3.0,
konsep permintaan dan penawaran,concept,Konsep Permintaan dan Penawaran,,,
analisis elastisitas permintaan/penawaran,concept,Analisis Elastisitas Permintaan/Penawaran,,,
bantuan dan akses pendidikan dasar,topic_fine,Bantuan dan Akses Pendidikan Dasar,,,
q_9b551d18a9,question,"Seorang siswa SD/SMP tidak perlu membayar iuran bulanan karena biayanya ditanggung pemerintah. Terapkan konteks, program",C3-Menerapkan,3.0,
era reformasi dan alokasi anggaran pendidikan,concept,Era Reformasi dan alokasi anggaran pendidikan,,,
pemerataan akses pendidikan tinggi,concept,Pemerataan akses pendidikan tinggi,,,
q_82fe0f868d,question,Seorang pengusaha Malaysia berencana menanamkan modal di sektor pembangunan perumahan di Indonesia. Berdasarkan informas,C3-Menerapkan,3.0,
analisis dampak kerja sama internasional,concept,Analisis dampak kerja sama internasional,,,
perumusan pertanyaan penelitian,topic_fine,Perumusan Pertanyaan Penelitian,,,
penelitian sosial,concept,Penelitian Sosial,C6-Mencipta,5.0,4.0
dampak penggunaan gawai,concept,Dampak Penggunaan Gawai,C3-Menerapkan,3.0,1.0
pola interaksi sosial,concept,Pola Interaksi Sosial,C3-Menerapkan,3.0,1.0
kata tanya (bagaimana/mengapa),concept,Kata Tanya (Bagaimana/Mengapa),C3-Menerapkan,3.0,1.0
q_6156fae71d,question,Seorang peneliti ingin mengetahui dampak penggunaan gawai terhadap pola interaksi sosial di kalangan remaja. Rumuskan sa,C3-Menerapkan,3.0,
merumuskan pertanyaan penelitian,method,Merumuskan Pertanyaan Penelitian,,,
pengertian penelitian sosial,concept,Pengertian Penelitian Sosial,,,
sifat empiris penelitian,concept,Sifat Empiris Penelitian,,,
desain penelitian,concept,Desain Penelitian,,,
metode pengumpulan data,concept,Metode Pengumpulan Data,,,
q_369fedcbd2,question,Sebuah yayasan sosial ingin menggalang dana secara online untuk membangun sekolah. Jenis layanan fintech manakah yang pa,C3-Menerapkan,3.0,
sejarah pendudukan jepang,topic_coarse,Sejarah Pendudukan Jepang,,,
integrasi kegiatan taiso dan kinrohoshi,topic_fine,Integrasi Kegiatan Taiso dan Kinrohoshi,,,
kegiatan taiso,concept,Kegiatan Taiso,C3-Menerapkan,3.0,1.0
kegiatan kinrohoshi,concept,Kegiatan Kinrohoshi,C3-Menerapkan,3.0,1.0
peran guru,concept,Peran Guru,C3-Menerapkan,3.0,1.0
jadwal pelajaran,concept,Jadwal Pelajaran,C3-Menerapkan,3.0,1.0
q_3e6763f5a6,question,Bayangkan Anda adalah seorang guru pada masa pendudukan Jepang. Bagaimana Anda akan mengintegrasikan kegiatan taiso dan ,C3-Menerapkan,3.0,
pengetahuan tentang pendudukan jepang,concept,Pengetahuan tentang Pendudukan Jepang,,,
perencanaan pembelajaran,concept,Perencanaan Pembelajaran,,,
metode pengajaran,concept,Metode Pengajaran,,,
prinsip politik bebas aktif,topic_fine,Prinsip Politik Bebas Aktif,,,
prinsip bebas,concept,Prinsip Bebas,C3-Menerapkan,3.0,1.0
prinsip aktif,concept,Prinsip Aktif,C3-Menerapkan,3.0,1.0
q_76d8d8c046,question,"Jika Indonesia mengirimkan pasukan perdamaian untuk meredam konflik di Indocina, prinsip politik apa yang sedang dijalan",C3-Menerapkan,3.0,
latar belakang perang dingin,concept,Latar belakang Perang Dingin,,,
upaya pencegahan konflik,topic_fine,Upaya Pencegahan Konflik,,,
antisipasi konflik,concept,Antisipasi Konflik,C3-Menerapkan,3.0,1.0
q_776ea2c905,question,"Untuk mencegah terjadinya perkelahian antar suporter, panitia pertandingan sepak bola membentuk tim khusus yang memantau",C3-Menerapkan,3.0,
dampak investasi asing terhadap daya beli,topic_fine,Dampak Investasi Asing terhadap Daya Beli,,,
investasi asing,concept,Investasi Asing,C3-Menerapkan,3.0,1.0
daya beli masyarakat,concept,Daya Beli Masyarakat,C3-Menerapkan,3.0,1.0
perubahan ekonomi sosial,concept,Perubahan Ekonomi Sosial,C3-Menerapkan,3.0,1.0
q_bb6cc35201,question,Sebuah perusahaan asing berinvestasi dengan membangun pabrik baru di sebuah kota kecil. Tunjukkan bagaimana investasi in,C3-Menerapkan,3.0,
konsep pembangunan ekonomi,concept,Konsep Pembangunan Ekonomi,,,
analisis dampak kebijakan ekonomi,concept,Analisis Dampak Kebijakan Ekonomi,,,
penerapan model penanganan masalah sosial,topic_fine,Penerapan Model Penanganan Masalah Sosial,,,
model joel best,concept,Model Joel Best,C3-Menerapkan,3.0,1.0
pengajuan klaim,concept,Pengajuan Klaim,C3-Menerapkan,3.0,1.0
liputan media,concept,Liputan Media,C3-Menerapkan,3.0,1.0
reaksi publik,concept,Reaksi Publik,C3-Menerapkan,3.0,1.0
q_bd3f136a93,question,Sebuah komunitas mengeluhkan tumpukan sampah liar di lingkungannya. Terapkan tiga tahap pertama dari model Joel Best (Pe,C3-Menerapkan,3.0,
pemahaman karakteristik masalah sosial,concept,Pemahaman karakteristik masalah sosial,,,
analisis penyebab masalah sosial,concept,Analisis penyebab masalah sosial,,,
evaluasi solusi penanganan masalah sosial,concept,Evaluasi solusi penanganan masalah sosial,,,
fungsi bank dan kebijakan moneter,topic_fine,Fungsi Bank dan Kebijakan Moneter,,,
bank,concept,Bank,C3-Menerapkan,3.0,2.0
pengendalian uang beredar,concept,Pengendalian Uang Beredar,C3-Menerapkan,3.0,1.0
q_c22c300652,question,"Jika pemerintah ingin mengendalikan jumlah uang yang beredar di masyarakat untuk menekan inflasi, bank jenis apa yang ak",C3-Menerapkan,3.0,
fungsi bank,concept,Fungsi Bank,,,
instrumen kebijakan moneter,concept,Instrumen Kebijakan Moneter,C6-Mencipta,5.0,3.0
q_05d678426a,question,"Jika Indonesia mengadakan perjanjian khusus di bidang ketenagakerjaan hanya dengan negara Arab Saudi, termasuk dalam kat",C3-Menerapkan,3.0,
pembagian kategori kerja sama internasional,concept,Pembagian kategori kerja sama internasional,,,
contoh spesifik kerja sama internasional,concept,Contoh spesifik kerja sama internasional,,,
sejarah militer pasifik,topic_coarse,Sejarah Militer Pasifik,,,
dampak blokade laut terhadap sipil,topic_fine,Dampak Blokade Laut terhadap Sipil,,,
blokade laut,concept,Blokade Laut,C3-Menerapkan,3.0,1.0
dampak sosial,concept,Dampak Sosial,C6-Mencipta,5.0,3.0
masalah sipil tokyo,concept,Masalah Sipil Tokyo,C3-Menerapkan,3.0,1.0
q_d98761a399,question,Gunakan informasi tentang dampak blokade laut untuk memprediksi tiga masalah utama yang akan dihadapi oleh penduduk sipi,C3-Menerapkan,3.0,
strategi militer sekutu,concept,Strategi Militer Sekutu,C3-Menerapkan,3.0,1.0
prinsip pemanfaatan sda,topic_fine,Prinsip Pemanfaatan SDA,,,
prinsip pemanfaatan bijaksana,concept,Prinsip Pemanfaatan Bijaksana,C3-Menerapkan,3.0,1.0
sumber daya alam yang dapat diperbarui,concept,Sumber Daya Alam yang Dapat Diperbarui,C3-Menerapkan,3.0,2.0
q_e8408e340f,question,Pemerintah berencana membangun pabrik yang akan memanfaatkan air sungai dalam jumlah besar. Terapkan prinsip utama peman,C3-Menerapkan,3.0,
seni dan propaganda politik,topic_fine,Seni dan Propaganda Politik,,,
keimin bunka shidoso,concept,Keimin Bunka Shidoso,C3-Menerapkan,3.0,1.0
propaganda jepang,concept,Propaganda Jepang,C6-Mencipta,5.0,2.0
penyisipan pesan nasionalisme,concept,Penyisipan Pesan Nasionalisme,C3-Menerapkan,3.0,1.0
kreativitas seniman,concept,Kreativitas Seniman,C3-Menerapkan,3.0,1.0
q_004e6aa7a7,question,"Jika Anda adalah seorang seniman yang bekerja di bawah Keimin Bunka Shidoso, bagaimana Anda akan menciptakan sebuah kary",C3-Menerapkan,3.0,
pemahaman tentang dampak politik pendudukan jepang,concept,Pemahaman tentang dampak politik Pendudukan Jepang,,,
analisis propaganda jepang,concept,Analisis Propaganda Jepang,,,
seni perlawanan,concept,Seni Perlawanan,,,
pembangunan dan indikator,topic_coarse,Pembangunan dan Indikator,,,
program jaminan sosial kesehatan,topic_fine,Program Jaminan Sosial Kesehatan,,,
program redistribusi pendapatan,concept,Program Redistribusi Pendapatan,C3-Menerapkan,3.0,1.0
bpjs,concept,BPJS,C3-Menerapkan,3.0,1.0
perawatan medis,concept,Perawatan medis,C3-Menerapkan,3.0,1.0
q_bdca2dd2e5,question,Seorang warga mengalami kecelakaan kerja dan membutuhkan perawatan medis. Program redistribusi pendapatan yang dikelola ,C3-Menerapkan,3.0,
konsep dasar jaminan sosial,concept,Konsep dasar jaminan sosial,,,
jenis-jenis program jaminan sosial lainnya,concept,Jenis-jenis program jaminan sosial lainnya,,,
dampak kekuatan adidaya pada kawasan berkembang,topic_fine,Dampak Kekuatan Adidaya pada Kawasan Berkembang,,,
ekstraksi sumber daya,concept,Ekstraksi sumber daya,C3-Menerapkan,3.0,1.0
tindakan negara adidaya,concept,Tindakan negara adidaya,C3-Menerapkan,3.0,1.0
q_4f0475c1c9,question,"Berdasarkan pola pada era kolonialisme, jika sebuah negara adidaya baru menemukan sumber daya langka di suatu kawasan be",C3-Menerapkan,3.0,
pola kolonialisme,concept,Pola kolonialisme,,,
sumber daya langka,concept,Sumber daya langka,,,
geopolitik sumber daya,concept,Geopolitik sumber daya,,,
militer dan taktik perang,topic_coarse,Militer dan Taktik Perang,,,
taktik militer dalam pengunduran wilayah,topic_fine,Taktik Militer dalam Pengunduran Wilayah,,,
taktik militer,concept,Taktik Militer,C3-Menerapkan,3.0,1.0
penghancuran fasilitas,concept,Penghancuran Fasilitas,C3-Menerapkan,3.0,1.0
q_effc4beb8a,question,"Panglima militer Indonesia memutuskan mundur dari suatu wilayah, namun ia merusak semua fasilitas agar tidak bisa dipaka",C3-Menerapkan,3.0,
konsep dasar taktik militer,concept,Konsep dasar taktik militer,,,
strategi militer,concept,Strategi militer,,,
peran pemimpin militer,concept,Peran pemimpin militer,,,
pembangunan harmoni sosial,topic_coarse,Pembangunan Harmoni Sosial,C4-Menganalisis,4.0,1.0
tahapan aksi sosial terstruktur,topic_fine,Tahapan Aksi Sosial Terstruktur,,,
"langkah-langkah aksi sosial (merencanakan, melaksanakan, monitoring, mengevaluasi)",concept,"Langkah-langkah Aksi Sosial (Merencanakan, Melaksanakan, Monitoring, Mengevaluasi)",C3-Menerapkan,3.0,1.0
q_ecbb135a5a,question,Buatlah sebuah jadwal kegiatan sederhana dalam format tabel untuk aksi 'Kampanye Anti-Perundungan di Media Sosial' yang ,C3-Menerapkan,3.0,
pemahaman tahapan aksi sosial,concept,Pemahaman tahapan aksi sosial,,,
pelaksanaan kampanye,concept,Pelaksanaan Kampanye,,,
monitoring dan evaluasi program,concept,Monitoring dan Evaluasi Program,,,
ekonomi dan kemiskinan,topic_coarse,Ekonomi dan Kemiskinan,,,
penentuan status kemiskinan,topic_fine,Penentuan Status Kemiskinan,C3-Menerapkan,3.0,1.0
pengukuran ketimpangan ekonomi (rasio gini),concept,Pengukuran Ketimpangan Ekonomi (Rasio Gini),C3-Menerapkan,3.0,1.0
garis kemiskinan bps,concept,Garis Kemiskinan BPS,C3-Menerapkan,3.0,1.0
q_4e3c3fe7cb,question,Sebuah keluarga dengan 5 anggota memiliki total pengeluaran bulanan sebesar Rp 2.500.000. Berdasarkan standar Garis Kemi,C3-Menerapkan,3.0,
aplikasi rumus/standar,method,Aplikasi rumus/standar,,,
pemahaman konsep ketimpangan ekonomi,concept,Pemahaman konsep ketimpangan ekonomi,,,
pengetahuan tentang data garis kemiskinan bps,concept,Pengetahuan tentang data Garis Kemiskinan BPS,,,
perhitungan indikator ekonomi lainnya,concept,Perhitungan indikator ekonomi lainnya,,,
peran rakyat dalam perjuangan,topic_fine,Peran Rakyat dalam Perjuangan,C4-Menganalisis,4.0,1.0
peran perempuan dalam perjuangan,concept,Peran perempuan dalam perjuangan,C3-Menerapkan,3.0,1.0
dukungan logistik militer,concept,Dukungan logistik militer,C3-Menerapkan,3.0,1.0
perjuangan tkr,concept,Perjuangan TKR,C3-Menerapkan,3.0,1.0
q_723f5f5419,question,"Sekelompok perempuan menyediakan makanan bagi pasukan TKR yang sedang bergerilya. Terapkan konteks, mereka sedang menjal",C3-Menerapkan,3.0,
peran rakyat dalam revolusi nasional,concept,Peran Rakyat dalam Revolusi Nasional,,,
peran laskar rakyat,concept,Peran Laskar Rakyat,,,
strategi perang gerilya,concept,Strategi perang gerilya,C3-Menerapkan,3.0,1.0
klasifikasi dan perlindungan hutan,topic_fine,Klasifikasi dan Perlindungan Hutan,,,
sumber daya alam terbarukan,concept,Sumber daya alam terbarukan,C5-Mengevaluasi,5.0,2.0
kawasan hutan,concept,Kawasan hutan,C3-Menerapkan,3.0,1.0
cagar alam,concept,Cagar Alam,C3-Menerapkan,3.0,2.0
suaka margasatwa,concept,Suaka margasatwa,C3-Menerapkan,3.0,1.0
q_f42c052a45,question,"Jika Anda menemukan suatu area hutan yang memiliki keunikan jenis primata (satwa) yang tidak ditemukan di tempat lain, j",C3-Menerapkan,3.0,
pembagian sumber daya alam,concept,Pembagian sumber daya alam,,,
perbedaan fungsi cagar alam dan suaka margasatwa,concept,Perbedaan fungsi cagar alam dan suaka margasatwa,,,
perencanaan wilayah,topic_coarse,Perencanaan Wilayah,,,
prioritas fasilitas kota,topic_fine,Prioritas Fasilitas Kota,,,
tren demografis kota,concept,Tren Demografis Kota,C3-Menerapkan,3.0,1.0
perencanaan kota,concept,Perencanaan Kota,C3-Menerapkan,3.0,1.0
penyediaan fasilitas urban,concept,Penyediaan fasilitas urban,C3-Menerapkan,3.0,1.0
q_31369712ad,question,"Melihat tren peningkatan penduduk kota, jika Anda seorang perencana kota, jenis fasilitas apa yang akan Anda prioritaska",C3-Menerapkan,3.0,
tren demografis wilayah,concept,Tren Demografis Wilayah,,,
pengembangan infrastruktur kota,concept,Pengembangan Infrastruktur Kota,,,
kebijakan tata ruang,concept,Kebijakan Tata Ruang,,,
metodologi penulisan sejarah,topic_coarse,Metodologi Penulisan Sejarah,,,
jenis sumber sejarah untuk penelitian,topic_fine,Jenis Sumber Sejarah untuk Penelitian,,,
sumber primer,concept,Sumber Primer,C6-Mencipta,5.0,2.0
sumber sekunder,concept,Sumber Sekunder,C6-Mencipta,5.0,2.0
q_c09fbc9ca6,question,"Andaikan kamu adalah Herodotus yang hidup di masa kini dan ingin menulis sejarah tentang pandemi COVID-19, jenis sumber ",C3-Menerapkan,3.0,
interpretasi sumber sejarah,concept,Interpretasi sumber sejarah,,,
sejarah dan kepemimpinan lokal,topic_coarse,Sejarah dan Kepemimpinan Lokal,,,
strategi pencegahan konflik antar tokoh daerah,topic_fine,Strategi pencegahan konflik antar tokoh daerah,,,
kepemimpinan,concept,Kepemimpinan,C3-Menerapkan,3.0,2.0
hubungan antar suku,concept,Hubungan antar suku,C3-Menerapkan,3.0,1.0
peran penasihat,concept,Peran penasihat,C3-Menerapkan,3.0,1.0
q_422863841e,question,Bayangkan Anda adalah seorang penasihat Pata Alam. Saran apa yang akan Anda berikan untuk mencegah para raja Papua berpi,C3-Menerapkan,3.0,
pemahaman konteks sejarah lokal,concept,Pemahaman konteks sejarah lokal,,,
analisis strategi politik historis,concept,Analisis strategi politik historis,,,
pemerintahan orde baru,topic_coarse,Pemerintahan Orde Baru,,,
kebijakan asas organisasi kemasyarakatan,topic_fine,Kebijakan Asas Organisasi Kemasyarakatan,,,
trilogi pembangunan,concept,Trilogi Pembangunan,C5-Mengevaluasi,5.0,6.0
penggantian asas ormas menjadi pancasila,concept,Penggantian Asas Ormas menjadi Pancasila,C3-Menerapkan,3.0,1.0
q_63b7fe74d6,question,"Sebuah organisasi kemasyarakatan (ormas) diwajibkan mengganti asasnya menjadi Pancasila. Terapkan konteks, kebijakan apa",C3-Menerapkan,3.0,
stabilitas politik orde baru,concept,Stabilitas Politik Orde Baru,,,
peran abri dalam politik,concept,Peran ABRI dalam Politik,,,
hubungan konferensi asia-afrika dan tujuan nasional,topic_fine,Hubungan Konferensi Asia-Afrika dan Tujuan Nasional,,,
tujuan pembangunan nasional (pembukaan uud 1945),concept,Tujuan Pembangunan Nasional (Pembukaan UUD 1945),C3-Menerapkan,3.0,1.0
peran konferensi asia-afrika,concept,Peran Konferensi Asia-Afrika,C3-Menerapkan,3.0,1.0
ikut melaksanakan ketertiban dunia,concept,Ikut melaksanakan ketertiban dunia,C3-Menerapkan,3.0,1.0
q_0184d8fb3f,question,Bayangkan Anda adalah seorang diplomat dari negara Asia pada tahun 1955. Tunjukkan bagaimana Konferensi Asia-Afrika dapa,C3-Menerapkan,3.0,
tujuan pembukaan uud 1945,concept,Tujuan Pembukaan UUD 1945,,,
peran indonesia dalam ketertiban dunia,concept,Peran Indonesia dalam Ketertiban Dunia,,,
diplomasi internasional,concept,Diplomasi Internasional,,,
jenis produk lembaga keuangan,topic_fine,Jenis produk lembaga keuangan,,,
produk lembaga keuangan,concept,Produk lembaga keuangan,C3-Menerapkan,3.0,1.0
q_549f448671,question,Seorang petani membutuhkan modal untuk membeli bibit dan pupuk. Produk dari lembaga keuangan manakah yang paling sesuai ,C3-Menerapkan,3.0,
fungsi spesifik produk bank,concept,Fungsi spesifik produk bank,,,
lingkungan dan dampak,topic_coarse,Lingkungan dan Dampak,,,
pencemaran lingkungan akibat aktivitas industri,topic_fine,Pencemaran lingkungan akibat aktivitas industri,,,
jenis pencemaran,concept,Jenis pencemaran,C3-Menerapkan,3.0,1.0
dampak aktivitas industri,concept,Dampak aktivitas industri,C3-Menerapkan,3.0,1.0
q_4d3c615cdc,question,"Jika sebuah komunitas tinggal di dekat sungai dan banyak warganya yang bekerja di pabrik tekstil, jenis pencemaran apa y",C3-Menerapkan,3.0,
pengelolaan lingkungan,concept,Pengelolaan lingkungan,,,
"ciri sejarah (unik, abadi, penting)",concept,"Ciri sejarah (unik, abadi, penting)",C3-Menerapkan,3.0,1.0
q_0068072e5a,question,Sebuah kemenangan tim nasional di ajang olahraga tingkat dunia menjadi momen yang dikenang oleh seluruh bangsa. Tunjukka,C3-Menerapkan,3.0,
pengertian dasar peristiwa sejarah,concept,Pengertian dasar peristiwa sejarah,,,
kriteria ilmu pengetahuan dalam posisi sosial,topic_fine,Kriteria Ilmu Pengetahuan dalam Posisi Sosial,,,
kriteria pekerjaan,concept,Kriteria Pekerjaan,C3-Menerapkan,3.0,1.0
q_e589cb2e7d,question,Berikan contoh konkret bagaimana kriteria 'Ilmu Pengetahuan (Pendidikan)' digunakan sebagai syarat untuk menempati posis,C3-Menerapkan,3.0,
perbedaan lapisan sosial,concept,Perbedaan Lapisan Sosial,,,
sosiologi pekerjaan,concept,Sosiologi Pekerjaan,,,
penyebab kesenjangan distribusi pendapatan,topic_fine,Penyebab Kesenjangan Distribusi Pendapatan,,,
kondisi demografi,concept,Kondisi Demografi,C6-Mencipta,5.0,2.0
persebaran penduduk,concept,Persebaran penduduk,C3-Menerapkan,3.0,1.0
aktivitas ekonomi terpusat,concept,Aktivitas ekonomi terpusat,C3-Menerapkan,3.0,1.0
q_7614818e50,question,"Di sebuah kota besar, aktivitas ekonomi sangat terpusat di pusat kota, sementara daerah pinggiran tertinggal. Faktor pen",C3-Menerapkan,3.0,
definisi kesenjangan ekonomi,concept,Definisi kesenjangan ekonomi,,,
kondisi pendidikan,concept,Kondisi Pendidikan,C5-Mengevaluasi,4.0,1.0
dampak kesenjangan ekonomi,concept,Dampak kesenjangan ekonomi,,,
persaingan dan persatuan tim,topic_fine,Persaingan dan Persatuan Tim,,,
georg simmel,concept,Georg Simmel,C3-Menerapkan,3.0,2.0
persatuan tim,concept,Persatuan Tim,C3-Menerapkan,3.0,1.0
q_dd394e6b2d,question,"Dalam sebuah kompetisi antarkelas, tim A dan tim B saling bersaing ketat. Terapkan konsep Georg Simmel untuk menjelaskan",C3-Menerapkan,3.0,
persaingan,concept,Persaingan,C4-Menganalisis,4.0,1.0
teori interaksi sosial,concept,Teori interaksi sosial,,,
dinamika kelompok,concept,Dinamika kelompok,,,
potensi geografis indonesia,topic_coarse,Potensi Geografis Indonesia,,,
potensi kekayaan laut,concept,Potensi Kekayaan Laut,C3-Menerapkan,3.0,1.0
keanekaragaman hayati laut,concept,Keanekaragaman Hayati Laut,C3-Menerapkan,3.0,1.0
kekayaan sumber daya alam,concept,Kekayaan Sumber Daya Alam,C3-Menerapkan,3.0,1.0
q_fc373d27da,question,Anda diminta membuat poster untuk pameran pertambangan internasional. Tampilkan lima data potensi mineral Indonesia dari,C3-Menerapkan,3.0,
pembuatan materi promosi,concept,Pembuatan Materi Promosi,,,
pembagian benua dan iklim,topic_fine,Pembagian Benua dan Iklim,,,
pembagian benua,concept,Pembagian Benua,C3-Menerapkan,3.0,1.0
iklim kutub,concept,Iklim Kutub,C3-Menerapkan,3.0,1.0
iklim gurun,concept,Iklim Gurun,C3-Menerapkan,3.0,1.0
q_3d17c51560,question,Anda adalah seorang perencana ekspedisi yang harus melewati wilayah dengan iklim kutub dan iklim gurun dalam satu benua ,C3-Menerapkan,3.0,
analisis perbandingan iklim antar benua,concept,Analisis perbandingan iklim antar benua,,,
penanganan konflik sosial,concept,Penanganan konflik sosial,C3-Menerapkan,3.0,1.0
analogi gunung es konflik,concept,Analogi gunung es konflik,C3-Menerapkan,3.0,1.0
q_699d64387f,question,Anda ditugaskan melakukan observasi di sebuah desa yang baru saja mengalami konflik antarwarga. Tindakan keselamatan ker,C3-Menerapkan,3.0,
studi literatur dan prasurvei,concept,Studi literatur dan prasurvei,,,
identifikasi komponen kasus,concept,Identifikasi komponen kasus,,,
kekayaan alam dan keanekaragaman hayati,topic_fine,Kekayaan Alam dan Keanekaragaman Hayati,,,
pengembangan pariwisata daerah,concept,Pengembangan pariwisata daerah,C3-Menerapkan,3.0,1.0
kesesuaian sumber daya alam dengan potensi wisata,concept,Kesesuaian sumber daya alam dengan potensi wisata,C3-Menerapkan,3.0,1.0
q_d4390fcb0d,question,Sebuah pemerintah daerah ingin mengembangkan wilayahnya yang memiliki lembah hijau yang asri dan tradisi pertunjukan sen,C3-Menerapkan,3.0,
perancangan program pariwisata,concept,Perancangan program pariwisata,,,
analisis dampak pariwisata,concept,Analisis dampak pariwisata,,,
budaya dan arsitektur,topic_coarse,Budaya dan Arsitektur,,,
penerapan konsep rumah adat,topic_fine,Penerapan Konsep Rumah Adat,,,
fungsi budaya (rancangan bertahan hidup),concept,Fungsi Budaya (Rancangan Bertahan Hidup),C3-Menerapkan,3.0,1.0
"aspek budaya (cara hidup, adat istiadat)",concept,"Aspek Budaya (Cara Hidup, Adat Istiadat)",C3-Menerapkan,3.0,1.0
q_dcdd6c5750,question,Seorang arsitek ingin merancang perumahan di daerah pesisir yang rawan banjir dan berhawa panas. Konsep rumah adat manak,C3-Menerapkan,3.0,
pemahaman tentang definisi budaya,concept,Pemahaman tentang definisi budaya,,,
analisis dampak budaya terhadap desain,concept,Analisis dampak budaya terhadap desain,,,
perbandingan arsitektur tradisional dan modern,concept,Perbandingan arsitektur tradisional dan modern,,,
sejarah dan kebudayaan indonesia,topic_coarse,Sejarah dan Kebudayaan Indonesia,,,
peran tokoh lokal dalam kerjasama,topic_fine,Peran Tokoh Lokal dalam Kerjasama,,,
prinsip kerja sama ratu kalinyamat,concept,Prinsip kerja sama Ratu Kalinyamat,C3-Menerapkan,3.0,1.0
penerapan kerjasama dalam pembangunan ekonomi,concept,Penerapan kerjasama dalam pembangunan ekonomi,C3-Menerapkan,3.0,1.0
sejarah lokal tokoh daerah,concept,Sejarah lokal tokoh daerah,C3-Menerapkan,3.0,1.0
q_dc06c91d67,question,Bagaimana prinsip kerja sama yang diterapkan Ratu Kalinyamat dengan penguasa daerah lain dapat diaplikasikan untuk memaj,C3-Menerapkan,3.0,
pengetahuan tentang ratu kalinyamat,concept,Pengetahuan tentang Ratu Kalinyamat,,,
pemahaman tentang sejarah lokal,concept,Pemahaman tentang sejarah lokal,,,
analisis kebijakan ekonomi daerah,concept,Analisis kebijakan ekonomi daerah,,,
studi kasus kerjasama antar daerah,concept,Studi kasus kerjasama antar daerah,,,
"faktor perubahan penduduk (kelahiran, kematian, migrasi)",concept,"Faktor perubahan penduduk (Kelahiran, Kematian, Migrasi)",C3-Menerapkan,3.0,1.0
"implikasi pembangunan fasilitas (sekolah, penitipan anak)",concept,"Implikasi pembangunan fasilitas (Sekolah, Penitipan Anak)",C3-Menerapkan,3.0,1.0
bentuk piramida penduduk,concept,Bentuk Piramida Penduduk,C3-Menerapkan,3.0,1.0
q_40ca6e5c3d,question,"Pemerintah berencana membangun lebih banyak sekolah dasar dan fasilitas penitipan anak. Berdasarkan rencana ini, dapat d",C3-Menerapkan,3.0,
analisis faktor-faktor yang mempengaruhi struktur penduduk,concept,Analisis faktor-faktor yang mempengaruhi struktur penduduk,,,
interpretasi data piramida penduduk,concept,Interpretasi data piramida penduduk,,,
laju pertumbuhan ekonomi,topic_fine,Laju Pertumbuhan Ekonomi,C3-Menerapkan,3.0,1.0
pdb riil,concept,PDB Riil,C3-Menerapkan,3.0,1.0
q_e575e641ac,question,"Jika PDB riil suatu negara tahun lalu (PDB_{t-1}) adalah 1.000 triliun dan tahun ini (PDB_t) adalah 1.050 triliun, terap",C3-Menerapkan,3.0,
rumus laju pertumbuhan ekonomi,concept,Rumus Laju Pertumbuhan Ekonomi,,,
analisis pdb,concept,Analisis PDB,,,
klasifikasi bioma dan vegetasi,topic_fine,Klasifikasi Bioma dan Vegetasi,,,
padang rumput,concept,Padang Rumput,C3-Menerapkan,3.0,1.0
fenomena bunga berwarna-warni,concept,Fenomena Bunga Berwarna-warni,C3-Menerapkan,3.0,1.0
musim,concept,Musim,C3-Menerapkan,3.0,1.0
q_988316ae91,question,Seorang turis ingin melihat fenomena bunga berwarna-warni yang tumbuh dan mekar dalam waktu sangat singkat. Ke bioma man,C3-Menerapkan,3.0,
jenis-jenis bioma lainnya,concept,Jenis-jenis Bioma lainnya,,,
pembangunan orde baru,topic_coarse,Pembangunan Orde Baru,,,
kebijakan ekonomi dan stabilitas politik,topic_fine,Kebijakan Ekonomi dan Stabilitas Politik,,,
stabilitas politik,concept,Stabilitas Politik,C6-Mencipta,5.0,5.0
q_3c9b7f44ed,question,"Pemerintah meminjam dana dari IGGI untuk membiayai Repelita. Terapkan konteks, apa kelemahan dari kebijakan ekonomi ini?",C3-Menerapkan,3.0,
konsep repelita,concept,Konsep Repelita,,,
kelemahan kebijakan ekonomi orde baru,concept,Kelemahan Kebijakan Ekonomi Orde Baru,,,
dampak kebijakan ekonomi orde baru,concept,Dampak Kebijakan Ekonomi Orde Baru,,,
perhitungan angka kelahiran kasar,topic_fine,Perhitungan Angka Kelahiran Kasar,,,
angka kelahiran kasar (cbr),concept,Angka Kelahiran Kasar (CBR),C3-Menerapkan,3.0,1.0
kepadatan penduduk,concept,Kepadatan Penduduk,C6-Mencipta,5.0,2.0
q_59cebe1ed2,question,"Di suatu negara dengan jumlah penduduk 5.000.000 jiwa, tercatat ada 125.000 kelahiran dalam setahun. Hitunglah Angka Kel",C3-Menerapkan,3.0,
perhitungan,method,Perhitungan,,,
definisi komponen perubahan penduduk,concept,Definisi komponen perubahan penduduk,,,
perhitungan angka kematian kasar (cdr),concept,Perhitungan Angka Kematian Kasar (CDR),,,
ekologi tumbuhan dan hewan,topic_coarse,Ekologi Tumbuhan dan Hewan,,,
tanaman pangan alternatif endemik,topic_fine,Tanaman Pangan Alternatif Endemik,,,
tanaman pangan alternatif,concept,Tanaman pangan alternatif,C3-Menerapkan,3.0,1.0
q_bbc6a40d6a,question,"Jika sebuah komunitas di daerah pegunungan ingin mengurangi ketergantungan pada beras, tanaman pangan alternatif apa dar",C3-Menerapkan,3.0,
karakteristik flora endemik,concept,Karakteristik flora endemik,,,
bencana geografis,topic_coarse,Bencana Geografis,,,
kerawanan bencana di wilayah pasifik,topic_fine,Kerawanan Bencana di Wilayah Pasifik,,,
kerawanan bencana indonesia,concept,Kerawanan bencana Indonesia,C3-Menerapkan,3.0,1.0
gempa dan tsunami,concept,Gempa dan tsunami,C3-Menerapkan,3.0,1.0
cincin api pasifik,concept,Cincin Api Pasifik,C3-Menerapkan,3.0,1.0
q_a43f125dcd,question,"Indonesia, Jepang, dan Cile sering mengalami gempa dan tsunami. Terapkan konteks, mengapa negara-negara ini rawan bencan",C3-Menerapkan,3.0,
respons terhadap bencana,concept,Respons terhadap bencana,,,
mitigasi bencana,concept,Mitigasi Bencana,,,
manajemen bencana,topic_coarse,Manajemen Bencana,,,
analisis kerentanan dan kapasitas,topic_fine,Analisis Kerentanan dan Kapasitas,,,
kerentanan lingkungan,concept,Kerentanan Lingkungan,C3-Menerapkan,3.0,1.0
q_04041eae0c,question,"Sebuah komunitas nelayan berhasil membangun kembali perahu mereka setelah dihantam badai, tetapi gagal menanam kembali m",C3-Menerapkan,3.0,
jalur perdagangan dunia nusantara,topic_fine,Jalur Perdagangan Dunia Nusantara,,,
jalur sutra darat,concept,Jalur Sutra darat,C3-Menerapkan,3.0,1.0
artefak keramik tiongkok,concept,Artefak keramik Tiongkok,C3-Menerapkan,3.0,1.0
q_359168297c,question,"Jika seorang sejarawan menemukan artefak keramik Tiongkok kuno di pesisir utara Jawa, jalur perdagangan manakah yang pal",C3-Menerapkan,3.0,
perdagangan komoditas unggulan nusantara,concept,Perdagangan komoditas unggulan Nusantara,,,
pendekatan perhitungan pendapatan nasional,topic_fine,Pendekatan Perhitungan Pendapatan Nasional,,,
"komponen pendapatan (gaji, sewa, bunga, laba)",concept,"Komponen Pendapatan (Gaji, Sewa, Bunga, Laba)",C3-Menerapkan,3.0,1.0
q_80d1268c59,question,"Seorang pengusaha membayar gaji ($w$), sewa ($r$), dan bunga ($i$), lalu mengambil sisanya sebagai laba ($p$). Pendekata",C3-Menerapkan,3.0,
konsep pendapatan nasional,concept,Konsep Pendapatan Nasional,,,
perbedaan antara pendekatan pengeluaran dan pendekatan pendapatan,concept,Perbedaan antara pendekatan pengeluaran dan pendekatan pendapatan,,,
tujuan dan penerapan konservasi,topic_fine,Tujuan dan Penerapan Konservasi,,,
tujuan konservasi,concept,Tujuan konservasi,C4-Menganalisis,4.0,2.0
penerapan konservasi,concept,Penerapan konservasi,C3-Menerapkan,3.0,1.0
terumbu karang,concept,Terumbu karang,C3-Menerapkan,3.0,1.0
pelestarian sumber daya alam hayati,concept,Pelestarian sumber daya alam hayati,C3-Menerapkan,3.0,1.0
q_2a1fd58a74,question,Pilih salah satu dari tiga tujuan konservasi dan berikan contoh penerapannya untuk melindungi terumbu karang di Indonesi,C3-Menerapkan,3.0,
definisi konservasi,concept,Definisi konservasi,,,
jenis-jenis konservasi,concept,Jenis-jenis konservasi,,,
ancaman terhadap keanekaragaman hayati,concept,Ancaman terhadap keanekaragaman hayati,,,
sejarah perjuangan indonesia,topic_coarse,Sejarah Perjuangan Indonesia,,,
kekosongan kekuasaan (vacuum of power),concept,Kekosongan Kekuasaan (Vacuum of Power),C3-Menerapkan,3.0,2.0
strategi persuasi politik,concept,Strategi Persuasi Politik,C3-Menerapkan,3.0,1.0
peran achmad soebardjo,concept,Peran Achmad Soebardjo,C3-Menerapkan,3.0,1.0
q_a66d32df4a,question,"Andaikan Anda adalah Achmad Soebardjo, bagaimana Anda akan menyusun kalimat jaminan untuk meyakinkan golongan muda agar ",C3-Menerapkan,3.0,
peristiwa akhir perang dunia ii di asia tenggara,concept,Peristiwa Akhir Perang Dunia II di Asia Tenggara,,,
peran tokoh dalam masa transisi,concept,Peran Tokoh dalam Masa Transisi,,,
perumusan dasar negara,concept,Perumusan Dasar Negara,,,
dampak negatif hoaks,topic_fine,Dampak Negatif Hoaks,,,
hoaks (berita bohong),concept,Hoaks (Berita Bohong),C3-Menerapkan,3.0,1.0
dampak negatif media sosial,concept,Dampak Negatif Media Sosial,C3-Menerapkan,3.0,1.0
q_1f6b2fe458,question,"Seseorang menyebarkan berita bohong (hoaks) di media sosial. Terapkan konteks, ini adalah dampak negatif dari apa?",C3-Menerapkan,3.0,
literasi digital,concept,Literasi Digital,C5-Mengevaluasi,5.0,1.0
regulasi media,concept,Regulasi Media,,,
klasifikasi akun beban,topic_fine,Klasifikasi Akun Beban,,,
beban listrik,concept,Beban Listrik,C3-Menerapkan,3.0,1.0
klasifikasi akun,concept,Klasifikasi Akun,C4-Menganalisis,4.0,2.0
sistem informasi akuntansi,concept,Sistem Informasi Akuntansi,C3-Menerapkan,3.0,2.0
q_2cf439f09a,question,Sebuah perusahaan jasa laundry membayar tagihan listrik bulanan. Klasifikasikan transaksi 'Beban Listrik' ke dalam kelom,C3-Menerapkan,3.0,
definisi akuntansi,concept,Definisi Akuntansi,,,
pengenalan jenis-jenis akun,concept,Pengenalan Jenis-jenis Akun,,,
pencatatan jurnal transaksi,concept,Pencatatan Jurnal Transaksi,,,
globalisasi ekonomi,topic_coarse,Globalisasi Ekonomi,,,
peran perusahaan multinasional,topic_fine,Peran Perusahaan Multinasional,,,
perusahaan multinasional,concept,Perusahaan Multinasional,C4-Menganalisis,4.0,2.0
produk global,concept,Produk Global,C3-Menerapkan,3.0,1.0
q_58241c2167,question,Gunakan konsep perusahaan multinasional pada Toyota untuk menjelaskan bagaimana sebuah produk yang Anda gunakan sehari-h,C3-Menerapkan,3.0,
konsep perusahaan multinasional,concept,Konsep Perusahaan Multinasional,,,
dampak globalisasi terhadap industri,concept,Dampak Globalisasi terhadap Industri,,,
studi kasus perusahaan multinasional,concept,Studi Kasus Perusahaan Multinasional,,,
interaksi antarwilayah,topic_coarse,Interaksi antarwilayah,,,
faktor interaksi wilayah,topic_fine,Faktor Interaksi Wilayah,C3-Menerapkan,3.0,1.0
q_67254203f9,question,"Wilayah A adalah produsen gandum, sedangkan Wilayah B adalah produsen ikan. Keduanya saling bertukar barang. Faktor inte",C3-Menerapkan,3.0,
definisi interaksi wilayah,concept,Definisi Interaksi Wilayah,,,
faktor interaksi lainnya,concept,Faktor Interaksi Lainnya,,,
investasi berdasarkan bonus demografi,topic_fine,Investasi berdasarkan bonus demografi,,,
sumber daya alam (sda),concept,Sumber Daya Alam (SDA),C3-Menerapkan,3.0,1.0
sektor investasi,concept,Sektor Investasi,C3-Menerapkan,3.0,1.0
q_01700dca62,question,"Jika Anda seorang investor, gunakan informasi tentang manfaat bonus demografi untuk menentukan tiga sektor yang paling m",C3-Menerapkan,3.0,
potensi ekonomi indonesia,concept,Potensi Ekonomi Indonesia,,,
pengelolaan sumber daya berkelanjutan,concept,Pengelolaan Sumber Daya Berkelanjutan,,,
analisis risiko investasi,concept,Analisis risiko investasi,,,
reformasi indonesia,topic_coarse,Reformasi Indonesia,,,
kebijakan pemerintahan pasca-soeharto,topic_fine,Kebijakan Pemerintahan Pasca-Soeharto,,,
tap mpr,concept,Tap MPR,C6-Mencipta,5.0,2.0
q_ca1629d958,question,"Jika militer tidak lagi diizinkan menduduki jabatan gubernur atau bupati. Terapkan konteks, kebijakan reformasi apa yang",C3-Menerapkan,3.0,
perumusan hipotesis penelitian,topic_fine,Perumusan Hipotesis Penelitian,,,
hipotesis penelitian,concept,Hipotesis Penelitian,C3-Menerapkan,3.0,1.0
durasi tidur,concept,Durasi Tidur,C3-Menerapkan,3.0,1.0
konsentrasi belajar,concept,Konsentrasi Belajar,C3-Menerapkan,3.0,1.0
penelitian empiris,concept,Penelitian Empiris,C3-Menerapkan,3.0,1.0
q_b404b0adf8,question,Buatlah sebuah contoh hipotesis untuk penelitian dengan judul 'Pengaruh Durasi Tidur terhadap Konsentrasi Belajar Siswa',C3-Menerapkan,3.0,
pengertian penelitian,concept,Pengertian Penelitian,,,
variabel penelitian,concept,Variabel Penelitian,,,
pengumpulan data,concept,Pengumpulan Data,,,
perbandingan kinerja laporan keuangan,topic_fine,Perbandingan Kinerja Laporan Keuangan,,,
perbandingan kinerja,concept,Perbandingan Kinerja,C3-Menerapkan,3.0,1.0
tren pertumbuhan,concept,Tren Pertumbuhan,C3-Menerapkan,3.0,1.0
q_f42e24057c,question,Sebuah perusahaan ingin membandingkan kinerjanya di tahun ini dengan tahun lalu untuk melihat apakah ada pertumbuhan. Ka,C3-Menerapkan,3.0,
analisis rasio keuangan,concept,Analisis Rasio Keuangan,,,
fungsi anggaran pendapatan dan belanja negara,topic_fine,Fungsi Anggaran Pendapatan dan Belanja Negara,,,
bantuan langsung tunai (blt),concept,Bantuan Langsung Tunai (BLT),C3-Menerapkan,3.0,1.0
q_79afba3765,question,Pemerintah memberikan Bantuan Langsung Tunai (BLT) kepada masyarakat miskin saat terjadi kenaikan harga BBM. Fungsi APBN,C3-Menerapkan,3.0,
jenis-jenis penerimaan dan pengeluaran apbn,concept,Jenis-jenis penerimaan dan pengeluaran APBN,,,
sumber daya alam yang tidak dapat diperbarui,concept,Sumber Daya Alam yang Tidak Dapat Diperbarui,C3-Menerapkan,3.0,1.0
q_c6dceb0a61,question,"Kelompokkan sumber daya berikut ke dalam kategori yang dapat diperbarui atau tidak dapat diperbarui: emas, kayu jati, mi",C3-Menerapkan,3.0,
pemanfaatan bijaksana sda,concept,Pemanfaatan Bijaksana SDA,,,
masyarakat sebagai subjek pembangunan,concept,Masyarakat sebagai subjek pembangunan,C3-Menerapkan,3.0,1.0
kolaborasi,concept,Kolaborasi,C3-Menerapkan,3.0,1.0
penentuan kebijakan lokal,concept,Penentuan kebijakan lokal,C3-Menerapkan,3.0,1.0
q_4f17be58ab,question,Sebuah perusahaan akan membangun pabrik di sebuah desa agraris. Berdasarkan prinsip 'masyarakat sebagai subjek pembangun,C3-Menerapkan,3.0,
prinsip masyarakat sebagai subjek pembangunan,concept,Prinsip masyarakat sebagai subjek pembangunan,,,
implementasi pembangunan berkelanjutan,concept,Implementasi pembangunan berkelanjutan,,,
partisipasi komunitas dalam pengambilan keputusan,concept,Partisipasi komunitas dalam pengambilan keputusan,,,
peran tokoh dan diplomasi,topic_fine,Peran Tokoh dan Diplomasi,,,
strategi diplomasi,concept,Strategi Diplomasi,C3-Menerapkan,3.0,1.0
perjuangan melawan bangsa asing,concept,Perjuangan Melawan Bangsa Asing,C3-Menerapkan,3.0,1.0
q_43dbf74d1b,question,Berikan contoh konkret dari tindakan Sultan Nuku yang menunjukkan penerapan strategi diplomasi dalam perjuangannya.,C3-Menerapkan,3.0,
analisis strategi perjuangan tokoh lain,concept,Analisis strategi perjuangan tokoh lain,,,
permintaan dan ekspektasi harga,topic_fine,Permintaan dan Ekspektasi Harga,,,
permintaan (demand),concept,Permintaan (Demand),C3-Menerapkan,3.0,1.0
faktor ekspektasi masa depan,concept,Faktor Ekspektasi Masa Depan,C3-Menerapkan,3.0,1.0
q_4be27409da,question,"Jika pemerintah mengumumkan bahwa harga bahan bakar minyak (BBM) akan naik bulan depan, bagaimana hal ini akan memengaru",C3-Menerapkan,3.0,
elastisitas permintaan,concept,Elastisitas permintaan,,,
pengaruh kebijakan harga,concept,Pengaruh Kebijakan Harga,,,
proses masuk jepang ke hindia belanda,topic_fine,Proses Masuk Jepang ke Hindia Belanda,,,
pendaratan pertama jepang,concept,Pendaratan Pertama Jepang,C3-Menerapkan,3.0,1.0
penyerahan belanda,concept,Penyerahan Belanda,C3-Menerapkan,3.0,1.0
faktor pendorong ekspansi jepang,concept,Faktor Pendorong Ekspansi Jepang,C3-Menerapkan,3.0,1.0
q_b5507527f7,question,"Gambarkan dalam bentuk diagram alur sederhana proses masuknya Jepang ke Hindia Belanda, mulai dari pendaratan pertama hi",C3-Menerapkan,3.0,
dampak perang pasifik,concept,Dampak Perang Pasifik,,,
kebebasan pers era reformasi,topic_fine,Kebebasan Pers Era Reformasi,,,
kebebasan media,concept,Kebebasan Media,C3-Menerapkan,3.0,1.0
q_7387e33a00,question,"Sebuah stasiun TV swasta baru berdiri setelah tahun 1999. Terapkan konteks, mengapa hal ini mudah dilakukan di era Refor",C3-Menerapkan,3.0,
pengembangan media swasta,concept,Pengembangan Media Swasta,,,
dampak perubahan iklim pada fenomena cuaca,topic_fine,Dampak Perubahan Iklim pada Fenomena Cuaca,,,
perubahan pola cuaca (badai),concept,Perubahan Pola Cuaca (Badai),C3-Menerapkan,3.0,1.0
q_b5d60ee02c,question,"Seorang nelayan di pesisir utara Jawa mengeluh bahwa dalam lima tahun terakhir, badai di laut menjadi lebih sering dan l",C3-Menerapkan,3.0,
jenis-jenis dampak perubahan iklim,concept,Jenis-jenis Dampak Perubahan Iklim,,,
dampak kebijakan wto pada petani,topic_fine,Dampak Kebijakan WTO pada Petani,,,
perdagangan bebas,concept,Perdagangan Bebas,C3-Menerapkan,3.0,1.0
wto,concept,WTO,C3-Menerapkan,3.0,1.0
petani kopi lokal,concept,Petani Kopi Lokal,C3-Menerapkan,3.0,1.0
dampak ekonomi,concept,Dampak Ekonomi,C6-Mencipta,5.0,4.0
q_decdfbff5d,question,Bagaimana kebijakan yang didorong oleh WTO untuk perdagangan bebas dapat memengaruhi seorang petani kopi lokal di Indone,C3-Menerapkan,3.0,
konsep perdagangan internasional,concept,Konsep Perdagangan Internasional,,,
fungsi dan mekanisme wto,concept,Fungsi dan Mekanisme WTO,,,
analisis kebijakan perdagangan,concept,Analisis Kebijakan Perdagangan,C5-Mengevaluasi,5.0,1.0
dampak globalisasi terhadap sektor pertanian,concept,Dampak Globalisasi terhadap Sektor Pertanian,,,
pencegahan konflik di tingkat lokal,topic_fine,Pencegahan Konflik di Tingkat Lokal,,,
pelembagaan mekanisme,concept,Pelembagaan Mekanisme,C3-Menerapkan,3.0,1.0
q_d8fbed1c1f,question,"Berdasarkan data BPS yang menunjukkan peningkatan perkelahian antarkelompok warga, berikan satu contoh penerapan 'pelemb",C3-Menerapkan,3.0,
penanganan eskalasi konflik,concept,Penanganan Eskalasi Konflik,,,
deeskalasi konflik,concept,Deeskalasi Konflik,C6-Mencipta,5.0,1.0
perubahan sistem pemerintahan pasca 1959,topic_fine,Perubahan Sistem Pemerintahan Pasca 1959,,,
pengganti uuds 1950,concept,Pengganti UUDS 1950,C3-Menerapkan,3.0,1.0
perubahan konstitusi indonesia,concept,Perubahan Konstitusi Indonesia,C3-Menerapkan,3.0,1.0
q_2cf307c486,question,"Setelah 5 Juli 1959, Indonesia tidak lagi menggunakan UUDS 1950. Terapkan konteks, UUD apa yang digunakan sebagai pengga",C3-Menerapkan,3.0,
sistem demokrasi parlementer 1950,concept,Sistem Demokrasi Parlementer 1950,,,
pemberdayaan komunitas lokal,topic_fine,Pemberdayaan Komunitas Lokal,,,
hubungan sosial,concept,Hubungan sosial,C3-Menerapkan,3.0,1.0
tujuan bersama,concept,Tujuan bersama,C3-Menerapkan,3.0,1.0
q_d003611a6a,question,"Sebuah komunitas pecinta buku di suatu desa ingin melakukan pemberdayaan. Berdasarkan konsep dalam teks, berikan satu co",C3-Menerapkan,3.0,
peran komunitas dalam pembangunan,concept,Peran Komunitas dalam Pembangunan,,,
geografi dan iklim,topic_coarse,Geografi dan Iklim,,,
pola musim di indonesia,topic_fine,Pola Musim di Indonesia,,,
musim hujan,concept,Musim hujan,C3-Menerapkan,3.0,1.0
musim kemarau,concept,Musim kemarau,C3-Menerapkan,3.0,1.0
q_197d1e2d70,question,"Seorang petani di Jawa Barat ingin menanam padi yang membutuhkan banyak air. Berdasarkan pola musim di Indonesia, period",C3-Menerapkan,3.0,
karakteristik iklim tropis,concept,Karakteristik iklim tropis,,,
pengaruh iklim terhadap kegiatan pertanian,concept,Pengaruh iklim terhadap kegiatan pertanian,,,
tindakan tradisional dalam masyarakat,topic_fine,Tindakan Tradisional dalam Masyarakat,,,
tindakan tradisional,concept,Tindakan Tradisional,C4-Menganalisis,4.0,2.0
q_ac27c571dc,question,Berikan satu contoh konkret dari 'Tindakan Tradisional' yang masih sering Anda temui dalam kehidupan masyarakat di lingk,C3-Menerapkan,3.0,
proses sosialisasi,concept,Proses Sosialisasi,,,
peran strategis kerajaan ko-ying,topic_fine,Peran strategis kerajaan Ko-ying,,,
fungsi lokasi strategis (transit),concept,Fungsi lokasi strategis (transit),C3-Menerapkan,3.0,1.0
perdagangan komoditas (india ke cina),concept,Perdagangan komoditas (India ke Cina),C3-Menerapkan,3.0,1.0
ketergantungan pada angin muson,concept,Ketergantungan pada angin muson,C3-Menerapkan,3.0,1.0
q_2ae9b903d2,question,Seorang arkeolog menemukan sisa-sisa kapal kuno di dekat Palembang yang berisi keramik Cina dan manik-manik India. Bagai,C3-Menerapkan,3.0,
kondisi geografis nusantara,concept,Kondisi geografis Nusantara,,,
peran jalur pelayaran,concept,Peran jalur pelayaran,,,
dampak interaksi budaya,concept,Dampak interaksi budaya,,,
peran maritim dalam sejarah,concept,Peran maritim dalam sejarah,,,
klasifikasi bioma berdasarkan vegetasi,topic_fine,Klasifikasi Bioma berdasarkan Vegetasi,,,
"ciri-ciri vegetasi (pohon pinus, daun jarum)",concept,"Ciri-ciri vegetasi (pohon pinus, daun jarum)",C3-Menerapkan,3.0,1.0
lintang utara,concept,Lintang Utara,C3-Menerapkan,3.0,1.0
q_7d746c82d0,question,"Seorang peneliti menemukan suatu daerah dengan pohon-pohon pinus sejenis yang sangat rapat, daunnya berbentuk jarum, dan",C3-Menerapkan,3.0,
klasifikasi bioma berdasarkan vegetasi dominan,concept,Klasifikasi bioma berdasarkan vegetasi dominan,,,
klasifikasi bioma berdasarkan faktor iklim (suhu dan curah hujan),concept,Klasifikasi bioma berdasarkan faktor iklim (suhu dan curah hujan),,,
kebijakan ketenagakerjaan,topic_coarse,Kebijakan Ketenagakerjaan,,,
penerapan balai latihan kerja,topic_fine,Penerapan Balai Latihan Kerja,,,
balai latihan kerja (blk),concept,Balai Latihan Kerja (BLK),C3-Menerapkan,3.0,1.0
keterampilan digital marketing,concept,Keterampilan Digital Marketing,C3-Menerapkan,3.0,1.0
q_8f689ef69e,question,Pemerintah membuka Balai Latihan Kerja (BLK) untuk mengajari keterampilan digital marketing. Kebijakan apa yang sedang d,C3-Menerapkan,3.0,
jenis-jenis kebijakan pemerintah,concept,Jenis-jenis kebijakan pemerintah,,,
pendidikan dan pelatihan kerja,concept,Pendidikan dan pelatihan kerja,,,
bisnis berkelanjutan,topic_coarse,Bisnis Berkelanjutan,,,
pemilihan lokasi sumber bahan baku,topic_fine,Pemilihan Lokasi Sumber Bahan Baku,,,
bahan baku,concept,Bahan Baku,C3-Menerapkan,3.0,1.0
lokasi sumber,concept,Lokasi Sumber,C3-Menerapkan,3.0,1.0
strategi bisnis,concept,Strategi Bisnis,C3-Menerapkan,3.0,1.0
q_4c9e016b03,question,"Seorang pengusaha ingin memulai bisnis mebel yang berkelanjutan. Berdasarkan informasi tentang kayu jati, strategi apa y",C3-Menerapkan,3.0,
konsep keberlanjutan,concept,Konsep keberlanjutan,,,
karakteristik kayu jati,concept,Karakteristik kayu jati,,,
analisis rantai pasok,concept,Analisis Rantai Pasok,,,
manajemen sumber daya alam,concept,Manajemen Sumber Daya Alam,,,
nasionalisme dan diaspora,topic_coarse,Nasionalisme dan Diaspora,,,
strategi penyebaran gagasan positif,topic_fine,Strategi penyebaran gagasan positif,,,
penyebaran gagasan positif,concept,Penyebaran gagasan positif,C3-Menerapkan,3.0,1.0
organisasi diaspora,concept,Organisasi diaspora,C3-Menerapkan,3.0,1.0
q_b81a77bfd6,question,Jika sebuah organisasi diaspora Indonesia modern ingin meniru kesuksesan 'Komunitas Jawi' dalam menyebarkan gagasan posi,C3-Menerapkan,3.0,
definisi nasionalisme,concept,Definisi Nasionalisme,C5-Mengevaluasi,4.0,1.0
karakteristik komunitas jawi,concept,Karakteristik Komunitas Jawi,,,
strategi pembangunan bangsa,concept,Strategi pembangunan bangsa,,,
peran diaspora dalam pembangunan,concept,Peran diaspora dalam pembangunan,,,
perhitungan pertumbuhan penduduk,topic_fine,Perhitungan Pertumbuhan Penduduk,,,
migrasi (imigrasi dan emigrasi),concept,Migrasi (Imigrasi dan Emigrasi),C3-Menerapkan,3.0,1.0
q_c5f8480a0d,question,"Suatu wilayah pada tahun 2023 mencatat angka kelahiran sebanyak 10.000 jiwa, angka kematian 4.000 jiwa, imigran 1.500 ji",C3-Menerapkan,3.0,
aritmatika/perhitungan,method,Aritmatika/Perhitungan,,,
definisi komponen dinamika penduduk,concept,Definisi komponen dinamika penduduk,,,
analisis faktor yang mempengaruhi pertumbuhan penduduk,concept,Analisis faktor yang mempengaruhi pertumbuhan penduduk,,,
interpretasi data statistik kependudukan,concept,Interpretasi data statistik kependudukan,,,
klasifikasi angka kelahiran dan kematian,topic_fine,Klasifikasi Angka Kelahiran dan Kematian,,,
natalitas,concept,Natalitas,C4-Menganalisis,4.0,2.0
mortalitas,concept,Mortalitas,C4-Menganalisis,4.0,2.0
klasifikasi tingkat penduduk,concept,Klasifikasi Tingkat Penduduk,C3-Menerapkan,3.0,1.0
q_3799f149b5,question,Sebuah negara memiliki angka kelahiran 18 per 1000 penduduk dan angka kematian 15 per 1000 penduduk. Klasifikasikan ting,C3-Menerapkan,3.0,
definisi natalitas dan mortalitas,concept,Definisi Natalitas dan Mortalitas,,,
perhitungan pertambahan penduduk,concept,Perhitungan Pertambahan Penduduk,,,
analisis migrasi,concept,Analisis Migrasi,,,
faktor internal nasionalisme,concept,Faktor Internal Nasionalisme,C6-Mencipta,5.0,2.0
perjuangan ekonomi pribumi,concept,Perjuangan ekonomi pribumi,C3-Menerapkan,3.0,1.0
q_cc0b26ffe9,question,Seorang pedagang pribumi di Laweyan merasa usahanya tersaingi oleh pedagang Tionghoa pada tahun 1911. Berdasarkan kontek,C3-Menerapkan,3.0,
perjuangan melawan kolonialisme,concept,Perjuangan melawan kolonialisme,,,
klasifikasi akun riil,topic_fine,Klasifikasi Akun Riil,,,
transaksi prive,concept,Transaksi Prive,C3-Menerapkan,3.0,1.0
akun riil,concept,Akun Riil,C3-Menerapkan,3.0,1.0
q_9262273770,question,"Jika pemilik sebuah toko mengambil sejumlah uang dari kas untuk keperluan pribadi, ke dalam kategori akun riil manakah t",C3-Menerapkan,3.0,
pengertian akuntansi,concept,Pengertian Akuntansi,,,
pencatatan jurnal,concept,Pencatatan Jurnal,,,
bentuk interaksi sosial,topic_fine,Bentuk Interaksi Sosial,,,
q_f8d546a592,question,"Sebuah tarian modern dikombinasikan dengan musik gamelan tradisional, namun ciri khas keduanya masih terlihat. Fenomena ",C3-Menerapkan,3.0,
peristiwa kekalahan jepang dan dampaknya,topic_fine,Peristiwa Kekalahan Jepang dan Dampaknya,,,
kekalahan jepang,concept,Kekalahan Jepang,C3-Menerapkan,3.0,1.0
pembangkitan semangat kemerdekaan,concept,Pembangkitan Semangat Kemerdekaan,C3-Menerapkan,3.0,1.0
peran penyiar radio,concept,Peran Penyiar Radio,C3-Menerapkan,3.0,1.0
q_64313688d7,question,"Jika Anda seorang penyiar radio pada Agustus 1945 yang baru mendengar berita kekalahan Jepang, bagaimana Anda akan menyu",C3-Menerapkan,3.0,
peristiwa akhir perang dunia ii,concept,Peristiwa akhir Perang Dunia II,,,
program pembangunan pertanian,topic_fine,Program Pembangunan Pertanian,,,
swasembada beras,concept,Swasembada Beras,C3-Menerapkan,3.0,1.0
q_cdd348c014,question,"Pemerintah fokus pada pembangunan pertanian untuk mencapai swasembada beras. Terapkan konteks, ini adalah implementasi d",C3-Menerapkan,3.0,
program repelita,concept,Program Repelita,,,
implementasi kebijakan ekonomi orde baru,concept,Implementasi kebijakan ekonomi Orde Baru,,,
pengembangan kehidupan desa,topic_fine,Pengembangan Kehidupan Desa,,,
tata kehidupan desa,concept,Tata kehidupan desa,C3-Menerapkan,3.0,1.0
unsur vital,concept,Unsur vital,C3-Menerapkan,3.0,1.0
q_e40d880b7d,question,Sebuah program pemerintah bertujuan meningkatkan 'tata kehidupan' di sebuah desa. Kegiatan apa yang relevan untuk diusul,C3-Menerapkan,3.0,
perencanaan pembangunan wilayah,concept,Perencanaan pembangunan wilayah,,,
pertempuran melawan sekutu,topic_fine,Pertempuran melawan Sekutu,,,
peran kolonel soedirman,concept,Peran Kolonel Soedirman,C3-Menerapkan,3.0,1.0
pengusiran sekutu,concept,Pengusiran Sekutu,C3-Menerapkan,3.0,1.0
kedatangan afnei dan nica,concept,Kedatangan AFNEI dan NICA,C5-Mengevaluasi,4.0,3.0
q_77015639b4,question,Sebuah pertempuran dipimpin oleh Kolonel Soedirman untuk mengusir Sekutu. Peristiwa apa yang dimaksud?,C3-Menerapkan,3.0,
latar belakang kedatangan sekutu dan nica,concept,Latar belakang kedatangan Sekutu dan NICA,,,
peran panglima besar sudirman,concept,Peran Panglima Besar Sudirman,,,
manajemen keuangan,topic_coarse,Manajemen Keuangan,,,
ciri-ciri investasi bodong,topic_fine,Ciri-ciri Investasi Bodong,,,
keuntungan,concept,Keuntungan,C3-Menerapkan,3.0,2.0
investasi bodong,concept,Investasi Bodong,C3-Menerapkan,3.0,1.0
q_b48837fba0,question,Seorang teman menawarimu sebuah produk investasi yang menjanjikan keuntungan 50% dalam satu bulan. Berdasarkan ciri-ciri,C3-Menerapkan,3.0,
jenis-jenis investasi yang aman,concept,Jenis-jenis investasi yang aman,,,
komponen pendapatan daerah,topic_fine,Komponen Pendapatan Daerah,,,
anggaran pendapatan dan belanja daerah (apbd),concept,Anggaran Pendapatan dan Belanja Daerah (APBD),C3-Menerapkan,3.0,1.0
pajak daerah dan retribusi daerah,concept,Pajak Daerah dan Retribusi Daerah,C3-Menerapkan,3.0,1.0
q_6dd1c96b5d,question,"Pemerintah daerah memungut biaya parkir di tepi jalan umum. Terapkan konteks, ini termasuk dalam komponen Pendapatan Dae",C3-Menerapkan,3.0,
komponen pendapatan daerah lainnya,concept,Komponen Pendapatan Daerah lainnya,,,
pendapatan transfer,concept,Pendapatan Transfer,C5-Mengevaluasi,4.0,1.0
penggunaan data populasi satwa liar,topic_fine,Penggunaan Data Populasi Satwa Liar,,,
konservasi,concept,Konservasi,C3-Menerapkan,3.0,1.0
kampanye kesadaran publik,concept,Kampanye Kesadaran Publik,C3-Menerapkan,3.0,1.0
data penurunan populasi harimau,concept,Data Penurunan Populasi Harimau,C3-Menerapkan,3.0,1.0
q_a676f0f287,question,"Jika Anda seorang aktivis lingkungan, bagaimana Anda akan menggunakan data penurunan populasi harimau untuk sebuah kampa",C3-Menerapkan,3.0,
strategi komunikasi lingkungan,concept,Strategi Komunikasi Lingkungan,,,
pemerintahan militer dan tenaga kerja,topic_fine,Pemerintahan Militer dan Tenaga Kerja,,,
perintah administratif jepang,concept,Perintah Administratif Jepang,C3-Menerapkan,3.0,1.0
tenaga kerja paksa,concept,Tenaga Kerja Paksa,C3-Menerapkan,3.0,1.0
struktur pemerintahan militer jepang,concept,Struktur Pemerintahan Militer Jepang,C3-Menerapkan,3.0,1.0
peran camat (soncho),concept,Peran Camat (Soncho),C3-Menerapkan,3.0,1.0
q_71075d1f60,question,Seorang camat (Soncho) menerima perintah dari atasannya (Guncho) untuk mengumpulkan data pemuda di wilayahnya. Tunjukkan,C3-Menerapkan,3.0,
latar belakang pendudukan jepang,concept,Latar belakang Pendudukan Jepang,,,
sistem eksploitasi tenaga kerja jepang,concept,Sistem Eksploitasi Tenaga Kerja Jepang,,,
dampak sosial politik pendudukan jepang,concept,Dampak Sosial Politik Pendudukan Jepang,,,
neraca pembayaran transaksi,topic_fine,Neraca Pembayaran Transaksi,,,
transaksi debit,concept,Transaksi Debit,C3-Menerapkan,3.0,1.0
q_54681c2f39,question,Sebuah perusahaan Indonesia mengimpor mesin produksi dari Jepang. Tentukan apakah transaksi ini dicatat sebagai debit at,C3-Menerapkan,3.0,
transaksi kredit,concept,Transaksi Kredit,,,
analisis neraca pembayaran,concept,Analisis Neraca Pembayaran,,,
pembentukan badan keamanan pasca proklamasi,topic_fine,Pembentukan badan keamanan pasca Proklamasi,,,
panitia persiapan kemerdekaan indonesia (ppki),concept,Panitia Persiapan Kemerdekaan Indonesia (PPKI),C3-Menerapkan,3.0,1.0
pembentukan badan keamanan,concept,Pembentukan badan keamanan,C3-Menerapkan,3.0,1.0
fungsi badan keamanan lokal,concept,Fungsi badan keamanan lokal,C3-Menerapkan,3.0,1.0
q_491c355b7d,question,"Sebuah badan keamanan dibentuk hanya untuk menjaga keamanan lokal. Terapkan konteks, badan apa yang dimaksud?",C3-Menerapkan,3.0,
dampak pembangunan terhadap lingkungan,topic_fine,Dampak Pembangunan terhadap Lingkungan,,,
lingkungan buatan,concept,Lingkungan buatan,C3-Menerapkan,3.0,1.0
lingkungan alami,concept,Lingkungan alami,C3-Menerapkan,3.0,1.0
dampak lingkungan,concept,Dampak Lingkungan,C3-Menerapkan,3.0,1.0
q_7c58094ea0,question,Bayangkan sebuah proyek pembangunan sekolah baru. Tunjukkan bagaimana proyek ini menciptakan lingkungan buatan dan berpo,C3-Menerapkan,3.0,
konsep lingkungan hidup,concept,Konsep lingkungan hidup,,,
perjanjian kalijati tahun 1942,topic_fine,Perjanjian Kalijati tahun 1942,,,
perjanjian kalijati,concept,Perjanjian Kalijati,C3-Menerapkan,3.0,1.0
embargo minyak bumi as,concept,Embargo minyak bumi AS,C3-Menerapkan,3.0,1.0
q_3fccac049a,question,"Jika Anda adalah seorang jurnalis pada tahun 1942, tulislah sebuah judul berita yang menggambarkan peristiwa Perjanjian ",C3-Menerapkan,3.0,
sosiologi dan ilmu sosial,topic_coarse,Sosiologi dan Ilmu Sosial,,,
interaksi sosial dan fenomena sosial,topic_fine,Interaksi Sosial dan Fenomena Sosial,,,
fenomena sosial,concept,Fenomena sosial,C3-Menerapkan,3.0,1.0
stigma sosial,concept,Stigma sosial,C3-Menerapkan,3.0,1.0
q_4d3d3c6576,question,"Di sebuah desa, seorang warga yang menerima bantuan sosial sering diejek sebagai 'si miskin' oleh tetangganya. Menurut G",C3-Menerapkan,3.0,
teori interaksi sosial lainnya,concept,Teori interaksi sosial lainnya,,,
ekonomi regional,topic_coarse,Ekonomi Regional,,,
potensi ekonomi,concept,Potensi ekonomi,C3-Menerapkan,3.0,1.0
infrastruktur (jalan dan bandara),concept,Infrastruktur (jalan dan bandara),C3-Menerapkan,3.0,1.0
q_db6a4cede4,question,"Sebuah daerah memiliki potensi ekonomi (misal: pariwisata) yang besar, namun tidak berkembang karena jalan dan bandara t",C3-Menerapkan,3.0,
analisis kebijakan pembangunan,concept,Analisis kebijakan pembangunan,,,
dampak peristiwa penting,topic_fine,Dampak Peristiwa Penting,,,
pengeboman hiroshima,concept,Pengeboman Hiroshima,C3-Menerapkan,3.0,1.0
deklarasi perang uni soviet,concept,Deklarasi Perang Uni Soviet,C3-Menerapkan,3.0,1.0
peran penasihat kaisar,concept,Peran Penasihat Kaisar,C3-Menerapkan,3.0,1.0
q_a1b94933fc,question,"Jika Anda adalah seorang penasihat Kaisar Hirohito, argumen apa yang akan Anda sampaikan setelah mendengar berita pengeb",C3-Menerapkan,3.0,
peristiwa penting perang dunia ii,concept,Peristiwa Penting Perang Dunia II,,,
perkembangan geopolitik pasca-perang,concept,Perkembangan Geopolitik Pasca-Perang,,,
karakteristik komunitas lokal,topic_fine,Karakteristik Komunitas Lokal,,,
sense of belonging,concept,Sense of Belonging,C3-Menerapkan,3.0,1.0
komitmen pada tujuan bersama,concept,Komitmen pada Tujuan Bersama,C3-Menerapkan,3.0,1.0
q_1c4f219fe7,question,Seorang siswa membentuk kelompok belajar online untuk persiapan ujian. Terapkan karakteristik komunitas yang dijelaskan ,C3-Menerapkan,3.0,
q_ecc90ae305,question,Pembangunan jalan tol baru yang didanai oleh APBN merupakan contoh penerapan dari fungsi APBN yang mana? Jelaskan alasan,C3-Menerapkan,3.0,
faktor peningkatan interaksi wilayah,topic_fine,Faktor Peningkatan Interaksi Wilayah,,,
q_4dc2d26422,question,Jika pemerintah membangun jalan tol yang menghubungkan Kabupaten Brebes dan Kabupaten Wonosobo sehingga waktu tempuh men,C3-Menerapkan,3.0,
perbedaan potensi dan kebutuhan antarwilayah,concept,Perbedaan Potensi dan Kebutuhan Antarwilayah,,,
saling memenuhi kebutuhan,concept,Saling Memenuhi Kebutuhan,,,
proyek pemerintah di masa demokrasi terpimpin,topic_fine,Proyek Pemerintah di Masa Demokrasi Terpimpin,,,
kondisi ekonomi sulit,concept,Kondisi ekonomi sulit,C3-Menerapkan,3.0,1.0
proyek politik mercusuar,concept,Proyek Politik Mercusuar,C3-Menerapkan,3.0,2.0
penggunaan devisa,concept,Penggunaan devisa,C3-Menerapkan,3.0,1.0
q_044d19233d,question,"Pemerintah membangun stadion megah (seperti Asian Games) di tengah kondisi ekonomi sulit. Terapkan konteks, ini adalah c",C3-Menerapkan,3.0,
perkembangan ekonomi masa sukarno,concept,Perkembangan ekonomi masa Sukarno,C4-Menganalisis,4.0,1.0
perbandingan sistem ekonomi,concept,Perbandingan sistem ekonomi,,,
demokrasi parlementer,concept,Demokrasi Parlementer,C6-Mencipta,5.0,4.0
uuds 1950,concept,UUDS 1950,C6-Mencipta,5.0,2.0
peran presiden soekarno,concept,Peran Presiden Soekarno,C3-Menerapkan,3.0,1.0
pembubaran badan pembuat uud,concept,Pembubaran badan pembuat UUD,C3-Menerapkan,3.0,1.0
q_398a48abcb,question,"Presiden Soekarno membubarkan badan pembuat UUD. Terapkan konteks, kebijakan apa yang sedang ia keluarkan?",C3-Menerapkan,3.0,
kualitas sdm dan pelatihan kerja,topic_fine,Kualitas SDM dan Pelatihan Kerja,,,
data angkatan kerja bps 2016,concept,Data Angkatan Kerja BPS 2016,C3-Menerapkan,3.0,1.0
program pelatihan blk,concept,Program Pelatihan BLK,C3-Menerapkan,3.0,1.0
q_518051d51f,question,"Berdasarkan data BPS 2016, sebuah desa mayoritas angkatan kerjanya adalah lulusan SMP. Program pelatihan apa yang cocok ",C3-Menerapkan,3.0,
pemahaman tentang peran sdm dalam ekonomi,concept,Pemahaman tentang peran SDM dalam ekonomi,,,
analisis kebutuhan pelatihan kerja,concept,Analisis kebutuhan pelatihan kerja,,,
perancangan kurikulum pelatihan,concept,Perancangan kurikulum pelatihan,,,
wilayah desa dan kota,topic_coarse,Wilayah Desa dan Kota,,,
penyelesaian perselisihan komunitas,topic_fine,Penyelesaian Perselisihan Komunitas,,,
penyelesaian perselisihan,concept,Penyelesaian Perselisihan,C3-Menerapkan,3.0,1.0
musyawarah adat,concept,Musyawarah Adat,C3-Menerapkan,3.0,1.0
peran tetua,concept,Peran Tetua,C3-Menerapkan,3.0,1.0
q_c197d77c81,question,"Jika sebuah komunitas selalu menyelesaikan perselisihan melalui musyawarah adat yang dipimpin oleh tetua, karakteristik ",C3-Menerapkan,3.0,
karakteristik wilayah desa,concept,Karakteristik Wilayah Desa,,,
perbedaan pengembangan wilayah desa dan kota,concept,Perbedaan Pengembangan Wilayah Desa dan Kota,,,
q_302a5e5317,question,Pemerintah daerah di Sumatra Selatan membangun jalur evakuasi dan sistem peringatan dini tsunami. Tindakan ini merupakan,C3-Menerapkan,3.0,
tiga aspek dinamika bencana,concept,Tiga Aspek Dinamika Bencana,,,
sosiologi pendidikan,topic_coarse,Sosiologi Pendidikan,,,
hambatan integrasi sosial,topic_fine,Hambatan Integrasi Sosial,,,
primordialisme,concept,Primordialisme,C3-Menerapkan,3.0,1.0
integrasi sosial,concept,Integrasi sosial,C4-Menganalisis,4.0,2.0
q_32098d208e,question,Berikan satu contoh konkret bagaimana primordialisme (sikap memegang teguh hal-hal yang dibawa sejak kecil) dapat mengha,C3-Menerapkan,3.0,
konsep integrasi sosial,concept,Konsep Integrasi Sosial,,,
penerapan pelatihan militer dalam perang gerilya,topic_fine,Penerapan pelatihan militer dalam perang gerilya,,,
pelatihan militer peta,concept,Pelatihan militer PETA,C3-Menerapkan,3.0,1.0
penerapan pengetahuan militer,concept,Penerapan pengetahuan militer,C3-Menerapkan,3.0,1.0
q_2a8bbcb6bb,question,"Seandainya Anda adalah seorang pemuda yang baru saja menyelesaikan pelatihan militer di PETA, bagaimana pengetahuan ters",C3-Menerapkan,3.0,
pengetahuan tentang pelatihan militer peta,concept,Pengetahuan tentang pelatihan militer PETA,,,
analisis strategi perang gerilya,concept,Analisis strategi perang gerilya,,,
peran pemuda dalam perjuangan kemerdekaan,concept,Peran pemuda dalam perjuangan kemerdekaan,,,
lokasi geografis,topic_coarse,Lokasi Geografis,,,
lokasi absolut,concept,Lokasi absolut,C3-Menerapkan,3.0,1.0
sistem koordinat garis lintang dan garis bujur,concept,Sistem koordinat garis lintang dan garis bujur,C3-Menerapkan,3.0,1.0
penerapan peta digital,concept,Penerapan peta digital,C3-Menerapkan,3.0,1.0
q_963e2431d3,question,Anda sedang merencanakan perjalanan ke luar kota dan ingin menghindari macet. Bagaimana Anda akan menerapkan fungsi peta,C3-Menerapkan,3.0,
lokasi relatif,concept,Lokasi relatif,,,
demokrasi parlementer 1950-1959,topic_fine,Demokrasi Parlementer 1950-1959,,,
pembentukan kabinet berdasarkan koalisi,concept,Pembentukan kabinet berdasarkan koalisi,C3-Menerapkan,3.0,1.0
ketidakstabilan kabinet,concept,Ketidakstabilan kabinet,C3-Menerapkan,3.0,1.0
q_5a0aa267f2,question,"Sebuah kabinet dibentuk berdasarkan koalisi partai Nasionalis dan Agama. Terapkan konteks, apa risiko utama yang dihadap",C3-Menerapkan,3.0,
stabilitas pemerintahan,concept,Stabilitas Pemerintahan,C5-Mengevaluasi,4.0,1.0
pergantian kabinet,concept,Pergantian kabinet,,,
pendidikan dan psikologi,topic_coarse,Pendidikan dan Psikologi,,,
pendekatan interaksionis dalam pembelajaran,topic_fine,Pendekatan Interaksionis dalam Pembelajaran,,,
pendekatan interaksionis,concept,Pendekatan Interaksionis,C3-Menerapkan,3.0,1.0
intervensi perilaku,concept,Intervensi perilaku,C3-Menerapkan,3.0,1.0
q_b894faa4cd,question,Seorang guru ingin mengatasi masalah siswa yang sering mencontek saat ujian menggunakan pendekatan Interaksionis. Berika,C3-Menerapkan,3.0,
teori pembelajaran sosial,concept,Teori pembelajaran sosial,,,
perencanaan intervensi pendidikan,concept,Perencanaan intervensi pendidikan,,,
jenis kerja sama ekonomi internasional,topic_fine,Jenis Kerja Sama Ekonomi Internasional,,,
bantuan kemanusiaan,concept,Bantuan Kemanusiaan,C3-Menerapkan,3.0,1.0
q_be241193be,question,"Indonesia, sebagai anggota OKI, memberikan bantuan kemanusiaan kepada Palestina. Terapkan pemahaman Anda untuk menentuka",C3-Menerapkan,3.0,
metode pembayaran tagihan listrik,topic_fine,Metode Pembayaran Tagihan Listrik,,,
pembayaran tanpa uang tunai,concept,Pembayaran tanpa uang tunai,C3-Menerapkan,3.0,1.0
metode pembayaran modern,concept,Metode pembayaran modern,C3-Menerapkan,3.0,1.0
q_d9e09e2073,question,"Jika Anda perlu membayar tagihan listrik dari rumah tanpa menggunakan uang tunai, metode pembayaran modern apa yang bisa",C3-Menerapkan,3.0,
pengetahuan tentang sistem perdagangan modern,concept,Pengetahuan tentang sistem perdagangan modern,,,
jenis-jenis pembayaran digital,concept,Jenis-jenis pembayaran digital,,,
teknologi keuangan,concept,Teknologi keuangan,,,
interkoneksi jalur rempah,topic_fine,Interkoneksi Jalur Rempah,,,
melting pot,concept,Melting Pot,C3-Menerapkan,3.0,1.0
pengaruh bahasa sanskerta,concept,Pengaruh Bahasa Sanskerta,C3-Menerapkan,3.0,1.0
q_6c5b46c07a,question,"Seorang siswa menemukan bahwa masakan di daerahnya banyak menggunakan pala dan lada, serta beberapa kata dalam bahasa da",C3-Menerapkan,3.0,
konsep jalur rempah,concept,Konsep Jalur Rempah,,,
pemahaman tentang peran rempah-rempah,concept,Pemahaman tentang peran rempah-rempah,,,
studi budaya dan linguistik nusantara,concept,Studi Budaya dan Linguistik Nusantara,,,
metode pengumpulan masukan siswa,topic_fine,Metode Pengumpulan Masukan Siswa,,,
q_1efbdbb3d0,question,"Jika OSIS di sekolah Anda ingin mengumpulkan masukan dari seluruh siswa mengenai rencana kantin sehat, metode mana yang ",C3-Menerapkan,3.0,
definisi kampanye sosial,concept,Definisi Kampanye Sosial,,,
bentuk partisipasi lainnya,concept,Bentuk Partisipasi Lainnya,,,
ekonomi politik indonesia,topic_coarse,Ekonomi Politik Indonesia,,,
rupiah jatuh drastis,concept,Rupiah jatuh drastis,C3-Menerapkan,3.0,1.0
peran imf,concept,Peran IMF,C3-Menerapkan,3.0,1.0
q_6014ea52d1,question,"Jika nilai tukar Rupiah jatuh dari Rp2.500 ke Rp17.000 per dolar. Terapkan konteks, peristiwa apa yang sedang terjadi? ",C3-Menerapkan,3.0,
teori schumpeter,concept,Teori Schumpeter,C5-Mengevaluasi,5.0,2.0
kebijakan ekonomi,concept,Kebijakan Ekonomi,C3-Menerapkan,3.0,1.0
q_d5b0d930db,question,Pemerintah ingin mendorong pertumbuhan ekonomi dengan menerapkan Teori Schumpeter. Kegiatan atau kelompok masyarakat man,C3-Menerapkan,3.0,
dampak teknologi informasi pada pendidikan,topic_fine,Dampak Teknologi Informasi pada Pendidikan,,,
akses internet di desa terpencil,concept,Akses Internet di Desa Terpencil,C3-Menerapkan,3.0,1.0
peningkatan kualitas hidup pendidikan,concept,Peningkatan Kualitas Hidup Pendidikan,C3-Menerapkan,3.0,1.0
efisiensi pembelajaran,concept,Efisiensi Pembelajaran,C3-Menerapkan,3.0,1.0
pola pikir terbuka,concept,Pola Pikir Terbuka,C3-Menerapkan,3.0,1.0
q_f68d503f7a,question,Sebuah desa terpencil mendapatkan akses internet untuk pertama kalinya. Berikan satu contoh konkret bagaimana hal ini da,C3-Menerapkan,3.0,
konsep perubahan sosial dan dampak teknologi,concept,Konsep perubahan sosial dan dampak teknologi,,,
implementasi teknologi dalam masyarakat,concept,Implementasi teknologi dalam masyarakat,,,
perubahan iklim global,topic_coarse,Perubahan Iklim Global,,,
dampak perubahan iklim di pesisir,topic_fine,Dampak Perubahan Iklim di Pesisir,,,
kenaikan permukaan air laut,concept,Kenaikan permukaan air laut,C6-Mencipta,5.0,3.0
gagal panen garam,concept,Gagal panen garam,C3-Menerapkan,3.0,1.0
q_f898d78e29,question,Seorang petani garam di pesisir Demak mengeluh tambaknya sering gagal panen karena tergenang air laut. Fenomena perubaha,C3-Menerapkan,3.0,
solusi mitigasi dampak perubahan iklim,concept,Solusi mitigasi dampak perubahan iklim,,,
geografi fisik pesisir,concept,Geografi fisik pesisir,,,
perencanaan aksi edukasi,topic_fine,Perencanaan Aksi Edukasi,C3-Menerapkan,3.0,1.0
identifikasi gejala sosial (threats),concept,Identifikasi Gejala Sosial (Threats),C3-Menerapkan,3.0,1.0
pemanfaatan keahlian (strength),concept,Pemanfaatan Keahlian (Strength),C3-Menerapkan,3.0,1.0
q_4b1b0e0d1c,question,Jika sebuah kelompok siswa memiliki keahlian desain grafis (Strength) namun melihat adanya banyak berita hoaks di grup w,C3-Menerapkan,3.0,
pelaksanaan aksi edukasi,concept,Pelaksanaan Aksi Edukasi,,,
monitoring dan evaluasi aksi,concept,Monitoring dan Evaluasi Aksi,,,
penjelasan kebijakan penyerahan hasil panen,topic_fine,Penjelasan Kebijakan Penyerahan Hasil Panen,,,
kebijakan penyerahan wajib hasil panen,concept,Kebijakan Penyerahan Wajib Hasil Panen,C3-Menerapkan,3.0,1.0
narasi propaganda jepang,concept,Narasi Propaganda Jepang,C3-Menerapkan,3.0,1.0
pemimpin desa,concept,Pemimpin Desa,C3-Menerapkan,3.0,1.0
q_31d2e6d6bb,question,Bayangkan Anda adalah seorang pemimpin desa. Bagaimana Anda akan menjelaskan kebijakan penyerahan wajib hasil panen kepa,C3-Menerapkan,3.0,
pemahaman konteks ekspansi jepang,concept,Pemahaman konteks ekspansi Jepang,,,
analisis propaganda politik,concept,Analisis propaganda politik,,,
geografi biologi indonesia,topic_coarse,Geografi Biologi Indonesia,,,
pembagian fauna berdasarkan garis wallace,topic_fine,Pembagian Fauna Berdasarkan Garis Wallace,,,
garis wallace,concept,Garis Wallace,C4-Menganalisis,4.0,3.0
fauna indonesia bagian barat (asiatis),concept,Fauna Indonesia bagian barat (Asiatis),C3-Menerapkan,3.0,1.0
fauna indonesia tengah (peralihan),concept,Fauna Indonesia tengah (Peralihan),C3-Menerapkan,3.0,1.0
fauna indonesia timur (australis),concept,Fauna Indonesia timur (Australis),C3-Menerapkan,3.0,1.0
q_2a27265ec0,question,"Seorang turis melihat orangutan di habitat aslinya. Berdasarkan konsep Garis Wallace, di sebelah mana (barat atau timur)",C3-Menerapkan,3.0,
konsep garis wallace dan pembagian zona fauna,concept,Konsep Garis Wallace dan pembagian zona fauna,,,
konsep garis weber,concept,Konsep Garis Weber,,,
pembagian flora indonesia,concept,Pembagian flora Indonesia,,,
masa transisi pasca-g30s,topic_fine,Masa Transisi Pasca-G30S,,,
pidato nawaksara,concept,Pidato Nawaksara,C3-Menerapkan,3.0,1.0
mprs,concept,MPRS,C3-Menerapkan,3.0,1.0
supersemar,concept,Supersemar,C6-Mencipta,5.0,2.0
q_b6a6b47046,question,"Presiden Soekarno menyampaikan pidato Nawaksara di depan MPRS. Terapkan konteks, apa yang sedang dilakukan Soekarno?",C3-Menerapkan,3.0,
g30s,concept,G30S,,,
masa transisi 1966-1967,concept,Masa Transisi 1966-1967,,,
tap mprs no. ix/1966,concept,Tap MPRS No. IX/1966,,,
perhitungan keuntungan investasi,topic_fine,Perhitungan Keuntungan Investasi,,,
harga beli,concept,Harga Beli,C3-Menerapkan,3.0,1.0
harga jual,concept,Harga Jual,C3-Menerapkan,3.0,1.0
q_4a36450540,question,"Budi membeli emas batangan seberat 2 gram dengan harga Rp950.000 per gram. Dua tahun kemudian, ia menjual seluruh emasny",C3-Menerapkan,3.0,
perhitungan matematis,method,Perhitungan matematis,,,
konsep dasar investasi,concept,Konsep dasar investasi,,,
jenis-jenis instrumen investasi,concept,Jenis-jenis Instrumen Investasi,,,
pengelolaan pinjaman luar negeri,topic_fine,Pengelolaan Pinjaman Luar Negeri,,,
pengelolaan utang luar negeri,concept,Pengelolaan Utang Luar Negeri,C3-Menerapkan,3.0,1.0
q_ca131bb21c,question,"Bayangkan Anda adalah gubernur bank sentral. Berdasarkan teks, bagaimana Anda akan mengarahkan penggunaan pinjaman luar ",C3-Menerapkan,3.0,
kebijakan moneter indonesia,concept,Kebijakan Moneter Indonesia,,,
asas penataan ruang untuk lingkungan,topic_fine,Asas Penataan Ruang untuk Lingkungan,,,
perencanaan tata ruang,concept,Perencanaan Tata Ruang,C3-Menerapkan,3.0,1.0
pengelolaan ruang optimal,concept,Pengelolaan Ruang Optimal,C3-Menerapkan,3.0,1.0
q_7c6f585786,question,"Jika sebuah komunitas ingin memastikan pembangunan di wilayahnya tidak merusak lingkungan, asas penataan ruang manakah y",C3-Menerapkan,3.0,
jenis-jenis asas penataan ruang,concept,Jenis-jenis Asas Penataan Ruang,,,
implementasi perencanaan tata ruang,concept,Implementasi Perencanaan Tata Ruang,,,
perhitungan penghasilan kotor dan bersih,topic_fine,Perhitungan Penghasilan Kotor dan Bersih,,,
penghasilan kotor,concept,Penghasilan Kotor,C3-Menerapkan,3.0,1.0
penghasilan bersih,concept,Penghasilan Bersih,C3-Menerapkan,3.0,1.0
pengurangan biaya (asuransi),concept,Pengurangan Biaya (Asuransi),C3-Menerapkan,3.0,1.0
q_bad1623f7b,question,"Budi mendapatkan penghasilan dari kerja sambilan sebesar Rp 500.000. Sebelum ia menerima uang tersebut, perusahaan memot",C3-Menerapkan,3.0,
aritmatika dasar,method,Aritmatika dasar,,,
konsep dasar penghitungan keuangan,concept,Konsep dasar penghitungan keuangan,,,
konsep pajak penghasilan,concept,Konsep pajak penghasilan,,,
implementasi paradigma agropolitan,topic_fine,Implementasi Paradigma Agropolitan,,,
paradigma agropolitan,concept,Paradigma Agropolitan,C3-Menerapkan,3.0,1.0
peningkatan pendapatan,concept,Peningkatan Pendapatan,C3-Menerapkan,3.0,1.0
penyediaan fasilitas,concept,Penyediaan Fasilitas,C3-Menerapkan,3.0,1.0
pemerataan desa kota,concept,Pemerataan Desa Kota,C3-Menerapkan,3.0,1.0
q_eec132f3d9,question,"Jika Anda seorang kepala desa yang ingin menerapkan prinsip paradigma agropolitan, program apa yang akan Anda usulkan un",C3-Menerapkan,3.0,
paradigma pengembangan wilayah baru,concept,Paradigma pengembangan wilayah baru,,,
dampak perubahan iklim pada pertanian,topic_fine,Dampak Perubahan Iklim pada Pertanian,,,
pola hujan tidak teratur,concept,Pola Hujan Tidak Teratur,C3-Menerapkan,3.0,1.0
sistem tadah hujan,concept,Sistem Tadah Hujan,C3-Menerapkan,3.0,1.0
dampak pada petani,concept,Dampak pada Petani,C3-Menerapkan,3.0,1.0
q_edf613f6b1,question,"Berdasarkan informasi bahwa perubahan iklim menyebabkan pola hujan tidak teratur, tunjukkan potensi masalah yang akan di",C3-Menerapkan,3.0,
konsep sistem tadah hujan,concept,Konsep Sistem Tadah Hujan,,,
adaptasi terhadap perubahan iklim,concept,Adaptasi terhadap perubahan iklim,,,
jenis kebijakan fiskal,topic_fine,Jenis Kebijakan Fiskal,,,
instrumen kebijakan fiskal (apbn/apbd),concept,Instrumen Kebijakan Fiskal (APBN/APBD),C3-Menerapkan,3.0,1.0
q_a4e587e3da,question,Bank Sentral menaikkan suku bunga. Apakah ini termasuk instrumen Kebijakan Fiskal? Jelaskan mengapa!,C3-Menerapkan,3.0,
taman nasional,concept,Taman Nasional,C3-Menerapkan,3.0,1.0
q_eb24dbd9a7,question,"Pemerintah daerah ingin membuat sebuah kawasan lindung yang tidak hanya untuk melindungi ekosistem hutan bakau, tetapi j",C3-Menerapkan,3.0,
dua metode pelestarian (in situ dan ex situ),concept,Dua metode pelestarian (in situ dan ex situ),,,
pilihan investasi keuangan pribadi,topic_fine,Pilihan Investasi Keuangan Pribadi,,,
investasi emas,concept,Investasi Emas,C4-Menganalisis,4.0,2.0
deposito,concept,Deposito,C3-Menerapkan,3.0,1.0
konsep investasi,concept,Konsep Investasi,C3-Menerapkan,3.0,1.0
q_8d39579bcb,question,"Jika seseorang memiliki sisa uang setelah memenuhi kebutuhan primernya, ia berpikir untuk membeli emas atau menyimpannya",C3-Menerapkan,3.0,
pemahaman kebutuhan primer,concept,Pemahaman Kebutuhan Primer,,,
manajemen risiko keuangan,concept,Manajemen risiko keuangan,,,
perjuangan bangsa indonesia,topic_coarse,Perjuangan Bangsa Indonesia,,,
nasionalisme dan persatuan pemuda,topic_fine,Nasionalisme dan Persatuan Pemuda,,,
rasa senasib sepenanggungan,concept,Rasa senasib sepenanggungan,C3-Menerapkan,3.0,1.0
slogan persatuan,concept,Slogan persatuan,C3-Menerapkan,3.0,1.0
"organisasi pemuda (jong java, jong islamieten bond)",concept,"Organisasi pemuda (Jong Java, Jong Islamieten Bond)",C3-Menerapkan,3.0,1.0
kongres pemuda,concept,Kongres pemuda,C3-Menerapkan,3.0,1.0
q_e4a8ce5fe1,question,Tunjukkan bagaimana prinsip 'rasa senasib sepenanggungan' dapat digunakan sebagai slogan untuk menyatukan organisasi Jon,C3-Menerapkan,3.0,
perjuangan melawan penjajahan,concept,Perjuangan melawan penjajahan,,,
paham kebangsaan/nasionalisme,concept,Paham kebangsaan/nasionalisme,,,
strategi persatuan dalam pergerakan,concept,Strategi persatuan dalam pergerakan,,,
perkembangan ekonomi era sukarno,topic_fine,Perkembangan Ekonomi Era Sukarno,,,
demokrasi terpimpin,concept,Demokrasi Terpimpin,C6-Mencipta,5.0,3.0
"kebijakan ekonomi (gunting sjafruddin, sistem ekonomi benteng, sistem ali-baba)",concept,"Kebijakan Ekonomi (Gunting Sjafruddin, Sistem Ekonomi Benteng, Sistem Ali-Baba)",C3-Menerapkan,3.0,1.0
q_db7b25c9b1,question,"Universitas seperti UI, UGM, dan ITB didirikan. Terapkan konteks, perkembangan di bidang apa yang sedang terjadi?",C3-Menerapkan,3.0,
dampak kebijakan ekonomi terhadap pembangunan,concept,Dampak kebijakan ekonomi terhadap pembangunan,,,
relevansi sdg untuk masalah kesehatan,topic_fine,Relevansi SDG untuk masalah kesehatan,,,
isu kesehatan (penyakit diare),concept,Isu kesehatan (penyakit diare),C3-Menerapkan,3.0,1.0
integrasi indikator pembangunan,concept,Integrasi indikator pembangunan,C3-Menerapkan,3.0,1.0
q_8cea78b1c8,question,"Jika sebuah desa sering mengalami wabah penyakit diare, penerapan SDG manakah yang paling relevan untuk mengatasi masala",C3-Menerapkan,3.0,
pemahaman dasar tentang sdgs,concept,Pemahaman dasar tentang SDGs,,,
analisis indikator sdg spesifik,concept,Analisis indikator SDG spesifik,,,
perencanaan intervensi pembangunan,concept,Perencanaan intervensi pembangunan,,,
kecakapan sosial dan kepemimpinan,topic_coarse,Kecakapan Sosial dan Kepemimpinan,,,
pemilihan kegiatan ekstrakurikuler,topic_fine,Pemilihan Kegiatan Ekstrakurikuler,,,
kecakapan sosial,concept,Kecakapan sosial,C3-Menerapkan,3.0,1.0
kegiatan ekstrakurikuler,concept,Kegiatan ekstrakurikuler,C3-Menerapkan,3.0,1.0
q_ac976f864d,question,Bayangkan kamu ingin mengembangkan kecakapan sosial dalam bidang kepemimpinan. Kegiatan ekstrakurikuler apa yang akan ka,C3-Menerapkan,3.0,
pemahaman tentang kecakapan sosial,concept,Pemahaman tentang kecakapan sosial,,,
strategi pengembangan kepemimpinan,concept,Strategi pengembangan kepemimpinan,,,
pemanfaatan limbah kelapa sawit,topic_fine,Pemanfaatan Limbah Kelapa Sawit,,,
industri sawit,concept,Industri Sawit,C3-Menerapkan,3.0,1.0
bioenergi,concept,Bioenergi,C3-Menerapkan,3.0,1.0
pengembangan produk,concept,Pengembangan Produk,C3-Menerapkan,3.0,1.0
pemanfaatan limbah,concept,Pemanfaatan Limbah,C3-Menerapkan,3.0,1.0
q_5a7bb5e011,question,Seorang pengusaha ingin memanfaatkan limbah kelapa sawit. Terapkan konsep industri sawit dan bioenergi untuk memberikan ,C3-Menerapkan,3.0,
konsep industri sawit,concept,Konsep Industri Sawit,,,
konsep bioenergi,concept,Konsep Bioenergi,,,
analisis kelayakan produk,concept,Analisis Kelayakan Produk,,,
pengelolaan limbah berkelanjutan,concept,Pengelolaan Limbah Berkelanjutan,,,
komponen konflik,concept,Komponen konflik,C3-Menerapkan,3.0,1.0
kerangka 5w+1h,concept,Kerangka 5W+1H,C5-Mengevaluasi,4.0,2.0
q_30176c04ad,question,Terapkan kerangka 5W+1H untuk mengidentifikasi komponen awal pada kasus tawuran pelajar yang terjadi di depan sekolah An,C3-Menerapkan,3.0,
menerapkan kerangka 5w+1h,method,Menerapkan kerangka 5W+1H,,,
hukum perpajakan,topic_coarse,Hukum Perpajakan,,,
kewajiban pajak,concept,Kewajiban Pajak,C3-Menerapkan,3.0,1.0
q_efc0520c61,question,Seorang warga negara asing yang bekerja dan tinggal di Indonesia juga diwajibkan membayar pajak. Terapkan ciri-ciri paja,C3-Menerapkan,3.0,
klasifikasi akun aset dan liabilitas,topic_fine,Klasifikasi Akun Aset dan Liabilitas,,,
akun kendaraan,concept,Akun Kendaraan,C3-Menerapkan,3.0,1.0
akun utang usaha,concept,Akun Utang Usaha,C3-Menerapkan,3.0,1.0
q_26d5ce73eb,question,Perusahaan membeli sebuah mobil baru secara kredit untuk operasional kantor. Klasifikasikan akun 'Kendaraan' dan 'Utang ,C3-Menerapkan,3.0,
pencatatan transaksi,concept,Pencatatan Transaksi,,,
paradigma liberalisme dalam isu global,topic_fine,Paradigma Liberalisme dalam Isu Global,,,
interdependensi antarnegara,concept,Interdependensi antarnegara,C3-Menerapkan,3.0,1.0
penyelesaian masalah internasional,concept,Penyelesaian masalah internasional,C3-Menerapkan,3.0,1.0
paradigma liberalisme,concept,Paradigma Liberalisme,C3-Menerapkan,3.0,1.0
q_c5883bc630,question,"Apabila PBB menginisiasi sebuah kesepakatan global untuk mengurangi emisi karbon yang diikuti oleh hampir semua negara, ",C3-Menerapkan,3.0,
teori realisme,concept,Teori Realisme,,,
teori konstruktivisme,concept,Teori Konstruktivisme,,,
sejarah politik internasional,topic_coarse,Sejarah Politik Internasional,,,
reaksi terhadap perjanjian internasional,topic_fine,Reaksi terhadap Perjanjian Internasional,,,
kekecewaan terhadap perjanjian internasional,concept,Kekecewaan terhadap perjanjian internasional,C3-Menerapkan,3.0,1.0
kebangkitan gerakan nasionalis ekstrem,concept,Kebangkitan gerakan nasionalis ekstrem,C3-Menerapkan,3.0,1.0
perjanjian washington,concept,Perjanjian Washington,C3-Menerapkan,3.0,1.0
q_fe5903d120,question,"Berikan contoh bagaimana kekecewaan terhadap perjanjian internasional, seperti Perjanjian Washington, dapat memicu keban",C3-Menerapkan,3.0,
pemahaman tentang perjanjian internasional,concept,Pemahaman tentang perjanjian internasional,,,
konsep gerakan nasionalis,concept,Konsep gerakan nasionalis,,,
analisis dampak perjanjian internasional,concept,Analisis dampak perjanjian internasional,,,
perbandingan gerakan nasionalis,concept,Perbandingan gerakan nasionalis,,,
propaganda rekrutmen romusha,topic_fine,Propaganda Rekrutmen Romusha,,,
gerakan tiga a,concept,Gerakan Tiga A,C3-Menerapkan,3.0,1.0
propaganda,concept,Propaganda,C3-Menerapkan,3.0,1.0
rekrutmen pekerja romusha,concept,Rekrutmen Pekerja Romusha,C3-Menerapkan,3.0,1.0
q_5871a3b351,question,"Berdasarkan konsep propaganda Gerakan Tiga A, buatlah sebuah slogan tambahan yang mungkin digunakan Jepang untuk merekru",C3-Menerapkan,3.0,
konsep gerakan tiga a,concept,Konsep Gerakan Tiga A,,,
dampak eksploitasi romusha,concept,Dampak Eksploitasi Romusha,,,
ekonomi pembangunan,topic_coarse,Ekonomi Pembangunan,,,
redistribusi pendapatan dan kebijakan fiskal,topic_fine,Redistribusi Pendapatan dan Kebijakan Fiskal,,,
pajak,concept,Pajak,C3-Menerapkan,3.0,1.0
pembiayaan pembangunan,concept,Pembiayaan Pembangunan,C3-Menerapkan,3.0,1.0
q_d5095aee5a,question,"Untuk membiayai pembangunan jalan raya, pemerintah menaikkan tarif pajak kendaraan bermotor. Jelaskan bagaimana mekanism",C3-Menerapkan,3.0,
konsep dasar redistribusi pendapatan,concept,Konsep Dasar Redistribusi Pendapatan,,,
dampak kebijakan fiskal,concept,Dampak Kebijakan Fiskal,,,
faktor tanah,concept,Faktor Tanah,C3-Menerapkan,3.0,1.0
"karakteristik tanah (subur, tidak berkapur)",concept,"Karakteristik Tanah (Subur, Tidak Berkapur)",C3-Menerapkan,3.0,1.0
persyaratan hidup spesies,concept,Persyaratan Hidup Spesies,C3-Menerapkan,3.0,1.0
q_8c21fe3329,question,Apabila sebuah bibit pohon jati secara tidak sengaja terbawa ke wilayah Jawa Tengah yang tanahnya subur namun tidak berk,C3-Menerapkan,3.0,
faktor iklim,concept,Faktor Iklim,C4-Menganalisis,4.0,1.0
peran manusia dalam persebaran,concept,Peran Manusia dalam Persebaran,,,
penerapan teknologi dalam pembangunan,topic_fine,Penerapan Teknologi dalam Pembangunan,,,
teknologi drone,concept,Teknologi Drone,C3-Menerapkan,3.0,1.0
industri 4.0,concept,Industri 4.0,C3-Menerapkan,3.0,1.0
pembangunan komprehensif,concept,Pembangunan Komprehensif,C3-Menerapkan,3.0,1.0
wilayah terpencil (papua),concept,Wilayah Terpencil (Papua),C3-Menerapkan,3.0,1.0
q_8362f47683,question,"Berikan sebuah contoh bagaimana teknologi drone, yang merupakan bagian dari Industri 4.0, dapat digunakan untuk mendukun",C3-Menerapkan,3.0,
pengenalan teknologi drone,concept,Pengenalan Teknologi Drone,,,
analisis dampak teknologi,concept,Analisis Dampak Teknologi,,,
perencanaan pembangunan berbasis teknologi,concept,Perencanaan Pembangunan Berbasis Teknologi,,,
toponimi dan geografi,topic_coarse,Toponimi dan Geografi,,,
penelusuran nama tempat historis,topic_fine,Penelusuran Nama Tempat Historis,,,
perubahan nama tempat,concept,Perubahan Nama Tempat,C3-Menerapkan,3.0,1.0
metode penelusuran sejarah,concept,Metode Penelusuran Sejarah,C3-Menerapkan,3.0,1.0
q_87c151730e,question,Seorang siswa menemukan peta dari zaman kolonial yang menunjukkan nama desanya berbeda dengan nama sekarang. Penemuan in,C3-Menerapkan,3.0,
pemahaman tentang toponimi,concept,Pemahaman tentang Toponimi,,,
studi sejarah lokal,concept,Studi Sejarah Lokal,,,
dampak fluktuasi nilai tukar,topic_fine,Dampak Fluktuasi Nilai Tukar,,,
nilai tukar mata uang,concept,Nilai Tukar Mata Uang,C3-Menerapkan,3.0,1.0
keputusan importir,concept,Keputusan Importir,C3-Menerapkan,3.0,1.0
fluktuasi ekonomi,concept,Fluktuasi Ekonomi,C3-Menerapkan,3.0,1.0
q_f14551da30,question,"Jika nilai tukar mata uang Rupiah terhadap Dolar AS terus berfluktuasi secara drastis setiap hari, bagaimana hal ini aka",C3-Menerapkan,3.0,
konsep dasar perdagangan internasional,concept,Konsep dasar Perdagangan Internasional,,,
pengaruh nilai tukar terhadap ekspor/impor,concept,Pengaruh Nilai Tukar terhadap Ekspor/Impor,,,
pengukuran kesejahteraan komunitas adat,topic_fine,Pengukuran Kesejahteraan Komunitas Adat,,,
indikator kesejahteraan (ipm),concept,Indikator Kesejahteraan (IPM),C3-Menerapkan,3.0,1.0
indikator budaya lokal ('gemah ripah loh jinawi'),concept,Indikator Budaya Lokal ('gemah ripah loh jinawi'),C3-Menerapkan,3.0,1.0
penelitian kesejahteraan,concept,Penelitian Kesejahteraan,C3-Menerapkan,3.0,1.0
q_bd48dcce1b,question,"Anda adalah seorang peneliti yang ditugaskan mengukur kesejahteraan di komunitas adat. Selain menggunakan data IPM, baga",C3-Menerapkan,3.0,
pemahaman tentang kesejahteraan sosial,concept,Pemahaman tentang Kesejahteraan Sosial,,,
metodologi penelitian kualitatif,concept,Metodologi Penelitian Kualitatif,,,
analisis data budaya,concept,Analisis Data Budaya,,,
sosiologi masalah sosial,topic_coarse,Sosiologi Masalah Sosial,,,
perbedaan standar upah minimum regional,topic_fine,Perbedaan Standar Upah Minimum Regional,,,
upah tidak layak,concept,Upah Tidak Layak,C3-Menerapkan,3.0,1.0
sifat subjektif,concept,Sifat Subjektif,C3-Menerapkan,3.0,1.0
q_608a01ecac,question,"Pemerintah kota A menetapkan upah minimum regional (UMR) sebesar 3 juta rupiah, sementara kota B menetapkannya sebesar 5",C3-Menerapkan,3.0,
analisis penyelesaian masalah sosial,concept,Analisis Penyelesaian Masalah Sosial,,,
sejarah global nusantara,topic_coarse,Sejarah Global Nusantara,,,
peran jalur rempah dan perdagangan,topic_fine,Peran Jalur Rempah dan Perdagangan,,,
posisi sentral nusantara,concept,Posisi sentral Nusantara,C4-Menganalisis,4.0,1.0
asal-usul penjelajah dan pedagang,concept,Asal-usul penjelajah dan pedagang,C4-Menganalisis,4.0,1.0
interkoneksi global,concept,Interkoneksi global,C4-Menganalisis,4.0,1.0
q_d751b28524,question,"Bagaimana beragamnya asal-usul para penjelajah dan pedagang yang disebut dalam teks (Romawi/Mesir, Cina, Arab, Portugis)",C4-Menganalisis,4.0,
menganalisis,method,Menganalisis,,,
sejarah interkoneksi global,concept,Sejarah interkoneksi global,,,
peran rempah-rempah dalam perdagangan,concept,Peran rempah-rempah dalam perdagangan,,,
perkembangan jalur perdagangan maritim,concept,Perkembangan jalur perdagangan maritim,,,
perbandingan tujuan ketahanan wilayah,topic_fine,Perbandingan Tujuan Ketahanan Wilayah,,,
meningkatkan stabilitas kawasan,concept,Meningkatkan Stabilitas Kawasan,C4-Menganalisis,4.0,1.0
membuka lapangan kerja,concept,Membuka Lapangan Kerja,C4-Menganalisis,4.0,1.0
aspek keamanan,concept,Aspek Keamanan,C4-Menganalisis,4.0,1.0
q_f9df6c3d57,question,Bandingkan tujuan dari 'Meningkatkan Stabilitas Kawasan' dan 'Membuka Lapangan Kerja'. Manakah yang lebih berfokus pada ,C4-Menganalisis,4.0,
faktor penentu ketahanan wilayah,concept,Faktor Penentu Ketahanan Wilayah,,,
alokasi anggaran dan program dukungan,topic_fine,Alokasi Anggaran dan Program Dukungan,,,
alokasi anggaran 20% apbn,concept,Alokasi Anggaran 20% APBN,C4-Menganalisis,4.0,1.0
program bidikmisi,concept,Program Bidikmisi,C4-Menganalisis,4.0,1.0
q_83e10208d9,question,Analisislah hubungan antara alokasi anggaran 20% dengan peluncuran program BOS dan Bidikmisi!,C4-Menganalisis,4.0,
teori perlawanan,topic_coarse,Teori Perlawanan,,,
perbandingan pendekatan perlawanan,topic_fine,Perbandingan pendekatan perlawanan,,,
fadha’il al-jihad (syaikh abd al-shamad al-palimbani),concept,Fadha’il al-Jihad (Syaikh Abd Al-Shamad Al-Palimbani),C4-Menganalisis,4.0,1.0
satyagraha (mahatma gandhi),concept,Satyagraha (Mahatma Gandhi),C4-Menganalisis,4.0,1.0
q_07b0d79733,question,Bandingkan pendekatan perlawanan yang dianjurkan oleh Syaikh Abd Al-Shamad Al-Palimbani melalui 'Fadha’il al-Jihad' deng,C4-Menganalisis,4.0,
pemahaman tentang nasionalisme,concept,Pemahaman tentang Nasionalisme,,,
perbandingan teori perlawanan lainnya,concept,Perbandingan teori perlawanan lainnya,,,
sejarah dan geologi bumi,topic_coarse,Sejarah dan Geologi Bumi,,,
tahapan perkembangan kehidupan berdasarkan zaman geologis,topic_fine,Tahapan perkembangan kehidupan berdasarkan zaman geologis,,,
perkembangan kehidupan di bumi,concept,Perkembangan kehidupan di bumi,C4-Menganalisis,4.0,1.0
empat zaman geologis,concept,Empat zaman geologis,C4-Menganalisis,4.0,1.0
q_9ff480878d,question,"Uraikan tahapan perkembangan kehidupan di bumi, mulai dari ketiadaan kehidupan hingga munculnya manusia, berdasarkan emp",C4-Menganalisis,4.0,
gerak tektonik dan pembentukan bentang alam,topic_fine,Gerak Tektonik dan Pembentukan Bentang Alam,,,
gerak orogenetik,concept,Gerak Orogenetik,C4-Menganalisis,4.0,1.0
pembentukan pegunungan,concept,Pembentukan Pegunungan,C4-Menganalisis,4.0,1.0
pergerakan lempeng tektonik,concept,Pergerakan Lempeng Tektonik,C4-Menganalisis,4.0,1.0
q_a5c141e449,question,"Analisislah mengapa gerak orogenetik mampu membentuk pegunungan, sedangkan gerak epirogenetik hanya menyebabkan naik tur",C4-Menganalisis,4.0,
jenis-jenis pergerakan lempeng tektonik,concept,Jenis-jenis pergerakan lempeng tektonik,,,
"dampak aktivitas tektonik (gempa bumi, vulkanisme)",concept,"Dampak aktivitas tektonik (gempa bumi, vulkanisme)",,,
ilmu kebumian,topic_coarse,Ilmu Kebumian,,,
ketersediaan air tawar,topic_fine,Ketersediaan Air Tawar,,,
komposisi air bumi (air asin vs air tawar),concept,Komposisi air bumi (air asin vs air tawar),C4-Menganalisis,4.0,1.0
pembatasan ketersediaan air tawar,concept,Pembatasan ketersediaan air tawar,C4-Menganalisis,4.0,1.0
q_9f0210be50,question,Mengapa ketersediaan air tawar menjadi isu krusial padahal 71% permukaan bumi tertutup air?,C4-Menganalisis,4.0,
komposisi air bumi,concept,Komposisi Air Bumi,,,
dampak kelangkaan air tawar,concept,Dampak kelangkaan air tawar,,,
manajemen sumber daya air,concept,Manajemen Sumber Daya Air,,,
hubungan manfaat ekologis dan ekonomi,topic_fine,Hubungan Manfaat Ekologis dan Ekonomi,,,
manfaat ekologis keanekaragaman hayati,concept,Manfaat Ekologis Keanekaragaman Hayati,C4-Menganalisis,4.0,1.0
manfaat ekonomi sektor pertanian,concept,Manfaat Ekonomi Sektor Pertanian,C4-Menganalisis,4.0,1.0
sebab-akibat,concept,Sebab-Akibat,C4-Menganalisis,4.0,4.0
q_d2240a691f,question,Analisis hubungan sebab-akibat antara manfaat ekologis keanekaragaman hayati (produksi oksigen dan perbaikan kualitas ta,C4-Menganalisis,4.0,
dampak keanekaragaman hayati terhadap perekonomian,concept,Dampak Keanekaragaman Hayati terhadap Perekonomian,,,
perbandingan alokasi investasi keuangan,topic_fine,Perbandingan Alokasi Investasi Keuangan,,,
menabung di bank konvensional,concept,Menabung di Bank Konvensional,C4-Menganalisis,4.0,1.0
potensi keuntungan,concept,Potensi Keuntungan,C4-Menganalisis,4.0,1.0
risiko keuangan,concept,Risiko Keuangan,C4-Menganalisis,4.0,1.0
q_b3a0fa95e6,question,Bandingkan antara seseorang yang mengalokasikan sisa penghasilannya untuk investasi emas dengan seseorang yang memilih u,C4-Menganalisis,4.0,
pengelolaan keuangan dasar,concept,Pengelolaan Keuangan Dasar,,,
manajemen risiko investasi,concept,Manajemen Risiko Investasi,,,
perencanaan keuangan jangka panjang,concept,Perencanaan Keuangan Jangka Panjang,,,
peran pedagang dalam penyebaran agama,topic_fine,Peran Pedagang dalam Penyebaran Agama,,,
peran ganda pedagang,concept,Peran ganda pedagang,C4-Menganalisis,4.0,1.0
penyebar agama islam,concept,Penyebar agama Islam,C4-Menganalisis,4.0,1.0
q_1ecbabf554,question,"Analisis mengapa para pedagang pada masa itu seringkali memiliki peran ganda, yaitu sebagai pelaku ekonomi sekaligus seb",C4-Menganalisis,4.0,
jalur perdagangan asia,concept,Jalur perdagangan Asia,,,
penyebaran islam di indonesia,concept,Penyebaran Islam di Indonesia,,,
dampak ekonomi interaksi budaya,concept,Dampak ekonomi interaksi budaya,,,
sejarah dan hubungan internasional,topic_coarse,Sejarah dan Hubungan Internasional,,,
sebab-akibat imperialisme modern,topic_fine,Sebab-akibat Imperialisme Modern,,,
revolusi industri di eropa,concept,Revolusi Industri di Eropa,C4-Menganalisis,4.0,1.0
imperialisme modern,concept,Imperialisme Modern,C4-Menganalisis,4.0,1.0
q_86805cd719,question,Analisislah hubungan sebab-akibat antara Revolusi Industri di Eropa dengan berkembangnya imperialisme modern di Indonesi,C4-Menganalisis,4.0,
pengetahuan tentang revolusi industri,concept,Pengetahuan tentang Revolusi Industri,,,
pengetahuan tentang imperialisme modern,concept,Pengetahuan tentang Imperialisme Modern,,,
dampak kolonialisme di indonesia,concept,Dampak Kolonialisme di Indonesia,,,
perbandingan imperialisme di berbagai wilayah,concept,Perbandingan Imperialisme di Berbagai Wilayah,,,
hubungan sejarah regional global,topic_coarse,Hubungan Sejarah Regional Global,,,
perbandingan gerakan non-blok dan asean,topic_fine,Perbandingan Gerakan Non-Blok dan ASEAN,,,
motivasi pembentukan gerakan non-blok,concept,Motivasi pembentukan Gerakan Non-Blok,C4-Menganalisis,4.0,1.0
motivasi pembentukan asean,concept,Motivasi pembentukan ASEAN,C4-Menganalisis,4.0,1.0
q_8a0980d836,question,Bandingkan dan kontraskan motivasi di balik pembentukan Gerakan Non-Blok dengan motivasi pembentukan ASEAN.,C4-Menganalisis,4.0,
pemahaman tentang dinamika regional dan global,concept,Pemahaman tentang dinamika regional dan global,,,
analisis perbandingan kebijakan luar negeri organisasi regional,concept,Analisis perbandingan kebijakan luar negeri organisasi regional,,,
langkah perencanaan harmoni sosial,topic_fine,Langkah Perencanaan Harmoni Sosial,,,
eksklusivisme,concept,Eksklusivisme,C4-Menganalisis,4.0,1.0
intoleransi,concept,Intoleransi,C4-Menganalisis,4.0,1.0
q_d0084599fb,question,Mengapa teks menekankan pentingnya mengidentifikasi isu seperti 'eksklusivisme' dan 'intoleransi' sebagai dasar untuk me,C4-Menganalisis,4.0,
tindakan sosial dan klasifikasi,topic_fine,Tindakan Sosial dan Klasifikasi,,,
tindakan rasional nilai,concept,Tindakan Rasional Nilai,C4-Menganalisis,4.0,1.0
sosialisasi,concept,Sosialisasi,C4-Menganalisis,4.0,1.0
q_05eb14de44,question,"Mengapa suatu tindakan yang sama, misalnya mengikuti upacara bendera, dapat dianalisis sebagai 'Tindakan Rasional Nilai'",C4-Menganalisis,4.0,
konsep dasar tindakan sosial,concept,Konsep dasar Tindakan Sosial,,,
teori tindakan sosial,concept,Teori Tindakan Sosial,,,
perbedaan antara tindakan rasional dan tradisional,concept,Perbedaan antara Tindakan Rasional dan Tradisional,,,
perbandingan taman hutan raya dan hutan lindung,topic_fine,Perbandingan Taman Hutan Raya dan Hutan Lindung,,,
taman hutan raya (tahura),concept,Taman Hutan Raya (Tahura),C4-Menganalisis,4.0,1.0
hutan lindung,concept,Hutan Lindung,C5-Mengevaluasi,4.0,2.0
perbandingan dan kontras,concept,Perbandingan dan kontras,C4-Menganalisis,4.0,2.0
q_73d4adca3c,question,Bandingkan dan kontraskan tujuan utama antara Taman Hutan Raya (Tahura) dan Hutan Lindung.,C4-Menganalisis,4.0,
konsep konservasi in situ,concept,Konsep konservasi in situ,,,
"metode pelestarian in situ (cagar alam, taman nasional)",concept,"Metode pelestarian in situ (Cagar Alam, Taman Nasional)",,,
reformasi dan demokrasi,topic_coarse,Reformasi dan Demokrasi,,,
dampak uu kebebasan berkumpul,topic_fine,Dampak UU Kebebasan Berkumpul,,,
uu no. 9/1998 tentang kebebasan berkumpul,concept,UU No. 9/1998 tentang Kebebasan Berkumpul,C4-Menganalisis,4.0,1.0
awal reformasi,concept,Awal Reformasi,C4-Menganalisis,4.0,1.0
q_a0df29426b,question,Analisislah dampak UU No. 9/1998 (Kebebasan Berkumpul) terhadap stabilitas politik di awal Reformasi!,C4-Menganalisis,4.0,
latar belakang orde baru,concept,Latar belakang Orde Baru,,,
dampak uu no. 40/1999 tentang pers,concept,Dampak UU No. 40/1999 tentang Pers,,,
kebijakan fiskal dan apbn,topic_fine,Kebijakan Fiskal dan APBN,,,
instrumen kebijakan,concept,Instrumen Kebijakan,C4-Menganalisis,4.0,1.0
q_eebb1a6728,question,Analisislah hubungan antara Kebijakan Fiskal (Konteks D) dan APBN (Konteks A). Bagaimana APBN digunakan sebagai instrume,C4-Menganalisis,4.0,
kebijakan perdagangan dan dampaknya,topic_fine,Kebijakan Perdagangan dan Dampaknya,,,
kebijakan dumping,concept,Kebijakan Dumping,C4-Menganalisis,4.0,1.0
dampak industri sejenis,concept,Dampak Industri Sejenis,C4-Menganalisis,4.0,1.0
q_f54366848e,question,Analisis hubungan sebab-akibat antara penerapan kebijakan dumping oleh suatu negara dengan kondisi industri sejenis di n,C4-Menganalisis,4.0,
pembatasan kegiatan bpr,topic_fine,Pembatasan Kegiatan BPR,,,
bpr,concept,BPR,C6-Mencipta,5.0,3.0
simpanan giro,concept,Simpanan Giro,C4-Menganalisis,4.0,1.0
kegiatan valuta asing,concept,Kegiatan Valuta Asing,C4-Menganalisis,4.0,1.0
q_9d1066417e,question,Analisislah mengapa BPR dilarang menerima simpanan giro dan melakukan kegiatan valuta asing.,C4-Menganalisis,4.0,
perbedaan bank dan iknb,concept,Perbedaan Bank dan IKNB,,,
regulasi lembaga keuangan,concept,Regulasi Lembaga Keuangan,,,
prioritas pembangunan kualitas sdm,topic_fine,Prioritas Pembangunan Kualitas SDM,,,
penguatan peran agama,concept,Penguatan peran agama,C4-Menganalisis,4.0,1.0
pembangunan kualitas sdm,concept,Pembangunan kualitas SDM,C4-Menganalisis,4.0,1.0
faktor penentu kemajuan ekonomi,concept,Faktor penentu kemajuan ekonomi,C4-Menganalisis,4.0,1.0
q_a1d74cdab4,question,Analisislah mengapa penguatan peran agama dimasukkan sebagai salah satu dari empat prioritas utama dalam pembangunan kua,C4-Menganalisis,4.0,
strategi peningkatan produktivitas sdm,concept,Strategi peningkatan produktivitas SDM,,,
aspek-aspek lain dalam pembangunan sdm,concept,Aspek-aspek lain dalam pembangunan SDM,,,
struktur atmosfer bumi,topic_coarse,Struktur Atmosfer Bumi,,,
perbandingan fungsi termosfer dan troposfer,topic_fine,Perbandingan fungsi termosfer dan troposfer,,,
fungsi termosfer,concept,Fungsi termosfer,C4-Menganalisis,4.0,1.0
fungsi troposfer,concept,Fungsi troposfer,C4-Menganalisis,4.0,1.0
aktivitas manusia modern,concept,Aktivitas manusia modern,C4-Menganalisis,4.0,1.0
q_f7b4566d66,question,Bandingkan fungsi lapisan termosfer dan troposfer dalam kaitannya dengan aktivitas manusia modern,C4-Menganalisis,4.0,
diferensiasi gejala sosial dan masalah sosial,topic_fine,Diferensiasi Gejala Sosial dan Masalah Sosial,,,
gejala sosial,concept,Gejala Sosial,C4-Menganalisis,4.0,1.0
masalah pribadi,concept,Masalah Pribadi,C4-Menganalisis,4.0,1.0
q_54ff5da020,question,Diferensiasikan antara gejala sosial dan masalah sosial berdasarkan penjelasan dalam konteks intisari.,C4-Menganalisis,4.0,
solusi masalah sosial,concept,Solusi Masalah Sosial,,,
transisi sistem pertukaran,topic_fine,Transisi Sistem Pertukaran,,,
skala perdagangan,concept,Skala Perdagangan,C4-Menganalisis,4.0,1.0
surat jaminan emas,concept,Surat Jaminan Emas,C4-Menganalisis,4.0,1.0
q_78890d5f26,question,Analisis hubungan sebab-akibat antara meningkatnya skala perdagangan dengan transisi dari penggunaan langsung logam muli,C4-Menganalisis,4.0,
kepemilikan komunal,concept,Kepemilikan komunal,,,
sistem moneter,concept,Sistem Moneter,,,
pajak dan literasi,topic_coarse,Pajak dan Literasi,,,
analisis tingkat pemahaman pajak,topic_fine,Analisis Tingkat Pemahaman Pajak,,,
persentase responden pajak,concept,Persentase Responden Pajak,C4-Menganalisis,4.0,1.0
literasi pajak nasional,concept,Literasi Pajak Nasional,C4-Menganalisis,4.0,1.0
analisis selisih data,concept,Analisis Selisih Data,C4-Menganalisis,4.0,1.0
q_f07cec79eb,question,"Bandingkan data persentase responden yang 'paham' (16,1% tentang pajak) dengan yang 'tidak paham' (18,7% tentang pajak).",C4-Menganalisis,4.0,
implikasi kebijakan pajak,concept,Implikasi Kebijakan Pajak,,,
strategi peningkatan literasi pajak,concept,Strategi Peningkatan Literasi Pajak,,,
model pemberdayaan top-down,topic_fine,Model Pemberdayaan Top-Down,C5-Mengevaluasi,5.0,3.0
kelemahan model bottom-up,concept,Kelemahan Model Bottom-Up,C4-Menganalisis,4.0,1.0
keunggulan model top-down,concept,Keunggulan Model Top-Down,C4-Menganalisis,4.0,1.0
dana pemerintah,concept,Dana Pemerintah,C4-Menganalisis,4.0,1.0
q_3a434d71d0,question,Analisislah hubungan sebab-akibat antara kelemahan model bottom-up (modal terbatas) dengan keunggulan model top-down (da,C4-Menganalisis,4.0,
model pemberdayaan (top-down dan bottom-up),concept,Model Pemberdayaan (Top-Down dan Bottom-Up),,,
perbandingan model pemberdayaan,concept,Perbandingan Model Pemberdayaan,,,
transisi politik pasca-g30s,topic_fine,Transisi Politik Pasca-G30S,,,
supersemar (mandat),concept,Supersemar (mandat),C4-Menganalisis,4.0,1.0
tap mprs no. xxxiii/1967 (pengangkatan),concept,Tap MPRS No. XXXIII/1967 (pengangkatan),C4-Menganalisis,4.0,1.0
awal transisi,concept,Awal transisi,C4-Menganalisis,4.0,1.0
akhir transisi,concept,Akhir transisi,C4-Menganalisis,4.0,1.0
q_66802c01ed,question,Bandingkan Supersemar (mandat) dan Tap MPRS No. XXXIII/1967 (pengangkatan). Manakah yang menjadi awal transisi dan manak,C4-Menganalisis,4.0,
peristiwa g30s,concept,Peristiwa G30S,,,
masa orde baru,concept,Masa Orde Baru,,,
perbandingan sumber sejarah,topic_fine,Perbandingan Sumber Sejarah,,,
sumber sejarah (lisan vs tertulis),concept,Sumber Sejarah (Lisan vs Tertulis),C4-Menganalisis,4.0,1.0
analisis sejarawan,concept,Analisis Sejarawan,C4-Menganalisis,4.0,1.0
karakteristik sumber sejarah,concept,Karakteristik Sumber Sejarah,C4-Menganalisis,4.0,1.0
q_929be8a3e7,question,Analisislah mengapa tradisi lisan seperti cerita 'Batu Mamberoki dan Tindawa' lebih sulit untuk dianalisis oleh sejarawa,C4-Menganalisis,4.0,
kritik sumber sejarah,concept,Kritik Sumber Sejarah,C6-Mencipta,5.0,1.0
metode historiografi,concept,Metode Historiografi,,,
fungsi apbd dan belanja modal,topic_fine,Fungsi APBD dan Belanja Modal,,,
belanja modal,concept,Belanja Modal,C4-Menganalisis,4.0,1.0
pencapaian tujuan pembangunan,concept,Pencapaian Tujuan Pembangunan,C4-Menganalisis,4.0,1.0
penciptaan lapangan kerja,concept,Penciptaan Lapangan Kerja,C4-Menganalisis,4.0,1.0
q_24c77955f1,question,"Untuk mencapai tujuan 'memperluas lapangan pekerjaan', program apa yang dapat didanai oleh APBD dari pos Belanja Modal?",C4-Menganalisis,4.0,
klasifikasi belanja,concept,Klasifikasi Belanja,,,
analisis alokasi anggaran,concept,Analisis Alokasi Anggaran,,,
evaluasi kinerja pemerintah daerah,concept,Evaluasi Kinerja Pemerintah Daerah,,,
fungsi toponimi sebagai identitas dan promosi,topic_fine,Fungsi Toponimi sebagai Identitas dan Promosi,,,
fungsi toponimi sebagai identitas,concept,Fungsi Toponimi sebagai Identitas,C4-Menganalisis,4.0,1.0
toponimi sebagai promosi pariwisata,concept,Toponimi sebagai Promosi Pariwisata,C4-Menganalisis,4.0,1.0
q_64492e32f8,question,Analisis hubungan antara fungsi toponimi sebagai 'identitas' dan sebagai 'promosi pariwisata'. Bagaimana sebuah nama tem,C4-Menganalisis,4.0,
studi kasus toponimi di indonesia,concept,Studi Kasus Toponimi di Indonesia,,,
peran nama tempat dalam branding,concept,Peran Nama Tempat dalam Branding,,,
indeks kebahagiaan dimensi makna hidup,topic_fine,Indeks Kebahagiaan Dimensi Makna Hidup,,,
kemandirian,concept,Kemandirian,C4-Menganalisis,4.0,1.0
penguasaan lingkungan,concept,Penguasaan Lingkungan,C4-Menganalisis,4.0,1.0
keterkaitan indikator kebahagiaan,concept,Keterkaitan Indikator Kebahagiaan,C4-Menganalisis,4.0,1.0
q_31ba6cbd06,question,"Dalam Dimensi Makna Hidup, terdapat indikator 'kemandirian' dan 'penguasaan lingkungan'. Analisislah bagaimana kedua hal",C4-Menganalisis,4.0,
konsep indeks kebahagiaan,concept,Konsep Indeks Kebahagiaan,,,
dimensi makna hidup,concept,Dimensi Makna Hidup,,,
perumusan kebijakan berbasis kesejahteraan subjektif,concept,Perumusan Kebijakan Berbasis Kesejahteraan Subjektif,,,
hubungan suku bangsa dan agama,topic_fine,Hubungan Suku Bangsa dan Agama,,,
agama,concept,Agama,C4-Menganalisis,4.0,1.0
q_570b6b1de3,question,Analisislah hubungan antara Suku Bangsa dan Agama. Mungkinkah satu Suku Bangsa memiliki beragam Agama?,C4-Menganalisis,4.0,
definisi suku bangsa,concept,Definisi Suku Bangsa,,,
letak geografis indonesia dan kolonialisme,topic_fine,Letak Geografis Indonesia dan Kolonialisme,,,
letak geografis indonesia (negara kepulauan tropis),concept,Letak geografis Indonesia (negara kepulauan tropis),C4-Menganalisis,4.0,1.0
kekayaan sumber daya alam (rempah-rempah),concept,Kekayaan sumber daya alam (rempah-rempah),C4-Menganalisis,4.0,1.0
pemicu penjelajahan samudra,concept,Pemicu penjelajahan samudra,C4-Menganalisis,4.0,1.0
imperialisme bangsa eropa,concept,Imperialisme bangsa Eropa,C4-Menganalisis,4.0,1.0
q_494b93b50f,question,Hubungkan antara letak geografis Indonesia sebagai negara kepulauan tropis dengan jenis imperialisme pertama yang ditera,C4-Menganalisis,4.0,
faktor pendorong kolonialisme,concept,Faktor pendorong kolonialisme,C6-Mencipta,5.0,1.0
dampak kolonialisme di nusantara,concept,Dampak kolonialisme di Nusantara,,,
polarisasi dunia pasca perang dunia ii,topic_fine,Polarisasi Dunia Pasca Perang Dunia II,,,
pembagian blok (barat vs timur),concept,Pembagian Blok (Barat vs Timur),C4-Menganalisis,4.0,1.0
ideologi (liberal-kapitalis vs komunis),concept,Ideologi (Liberal-Kapitalis vs Komunis),C4-Menganalisis,4.0,1.0
q_0e1e4b2b84,question,Analisislah mengapa dunia terpolarisasi setelah Perang Dunia II!,C4-Menganalisis,4.0,
peran komponen bebas aktif,topic_fine,Peran Komponen Bebas Aktif,,,
komponen bebas,concept,Komponen Bebas,C4-Menganalisis,4.0,1.0
komponen aktif,concept,Komponen Aktif,C4-Menganalisis,4.0,1.0
kedaulatan nasional,concept,Kedaulatan Nasional,C4-Menganalisis,4.0,1.0
perdamaian dunia,concept,Perdamaian Dunia,C4-Menganalisis,4.0,1.0
q_cf7ca0114a,question,Bedakan peran komponen 'Bebas' dan 'Aktif' dalam politik luar negeri Indonesia dalam konteks menjaga kedaulatan nasional,C4-Menganalisis,4.0,
konsep dasar politik luar negeri indonesia,concept,Konsep dasar politik luar negeri Indonesia,,,
kebijakan luar negeri indonesia spesifik,concept,Kebijakan luar negeri Indonesia spesifik,,,
teori hubungan internasional,concept,Teori hubungan internasional,,,
sistem keuangan digital,topic_coarse,Sistem keuangan digital,C4-Menganalisis,4.0,1.0
peran ojk dan fintech,topic_fine,Peran OJK dan Fintech,,,
peran otoritas jasa keuangan (ojk),concept,Peran Otoritas Jasa Keuangan (OJK),C4-Menganalisis,4.0,1.0
peran perusahaan fintech (contoh: gopay),concept,Peran perusahaan Fintech (contoh: GoPay),C4-Menganalisis,4.0,1.0
q_ce52e2d13e,question,Bedakan peran Otoritas Jasa Keuangan (OJK) dengan peran perusahaan Fintech seperti GoPay dalam sistem keuangan digital.,C4-Menganalisis,4.0,
pengenalan sistem keuangan,concept,Pengenalan sistem keuangan,,,
regulasi keuangan digital,concept,Regulasi keuangan digital,,,
aspek keamanan transaksi digital,concept,Aspek keamanan transaksi digital,,,
perbandingan kebijakan fiskal dan moneter,topic_fine,Perbandingan Kebijakan Fiskal dan Moneter,,,
instrumen kebijakan fiskal,concept,Instrumen Kebijakan Fiskal,C4-Menganalisis,4.0,1.0
koordinasi kebijakan fiskal dan moneter,concept,Koordinasi Kebijakan Fiskal dan Moneter,C4-Menganalisis,4.0,1.0
q_936269b1a4,question,Bandingkan instrumen Kebijakan Fiskal dengan instrumen Kebijakan Moneter. Mengapa kedua kebijakan ini harus dikoordinasi,C4-Menganalisis,4.0,
kebijakan fiskal ekspansif/kontraktif,concept,Kebijakan Fiskal Ekspansif/Kontraktif,,,
dampak kebijakan fiskal dan moneter,concept,Dampak Kebijakan Fiskal dan Moneter,,,
ekonomi mikro,topic_coarse,Ekonomi Mikro,,,
faktor pengaruh konsumsi,topic_fine,Faktor Pengaruh Konsumsi,,,
tujuan konsumsi (menjaga status sosial),concept,Tujuan Konsumsi (Menjaga Status Sosial),C4-Menganalisis,4.0,1.0
faktor eksternal (kebudayaan dan pekerjaan),concept,Faktor Eksternal (Kebudayaan dan Pekerjaan),C4-Menganalisis,4.0,1.0
q_d0219a87f1,question,Analisis mengapa tujuan konsumsi untuk 'menjaga status sosial' sangat dipengaruhi oleh faktor eksternal seperti kebudaya,C4-Menganalisis,4.0,
jenis-jenis kegiatan ekonomi,concept,Jenis-jenis Kegiatan Ekonomi,,,
produksi dan konsumsi,concept,Produksi dan Konsumsi,,,
faktor-faktor yang mempengaruhi keputusan konsumsi,concept,Faktor-faktor yang Mempengaruhi Keputusan Konsumsi,,,
teori perilaku konsumen,concept,Teori perilaku konsumen,,,
masyarakat jaringan dan teori,topic_fine,Masyarakat Jaringan dan Teori,,,
masyarakat jaringan (network society),concept,Masyarakat Jaringan (Network Society),C4-Menganalisis,4.0,1.0
the rise of the network society,concept,The Rise of The Network Society,C4-Menganalisis,4.0,1.0
prinsip respect (ribble),concept,Prinsip Respect (Ribble),C4-Menganalisis,4.0,1.0
q_a3d4ce5c8e,question,Bandingkan konsep 'jaringan' menurut Castells dengan prinsip 'Respect' dari Ribble. Mengapa 'Respect' menjadi krusial da,C4-Menganalisis,4.0,
teori masyarakat informasi,concept,Teori Masyarakat Informasi,,,
struktur sosial digital,concept,Struktur Sosial Digital,,,
perubahan kurikulum pendidikan,topic_fine,Perubahan Kurikulum Pendidikan,,,
"perubahan kurikulum (kbk, ktsp, k-13)",concept,"Perubahan Kurikulum (KBK, KTSP, K-13)",C4-Menganalisis,4.0,1.0
tujuan perubahan kurikulum,concept,Tujuan Perubahan Kurikulum,C4-Menganalisis,4.0,1.0
q_d2242e8f74,question,"Analisislah mengapa pemerintah merasa perlu terus mengubah kurikulum (KBK, KTSP, K-13)!",C4-Menganalisis,4.0,
implementasi kurikulum,concept,Implementasi Kurikulum,,,
evaluasi kurikulum,concept,Evaluasi Kurikulum,,,
dampak penghapusan pendidikan dualisme,topic_fine,Dampak Penghapusan Pendidikan Dualisme,,,
penghapusan sistem pendidikan dualisme,concept,Penghapusan sistem pendidikan dualisme,C4-Menganalisis,4.0,1.0
dampak terhadap struktur sosial,concept,Dampak terhadap struktur sosial,C4-Menganalisis,4.0,1.0
analisis dampak positif dan negatif,concept,Analisis dampak positif dan negatif,C4-Menganalisis,4.0,1.0
q_bf456ea0e3,question,Analisis dampak positif dan negatif dari penghapusan sistem pendidikan dualisme oleh Jepang terhadap struktur sosial mas,C4-Menganalisis,4.0,
sistem pendidikan dualisme di indonesia,concept,Sistem pendidikan dualisme di Indonesia,,,
dampak kebijakan pendidikan jepang,concept,Dampak kebijakan pendidikan Jepang,,,
struktur sosial masyarakat indonesia pasca-pendudukan,concept,Struktur sosial masyarakat Indonesia pasca-pendudukan,,,
faktor pendorong interaksi sosial budaya,topic_fine,Faktor pendorong interaksi sosial budaya,,,
faktor geografis,concept,Faktor geografis,C4-Menganalisis,4.0,1.0
perdagangan,concept,Perdagangan,C4-Menganalisis,4.0,1.0
aspek sosial budaya,concept,Aspek sosial budaya,C4-Menganalisis,4.0,1.0
q_28e2171068,question,Identifikasikan faktor-faktor kunci yang menyebabkan interaksi antara Nusantara dan bangsa asing tidak hanya terbatas pa,C4-Menganalisis,4.0,
dampak interaksi sosial budaya,concept,Dampak interaksi sosial budaya,,,
peran jalur perdagangan,concept,Peran jalur perdagangan,,,
sosiologi/integrasi sosial,topic_coarse,Sosiologi/Integrasi Sosial,,,
ancaman politik identitas terhadap integrasi sosial,topic_fine,Ancaman Politik Identitas terhadap Integrasi Sosial,,,
politik identitas,concept,Politik Identitas,C4-Menganalisis,4.0,1.0
persatuan,concept,Persatuan,C4-Menganalisis,4.0,1.0
q_2955f1ef56,question,"Bagaimana politik identitas, yang seringkali menonjolkan perbedaan, dapat menjadi ancaman langsung bagi terwujudnya inte",C4-Menganalisis,4.0,
strategi pencegahan perpecahan,concept,Strategi Pencegahan Perpecahan,,,
kebijakan referendum timor timur,concept,Kebijakan Referendum Timor Timur,C4-Menganalisis,4.0,1.0
citra presiden b.j. habibie,concept,Citra Presiden B.J. Habibie,C4-Menganalisis,4.0,1.0
q_3fa0ea39fe,question,Analisislah dampak dari kebijakan referendum Timor Timur bagi citra Presiden B.J. Habibie!,C4-Menganalisis,4.0,
peran b.j. habibie,concept,Peran B.J. Habibie,,,
dampak kebijakan reformasi,concept,Dampak Kebijakan Reformasi,,,
kebijakan politik pasca-reformasi,concept,Kebijakan Politik Pasca-Reformasi,,,
hubungan konferensi kolombo dan asia-afrika,topic_fine,Hubungan Konferensi Kolombo dan Asia-Afrika,,,
konferensi kolombo (1954),concept,Konferensi Kolombo (1954),C4-Menganalisis,4.0,1.0
konferensi asia-afrika (1955),concept,Konferensi Asia-Afrika (1955),C4-Menganalisis,4.0,1.0
q_19a4d46143,question,Analisislah hubungan antara Konferensi Kolombo (1954) dan Konferensi Asia-Afrika (1955)!,C4-Menganalisis,4.0,
dampak gerakan non-blok,concept,Dampak Gerakan Non-Blok,,,
dampak langsung perubahan iklim,concept,Dampak langsung perubahan iklim,C4-Menganalisis,4.0,1.0
dampak tidak langsung perubahan iklim,concept,Dampak tidak langsung perubahan iklim,C4-Menganalisis,4.0,1.0
cuaca ekstrem,concept,Cuaca ekstrem,C4-Menganalisis,4.0,1.0
penyakit akibat perubahan iklim,concept,Penyakit akibat perubahan iklim,C4-Menganalisis,4.0,1.0
q_c4e7bb524f,question,Bedakan antara dampak langsung (contoh: banjir akibat cuaca ekstrem) dan dampak tidak langsung (contoh: meningkatnya pen,C4-Menganalisis,4.0,
ekonomi keuangan,topic_coarse,Ekonomi Keuangan,,,
sebab akibat uang,topic_fine,Sebab Akibat Uang,,,
penciptaan uang,concept,Penciptaan Uang,C4-Menganalisis,4.0,1.0
alat tukar,concept,Alat Tukar,C4-Menganalisis,4.0,1.0
q_345292f5b8,question,Analisislah hubungan sebab-akibat antara keterbatasan sistem barter dengan penciptaan uang sebagai alat tukar!,C4-Menganalisis,4.0,
jenis-jenis uang,concept,Jenis-jenis Uang,,,
interaksi ekspor impor pelaku ekonomi,topic_fine,Interaksi Ekspor Impor Pelaku Ekonomi,,,
pelaku ekonomi dalam negeri,concept,Pelaku Ekonomi Dalam Negeri,C4-Menganalisis,4.0,1.0
masyarakat luar negeri,concept,Masyarakat Luar Negeri,C4-Menganalisis,4.0,1.0
q_39b9af6bc0,question,"Uraikan bagaimana kegiatan ekspor dan impor menunjukkan interaksi antara pelaku ekonomi dalam negeri (RTP, RTK, Pemerint",C4-Menganalisis,4.0,
peran rumah tangga konsumen (rtk),concept,Peran Rumah Tangga Konsumen (RTK),,,
peran pemerintah,concept,Peran Pemerintah,,,
kegiatan ekonomi internasional,concept,Kegiatan Ekonomi Internasional,,,
model interaksi ekonomi global,concept,Model Interaksi Ekonomi Global,,,
peran komponen biotik dan abiotik,topic_fine,Peran Komponen Biotik dan Abiotik,,,
lingkungan biotik,concept,Lingkungan Biotik,C4-Menganalisis,4.0,1.0
siklus kehidupan ekosistem,concept,Siklus Kehidupan Ekosistem,C4-Menganalisis,4.0,1.0
q_785c3f15d4,question,Bedakan secara rinci peran lingkungan biotik dan abiotik dalam menjaga siklus kehidupan di suatu ekosistem!,C4-Menganalisis,4.0,
definisi ekologi,concept,Definisi Ekologi,,,
interaksi dalam ekosistem,concept,Interaksi dalam Ekosistem,,,
keberlanjutan ekosistem,concept,Keberlanjutan Ekosistem,,,
hubungan literasi finansial dan jasa keuangan ilegal,topic_fine,Hubungan Literasi Finansial dan Jasa Keuangan Ilegal,,,
jasa keuangan ilegal,concept,Jasa Keuangan Ilegal,C4-Menganalisis,4.0,1.0
risiko kerugian,concept,Risiko Kerugian,C4-Menganalisis,4.0,1.0
q_167d1d0712,question,Analisis hubungan sebab-akibat antara rendahnya tingkat literasi finansial dengan tingginya potensi masyarakat terjerat ,C4-Menganalisis,4.0,
pemahaman pengelolaan keuangan,concept,Pemahaman Pengelolaan Keuangan,,,
dampak jasa keuangan ilegal,concept,Dampak Jasa Keuangan Ilegal,,,
neraca pembayaran dan pendapatan,topic_fine,Neraca Pembayaran dan Pendapatan,,,
pendapatan primer,concept,Pendapatan Primer,C4-Menganalisis,4.0,1.0
pendapatan sekunder,concept,Pendapatan Sekunder,C4-Menganalisis,4.0,1.0
q_98512eae1b,question,Bandingkan antara komponen Pendapatan Primer dan Pendapatan Sekunder dalam Transaksi Berjalan. Apa perbedaan utama dari ,C4-Menganalisis,4.0,
komponen neraca pembayaran lainnya,concept,Komponen Neraca Pembayaran lainnya,,,
ekonomi dan kesejahteraan sosial,topic_coarse,Ekonomi dan Kesejahteraan Sosial,,,
keterkaitan rasio gini dan kemiskinan,topic_fine,Keterkaitan Rasio Gini dan Kemiskinan,,,
data statistik bps,concept,Data Statistik BPS,C4-Menganalisis,4.0,1.0
q_6409396408,question,"Analisis keterkaitan antara nilai Rasio Gini 0,388 dengan fakta bahwa 25,90 juta orang masih hidup di bawah Garis Kemisk",C4-Menganalisis,4.0,
definisi rasio gini,concept,Definisi Rasio Gini,,,
pengukuran indikator kemiskinan lainnya,concept,Pengukuran Indikator Kemiskinan Lainnya,,,
kebijakan pengentasan ketimpangan,concept,Kebijakan Pengentasan Ketimpangan,,,
fusi partai politik,concept,Fusi Partai Politik,C4-Menganalisis,4.0,1.0
kemenangan golkar,concept,Kemenangan Golkar,C4-Menganalisis,4.0,1.0
q_7e4a398f83,question,"Analisislah hubungan antara Fusi Partai (menjadi PPP, PDI) dan kemenangan Golkar pada pemilu-pemilu berikutnya!",C4-Menganalisis,4.0,
dampak ekologis,concept,Dampak Ekologis,C4-Menganalisis,4.0,1.0
dampak kesehatan,concept,Dampak Kesehatan,C4-Menganalisis,4.0,1.0
dampak ekonomis,concept,Dampak Ekonomis,C4-Menganalisis,4.0,1.0
q_89c9a1d12f,question,"Teks menyatakan bahwa perubahan iklim berdampak pada aspek ekologis, kesehatan, dan ekonomis. Kategorikan setiap gejala ",C4-Menganalisis,4.0,
solusi mitigasi perubahan iklim,concept,Solusi Mitigasi Perubahan Iklim,,,
pemberontakan prri dan ketidakseimbangan daerah,topic_fine,Pemberontakan PRRI dan ketidakseimbangan daerah,,,
ketidakpuasan ekonomi daerah,concept,Ketidakpuasan ekonomi daerah,C4-Menganalisis,4.0,1.0
pembentukan dewan militer,concept,Pembentukan dewan militer,C4-Menganalisis,4.0,1.0
q_b0582bab03,question,Analisislah mengapa ketidakpuasan ekonomi (alokasi dana) di daerah bisa berkembang menjadi pemberontakan militer (PRRI/P,C4-Menganalisis,4.0,
era demokrasi liberal (1950-an),concept,Era Demokrasi Liberal (1950-an),,,
relasi pusat dan daerah,concept,Relasi Pusat dan Daerah,,,
penyebab dan dampak pemberontakan prri,concept,Penyebab dan dampak pemberontakan PRRI,,,
struktur pemerintahan pasca-kemerdekaan,concept,Struktur pemerintahan pasca-kemerdekaan,,,
sejarah dan geografi nusantara,topic_coarse,Sejarah dan Geografi Nusantara,,,
pusat pemerintahan awal,topic_fine,Pusat Pemerintahan Awal,,,
lokasi pusat pemerintahan,concept,Lokasi Pusat Pemerintahan,C4-Menganalisis,4.0,1.0
wilayah pesisir,concept,Wilayah Pesisir,C4-Menganalisis,4.0,1.0
wilayah pedalaman,concept,Wilayah Pedalaman,C4-Menganalisis,4.0,1.0
q_1332338c46,question,"Analisislah mengapa wilayah pesisir, khususnya pesisir timur Sumatra dan utara Jawa, menjadi lokasi awal berkembangnya p",C4-Menganalisis,4.0,
perdagangan internasional nusantara,concept,Perdagangan Internasional Nusantara,,,
struktur pemerintahan kerajaan nusantara,concept,Struktur Pemerintahan Kerajaan Nusantara,,,
perbedaan besaran umk dan ump,topic_fine,Perbedaan besaran UMK dan UMP,,,
upah minimum kabupaten/kota (umk),concept,Upah Minimum Kabupaten/Kota (UMK),C6-Mencipta,5.0,2.0
upah minimum provinsi (ump),concept,Upah Minimum Provinsi (UMP),C6-Mencipta,5.0,3.0
faktor penentu perbedaan besaran upah,concept,Faktor penentu perbedaan besaran upah,C4-Menganalisis,4.0,1.0
q_34ee4b6572,question,Analisislah mengapa UMK (Kabupaten/Kota) seringkali nilainya berbeda (bisa lebih tinggi) daripada UMP (Provinsi)!,C4-Menganalisis,4.0,
definisi upah minimum (ump/umk),concept,Definisi Upah Minimum (UMP/UMK),,,
perbandingan kebijakan upah daerah,concept,Perbandingan kebijakan upah daerah,,,
sistem penetapan upah,concept,Sistem Penetapan Upah,,,
achieved status,concept,Achieved Status,C6-Mencipta,5.0,3.0
q_f4281ce2f0,question,Analisislah mengapa status Ir. Sukarno dan Moh. Hatta sebagai Bapak Proklamator digolongkan sebagai 'assigned status' da,C4-Menganalisis,4.0,
contoh status sosial,concept,Contoh status sosial,,,
perbedaan assigned dan achieved status,concept,Perbedaan assigned dan achieved status,,,
hidrosfer dan siklus air,topic_coarse,Hidrosfer dan Siklus Air,,,
perbandingan manfaat sungai dan rawa-rawa,topic_fine,Perbandingan Manfaat Sungai dan Rawa-rawa,,,
manfaat ekonomi sungai,concept,Manfaat ekonomi sungai,C4-Menganalisis,4.0,1.0
manfaat ekologis rawa-rawa,concept,Manfaat ekologis rawa-rawa,C4-Menganalisis,4.0,1.0
q_6c193b6b35,question,Bandingkan manfaat ekonomi sungai dengan manfaat ekologis rawa-rawa,C4-Menganalisis,4.0,
manfaat sumber daya air,concept,Manfaat sumber daya air,,,
dampak perubahan tata guna air,concept,Dampak perubahan tata guna air,,,
pengelolaan sumber daya air,concept,Pengelolaan sumber daya air,,,
hubungan cakupan literasi finansial,topic_fine,Hubungan Cakupan Literasi Finansial,,,
"lima cakupan literasi finansial (transaksi, pemasukan, pengeluaran, tabungan, berbagi)",concept,"Lima cakupan literasi finansial (transaksi, pemasukan, pengeluaran, tabungan, berbagi)",C4-Menganalisis,4.0,1.0
cakupan keenam (mengenali praktik tidak baik dan kejahatan finansial),concept,Cakupan keenam (mengenali praktik tidak baik dan kejahatan finansial),C4-Menganalisis,4.0,1.0
sinergi antar cakupan literasi finansial,concept,Sinergi antar cakupan literasi finansial,C4-Menganalisis,4.0,1.0
q_444443afaa,question,"Uraikan bagaimana lima cakupan pertama literasi finansial (pemahaman transaksi, pemasukan, pengeluaran, tabungan, berbag",C4-Menganalisis,4.0,
pemahaman dasar mengenai lima cakupan literasi finansial,concept,Pemahaman dasar mengenai lima cakupan literasi finansial,,,
penerapan literasi finansial untuk pengambilan keputusan keuangan,concept,Penerapan literasi finansial untuk pengambilan keputusan keuangan,,,
keterkaitan pelestarian sumber daya,topic_fine,Keterkaitan Pelestarian Sumber Daya,,,
dampak kerusakan sumber daya,concept,Dampak Kerusakan Sumber Daya,C4-Menganalisis,4.0,1.0
q_4c8aa8a9cf,question,"Uraikan keterkaitan antara tiga jenis pelestarian (udara, air, tanah). Bagaimana kerusakan pada salah satu sumber daya d",C4-Menganalisis,4.0,
definisi pelestarian lingkungan hidup,concept,Definisi Pelestarian Lingkungan Hidup,,,
strategi pengelolaan sumber daya berkelanjutan,concept,Strategi Pengelolaan Sumber Daya Berkelanjutan,,,
industrialisasi dan sejarah,topic_coarse,Industrialisasi dan Sejarah,,,
hubungan mesin uap dan perubahan struktur,topic_fine,Hubungan Mesin Uap dan Perubahan Struktur,,,
penemuan mesin uap,concept,Penemuan mesin uap,C4-Menganalisis,4.0,1.0
perubahan struktur masyarakat (agraris ke industri),concept,Perubahan struktur masyarakat (agraris ke industri),C4-Menganalisis,4.0,1.0
q_74cb2b07ac,question,Analisislah hubungan sebab-akibat antara penemuan mesin uap pada Revolusi Industri 1.0 dengan perubahan struktur masyara,C4-Menganalisis,4.0,
revolusi industri tahap selanjutnya,concept,Revolusi Industri tahap selanjutnya,,,
dampak sosial dan ekonomi industrialisasi,concept,Dampak sosial dan ekonomi Industrialisasi,,,
tahapan pembentukan dan kebijakan publik,topic_fine,Tahapan Pembentukan dan Kebijakan Publik,,,
tahapan proses terbentuknya masalah sosial,concept,Tahapan proses terbentuknya masalah sosial,C4-Menganalisis,4.0,1.0
keberhasilan klaim menjadi kebijakan publik,concept,Keberhasilan klaim menjadi kebijakan publik,C4-Menganalisis,4.0,1.0
q_f2378dcff7,question,"Dari enam tahapan proses terbentuknya masalah sosial, manakah tahap yang paling menentukan apakah suatu klaim akan berha",C4-Menganalisis,4.0,
proses terbentuknya masalah sosial,concept,Proses terbentuknya masalah sosial,,,
analisis kebijakan publik,concept,Analisis kebijakan publik,,,
kerja sama dalam perang dingin,topic_fine,Kerja Sama dalam Perang Dingin,,,
persaingan antar blok,concept,Persaingan Antar Blok,C4-Menganalisis,4.0,1.0
paradigma realisme,concept,Paradigma Realisme,C4-Menganalisis,4.0,1.0
q_ffc09f09f7,question,"Perang Dingin digambarkan sebagai era persaingan antar blok, namun teks juga menyebutkan adanya kerja sama yang intensif",C4-Menganalisis,4.0,
teori hubungan internasional lainnya,concept,Teori Hubungan Internasional lainnya,,,
analisis kebijakan luar negeri,concept,Analisis kebijakan luar negeri,,,
migrasi,concept,Migrasi,C6-Mencipta,5.0,2.0
q_ac128cc135,question,Bandingkan faktor-faktor pro-mortalitas dengan anti-mortalitas. Manakah dari kedua kelompok faktor tersebut yang lebih b,C4-Menganalisis,4.0,
faktor-faktor perubahan penduduk,concept,Faktor-faktor perubahan penduduk,,,
analisis kebijakan demografi,concept,Analisis kebijakan demografi,,,
studi kasus sensus penduduk,concept,Studi kasus sensus penduduk,,,
evolusi uang,topic_coarse,Evolusi Uang,,,
faktor perubahan sistem pertukaran,topic_fine,Faktor perubahan sistem pertukaran,,,
kelemahan barter (kesulitan nilai tukar),concept,Kelemahan Barter (Kesulitan Nilai Tukar),C4-Menganalisis,4.0,1.0
kebutuhan kepemilikan individu,concept,Kebutuhan Kepemilikan Individu,C4-Menganalisis,4.0,1.0
evolusi ke uang kertas,concept,Evolusi ke Uang Kertas,C4-Menganalisis,4.0,1.0
q_518fba2628,question,"Identifikasi faktor-faktor utama yang mendorong setiap perubahan dalam evolusi uang, mulai dari barter hingga uang kerta",C4-Menganalisis,4.0,
masa pra-uang,concept,Masa Pra-Uang,,,
taktik perang dalam kemerdekaan,topic_fine,Taktik Perang dalam Kemerdekaan,,,
taktik bumi hangus,concept,Taktik Bumi Hangus,C4-Menganalisis,4.0,1.0
keuntungan taktik,concept,Keuntungan Taktik,C4-Menganalisis,4.0,1.0
kerugian taktik,concept,Kerugian Taktik,C4-Menganalisis,4.0,1.0
q_7ba6aff59e,question,"Analisislah taktik ""bumi hangus"". Apa keuntungan dan kerugian dari taktik tersebut bagi pihak Indonesia?",C4-Menganalisis,4.0,
latar belakang peristiwa proklamasi dan kedatangan sekutu/nica,concept,Latar belakang peristiwa Proklamasi dan kedatangan Sekutu/NICA,,,
strategi perjuangan indonesia selanjutnya,concept,Strategi Perjuangan Indonesia selanjutnya,,,
perbedaan status sosial,topic_fine,Perbedaan Status Sosial,,,
status anak bangsawan,concept,Status anak bangsawan,C4-Menganalisis,4.0,1.0
status dokter,concept,Status dokter,C4-Menganalisis,4.0,1.0
q_813b9673ee,question,Identifikasikan faktor pembeda utama antara status sebagai 'anak bangsawan' dengan status sebagai 'dokter'.,C4-Menganalisis,4.0,
faktor penghambat proyeksi ekonomi,topic_fine,Faktor Penghambat Proyeksi Ekonomi,,,
kolaborasi pembangunan,concept,Kolaborasi Pembangunan,C4-Menganalisis,4.0,1.0
keberagaman lokal,concept,Keberagaman Lokal,C4-Menganalisis,4.0,1.0
q_eb9ec42930,question,Kritisi proyeksi optimis Bappenas tentang pertumbuhan ekonomi 6-7% pada tahun 2030. Faktor-faktor apa saja yang disebutk,C4-Menganalisis,4.0,
evaluasi kebijakan pembangunan,concept,Evaluasi Kebijakan Pembangunan,,,
model pembangunan berbasis komunitas,concept,Model Pembangunan Berbasis Komunitas,,,
nasionalisme dan ekonomi,topic_coarse,Nasionalisme dan Ekonomi,,,
peran produk dalam penguatan nasionalisme,topic_fine,Peran produk dalam penguatan nasionalisme,,,
struktur ekonomi,concept,Struktur ekonomi,C4-Menganalisis,4.0,1.0
produk buatan indonesia,concept,Produk buatan Indonesia,C4-Menganalisis,4.0,1.0
q_fdf22c3619,question,Analisis mengapa tindakan sederhana seperti 'menggunakan produk buatan Indonesia' dapat menjadi fondasi penting dalam me,C4-Menganalisis,4.0,
pengertian nasionalisme,concept,Pengertian Nasionalisme,,,
konsep struktur ekonomi,concept,Konsep struktur ekonomi,,,
upaya strategis mengatasi masalah sosial,concept,Upaya strategis mengatasi masalah sosial,,,
peran budaya dalam pembangunan bangsa,concept,Peran budaya dalam pembangunan bangsa,,,
jumlah uang beredar (m),concept,Jumlah Uang Beredar (M),C4-Menganalisis,4.0,1.0
tingkat harga (p),concept,Tingkat Harga (P),C4-Menganalisis,4.0,1.0
volume uang (v),concept,Volume Uang (V),C4-Menganalisis,4.0,1.0
tingkat pertukaran (t),concept,Tingkat Pertukaran (T),C4-Menganalisis,4.0,1.0
q_dcd76e9efe,question,"Dalam Teori Kuantitas Uang, analisislah apa yang akan terjadi pada Tingkat Harga (P) jika Jumlah Uang Beredar (M) mening",C4-Menganalisis,4.0,
konsep permintaan uang,concept,Konsep Permintaan Uang,,,
perubahan fungsi kawasan hutan,topic_fine,Perubahan Fungsi Kawasan Hutan,,,
"klasifikasi sda (jenis, sifat, potensi)",concept,"Klasifikasi SDA (Jenis, Sifat, Potensi)",C6-Mencipta,5.0,3.0
sda nonhayati dan hayati,concept,SDA Nonhayati dan Hayati,C6-Mencipta,5.0,2.0
dampak perubahan fungsi hutan (positif dan negatif),concept,Dampak Perubahan Fungsi Hutan (Positif dan Negatif),C4-Menganalisis,4.0,1.0
q_66ec8318c6,question,"Jika suatu kawasan hutan produksi diubah fungsinya menjadi hutan lindung, analisislah potensi dampak positif dan negatif",C4-Menganalisis,4.0,
fungsi hutan lindung dan potensi kesejahteraan,topic_fine,Fungsi Hutan Lindung dan Potensi Kesejahteraan,,,
fungsi hutan lindung (mengatur tata air dan mencegah erosi),concept,Fungsi hutan lindung (mengatur tata air dan mencegah erosi),C4-Menganalisis,4.0,1.0
potensi kesejahteraan manusia di daerah hilir sungai,concept,Potensi kesejahteraan manusia di daerah hilir sungai,C4-Menganalisis,4.0,1.0
q_d5e81ddad4,question,Hubungkan fungsi hutan lindung dalam mengatur tata air dan mencegah erosi dengan potensi kesejahteraan manusia yang ting,C4-Menganalisis,4.0,
klasifikasi sumber daya alam (jenis dan sifat),concept,Klasifikasi Sumber Daya Alam (Jenis dan Sifat),,,
perbedaan dana pensiun,topic_fine,Perbedaan Dana Pensiun,,,
dana pensiun pemberi kerja (dppk),concept,Dana Pensiun Pemberi Kerja (DPPK),C5-Mengevaluasi,5.0,2.0
dana pensiun lembaga keuangan (dplk),concept,Dana Pensiun Lembaga Keuangan (DPLK),C6-Mencipta,5.0,3.0
q_486a275250,question,Apa perbedaan fundamental dari sumber pembentukan antara Dana Pensiun Pemberi Kerja (DPPK) dan Dana Pensiun Lembaga Keua,C4-Menganalisis,4.0,
konsep lembaga keuangan,concept,Konsep Lembaga Keuangan,,,
regulasi dana pensiun,concept,Regulasi Dana Pensiun,,,
sidang istimewa mpr 1998 dan reformasi,topic_fine,Sidang Istimewa MPR 1998 dan Reformasi,,,
pemerintahan bersih dari kkn,concept,Pemerintahan bersih dari KKN,C4-Menganalisis,4.0,1.0
pemisahan kekuasaan dan checks and balances,concept,Pemisahan kekuasaan dan checks and balances,C4-Menganalisis,4.0,1.0
pemilu,concept,Pemilu,C4-Menganalisis,4.0,1.0
q_e870bf56df,question,"Analisislah mengapa Sidang Istimewa MPR 1998 (yang menghasilkan Tap KKN, Pemilu, dll) sangat penting bagi arah Reformasi",C4-Menganalisis,4.0,
latar belakang soeharto,concept,Latar belakang Soeharto,,,
kebijakan monumental,concept,Kebijakan monumental,,,
akhir dwifungsi abri,concept,Akhir Dwifungsi ABRI,,,
krisis moneter dan bantuan imf,topic_fine,Krisis Moneter dan Bantuan IMF,,,
letter of intent (loi),concept,Letter of Intent (LoI),C4-Menganalisis,4.0,1.0
pencabutan subsidi,concept,Pencabutan Subsidi,C4-Menganalisis,4.0,1.0
q_a7d9e71f65,question,"Analisislah mengapa IMF mengharuskan ""pencabutan subsidi"" sebagai syarat bantuan LoI!",C4-Menganalisis,4.0,
penyebab keruntuhan orde baru,concept,Penyebab Keruntuhan Orde Baru,,,
dampak krisis moneter,concept,Dampak Krisis Moneter,,,
konsekuensi kebijakan imf,concept,Konsekuensi Kebijakan IMF,,,
peran politik dalam krisis ekonomi,concept,Peran Politik dalam Krisis Ekonomi,,,
proses penyusunan apbn,topic_fine,Proses Penyusunan APBN,,,
"fungsi apbn (alokasi, distribusi, stabilisasi)",concept,"Fungsi APBN (Alokasi, Distribusi, Stabilisasi)",C4-Menganalisis,4.0,1.0
"struktur apbn (pendapatan negara, perpajakan, pnbp)",concept,"Struktur APBN (Pendapatan Negara, Perpajakan, PNBP)",C4-Menganalisis,4.0,1.0
peran dpr dalam apbn,concept,Peran DPR dalam APBN,C4-Menganalisis,4.0,1.0
q_4170574e15,question,Analisislah mengapa proses penyusunan APBN harus melibatkan DPR dan tidak bisa diputuskan oleh Presiden saja!,C4-Menganalisis,4.0,
mekanisme pengawasan apbn,concept,Mekanisme Pengawasan APBN,,,
hubungan eksekutif dan legislatif dalam anggaran,concept,Hubungan Eksekutif dan Legislatif dalam Anggaran,,,
keputusan sidang ppki,topic_fine,Keputusan Sidang PPKI,,,
pengangkatan presiden,concept,Pengangkatan Presiden,C4-Menganalisis,4.0,1.0
sidang ppki iii,concept,Sidang PPKI III,C4-Menganalisis,4.0,1.0
q_2d02185509,question,Analisislah hubungan antara Sidang PPKI I (pengangkatan Presiden) dan Sidang PPKI III (pembentukan KNIP)!,C4-Menganalisis,4.0,
peristiwa proklamasi,concept,Peristiwa Proklamasi,,,
struktur pemerintahan awal,concept,Struktur Pemerintahan Awal,,,
perbandingan model intervensi sosial,topic_fine,Perbandingan Model Intervensi Sosial,,,
duta pelajar antikekerasan,concept,Duta Pelajar Antikekerasan,C4-Menganalisis,4.0,1.0
pengurangan perundungan,concept,Pengurangan Perundungan,C4-Menganalisis,4.0,1.0
efektivitas intervensi,concept,Efektivitas Intervensi,C4-Menganalisis,4.0,1.0
q_9c74c75757,question,Bandingkan efektivitas pembentukan 'duta pelajar antikekerasan' dengan 'kampanye sosial' dalam upaya mengurangi kasus pe,C4-Menganalisis,4.0,
konsep perundungan di sekolah,concept,Konsep Perundungan di Sekolah,,,
desain program intervensi,concept,Desain Program Intervensi,,,
evaluasi program sosial,concept,Evaluasi Program Sosial,,,
demografi dan kebijakan sosial,topic_coarse,Demografi dan Kebijakan Sosial,,,
implikasi sensus de facto untuk bantuan sosial,topic_fine,Implikasi Sensus De Facto untuk Bantuan Sosial,,,
sensus de facto,concept,Sensus De Facto,C4-Menganalisis,4.0,1.0
pembagian bantuan sosial,concept,Pembagian Bantuan Sosial,C4-Menganalisis,4.0,1.0
potensi masalah,concept,Potensi Masalah,C4-Menganalisis,4.0,1.0
q_db43f2c85f,question,Analisis potensi masalah yang mungkin timbul jika suatu negara hanya menggunakan metode sensus de facto untuk pembagian ,C4-Menganalisis,4.0,
metode sensus resmi,concept,Metode Sensus Resmi,,,
kebijakan pembangunan berkelanjutan,concept,Kebijakan pembangunan berkelanjutan,,,
hakikat sejarah dan mitologi,topic_fine,Hakikat Sejarah dan Mitologi,,,
asal kata sejarah,concept,Asal Kata Sejarah,C4-Menganalisis,4.0,1.0
perbedaan sejarah dan mitos,concept,Perbedaan Sejarah dan Mitos,C4-Menganalisis,4.0,1.0
era herodotus,concept,Era Herodotus,C4-Menganalisis,4.0,1.0
q_3e04fc82ed,question,Mengapa Kuntowijoyo merasa perlu untuk menegaskan bahwa 'sejarah itu bukan mitos'? Kaitkan penegasannya dengan kondisi p,C4-Menganalisis,4.0,
pengertian ilmu sejarah,concept,Pengertian Ilmu Sejarah,,,
konsep mitologi,concept,Konsep Mitologi,,,
metode penulisan sejarah,concept,Metode penulisan sejarah,,,
tahapan dan bias subjektif penelitian,topic_fine,Tahapan dan Bias Subjektif Penelitian,,,
bias subjektif,concept,Bias subjektif,C4-Menganalisis,4.0,1.0
metode ilmiah,concept,Metode ilmiah,C4-Menganalisis,4.0,1.0
q_c642f01e2f,question,Telaah sembilan tahapan penelitian. Identifikasi pada tahap mana seorang peneliti paling rentan mengalami bias subjektif,C4-Menganalisis,4.0,
sifat ilmu sosial (empiris),concept,Sifat Ilmu Sosial (Empiris),C5-Mengevaluasi,4.0,1.0
jenis-jenis bias penelitian,concept,Jenis-jenis bias penelitian,,,
teknik mitigasi bias,concept,Teknik mitigasi bias,,,
hubungan kebutuhan dan harga,topic_fine,Hubungan Kebutuhan dan Harga,,,
peningkatan kebutuhan masyarakat,concept,Peningkatan kebutuhan masyarakat,C4-Menganalisis,4.0,1.0
perubahan harga barang,concept,Perubahan harga barang,C4-Menganalisis,4.0,1.0
sebab-akibat ekonomi,concept,Sebab-akibat ekonomi,C4-Menganalisis,4.0,1.0
q_fec2ff3c8c,question,Analisis hubungan sebab-akibat antara peningkatan kebutuhan masyarakat menjelang hari raya lebaran dengan perubahan harg,C4-Menganalisis,4.0,
konsep dasar permintaan dan penawaran,concept,Konsep dasar permintaan dan penawaran,,,
adaptasi tumbuhan di lingkungan ekstrem,topic_fine,Adaptasi Tumbuhan di Lingkungan Ekstrem,,,
gurun panas dan kering,concept,Gurun panas dan kering,C4-Menganalisis,4.0,1.0
tundra dingin dan beku,concept,Tundra dingin dan beku,C4-Menganalisis,4.0,1.0
q_d254945f65,question,Bandingkan dan kontraskan strategi adaptasi tumbuhan untuk bertahan hidup di dua lingkungan ekstrem: Gurun yang panas da,C4-Menganalisis,4.0,
"faktor lingkungan (iklim, tanah)",concept,"Faktor Lingkungan (Iklim, Tanah)",C6-Mencipta,5.0,1.0
jenis-jenis vegetasi spesifik,concept,Jenis-jenis vegetasi spesifik,,,
faktor-faktor yang memengaruhi distribusi flora,concept,Faktor-faktor yang memengaruhi distribusi flora,,,
peran tokoh dalam jalur perjuangan,topic_fine,Peran Tokoh dalam Jalur Perjuangan,,,
diplomasi (sutan sjahrir),concept,Diplomasi (Sutan Sjahrir),C4-Menganalisis,4.0,1.0
gerilya (jenderal soedirman),concept,Gerilya (Jenderal Soedirman),C4-Menganalisis,4.0,1.0
perundingan linggarjati,concept,Perundingan Linggarjati,C4-Menganalisis,4.0,2.0
agresi militer belanda i,concept,Agresi Militer Belanda I,C4-Menganalisis,4.0,2.0
q_e034b10b29,question,Bandingkan peran Sutan Sjahrir dan Jenderal Soedirman. Bagaimana kedua tokoh ini mewakili dua jalur perjuangan yang berb,C4-Menganalisis,4.0,
dua jalur perjuangan (diplomasi dan gerilya),concept,Dua jalur perjuangan (Diplomasi dan Gerilya),,,
peran sutan sjahrir dalam diplomasi,concept,Peran Sutan Sjahrir dalam diplomasi,,,
dampak agresi militer belanda i,concept,Dampak Agresi Militer Belanda I,,,
peran tokoh lain dalam perjuangan,concept,Peran tokoh lain dalam perjuangan,,,
pembangunan fondasi antar tahapan,concept,Pembangunan fondasi antar tahapan,C4-Menganalisis,4.0,1.0
q_ffed2752a9,question,Uraikan bagaimana setiap tahapan Revolusi Industri (1.0 hingga 4.0) secara logis membangun fondasi bagi tahap berikutnya,C4-Menganalisis,4.0,
pemahaman tentang konsep perubahan sosial,concept,Pemahaman tentang konsep perubahan sosial,,,
analisis dampak perubahan sosial,concept,Analisis dampak perubahan sosial,,,
teori perubahan sosial dan pandemi,topic_fine,Teori Perubahan Sosial dan Pandemi,,,
teori fungsionalis,concept,Teori Fungsionalis,C4-Menganalisis,4.0,1.0
empat proses perubahan parsons,concept,Empat Proses Perubahan Parsons,C4-Menganalisis,4.0,1.0
pandemi covid-19,concept,Pandemi Covid-19,C4-Menganalisis,4.0,1.0
q_a895bdb0b4,question,"Analisis bagaimana Pandemi Covid-19 dapat dilihat dari sudut pandang Teori Fungsionalis, khususnya terkait empat proses ",C4-Menganalisis,4.0,
analisis dampak sosial,concept,Analisis Dampak Sosial,,,
ilmu negara/sejarah,topic_coarse,Ilmu Negara/Sejarah,,,
kondisi pembangunan dan keamanan,topic_fine,Kondisi Pembangunan dan Keamanan,,,
kondisi keamanan internal,concept,Kondisi Keamanan Internal,C4-Menganalisis,4.0,1.0
acara berskala nasional/internasional,concept,Acara Berskala Nasional/Internasional,C4-Menganalisis,4.0,1.0
kontradiksi sosial,concept,Kontradiksi Sosial,C4-Menganalisis,4.0,1.0
q_6187e60dd2,question,Uraikan kontradiksi antara kondisi keamanan internal yang belum stabil dengan keberhasilan Indonesia menyelenggarakan du,C4-Menganalisis,4.0,
analisis kebijakan orde lama,concept,Analisis Kebijakan Orde Lama,,,
dampak pembangunan terhadap keamanan,concept,Dampak Pembangunan terhadap Keamanan,,,
perbedaan kawasan hutan konservasi,topic_fine,Perbedaan Kawasan Hutan Konservasi,,,
kawasan hutan suaka alam,concept,Kawasan Hutan Suaka Alam,C4-Menganalisis,4.0,1.0
kawasan hutan pelestarian alam,concept,Kawasan Hutan Pelestarian Alam,C4-Menganalisis,4.0,1.0
hutan konservasi,concept,Hutan Konservasi,C5-Mengevaluasi,4.0,2.0
q_e5b434b7a4,question,Bedakan secara rinci antara fungsi 'Kawasan Hutan Suaka Alam' dan 'Kawasan Hutan Pelestarian Alam' meskipun keduanya sam,C4-Menganalisis,4.0,
jenis-jenis hutan konservasi,concept,Jenis-jenis Hutan Konservasi,,,
prioritas orde baru trilogi pembangunan,topic_fine,Prioritas Orde Baru Trilogi Pembangunan,,,
q_a75c9aa6c8,question,"Analisislah mengapa Orde Baru memprioritaskan ""Stabilitas"" (pilar pertama Trilogi Pembangunan) di atas segalanya!",C4-Menganalisis,4.0,
konsep orde baru,concept,Konsep Orde Baru,,,
pilar stabilitas orde baru,concept,Pilar Stabilitas Orde Baru,,,
transisi barter ke uang,topic_fine,Transisi Barter ke Uang,,,
penggunaan uang,concept,Penggunaan Uang,C4-Menganalisis,4.0,1.0
perkembangan peradaban,concept,Perkembangan Peradaban,C4-Menganalisis,4.0,1.0
kompleksitas kebutuhan manusia,concept,Kompleksitas Kebutuhan Manusia,C4-Menganalisis,4.0,1.0
q_628d758358,question,Uraikan bagaimana transisi dari sistem barter ke penggunaan uang mencerminkan perkembangan peradaban dan kompleksitas ke,C4-Menganalisis,4.0,
teori ekonomi makro,concept,Teori Ekonomi Makro,,,
dampak jalur sutra budaya,topic_fine,Dampak Jalur Sutra Budaya,,,
dampak budaya,concept,Dampak Budaya,C4-Menganalisis,4.0,1.0
q_1d75aafa6c,question,"Uraikan mengapa Jalur Sutra tidak hanya berdampak pada ekonomi, tetapi juga pada aspek budaya antara Timur dan Barat.",C4-Menganalisis,4.0,
konsep jalur sutra,concept,Konsep Jalur Sutra,,,
perbandingan jalur perdagangan lain,concept,Perbandingan Jalur Perdagangan Lain,,,
pengaruh globalisasi terhadap budaya,concept,Pengaruh Globalisasi terhadap Budaya,,,
kelemahan model top-down,topic_fine,Kelemahan Model Top-Down,,,
rasa kepemilikan program,concept,Rasa Kepemilikan Program,C4-Menganalisis,4.0,1.0
kesesuaian budaya program,concept,Kesesuaian Budaya Program,C4-Menganalisis,4.0,1.0
q_4cec218245,question,"Analisislah mengapa model top-down, meskipun jangkauannya luas, seringkali gagal menciptakan rasa kepemilikan program di",C4-Menganalisis,4.0,
model pemberdayaan lainnya,concept,Model Pemberdayaan Lainnya,,,
strategi implementasi program,concept,Strategi Implementasi Program,,,
barang dan jasa akhir,concept,Barang dan Jasa Akhir,C4-Menganalisis,4.0,1.0
barang setengah jadi (barang antara),concept,Barang Setengah Jadi (Barang Antara),C4-Menganalisis,4.0,1.0
pengukuran pdb,concept,Pengukuran PDB,C4-Menganalisis,4.0,1.0
q_6add0dfa8f,question,Mengapa dalam definisi PDB ditekankan pada 'barang dan jasa akhir'? Analisislah apa yang akan terjadi jika barang seteng,C4-Menganalisis,4.0,
perhitungan pdb,concept,Perhitungan PDB,,,
konsep produk nasional bruto (pnb),concept,Konsep Produk Nasional Bruto (PNB),,,
geografi dan tata ruang,topic_coarse,Geografi dan Tata Ruang,,,
hubungan sebab akibat pengendalian ruang,topic_fine,Hubungan Sebab Akibat Pengendalian Ruang,,,
pengendalian pemanfaatan ruang,concept,Pengendalian Pemanfaatan Ruang,C4-Menganalisis,4.0,1.0
kualitas lingkungan,concept,Kualitas Lingkungan,C4-Menganalisis,4.0,1.0
kegagalan pengendalian,concept,Kegagalan Pengendalian,C4-Menganalisis,4.0,1.0
q_ef276a4fa3,question,Analisislah hubungan sebab-akibat antara kegagalan dalam 'Pengendalian Pemanfaatan Ruang' dengan penurunan kualitas ling,C4-Menganalisis,4.0,
upaya mitigasi dampak lingkungan,concept,Upaya Mitigasi Dampak Lingkungan,,,
aspek hukum penataan ruang,concept,Aspek Hukum Penataan Ruang,,,
sosiologi budaya,topic_coarse,Sosiologi Budaya,,,
hubungan geografis dan konflik etnosentrisme,topic_fine,Hubungan Geografis dan Konflik Etnosentrisme,,,
negara kepulauan,concept,Negara kepulauan,C5-Mengevaluasi,4.0,2.0
konflik etnosentrisme,concept,Konflik Etnosentrisme,C4-Menganalisis,4.0,1.0
q_47c874e72a,question,Analisis hubungan sebab-akibat antara kondisi Indonesia sebagai negara kepulauan dengan munculnya potensi konflik etnose,C4-Menganalisis,4.0,
konsep budaya,concept,Konsep Budaya,,,
konsep etnosentrisme,concept,Konsep Etnosentrisme,,,
dinamika sosial budaya,concept,Dinamika Sosial Budaya,,,
interaksi pedagang asing dan pemerintahan,topic_fine,Interaksi Pedagang Asing dan Pemerintahan,,,
pembentukan sistem pemerintahan,concept,Pembentukan Sistem Pemerintahan,C4-Menganalisis,4.0,1.0
interaksi dengan pedagang asing,concept,Interaksi dengan Pedagang Asing,C4-Menganalisis,4.0,1.0
q_91b8acd810,question,Bagaimana interaksi dengan para pedagang asing melalui Jalur Rempah dapat menjadi faktor pendorong bagi masyarakat lokal,C4-Menganalisis,4.0,
perdagangan komoditas unggulan,concept,Perdagangan Komoditas Unggulan,,,
sistem pemerintahan tradisional,concept,Sistem Pemerintahan Tradisional,,,
perbedaan tujuan gerakan nasionalisme,topic_fine,Perbedaan tujuan gerakan nasionalisme,,,
imperialisme barat,concept,Imperialisme Barat,C4-Menganalisis,4.0,1.0
dekolonisasi,concept,Dekolonisasi,C4-Menganalisis,4.0,1.0
restorasi meiji,concept,Restorasi Meiji,C4-Menganalisis,4.0,1.0
q_fbf262cce5,question,"Mengapa gerakan nasionalisme di Jepang (Restorasi Meiji) menghasilkan imperialisme baru, sementara gerakan nasionalisme ",C4-Menganalisis,4.0,
imperialisme dan kolonialisme,concept,Imperialisme dan Kolonialisme,C6-Mencipta,5.0,2.0
dampak imperialisme baru,concept,Dampak Imperialisme Baru,,,
perbandingan gerakan dekolonisasi,concept,Perbandingan Gerakan Dekolonisasi,,,
hubungan faktor ancaman dan populasi spesies,topic_fine,Hubungan faktor ancaman dan populasi spesies,,,
"masalah ekonomi, budaya, dan hukum",concept,"Masalah ekonomi, budaya, dan hukum",C4-Menganalisis,4.0,1.0
penurunan populasi harimau sumatra,concept,Penurunan populasi Harimau Sumatra,C4-Menganalisis,4.0,1.0
upaya pelestarian (konservasi),concept,Upaya pelestarian (konservasi),C4-Menganalisis,4.0,1.0
q_cb7a6b4c0e,question,"Analisislah hubungan antara 'masalah ekonomi, budaya, dan hukum' yang disebutkan di awal teks dengan penurunan drastis p",C4-Menganalisis,4.0,
faktor-faktor ancaman keanekaragaman hayati,concept,Faktor-faktor ancaman keanekaragaman hayati,,,
strategi konservasi spesifik,concept,Strategi konservasi spesifik,,,
dampak konservasi terhadap kesejahteraan manusia,concept,Dampak konservasi terhadap kesejahteraan manusia,,,
biogeografi indonesia,topic_coarse,Biogeografi Indonesia,,,
pembagian fauna berdasarkan garis,topic_fine,Pembagian Fauna Berdasarkan Garis,,,
garis weber,concept,Garis Weber,C4-Menganalisis,4.0,2.0
fauna indonesia barat,concept,Fauna Indonesia Barat,C4-Menganalisis,4.0,1.0
habitat hutan lebat,concept,Habitat hutan lebat,C4-Menganalisis,4.0,1.0
q_ec83b5806d,question,"Berdasarkan daftar fauna Indonesia Barat yang diberikan, identifikasilah setidaknya tiga jenis hewan yang habitatnya san",C4-Menganalisis,4.0,
persebaran flora dan fauna di indonesia,concept,Persebaran flora dan fauna di Indonesia,,,
persebaran flora di indonesia,concept,Persebaran flora di Indonesia,,,
kawasan biogeografi indonesia,concept,Kawasan biogeografi Indonesia,,,
perbedaan keanekaragaman spesies pohon bioma,topic_fine,Perbedaan Keanekaragaman Spesies Pohon Bioma,,,
bioma taiga,concept,Bioma Taiga,C5-Mengevaluasi,4.0,2.0
bioma hutan tropis,concept,Bioma Hutan Tropis,C4-Menganalisis,4.0,1.0
keanekaragaman spesies pohon,concept,Keanekaragaman Spesies Pohon,C4-Menganalisis,4.0,1.0
q_f54621eefe,question,Analisis perbedaan fundamental dalam hal keanekaragaman spesies pohon antara bioma Taiga dan Hutan Tropis. Faktor iklim ,C4-Menganalisis,4.0,
pengaruh iklim terhadap vegetasi,concept,Pengaruh Iklim terhadap Vegetasi,C6-Mencipta,5.0,1.0
karakteristik vegetasi bioma lain,concept,Karakteristik Vegetasi Bioma Lain,,,
dampak geologi terhadap flora,concept,Dampak Geologi terhadap Flora,,,
perencanaan dan pelibatan pihak,topic_fine,Perencanaan dan Pelibatan Pihak,,,
identifikasi potensi dan masalah,concept,Identifikasi Potensi dan Masalah,C4-Menganalisis,4.0,1.0
partisipasi multi-pihak,concept,Partisipasi Multi-pihak,C4-Menganalisis,4.0,1.0
q_13049d1375,question,"Mengapa pelibatan berbagai pihak (komunitas lokal, akademisi, pemerintah) pada tahap perencanaan dianggap lebih baik dar",C4-Menganalisis,4.0,
faktor pengaruh penawaran uang,topic_fine,Faktor Pengaruh Penawaran Uang,,,
uang (definisi),concept,Uang (Definisi),C4-Menganalisis,4.0,1.0
"penawaran uang (m1, m2)",concept,"Penawaran Uang (M1, M2)",C4-Menganalisis,4.0,1.0
kebijakan bank sentral,concept,Kebijakan Bank Sentral,C4-Menganalisis,4.0,1.0
q_f1d4cbd740,question,"Analisislah mengapa ""kebijakan Bank Sentral"" menjadi faktor yang memengaruhi penawaran uang, bukan permintaan uang!",C4-Menganalisis,4.0,
konsep penawaran uang,concept,Konsep Penawaran Uang,,,
model permintaan dan penawaran uang,concept,Model Permintaan dan Penawaran Uang,,,
geologi dan komposisi batuan,topic_coarse,Geologi dan Komposisi Batuan,,,
perbandingan lapisan sial dan sima,topic_fine,Perbandingan Lapisan SIAL dan SIMA,,,
komposisi kimia sial,concept,Komposisi kimia SIAL,C4-Menganalisis,4.0,1.0
karakteristik lapisan sial,concept,Karakteristik lapisan SIAL,C4-Menganalisis,4.0,1.0
komposisi kimia sima,concept,Komposisi kimia SIMA,C4-Menganalisis,4.0,1.0
perbedaan densitas lapisan,concept,Perbedaan densitas lapisan,C4-Menganalisis,4.0,1.0
q_dc59643be0,question,Kaitkan komposisi kimia lapisan SIAL (kaya Silisium dan Aluminium) dengan karakteristiknya yang lebih ringan dibandingka,C4-Menganalisis,4.0,
komposisi kimia batuan dasar,concept,Komposisi kimia batuan dasar,,,
pembentukan batuan beku,concept,Pembentukan batuan beku,,,
mekanisme pencegahan konflik,concept,Mekanisme Pencegahan Konflik,C4-Menganalisis,4.0,1.0
faktor sosial penyebab konflik,concept,Faktor Sosial Penyebab Konflik,C4-Menganalisis,4.0,1.0
efektivitas pencegahan konflik,concept,Efektivitas Pencegahan Konflik,C4-Menganalisis,4.0,1.0
q_8ef230694f,question,Data BPS menunjukkan tren peningkatan perkelahian massal. Analisislah kemungkinan faktor-faktor sosial yang menyebabkan ,C4-Menganalisis,4.0,
pencegahan konflik (konsep lain),concept,Pencegahan Konflik (Konsep Lain),,,
peran angkatan darat pasca-g30s,topic_fine,Peran Angkatan Darat pasca-G30S,,,
peristiwa g30s 1965,concept,Peristiwa G30S 1965,C4-Menganalisis,4.0,1.0
peran mayjen soeharto,concept,Peran Mayjen Soeharto,C4-Menganalisis,4.0,1.0
penumpasan gerakan,concept,Penumpasan gerakan,C4-Menganalisis,4.0,1.0
ketidakstabilan politik,concept,Ketidakstabilan politik,C4-Menganalisis,4.0,1.0
q_ab2f0fb6f9,question,Analisislah mengapa Angkatan Darat (khususnya Soeharto) mengambil peran sentral pasca-G30S!,C4-Menganalisis,4.0,
peristiwa gerakan 30 september (g30s) 1965,concept,Peristiwa Gerakan 30 September (G30S) 1965,,,
peran pki dalam politik indonesia,concept,Peran PKI dalam politik Indonesia,,,
regulasi kerja sama daerah luar negeri,topic_fine,Regulasi Kerja Sama Daerah Luar Negeri,,,
"landasan hukum (uu, pp, permendagri)",concept,"Landasan Hukum (UU, PP, Permendagri)",C4-Menganalisis,4.0,1.0
kerja sama daerah dengan pihak luar negeri,concept,Kerja Sama Daerah dengan Pihak Luar Negeri,C4-Menganalisis,4.0,1.0
risiko ketidakadaan peraturan,concept,Risiko Ketidakadaan Peraturan,C4-Menganalisis,4.0,1.0
q_afab7a08ff,question,"Analisis mengapa landasan hukum seperti UU, PP, dan Permendagri diperlukan untuk mengatur kerja sama daerah dengan pihak",C4-Menganalisis,4.0,
konsep ketahanan wilayah,concept,Konsep Ketahanan Wilayah,,,
implementasi kerja sama daerah,concept,Implementasi Kerja Sama Daerah,,,
aspek hukum dalam kebijakan daerah,concept,Aspek Hukum dalam Kebijakan Daerah,,,
keuangan negara indonesia,topic_coarse,Keuangan Negara Indonesia,,,
persetujuan dpr,concept,Persetujuan DPR,C4-Menganalisis,4.0,1.0
prinsip demokrasi,concept,Prinsip Demokrasi,C4-Menganalisis,4.0,1.0
perwakilan rakyat,concept,Perwakilan Rakyat,C4-Menganalisis,4.0,1.0
q_2b601f25b3,question,Mengapa persetujuan DPR menjadi tahap krusial dalam penetapan APBN? Analisislah dari sudut pandang prinsip demokrasi dan,C4-Menganalisis,4.0,
fungsi dan implementasi apbn,concept,Fungsi dan Implementasi APBN,,,
klasifikasi konflik (vertikal dan horizontal),topic_fine,Klasifikasi Konflik (Vertikal dan Horizontal),,,
konflik perebutan sumber daya alam,concept,Konflik perebutan sumber daya alam,C4-Menganalisis,4.0,1.0
konflik vertikal,concept,Konflik vertikal,C4-Menganalisis,4.0,1.0
konflik horizontal,concept,Konflik horizontal,C4-Menganalisis,4.0,1.0
q_6d8ce49a57,question,Analisis mengapa konflik perebutan sumber daya alam dapat dikategorikan sebagai konflik vertikal sekaligus konflik horiz,C4-Menganalisis,4.0,
penyelesaian konflik,concept,Penyelesaian Konflik,,,
saling komplementer,concept,Saling Komplementer,C4-Menganalisis,4.0,1.0
asumsi teoritis,concept,Asumsi Teoritis,C4-Menganalisis,4.0,1.0
q_c5fdf47a82,question,"Identifikasi asumsi yang mendasari pernyataan bahwa semua teori masuknya Islam (Gujarat, Persia, Tiongkok, Arab) tidak s",C4-Menganalisis,4.0,
berbagai teori masuknya islam,concept,Berbagai Teori Masuknya Islam,,,
bukti historis masuknya islam,concept,Bukti Historis Masuknya Islam,,,
dampak teknologi pada pengelolaan anggaran,topic_fine,Dampak Teknologi pada Pengelolaan Anggaran,,,
transaksi ekonomi,concept,Transaksi Ekonomi,C4-Menganalisis,4.0,1.0
dampak teknologi pada perdagangan,concept,Dampak Teknologi pada Perdagangan,C4-Menganalisis,4.0,1.0
pengelolaan anggaran pelajar,concept,Pengelolaan Anggaran Pelajar,C4-Menganalisis,4.0,1.0
era digital,concept,Era Digital,C6-Mencipta,5.0,4.0
q_c74229461f,question,"Identifikasi bagaimana pemahaman tentang 'transaksi ekonomi', khususnya mengenai dampak teknologi pada perdagangan, dapa",C4-Menganalisis,4.0,
pemahaman dasar tentang literasi finansial,concept,Pemahaman dasar tentang Literasi Finansial,,,
strategi pengambilan keputusan keuangan digital,concept,Strategi Pengambilan Keputusan Keuangan Digital,,,
manajemen risiko keuangan di era digital,concept,Manajemen Risiko Keuangan di Era Digital,,,
fungsi apbn dalam guncangan ekonomi,topic_fine,Fungsi APBN dalam Guncangan Ekonomi,,,
fungsi distribusi apbn,concept,Fungsi Distribusi APBN,C4-Menganalisis,4.0,2.0
fungsi stabilisasi apbn,concept,Fungsi stabilisasi APBN,C4-Menganalisis,4.0,1.0
guncangan ekonomi,concept,Guncangan ekonomi,C4-Menganalisis,4.0,1.0
q_693f84ec3e,question,"Berdasarkan informasi tentang kenaikan anggaran Perlinsos, bagaimana fungsi distribusi dan fungsi stabilisasi APBN beker",C4-Menganalisis,4.0,
definisi dan komponen apbn,concept,Definisi dan komponen APBN,,,
analisis kebijakan fiskal,concept,Analisis kebijakan fiskal,,,
evaluasi kinerja apbn,concept,Evaluasi kinerja APBN,,,
letak geografis benua amerika,topic_fine,Letak geografis Benua Amerika,C4-Menganalisis,4.0,1.0
samudra luas,concept,Samudra luas,C4-Menganalisis,4.0,1.0
julukan 'benua baru',concept,Julukan 'Benua Baru',C4-Menganalisis,4.0,1.0
q_e67af5a15a,question,"Analisislah hubungan antara letak geografis Benua Amerika yang dikelilingi samudra luas dengan julukannya sebagai ""benua",C4-Menganalisis,4.0,
pengetahuan dasar tentang benua,concept,Pengetahuan dasar tentang benua,,,
perbandingan letak geografis benua lain,concept,Perbandingan letak geografis benua lain,,,
privatisasi dan pendanaan apbn,topic_fine,Privatisasi dan Pendanaan APBN,,,
privatisasi,concept,Privatisasi,C4-Menganalisis,4.0,1.0
dana segar apbn,concept,Dana segar APBN,C4-Menganalisis,4.0,1.0
akuntabilitas,concept,Akuntabilitas,C5-Mengevaluasi,4.0,2.0
q_2e7f8db7f6,question,"Bagaimana ""privatisasi"" dapat membantu ""mendapatkan dana segar untuk APBN""?",C4-Menganalisis,4.0,
dampak multifungsi gawai,topic_fine,Dampak Multifungsi Gawai,,,
"multifungsi gawai (transaksi, pendidikan, kesehatan)",concept,"Multifungsi Gawai (Transaksi, Pendidikan, Kesehatan)",C4-Menganalisis,4.0,1.0
kemandirian individu,concept,Kemandirian Individu,C4-Menganalisis,4.0,1.0
ketergantungan teknologi,concept,Ketergantungan Teknologi,C4-Menganalisis,4.0,1.0
q_003d54d9ce,question,"Kaji dampak dari multifungsi gawai (untuk transaksi, pendidikan, kesehatan) terhadap kemandirian dan ketergantungan indi",C4-Menganalisis,4.0,
pemahaman tentang masyarakat digital,concept,Pemahaman tentang Masyarakat Digital,,,
regulasi teknologi,concept,Regulasi Teknologi,,,
keseimbangan digital,concept,Keseimbangan Digital,,,
sosiologi dan perilaku,topic_coarse,Sosiologi dan Perilaku,,,
konsumerisme dan hedonisme,topic_fine,Konsumerisme dan Hedonisme,,,
gaya hidup konsumerisme,concept,Gaya hidup konsumerisme,C4-Menganalisis,4.0,1.0
perilaku hedonisme,concept,Perilaku hedonisme,C4-Menganalisis,4.0,1.0
jembatan/pemicu,concept,Jembatan/Pemicu,C4-Menganalisis,4.0,1.0
q_c8d235591d,question,Bagaimana gaya hidup konsumerisme dapat menjadi jembatan atau pemicu munculnya perilaku hedonisme pada seseorang?,C4-Menganalisis,4.0,
konsumerisme,concept,Konsumerisme,C5-Mengevaluasi,4.0,1.0
dampak sosial konsumerisme,concept,Dampak sosial konsumerisme,,,
perbandingan kriteria suku bangsa dan klan,topic_fine,Perbandingan Kriteria Suku Bangsa dan Klan,,,
klan,concept,Klan,C4-Menganalisis,4.0,1.0
perbedaan kriteria,concept,Perbedaan Kriteria,C4-Menganalisis,4.0,1.0
cakupan budaya dan bahasa,concept,Cakupan Budaya dan Bahasa,C4-Menganalisis,4.0,1.0
q_619d04e003,question,"Bandingkan kriteria Suku Bangsa dan kriteria Klan. Manakah yang cakupannya lebih luas (budaya, bahasa) dan manakah yang ",C4-Menganalisis,4.0,
geografi fisik indonesia,topic_coarse,Geografi Fisik Indonesia,,,
pengaruh letak geologis terhadap pembangunan,topic_fine,Pengaruh Letak Geologis terhadap Pembangunan,,,
letak geologis,concept,Letak Geologis,C4-Menganalisis,4.0,1.0
stabilitas tanah,concept,Stabilitas Tanah,C4-Menganalisis,4.0,1.0
potensi bencana,concept,Potensi Bencana,C4-Menganalisis,4.0,1.0
q_2d21c12aff,question,Anda adalah seorang pengembang properti. Mengapa Anda akan lebih berhati-hati dalam membangun gedung tinggi di Pulau Jaw,C4-Menganalisis,4.0,
pengaruh kondisi alam terhadap kehidupan,concept,Pengaruh kondisi alam terhadap kehidupan,,,
analisis dampak bencana geologis,concept,Analisis Dampak Bencana Geologis,,,
perencanaan tata ruang wilayah,concept,Perencanaan Tata Ruang Wilayah,,,
posisi geologis indonesia,topic_fine,Posisi Geologis Indonesia,,,
pertemuan tiga lempeng tektonik,concept,Pertemuan tiga lempeng tektonik,C4-Menganalisis,4.0,2.0
aktivitas kegempaan,concept,Aktivitas kegempaan,C4-Menganalisis,4.0,1.0
q_d2851ee1f8,question,"Berdasarkan teks, analisislah dua dampak utama yang berbeda dari posisi geologis Indonesia di pertemuan tiga lempeng",C4-Menganalisis,4.0,
dampak geologis,concept,Dampak geologis,,,
fenomena tektonik,concept,Fenomena tektonik,,,
hubungan iklim dan vegetasi,topic_fine,Hubungan Iklim dan Vegetasi,,,
variasi iklim dari barat ke timur,concept,Variasi iklim dari barat ke timur,C4-Menganalisis,4.0,1.0
keragaman tipe vegetasi,concept,Keragaman tipe vegetasi,C4-Menganalisis,4.0,1.0
q_fdd8de7500,question,Analisislah hubungan antara variasi iklim dari barat ke timur di Pulau Jawa dengan keragaman tipe vegetasinya.,C4-Menganalisis,4.0,
perbedaan tipe vegetasi berdasarkan garis pemisah,concept,Perbedaan tipe vegetasi berdasarkan garis pemisah,,,
dampak iklim terhadap ekosistem,concept,Dampak iklim terhadap ekosistem,,,
pembentukan organisasi bentukan jepang (putera),concept,Pembentukan organisasi bentukan Jepang (Putera),C4-Menganalisis,4.0,1.0
organisasi pergerakan nasional hindia belanda,concept,Organisasi pergerakan nasional Hindia Belanda,C4-Menganalisis,4.0,1.0
perbandingan dampak politik,concept,Perbandingan dampak politik,C4-Menganalisis,4.0,1.0
q_890fc26c50,question,Bandingkan dampak politik dari pembentukan organisasi bentukan Jepang (seperti Putera) dengan organisasi pergerakan nasi,C4-Menganalisis,4.0,
organisasi pergerakan nasional pada masa hindia belanda,concept,Organisasi pergerakan nasional pada masa Hindia Belanda,,,
dampak sosial budaya pendudukan jepang,concept,Dampak sosial budaya pendudukan Jepang,,,
pendidikan karakter globalisasi,topic_coarse,Pendidikan Karakter Globalisasi,,,
perbandingan efektivitas upaya pembentukan individu,topic_fine,Perbandingan Efektivitas Upaya Pembentukan Individu,,,
memelihara kearifan lokal,concept,Memelihara Kearifan Lokal,C4-Menganalisis,4.0,1.0
mengembangkan kecakapan sosial,concept,Mengembangkan Kecakapan Sosial,C4-Menganalisis,4.0,1.0
individu tangguh,concept,Individu Tangguh,C4-Menganalisis,4.0,1.0
q_3b31ab0164,question,Bandingkan efektivitas antara upaya 'Memelihara Kearifan Lokal' dengan 'Mengembangkan Kecakapan Sosial' dalam membentuk ,C4-Menganalisis,4.0,
pemahaman tentang tantangan globalisasi,concept,Pemahaman tentang tantangan globalisasi,,,
strategi intervensi sosial,concept,Strategi intervensi sosial,,,
pengembangan kurikulum karakter,concept,Pengembangan kurikulum karakter,,,
perbandingan indeks pembangunan manusia dan mutu hidup,topic_fine,Perbandingan Indeks Pembangunan Manusia dan Mutu Hidup,,,
indeks mutu hidup (imh),concept,Indeks Mutu Hidup (IMH),C4-Menganalisis,4.0,1.0
fokus pengukuran pembangunan,concept,Fokus Pengukuran Pembangunan,C4-Menganalisis,4.0,1.0
persamaan dan perbedaan,concept,Persamaan dan Perbedaan,C4-Menganalisis,4.0,1.0
q_cd8d5e2ae6,question,Bandingkan fokus pengukuran antara Indeks Pembangunan Manusia (IPM) dengan Indeks Mutu Hidup (IMH). Apa persamaan dan pe,C4-Menganalisis,4.0,
indikator pembangunan ekonomi,concept,Indikator Pembangunan Ekonomi,,,
penelitian geografi,topic_coarse,Penelitian Geografi,,,
integrasi pendekatan geografi,topic_fine,Integrasi Pendekatan Geografi,,,
pendekatan keruangan,concept,Pendekatan Keruangan,C6-Mencipta,5.0,3.0
pendekatan ekologi (kelingkungan),concept,Pendekatan Ekologi (Kelingkungan),C4-Menganalisis,4.0,1.0
analisis penurunan luasan mangrove,concept,Analisis Penurunan Luasan Mangrove,C4-Menganalisis,4.0,1.0
q_733c292565,question,Uraikan bagaimana pendekatan keruangan dan ekologi dapat digunakan secara bersamaan untuk menganalisis masalah penurunan,C4-Menganalisis,4.0,
sintesis,method,Sintesis,,,
konsep pendekatan keruangan,concept,Konsep Pendekatan Keruangan,,,
konsep pendekatan ekologi,concept,Konsep Pendekatan Ekologi,,,
kompleks wilayah,concept,Kompleks Wilayah,,,
penerapan sig dalam analisis lingkungan,concept,Penerapan SIG dalam Analisis Lingkungan,,,
pengaruh bioma terhadap mata pencaharian,topic_fine,Pengaruh Bioma terhadap Mata Pencaharian,,,
perbedaan bioma,concept,Perbedaan Bioma,C4-Menganalisis,4.0,1.0
sistem mata pencaharian,concept,Sistem Mata Pencaharian,C4-Menganalisis,4.0,1.0
pengaruh lingkungan,concept,Pengaruh Lingkungan,C4-Menganalisis,4.0,1.0
q_34e91fb821,question,Teks menyebutkan perbedaan bioma dari Jawa Barat hingga NTT. Analisislah bagaimana perbedaan bioma tersebut dapat memeng,C4-Menganalisis,4.0,
konsep bioma,concept,Konsep Bioma,,,
jenis mata pencaharian,concept,Jenis Mata Pencaharian,,,
ekologi regional,concept,Ekologi Regional,,,
munculnya laskar rakyat,topic_fine,Munculnya Laskar Rakyat,,,
laskar rakyat (milisi) independen,concept,Laskar Rakyat (Milisi) Independen,C4-Menganalisis,4.0,1.0
motivasi pembentukan milisi,concept,Motivasi Pembentukan Milisi,C4-Menganalisis,4.0,1.0
q_c0ab7d94e8,question,"Analisislah mengapa ""Laskar Rakyat"" (milisi) independen bisa muncul di samping tentara resmi (TKR)!",C4-Menganalisis,4.0,
konsep revolusi nasional,concept,Konsep Revolusi Nasional,,,
strategi perjuangan revolusi,concept,Strategi Perjuangan Revolusi,,,
peran kelompok sosial dalam sejarah,concept,Peran Kelompok Sosial dalam Sejarah,,,
fungsi alokasi apbn,concept,Fungsi Alokasi APBN,C4-Menganalisis,4.0,1.0
pemerataan pendapatan,concept,Pemerataan Pendapatan,C4-Menganalisis,4.0,1.0
q_12b1cefcb2,question,Bandingkan fungsi alokasi dan fungsi distribusi. Mengapa pembangunan infrastruktur (alokasi) juga bisa berdampak pada pe,C4-Menganalisis,4.0,
"fungsi-fungsi apbn (alokasi, distribusi, stabilisasi)",concept,"Fungsi-fungsi APBN (Alokasi, Distribusi, Stabilisasi)",,,
struktur pendapatan negara apbn,concept,Struktur Pendapatan Negara APBN,,,
implikasi kebijakan fiskal,concept,Implikasi Kebijakan Fiskal,,,
pemilu 1955 dan tujuan,topic_fine,Pemilu 1955 dan tujuan,,,
tujuan pemilu 1955,concept,Tujuan Pemilu 1955,C4-Menganalisis,4.0,1.0
pemilihan dpr,concept,Pemilihan DPR,C4-Menganalisis,4.0,1.0
pemilihan konstituante,concept,Pemilihan Konstituante,C4-Menganalisis,4.0,1.0
q_8cfe638233,question,"Bandingkan tujuan Pemilu 1955 (memilih DPR dan Konstituante). Manakah dari dua tujuan tersebut yang berhasil, dan manaka",C4-Menganalisis,4.0,
dampak pemilu 1955,concept,Dampak Pemilu 1955,,,
konstituante,concept,Konstituante,,,
motivasi 3g dalam ekspedisi,topic_fine,Motivasi 3G dalam Ekspedisi,,,
gold (kekayaan),concept,Gold (Kekayaan),C4-Menganalisis,4.0,1.0
gospel (penyebaran agama),concept,Gospel (Penyebaran Agama),C4-Menganalisis,4.0,1.0
glory (kejayaan),concept,Glory (Kejayaan),C4-Menganalisis,4.0,1.0
q_29e19c8f60,question,"Uraikan bagaimana ketiga unsur dalam motivasi 3G (Gold, Gospel, Glory) saling berkaitan dan memperkuat satu sama lain da",C4-Menganalisis,4.0,
q_f112019576,question,"Analisislah mengapa ""Setengah Menganggur"" dan ""Pengangguran Terselubung"" dianggap sebagai masalah, padahal mereka secara",C4-Menganalisis,4.0,
implikasi sosial pengangguran,concept,Implikasi Sosial Pengangguran,,,
solusi permasalahan pengangguran,concept,Solusi Permasalahan Pengangguran,,,
perbandingan teori perubahan sosial,topic_fine,Perbandingan Teori Perubahan Sosial,,,
teori konflik,concept,Teori Konflik,C4-Menganalisis,4.0,1.0
asumsi sifat masyarakat,concept,Asumsi sifat masyarakat,C4-Menganalisis,4.0,1.0
q_4560187370,question,Bandingkan dan kontraskan asumsi dasar tentang sifat masyarakat dalam Teori Evolusionis dan Teori Konflik.,C4-Menganalisis,4.0,
dampak perubahan iklim sektor,topic_fine,Dampak Perubahan Iklim Sektor,,,
dampak pertanian (pergeseran musim),concept,Dampak pertanian (pergeseran musim),C4-Menganalisis,4.0,1.0
dampak kelautan (kenaikan permukaan laut),concept,Dampak kelautan (kenaikan permukaan laut),C4-Menganalisis,4.0,1.0
dampak ekonomi indonesia,concept,Dampak ekonomi Indonesia,C4-Menganalisis,4.0,1.0
q_6071ac486b,question,Bandingkan dampak perubahan iklim pada sektor pertanian (karena pergeseran musim) dan sektor kelautan (karena kenaikan p,C4-Menganalisis,4.0,
karakteristik iklim vs cuaca,concept,Karakteristik iklim vs cuaca,,,
adaptasi perubahan iklim,concept,Adaptasi perubahan iklim,,,
peran rumah tangga produsen,topic_fine,Peran Rumah Tangga Produsen,,,
rumah tangga produsen swasta,concept,Rumah Tangga Produsen swasta,C4-Menganalisis,4.0,1.0
rumah tangga produsen milik negara (bumn),concept,Rumah Tangga Produsen milik negara (BUMN),C4-Menganalisis,4.0,1.0
peran ekonomi,concept,Peran ekonomi,C4-Menganalisis,4.0,1.0
q_dd4d78e151,question,Bandingkan peran ekonomi antara Rumah Tangga Produsen (RTP) milik swasta dengan Rumah Tangga Produsen milik negara (BUMN,C4-Menganalisis,4.0,
pembagian kelompok pelaku ekonomi,concept,Pembagian kelompok pelaku ekonomi,,,
perbandingan metode diskusi publik,topic_fine,Perbandingan Metode Diskusi Publik,,,
rapat dengar pendapat (rdp) pemerintah dan dpr,concept,Rapat Dengar Pendapat (RDP) Pemerintah dan DPR,C4-Menganalisis,4.0,1.0
focus group discussion (fgd) dengan warga lokal,concept,Focus Group Discussion (FGD) dengan Warga Lokal,C4-Menganalisis,4.0,1.0
dampak kegiatan partisipasi,concept,Dampak Kegiatan Partisipasi,C4-Menganalisis,4.0,1.0
q_87352215a2,question,Analisis perbedaan dampak yang mungkin dihasilkan dari sebuah rapat dengar pendapat antara pemerintah dan DPR dibandingk,C4-Menganalisis,4.0,
pemahaman tentang bentuk partisipasi sosial,concept,Pemahaman tentang bentuk partisipasi sosial,,,
perbandingan dampak kampanye sosial,concept,Perbandingan dampak kampanye sosial,,,
evaluasi efektivitas metode partisipasi,concept,Evaluasi efektivitas metode partisipasi,,,
sejarah perjuangan kemerdekaan,topic_coarse,Sejarah Perjuangan Kemerdekaan,,,
strategi belanda melanggar perjanjian,topic_fine,Strategi Belanda Melanggar Perjanjian,,,
diplomasi dan gerilya,concept,Diplomasi dan Gerilya,C4-Menganalisis,4.0,1.0
q_a65e1ca0ae,question,Analisislah mengapa Belanda menggunakan strategi melanggar perjanjian (Linggarjati) dan melancarkan agresi militer (AMB ,C4-Menganalisis,4.0,
intervensi pbb dan ktn,concept,Intervensi PBB dan KTN,,,
perbandingan instrumen kebijakan,topic_fine,Perbandingan Instrumen Kebijakan,,,
operasi pasar terbuka,concept,Operasi Pasar Terbuka,C4-Menganalisis,4.0,1.0
kebijakan diskonto,concept,Kebijakan Diskonto,C4-Menganalisis,4.0,1.0
suku bunga acuan,concept,Suku Bunga Acuan,C4-Menganalisis,4.0,1.0
q_bb9de71de0,question,"Bandingkan ""Operasi Pasar Terbuka"" dan ""Kebijakan Diskonto"". Manakah yang secara langsung memengaruhi suku bunga acuan?",C4-Menganalisis,4.0,
dampak kebijakan moneter terhadap ekonomi,concept,Dampak Kebijakan Moneter terhadap Ekonomi,,,
hubungan sebab akibat krisis 1998,topic_fine,Hubungan Sebab Akibat Krisis 1998,,,
tragedi trisakti 12 mei,concept,Tragedi Trisakti 12 Mei,C4-Menganalisis,4.0,1.0
q_83f0ef6f9e,question,Analisislah hubungan sebab-akibat antara Tragedi Trisakti (12 Mei) dan Kerusuhan Mei 1998!,C4-Menganalisis,4.0,
latar belakang politik orde baru,concept,Latar Belakang Politik Orde Baru,,,
dampak krisis ekonomi 1998,concept,Dampak Krisis Ekonomi 1998,,,
keterkaitan letak geologis dan geografis,topic_fine,Keterkaitan Letak Geologis dan Geografis,,,
letak geologis (pertemuan lempeng dan jalur pegunungan),concept,Letak Geologis (pertemuan lempeng dan jalur pegunungan),C4-Menganalisis,4.0,1.0
kesuburan tanah,concept,Kesuburan Tanah,C4-Menganalisis,4.0,1.0
letak geografis,concept,Letak Geografis,C5-Mengevaluasi,4.0,3.0
q_db16a9d167,question,Analisis keterkaitan antara letak geologis Indonesia (pertemuan lempeng dan jalur pegunungan) dengan kesuburan tanah yan,C4-Menganalisis,4.0,
letak astronomis,concept,Letak Astronomis,C5-Mengevaluasi,4.0,1.0
dampak iklim indonesia,concept,Dampak Iklim Indonesia,,,
bentuk muka bumi indonesia,concept,Bentuk Muka Bumi Indonesia,,,
pembagian benua dan keberhuni,topic_fine,Pembagian Benua dan Keberhuni,,,
luas permukaan dan populasi bumi,concept,Luas permukaan dan populasi Bumi,C4-Menganalisis,4.0,1.0
kondisi lingkungan benua antartika,concept,Kondisi lingkungan Benua Antartika,C4-Menganalisis,4.0,1.0
kriteria tempat tinggal utama manusia,concept,Kriteria tempat tinggal utama manusia,C4-Menganalisis,4.0,1.0
q_b647dfbc20,question,"Analisis mengapa Benua Antartika, meskipun merupakan sebuah benua, tidak termasuk dalam daftar 5 benua yang menjadi temp",C4-Menganalisis,4.0,
pengetahuan tentang pembagian benua utama,concept,Pengetahuan tentang pembagian benua utama,,,
karakteristik lingkungan ekstrem di benua antartika,concept,Karakteristik lingkungan ekstrem di Benua Antartika,,,
hubungan birokrasi patrimonial dan kkn bumn,topic_fine,Hubungan Birokrasi Patrimonial dan KKN BUMN,,,
reformasi birokrasi (rb),concept,Reformasi Birokrasi (RB),C5-Mengevaluasi,4.0,2.0
q_37556c84fa,question,"Analisislah hubungan antara ""birokrasi patrimonial"" dan masalah KKN di BUMN!",C4-Menganalisis,4.0,
implementasi uu asn,concept,Implementasi UU ASN,,,
kelangkaan dan kebutuhan manusia,topic_fine,Kelangkaan dan Kebutuhan Manusia,,,
kelangkaan,concept,Kelangkaan,C4-Menganalisis,3.0,1.0
kebutuhan tak terbatas,concept,Kebutuhan tak terbatas,C4-Menganalisis,3.0,1.0
sumber daya,concept,Sumber daya,C4-Menganalisis,3.0,1.0
masalah ekonomi,concept,Masalah ekonomi,C4-Menganalisis,3.0,1.0
q_e246492e8d,question,Analisis mengapa kelangkaan adalah masalah ekonomi yang terjadi ketika sumber daya tidak dapat memenuhi kebutuhan manusi,C4-Menganalisis,3.0,
konsep kebutuhan manusia,concept,Konsep kebutuhan manusia,,,
solusi masalah kelangkaan,concept,Solusi masalah kelangkaan,,,
hubungan teori perdagangan,topic_fine,Hubungan Teori Perdagangan,,,
teori heckscher-ohlin,concept,Teori Heckscher-Ohlin,C6-Mencipta,5.0,2.0
perluasan teori,concept,Perluasan Teori,C4-Menganalisis,4.0,1.0
q_0ac1e4387c,question,"Bagaimana teori Heckscher-Ohlin dapat dilihat sebagai perluasan yang lebih mendalam dari teori keunggulan komparatif, bu",C4-Menganalisis,4.0,
teori perdagangan lainnya,concept,Teori Perdagangan Lainnya,,,
ancaman hoaks terhadap kebebasan berekspresi,topic_fine,Ancaman Hoaks terhadap Kebebasan Berekspresi,,,
kebebasan berekspresi,concept,Kebebasan Berekspresi,C6-Mencipta,5.0,2.0
informasi hoaks,concept,Informasi Hoaks,C6-Mencipta,5.0,2.0
pers sebagai pilar demokrasi,concept,Pers sebagai Pilar Demokrasi,C4-Menganalisis,4.0,1.0
q_ebb6674fe3,question,"Bagaimana tantangan ""informasi hoaks"" dapat mengancam ""kebebasan berekspresi"" itu sendiri?",C4-Menganalisis,4.0,
sejarah reformasi dan uu pers,concept,Sejarah Reformasi dan UU Pers,,,
regulasi konten,concept,Regulasi Konten,,,
hubungan tujuan konservasi,topic_fine,Hubungan Tujuan Konservasi,,,
tujuan konservasi (mencegah kepunahan),concept,Tujuan konservasi (mencegah kepunahan),C4-Menganalisis,4.0,1.0
fungsi ekosistem,concept,Fungsi ekosistem,C4-Menganalisis,4.0,1.0
upaya pelestarian sumber daya alam hayati,concept,Upaya pelestarian sumber daya alam hayati,C4-Menganalisis,4.0,1.0
q_2b859439f3,question,Uraikan bagaimana tercapainya tujuan konservasi nomor dua (mencegah kepunahan) secara langsung akan mendukung tercapainy,C4-Menganalisis,4.0,
definisi konservasi (uu no. 05 tahun 1990),concept,Definisi konservasi (UU No. 05 Tahun 1990),,,
kelebihan permintaan,concept,Kelebihan permintaan,C4-Menganalisis,4.0,1.0
kenaikan biaya produksi,concept,Kenaikan biaya produksi,C4-Menganalisis,4.0,1.0
q_05cd37a2a8,question,"Bandingkan Demand-pull dan Cost-push. Manakah yang terjadi akibat ""kelebihan"" uang di masyarakat dan manakah yang terjad",C4-Menganalisis,4.0,
permintaan dan penawaran,topic_fine,Permintaan dan Penawaran,,,
kurva permintaan,concept,Kurva Permintaan,C4-Menganalisis,4.0,1.0
kurva penawaran,concept,Kurva Penawaran,C4-Menganalisis,4.0,1.0
kemiringan kurva,concept,Kemiringan Kurva,C4-Menganalisis,4.0,1.0
q_1aa8650369,question,Bandingkan kurva permintaan dan kurva penawaran buku tulis. Apa yang dapat disimpulkan dari kemiringan (slope) kedua kur,C4-Menganalisis,4.0,
konsep permintaan,concept,Konsep Permintaan,,,
konsep penawaran,concept,Konsep Penawaran,,,
elastisitas permintaan dan penawaran,concept,Elastisitas Permintaan dan Penawaran,,,
pencapaian kesejahteraan berkelanjutan,topic_fine,Pencapaian Kesejahteraan Berkelanjutan,,,
peningkatan standar hidup,concept,Peningkatan Standar Hidup,C4-Menganalisis,4.0,1.0
keberdayaan,concept,Keberdayaan,C4-Menganalisis,4.0,1.0
kesejahteraan berkelanjutan,concept,Kesejahteraan Berkelanjutan,C4-Menganalisis,4.0,1.0
pembangunan sistematis,concept,Pembangunan Sistematis,C4-Menganalisis,4.0,2.0
q_0e1705e5c7,question,Analisislah mengapa peningkatan standar hidup (misalnya melalui bantuan sosial) saja tidak cukup untuk mencapai kesejaht,C4-Menganalisis,4.0,
indikator kesejahteraan,concept,Indikator Kesejahteraan,C5-Mengevaluasi,4.0,1.0
strategi pembangunan kesejahteraan,concept,Strategi Pembangunan Kesejahteraan,,,
peran keberdayaan dalam pembangunan,concept,Peran Keberdayaan dalam Pembangunan,,,
ilmu politik dan sejarah,topic_coarse,Ilmu Politik dan Sejarah,,,
perbandingan stabilitas pemerintahan,topic_fine,Perbandingan Stabilitas Pemerintahan,,,
q_c394c5fba1,question,Bandingkan tingkat stabilitas pemerintahan antara era Demokrasi Parlementer dan era Demokrasi Terpimpin berdasarkan desk,C4-Menganalisis,4.0,
ciri-ciri dan unsur sejarah,topic_fine,Ciri-ciri dan unsur sejarah,,,
"ciri-ciri peristiwa sejarah (unik, abadi, penting)",concept,"Ciri-ciri peristiwa sejarah (unik, abadi, penting)",C6-Mencipta,5.0,2.0
"unsur-unsur sejarah (ruang, waktu, manusia)",concept,"Unsur-unsur sejarah (ruang, waktu, manusia)",C6-Mencipta,5.0,2.0
cerita rakyat sebagai milik bersama,concept,Cerita rakyat sebagai milik bersama,C4-Menganalisis,4.0,1.0
q_ffa9cea52f,question,"Berdasarkan ciri-cirinya, mengapa cerita rakyat dianggap 'menjadi milik bersama' suatu masyarakat?",C4-Menganalisis,4.0,
fungsi atau interpretasi cerita rakyat,concept,Fungsi atau interpretasi cerita rakyat,,,
ciri-ciri cerita rakyat,concept,Ciri-ciri cerita rakyat,C4-Menganalisis,4.0,1.0
buku sejarah modern,concept,Buku sejarah modern,C4-Menganalisis,4.0,1.0
sifat sumber informasi,concept,Sifat sumber informasi,C4-Menganalisis,4.0,1.0
q_7b759b613c,question,"Bandingkan ciri-ciri cerita rakyat (anonim, lisan, banyak versi) dengan buku sejarah modern yang ditulis oleh sejarawan.",C4-Menganalisis,4.0,
definisi dan ciri peristiwa sejarah,concept,Definisi dan ciri peristiwa sejarah,,,
siklus anggaran pendapatan dan belanja negara,topic_fine,Siklus Anggaran Pendapatan dan Belanja Negara,,,
fungsi perencanaan apbn,concept,Fungsi perencanaan APBN,C4-Menganalisis,4.0,1.0
fungsi pengawasan apbn,concept,Fungsi pengawasan APBN,C4-Menganalisis,4.0,1.0
q_84e0c9bd13,question,Analisislah hubungan antara fungsi perencanaan dan fungsi pengawasan dalam siklus APBN.,C4-Menganalisis,4.0,
tahapan pelaksanaan apbn,concept,Tahapan pelaksanaan APBN,,,
ekonomi tenaga kerja,topic_coarse,Ekonomi Tenaga Kerja,,,
perbandingan sistem upah,topic_fine,Perbandingan Sistem Upah,,,
sistem upah indeks,concept,Sistem Upah Indeks,C6-Mencipta,5.0,2.0
sistem upah hasil (borongan),concept,Sistem Upah Hasil (Borongan),C4-Menganalisis,4.0,1.0
kepastian pendapatan,concept,Kepastian Pendapatan,C4-Menganalisis,4.0,1.0
q_c476189ca7,question,"Bandingkan sistem upah ""indeks"" (berdasarkan biaya hidup) dengan sistem upah ""hasil"" (borongan). Manakah yang memberikan",C4-Menganalisis,4.0,
jenis-jenis sistem upah,concept,Jenis-jenis sistem upah,,,
sistem upah berdasarkan waktu,concept,Sistem Upah Berdasarkan Waktu,,,
globalisasi dan perusahaan,topic_coarse,Globalisasi dan Perusahaan,,,
skeptisisme globalisasi dan perusahaan multinasional,topic_fine,Skeptisisme Globalisasi dan Perusahaan Multinasional,,,
faktor pengaruh skeptisisme globalisasi,concept,Faktor Pengaruh Skeptisisme Globalisasi,C4-Menganalisis,4.0,1.0
q_875c2e4ab8,question,Analisislah hubungan antara 'Faktor Pengaruh' dalam skeptisme globalisasi dengan keberadaan perusahaan multinasional.,C4-Menganalisis,4.0,
respon terhadap globalisasi,concept,Respon terhadap Globalisasi,,,
klasifikasi sumber pendanaan,topic_fine,Klasifikasi Sumber Pendanaan,,,
modal pemilik (ekuitas),concept,Modal Pemilik (Ekuitas),C4-Menganalisis,4.0,1.0
utang bank (liabilitas),concept,Utang Bank (Liabilitas),C4-Menganalisis,4.0,1.0
sumber pendanaan perusahaan,concept,Sumber Pendanaan Perusahaan,C4-Menganalisis,4.0,1.0
q_3ae98b1387,question,"Analisis mengapa akun 'Modal Pemilik' dan 'Utang Bank' sama-sama merupakan sumber pendanaan bagi perusahaan, tetapi dikl",C4-Menganalisis,4.0,
konsep ekuitas dan liabilitas,concept,Konsep Ekuitas dan Liabilitas,,,
indikator kualitas pembangunan manusia,topic_fine,Indikator Kualitas Pembangunan Manusia,,,
usia harapan hidup,concept,Usia Harapan Hidup,C4-Menganalisis,4.0,1.0
pendapatan,concept,Pendapatan,C6-Mencipta,5.0,3.0
q_b38bf766de,question,"Mengapa empat komponen IPM (Usia Harapan Hidup, Pendidikan, dan Pendapatan) dianggap sebagai indikator yang komprehensif",C4-Menganalisis,4.0,
konsep pembangunan manusia,concept,Konsep Pembangunan Manusia,,,
analisis faktor penentu kualitas sdm,concept,Analisis Faktor Penentu Kualitas SDM,,,
perbandingan indikator pembangunan,concept,Perbandingan Indikator Pembangunan,,,
budaya dan kearifan lokal,topic_coarse,Budaya dan Kearifan Lokal,,,
sistem rumah adat suku baduy,topic_fine,Sistem Rumah Adat Suku Baduy,,,
kondisi alam,concept,Kondisi alam,C5-Mengevaluasi,4.0,2.0
pengetahuan budaya,concept,Pengetahuan budaya,C4-Menganalisis,4.0,1.0
praktik budaya,concept,Praktik budaya,C4-Menganalisis,4.0,1.0
q_ced11928c5,question,"Uraikan bagaimana kearifan lokal rumah adat Suku Baduy merupakan sebuah sistem yang menghubungkan kondisi alam, pengetah",C4-Menganalisis,4.0,
konsep kearifan lokal,concept,Konsep Kearifan Lokal,,,
perbandingan budaya,concept,Perbandingan Budaya,,,
dampak lingkungan terhadap budaya,concept,Dampak Lingkungan terhadap Budaya,,,
peran dprd dalam apbd,topic_fine,Peran DPRD dalam APBD,,,
peran dprd,concept,Peran DPRD,C4-Menganalisis,4.0,1.0
q_296fdb07f9,question,Bandingkan peran DPRD dalam APBD dengan peran DPR dalam APBN (dari konteks sebelumnya). Apa kesamaan peran mereka?,C4-Menganalisis,4.0,
peran apbn,concept,Peran APBN,,,
fungsi apbd,concept,Fungsi APBD,,,
perbedaan biaya produksi,concept,Perbedaan Biaya Produksi,C4-Menganalisis,4.0,1.0
q_ed40f434f2,question,Analisislah hubungan sebab-akibat antara faktor pendorong 'Perbedaan Teknologi' dengan faktor pendorong 'Perbedaan Biaya,C4-Menganalisis,4.0,
menganalisis hubungan sebab-akibat,method,Menganalisis hubungan sebab-akibat,,,
hubungan sebab akibat tokoh daerah,topic_fine,Hubungan Sebab Akibat Tokoh Daerah,,,
kegagalan pata alam meraih loyalitas raja-raja papua,concept,Kegagalan Pata Alam meraih loyalitas raja-raja Papua,C4-Menganalisis,4.0,1.0
posisi tawar sultan nuku,concept,Posisi tawar Sultan Nuku,C4-Menganalisis,4.0,1.0
q_7ae003c9a5,question,Analisis hubungan sebab-akibat antara kegagalan Pata Alam meraih loyalitas raja-raja Papua dengan semakin menguatnya pos,C4-Menganalisis,4.0,
pengetahuan tentang tokoh sejarah lokal,concept,Pengetahuan tentang tokoh sejarah lokal,,,
analisis dampak tindakan tokoh terhadap dinamika politik lokal,concept,Analisis dampak tindakan tokoh terhadap dinamika politik lokal,,,
sebab-akibat masalah sosial,topic_fine,Sebab-akibat Masalah Sosial,,,
berakhirnya perang dingin,concept,Berakhirnya Perang Dingin,C4-Menganalisis,4.0,1.0
persaingan dagang antarnegara,concept,Persaingan dagang antarnegara,C4-Menganalisis,4.0,1.0
ketegangan sosial politik akibat migrasi,concept,Ketegangan sosial politik akibat migrasi,C4-Menganalisis,4.0,1.0
q_30f39e6d91,question,Analisislah hubungan sebab-akibat antara berakhirnya Perang Dingin dengan munculnya masalah sosial berupa 'persaingan da,C4-Menganalisis,4.0,
globalisasi dan era digital,concept,Globalisasi dan era digital,,,
kebijakan diskriminasi harga,topic_fine,Kebijakan Diskriminasi Harga,C4-Menganalisis,4.0,1.0
strategi politik ekonomi,concept,Strategi Politik Ekonomi,C4-Menganalisis,4.0,1.0
q_497a4f8add,question,Kaitkan kebijakan diskriminasi harga dengan strategi politik dan ekonomi suatu negara terhadap negara-negara mitranya. M,C4-Menganalisis,4.0,
perang dagang,concept,Perang Dagang,,,
pengaruh sifat atmosfer terhadap kehidupan,topic_fine,Pengaruh Sifat Atmosfer terhadap Kehidupan,,,
"sifat-sifat atmosfer (tidak berwarna, dinamis, memiliki massa)",concept,"Sifat-sifat atmosfer (tidak berwarna, dinamis, memiliki massa)",C4-Menganalisis,4.0,1.0
"peran atmosfer bagi kehidupan (perlindungan radiasi, penyediaan oksigen, menjaga suhu)",concept,"Peran atmosfer bagi kehidupan (perlindungan radiasi, penyediaan oksigen, menjaga suhu)",C4-Menganalisis,4.0,1.0
q_4f59d8c749,question,"Identifikasikan bagaimana sifat-sifat atmosfer (tidak berwarna, dinamis, memiliki massa) secara bersamaan memengaruhi ke",C4-Menganalisis,4.0,
sifat-sifat atmosfer,concept,Sifat-sifat atmosfer,,,
peran spesifik gas dalam atmosfer,concept,Peran spesifik gas dalam atmosfer,,,
faktor percepatan globalisasi,topic_fine,Faktor Percepatan Globalisasi,,,
runtuhnya tembok berlin,concept,Runtuhnya Tembok Berlin,C4-Menganalisis,4.0,1.0
bubarnya uni soviet,concept,Bubarnya Uni Soviet,C4-Menganalisis,4.0,1.0
arus globalisasi,concept,Arus Globalisasi,C4-Menganalisis,4.0,1.0
q_589b54283c,question,Analisis mengapa runtuhnya Tembok Berlin dan bubarnya Uni Soviet menjadi titik penting yang mempercepat kembali arus glo,C4-Menganalisis,4.0,
perkembangan ilmu pengetahuan dan teknologi (iptek),concept,Perkembangan Ilmu Pengetahuan dan Teknologi (IPTEK),,,
dampak politik globalisasi,concept,Dampak Politik Globalisasi,,,
studi kasus integrasi ekonomi,concept,Studi Kasus Integrasi Ekonomi,,,
dukungan politik soekarno terhadap lekra dan pelarangan manikebu,topic_fine,Dukungan Politik Soekarno terhadap Lekra dan pelarangan Manikebu,,,
lekra dan pki,concept,Lekra dan PKI,C4-Menganalisis,4.0,1.0
manikebu (humanisme universal),concept,Manikebu (Humanisme Universal),C4-Menganalisis,4.0,1.0
q_39d8e133a9,question,"Analisislah mengapa Lekra (yang berafiliasi dengan PKI) didukung oleh Soekarno, sementara Manikebu (humanisme universal)",C4-Menganalisis,4.0,
dampak kebijakan ekonomi demokrasi terpimpin,concept,Dampak kebijakan ekonomi Demokrasi Terpimpin,,,
interaksi kerentanan sosial dan ekonomi,topic_fine,Interaksi Kerentanan Sosial dan Ekonomi,,,
kerentanan ekonomi,concept,Kerentanan Ekonomi,C5-Mengevaluasi,5.0,2.0
kerentanan sosial,concept,Kerentanan Sosial,C4-Menganalisis,4.0,1.0
dampak bencana,concept,Dampak Bencana,C4-Menganalisis,4.0,1.0
q_ee28af8a87,question,Uraikan bagaimana tingkat kerentanan ekonomi yang tinggi dapat memperburuk dampak bencana terhadap kerentanan sosial dal,C4-Menganalisis,4.0,
"tiga aspek dinamika bencana (kerentanan, ancaman, kapasitas)",concept,"Tiga Aspek Dinamika Bencana (Kerentanan, Ancaman, Kapasitas)",,,
"jenis-jenis kerentanan (sosial, fisik, lingkungan, ekonomi)",concept,"Jenis-jenis Kerentanan (Sosial, Fisik, Lingkungan, Ekonomi)",,,
strategi mitigasi bencana,concept,Strategi Mitigasi Bencana,,,
pengurangan risiko bencana (drr),concept,Pengurangan Risiko Bencana (DRR),,,
interaksi keruangan,topic_coarse,Interaksi Keruangan,,,
hubungan basis ekonomi dan kepadatan penduduk,topic_fine,Hubungan Basis Ekonomi dan Kepadatan Penduduk,,,
basis ekonomi wilayah (pertanian vs industri/jasa),concept,Basis Ekonomi Wilayah (Pertanian vs Industri/Jasa),C4-Menganalisis,4.0,1.0
tingkat kepadatan penduduk,concept,Tingkat Kepadatan Penduduk,C4-Menganalisis,4.0,1.0
q_9df7bc8a07,question,Analisislah hubungan sebab-akibat antara basis ekonomi suatu wilayah (pertanian vs industri/jasa) dengan tingkat kepadat,C4-Menganalisis,4.0,
faktor-faktor yang memengaruhi interaksi wilayah,concept,Faktor-faktor yang memengaruhi interaksi wilayah,,,
potensi pemanfaatan hutan bakau,topic_fine,Potensi Pemanfaatan Hutan Bakau,,,
potensi ekologi hutan bakau,concept,Potensi Ekologi Hutan Bakau,C4-Menganalisis,4.0,1.0
potensi ekonomi hutan bakau,concept,Potensi Ekonomi Hutan Bakau,C4-Menganalisis,4.0,1.0
q_2f0477b68a,question,"Berdasarkan informasi bahwa Indonesia memiliki 30% hutan bakau dunia, analisislah minimal dua potensi (ekologi dan ekono",C4-Menganalisis,4.0,
karakteristik hutan,concept,Karakteristik Hutan,,,
konservasi ekosistem pesisir,concept,Konservasi Ekosistem Pesisir,,,
efektivitas rencana tata ruang wilayah,topic_fine,Efektivitas Rencana Tata Ruang Wilayah,,,
rencana tata ruang wilayah (rtrw),concept,Rencana Tata Ruang Wilayah (RTRW),C6-Mencipta,5.0,2.0
instrumen pengendali pembangunan,concept,Instrumen pengendali pembangunan,C4-Menganalisis,4.0,1.0
faktor penyebab inefektivitas,concept,Faktor penyebab inefektivitas,C4-Menganalisis,4.0,1.0
q_faedeb302c,question,Analisis faktor-faktor penyebab Rencana Tata Ruang Wilayah (RTRW) di Semarang belum efektif sebagai instrumen pengendali,C4-Menganalisis,4.0,
evaluasi kebijakan tata ruang,concept,Evaluasi kebijakan tata ruang,,,
strategi perbaikan rtrw,concept,Strategi perbaikan RTRW,,,
tahap penelitian sosial,topic_fine,Tahap Penelitian Sosial,,,
jajak pendapat,concept,Jajak Pendapat,C4-Menganalisis,4.0,1.0
dialog,concept,Dialog,C5-Mengevaluasi,4.0,2.0
penyebaran angket,concept,Penyebaran Angket,C4-Menganalisis,4.0,1.0
q_623418025b,question,"Tindakan kelompok Andi melakukan jajak pendapat, dialog, dan menyebar angket terbatas adalah bagian dari tahap apa dalam",C4-Menganalisis,4.0,
interpretasi data,concept,Interpretasi Data,,,
analisis hasil penelitian,concept,Analisis Hasil Penelitian,,,
asumsi stereotip gender,topic_fine,Asumsi Stereotip Gender,,,
asumsi stereotip,concept,Asumsi Stereotip,C4-Menganalisis,4.0,1.0
peran gender,concept,Peran Gender,C4-Menganalisis,4.0,1.0
sektor industri,concept,Sektor Industri,C4-Menganalisis,4.0,1.0
q_adf6b225d2,question,Uraikan asumsi-asumsi stereotip yang mendasari pandangan bahwa perempuan lebih cocok ditempatkan di posisi bawah dalam s,C4-Menganalisis,4.0,
konsep perubahan sosial,concept,Konsep Perubahan Sosial,,,
analisis dampak globalisasi,concept,Analisis Dampak Globalisasi,,,
teori peran sosial,concept,Teori Peran Sosial,,,
sebab akibat pemanasan global,topic_fine,Sebab Akibat Pemanasan Global,,,
penggunaan bahan bakar fosil,concept,Penggunaan bahan bakar fosil,C4-Menganalisis,4.0,1.0
peningkatan konsentrasi co2,concept,Peningkatan konsentrasi CO2,C4-Menganalisis,4.0,1.0
pencairan es di kutub,concept,Pencairan es di kutub,C4-Menganalisis,4.0,1.0
q_5f63a3fdd1,question,"Analisis hubungan sebab-akibat antara penggunaan bahan bakar fosil, peningkatan konsentrasi CO2, dan pencairan es di kut",C4-Menganalisis,4.0,
geologi dan geografi,topic_coarse,Geologi dan Geografi,,,
hubungan lempeng tektonik dan gunung api,topic_fine,Hubungan Lempeng Tektonik dan Gunung Api,,,
keberadaan gunung api di indonesia,concept,Keberadaan gunung api di Indonesia,C4-Menganalisis,4.0,1.0
sebab-akibat geologi,concept,Sebab-akibat geologi,C4-Menganalisis,4.0,1.0
q_235ed517ee,question,Analisislah hubungan sebab-akibat antara pertemuan tiga lempeng tektonik dengan keberadaan ratusan gunung api di Indones,C4-Menganalisis,4.0,
dampak bencana geologi,concept,Dampak bencana geologi,,,
jenis-jenis batuan vulkanik,concept,Jenis-jenis batuan vulkanik,,,
indikator pembangunan kesejahteraan,topic_fine,Indikator Pembangunan Kesejahteraan,,,
angka harapan hidup,concept,Angka Harapan Hidup,C4-Menganalisis,4.0,1.0
faktor non-kesehatan,concept,Faktor Non-Kesehatan,C4-Menganalisis,4.0,1.0
q_3b37b494db,question,Data menunjukkan angka harapan hidup di Indonesia meningkat. Analisislah faktor-faktor non-kesehatan yang mungkin berkon,C4-Menganalisis,4.0,
faktor-faktor pembangunan sosial lainnya,concept,Faktor-faktor Pembangunan Sosial Lainnya,,,
perlindungan ojk,concept,Perlindungan OJK,C4-Menganalisis,4.0,1.0
q_c209307d69,question,Bandingkan target pengguna Microfinance dan P2P Lending. Siapa target pengguna yang paling rentan dan paling membutuhkan,C4-Menganalisis,4.0,
risiko dalam fintech,concept,Risiko dalam Fintech,,,
hubungan kebebasan politik dan pers,topic_fine,Hubungan Kebebasan Politik dan Pers,,,
kebebasan pers (uu no. 40/1999),concept,Kebebasan Pers (UU No. 40/1999),C4-Menganalisis,4.0,1.0
kebebasan politik (berdirinya partai),concept,Kebebasan Politik (Berdirinya Partai),C4-Menganalisis,4.0,1.0
peran media sebagai pilar demokrasi,concept,Peran Media sebagai Pilar Demokrasi,C4-Menganalisis,4.0,1.0
q_9137b7754f,question,Analisislah mengapa kebebasan politik (berdirinya banyak partai) dan kebebasan pers (UU Pers) terjadi bersamaan di awal ,C4-Menganalisis,4.0,
dampak reformasi,concept,Dampak Reformasi,,,
perkembangan media pasca-reformasi,concept,Perkembangan Media Pasca-Reformasi,,,
q_b640cd7559,question,Analisislah hubungan antara kekayaan sumber daya alam Malaysia di sektor pertambangan dan perkebunan dengan posisinya da,C4-Menganalisis,4.0,
ekonomi sumber daya alam,concept,Ekonomi sumber daya alam,,,
vacuum of power dan kedatangan sekutu,topic_fine,Vacuum of Power dan Kedatangan Sekutu,,,
perintah sekutu,concept,Perintah Sekutu,C4-Menganalisis,4.0,1.0
status quo,concept,Status Quo,C4-Menganalisis,4.0,1.0
q_d8c11bab59,question,Analisislah mengapa Jepang (yang sudah kalah) diperintahkan Sekutu untuk menjaga status quo!,C4-Menganalisis,4.0,
penyerahan jepang kepada sekutu,concept,Penyerahan Jepang kepada Sekutu,,,
peran nica dalam konflik pasca-perang,concept,Peran NICA dalam Konflik Pasca-Perang,,,
tahap awal konflik,topic_fine,Tahap awal konflik,,,
kontravensi,concept,Kontravensi,C4-Menganalisis,4.0,1.0
pertentangan (konflik),concept,Pertentangan (Konflik),C4-Menganalisis,4.0,1.0
q_e2610f7ff7,question,Analisislah mengapa kontravensi dapat menjadi tahap awal sebelum terjadinya pertentangan (konflik)!,C4-Menganalisis,4.0,
perbedaan fokus kepemimpinan tokoh daerah,topic_fine,Perbedaan Fokus Kepemimpinan Tokoh Daerah,,,
fokus kepemimpinan sultan nuku (perjuangan militer dan persatuan),concept,Fokus kepemimpinan Sultan Nuku (perjuangan militer dan persatuan),C4-Menganalisis,4.0,1.0
fokus kepemimpinan ratu kalinyamat (pengembangan maritim dan perdagangan),concept,Fokus kepemimpinan Ratu Kalinyamat (pengembangan maritim dan perdagangan),C4-Menganalisis,4.0,1.0
q_a70e35b8e8,question,Uraikan perbedaan fokus kepemimpinan antara Sultan Nuku yang berpusat pada perjuangan militer dan persatuan melawan penj,C4-Menganalisis,4.0,
pengetahuan tentang tokoh sejarah lokal (sultan nuku dan ratu kalinyamat),concept,Pengetahuan tentang tokoh sejarah lokal (Sultan Nuku dan Ratu Kalinyamat),,,
perbandingan strategi kepemimpinan tokoh sejarah lain,concept,Perbandingan strategi kepemimpinan tokoh sejarah lain,,,
analisis dampak kebijakan maritim terhadap sejarah lokal,concept,Analisis dampak kebijakan maritim terhadap sejarah lokal,,,
hubungan faktor iklim dan tanaman,topic_fine,Hubungan Faktor Iklim dan Tanaman,,,
penyinaran matahari,concept,Penyinaran matahari,C4-Menganalisis,4.0,1.0
kadar air,concept,Kadar air,C4-Menganalisis,4.0,1.0
q_db8ec3b8d3,question,"Analisislah hubungan sebab-akibat antara penyinaran matahari, suhu, dan kadar air pada tanaman!",C4-Menganalisis,4.0,
konsep dasar cuaca dan iklim,concept,Konsep dasar cuaca dan iklim,,,
faktor-faktor yang mempengaruhi pertumbuhan tanaman,concept,Faktor-faktor yang mempengaruhi pertumbuhan tanaman,,,
studi ekologi tumbuhan,concept,Studi ekologi tumbuhan,,,
faktor pengaruh persebaran tanaman,topic_fine,Faktor pengaruh persebaran tanaman,,,
"faktor persebaran (iklim, tanah, peran biotik)",concept,"Faktor persebaran (iklim, tanah, peran biotik)",C4-Menganalisis,4.0,1.0
"karakteristik iklim (suhu, kelembapan)",concept,"Karakteristik iklim (suhu, kelembapan)",C4-Menganalisis,4.0,1.0
adaptasi spesies (tanaman kopi),concept,Adaptasi spesies (tanaman kopi),C4-Menganalisis,4.0,1.0
q_88dee7c22f,question,Mengapa tanaman kopi dapat ditemukan di Daerah Sedang (600-1500 m) dan juga di Daerah Sejuk (1500-2500 m)? Analisislah k,C4-Menganalisis,4.0,
adaptasi tumbuhan terhadap lingkungan,concept,Adaptasi tumbuhan terhadap lingkungan,,,
propaganda dan kebijakan jepang,topic_fine,Propaganda dan Kebijakan Jepang,,,
propaganda jepang ('saudara tua'),concept,Propaganda Jepang ('Saudara Tua'),C4-Menganalisis,4.0,1.0
kebijakan romusha,concept,Kebijakan Romusha,C4-Menganalisis,4.0,1.0
seikerei,concept,Seikerei,C4-Menganalisis,4.0,1.0
q_21444cf0f1,question,Periksalah kontradiksi antara propaganda Jepang sebagai 'Saudara Tua' dengan praktik kebijakan Romusha dan Seikerei yang,C4-Menganalisis,4.0,
definisi dan batas wilayah,topic_fine,Definisi dan Batas Wilayah,,,
wilayah nodal (fungsional),concept,Wilayah nodal (fungsional),C4-Menganalisis,4.0,1.0
batas administratif,concept,Batas administratif,C4-Menganalisis,4.0,1.0
ketidaksesuaian batas,concept,Ketidaksesuaian batas,C4-Menganalisis,4.0,1.0
q_61bdcd8649,question,Identifikasilah potensi masalah yang mungkin timbul jika suatu wilayah didefinisikan secara nodal (fungsional) tetapi ba,C4-Menganalisis,4.0,
jenis-jenis wilayah (formal vs fungsional),concept,Jenis-jenis wilayah (Formal vs Fungsional),,,
karakteristik wilayah formal,concept,Karakteristik wilayah formal,,,
teori interaksi wilayah,concept,Teori interaksi wilayah,,,
perbandingan periode perlawanan,topic_fine,Perbandingan Periode Perlawanan,,,
ciri perlawanan sebelum 1908,concept,Ciri perlawanan sebelum 1908,C4-Menganalisis,4.0,1.0
ciri perlawanan sesudah 1908,concept,Ciri perlawanan sesudah 1908,C4-Menganalisis,4.0,1.0
q_eb5d0e6b23,question,Strukturkan kembali ciri-ciri perlawanan sebelum dan sesudah 1908 ke dalam sebuah tabel perbandingan.,C4-Menganalisis,4.0,
analisis dampak perlawanan,concept,Analisis Dampak Perlawanan,,,
tuntutan mahasiswa pasca g30s,topic_fine,Tuntutan Mahasiswa Pasca G30S,,,
gerakan 30 september (g30s),concept,Gerakan 30 September (G30S),C5-Mengevaluasi,4.0,2.0
tritura,concept,TRITURA,C6-Mencipta,5.0,4.0
rombak kabinet dwikora,concept,Rombak Kabinet Dwikora,C4-Menganalisis,4.0,1.0
q_e1c0cb05bc,question,"Analisislah mengapa ""Rombak Kabinet Dwikora"" menjadi salah satu tuntutan TRITURA!",C4-Menganalisis,4.0,
latar belakang ketidakstabilan politik,concept,Latar belakang ketidakstabilan politik,,,
dampak kebijakan politik pasca-g30s,concept,Dampak kebijakan politik pasca-G30S,,,
perdagangan global awal masehi,topic_coarse,Perdagangan Global Awal Masehi,,,
perbandingan peran selat malaka dan jalur sutra,topic_fine,Perbandingan peran Selat Malaka dan Jalur Sutra,,,
peran strategis selat malaka,concept,Peran strategis Selat Malaka,C4-Menganalisis,4.0,1.0
peran jalur sutra darat,concept,Peran Jalur Sutra darat,C4-Menganalisis,4.0,1.0
q_ce664a36a9,question,Bandingkan peran strategis Selat Malaka dengan Jalur Sutra darat dalam konteks perdagangan global pada awal Masehi.,C4-Menganalisis,4.0,
dampak geopolitik jalur perdagangan,concept,Dampak geopolitik jalur perdagangan,,,
peran kerajaan maritim,concept,Peran kerajaan maritim,,,
kearifan lokal dan sistem sosial,topic_coarse,Kearifan Lokal dan Sistem Sosial,,,
penerapan tri hita karana pada sistem irigasi,topic_fine,Penerapan Tri Hita Karana pada Sistem Irigasi,,,
tri hita karana,concept,Tri Hita Karana,C4-Menganalisis,4.0,1.0
sistem irigasi subak,concept,Sistem Irigasi Subak,C4-Menganalisis,4.0,1.0
kelestarian lingkungan,concept,Kelestarian Lingkungan,C4-Menganalisis,4.0,1.0
q_c323ddcde6,question,"Telaah bagaimana ketiga komponen Tri Hita Karana (Parahyangan, Pawongan, Palemahan) secara simultan bekerja dalam menjag",C4-Menganalisis,4.0,
definisi tri hita karana,concept,Definisi Tri Hita Karana,,,
fungsi sistem irigasi,concept,Fungsi sistem irigasi,,,
studi kasus kearifan lokal,concept,Studi Kasus Kearifan Lokal,,,
perubahan iklim dan geografi,topic_coarse,Perubahan Iklim dan Geografi,,,
potensi kehilangan lahan pertanian,concept,Potensi Kehilangan Lahan Pertanian,C4-Menganalisis,4.0,1.0
perbandingan wilayah,concept,Perbandingan Wilayah,C4-Menganalisis,4.0,1.0
q_e2c1da2849,question,Analisislah mengapa pulau Jawa tercatat sebagai wilayah dengan potensi kehilangan lahan pertanian produktif paling besar,C4-Menganalisis,4.0,
konsep kenaikan permukaan air laut,concept,Konsep Kenaikan Permukaan Air Laut,,,
mitigasi dampak perubahan iklim,concept,Mitigasi Dampak Perubahan Iklim,,,
adaptasi wilayah pesisir,concept,Adaptasi Wilayah Pesisir,,,
jenis interaksi sosial,topic_fine,Jenis Interaksi Sosial,,,
interaksi disosiatif,concept,Interaksi Disosiatif,C5-Mengevaluasi,5.0,2.0
kerja sama,concept,Kerja Sama,C4-Menganalisis,4.0,1.0
q_36ace9ba5a,question,"Mengapa persaingan dalam pertandingan sepak bola digolongkan sebagai interaksi disosiatif, meskipun di dalam satu tim te",C4-Menganalisis,4.0,
jenis-jenis interaksi sosial (asosiatif dan disosiatif),concept,Jenis-jenis Interaksi Sosial (Asosiatif dan Disosiatif),,,
faktor-faktor yang memengaruhi interaksi sosial,concept,Faktor-faktor yang memengaruhi interaksi sosial,,,
ekonomi dan demografi,topic_coarse,Ekonomi dan Demografi,,,
hubungan penduduk usia produktif dan inovasi,topic_fine,Hubungan penduduk usia produktif dan inovasi,,,
peningkatan jumlah penduduk usia produktif,concept,Peningkatan jumlah penduduk usia produktif,C4-Menganalisis,4.0,1.0
peningkatan inovasi,concept,Peningkatan inovasi,C4-Menganalisis,4.0,1.0
peningkatan teknologi,concept,Peningkatan teknologi,C4-Menganalisis,4.0,1.0
q_f5b0d00a88,question,Analisislah hubungan sebab-akibat antara peningkatan jumlah penduduk usia produktif dengan peningkatan inovasi dan tekno,C4-Menganalisis,4.0,
konsep dasar demografi,concept,Konsep dasar demografi,,,
konsep inovasi dan teknologi,concept,Konsep inovasi dan teknologi,,,
dampak bonus demografi,concept,Dampak bonus demografi,,,
kebijakan pengembangan sdm,concept,Kebijakan pengembangan SDM,,,
hubungan meritokrasi dan stratifikasi sosial,topic_fine,Hubungan Meritokrasi dan Stratifikasi Sosial,,,
meritokrasi,concept,Meritokrasi,C4-Menganalisis,4.0,1.0
stratifikasi sosial terbuka,concept,Stratifikasi Sosial Terbuka,C4-Menganalisis,4.0,1.0
q_56d65d2b09,question,Analisislah hubungan antara konsep meritokrasi dengan sifat stratifikasi sosial terbuka!,C4-Menganalisis,4.0,
dampak hiperinflasi,topic_fine,Dampak Hiperinflasi,,,
daya beli,concept,Daya Beli,C4-Menganalisis,4.0,1.0
nilai riil tabungan,concept,Nilai Riil Tabungan,C4-Menganalisis,4.0,1.0
q_e2f5ae7d78,question,"Analisislah mengapa inflasi ""hiperinflasi"" (>100%) sangat berbahaya bagi perekonomian, kaitkan dengan ""daya beli"" dan ""n",C4-Menganalisis,4.0,
perbandingan sdg 2 dan sdg 6,topic_fine,Perbandingan SDG 2 dan SDG 6,,,
sdg 2 (tanpa kelaparan),concept,SDG 2 (Tanpa Kelaparan),C4-Menganalisis,4.0,1.0
sdg 6 (air bersih dan sanitasi layak),concept,SDG 6 (Air Bersih dan Sanitasi Layak),C6-Mencipta,5.0,2.0
kebutuhan mendasar,concept,Kebutuhan mendasar,C4-Menganalisis,4.0,1.0
kelangsungan hidup jangka pendek,concept,Kelangsungan hidup jangka pendek,C4-Menganalisis,4.0,1.0
q_5564c26d76,question,Bandingkan fokus utama antara SDG 2 (Tanpa Kelaparan) dan SDG 6 (Air Bersih dan Sanitasi Layak). Manakah yang menangani ,C4-Menganalisis,4.0,
pemahaman tentang tujuan pembangunan berkelanjutan (sdgs),concept,Pemahaman tentang Tujuan Pembangunan Berkelanjutan (SDGs),,,
analisis indikator sdg lainnya,concept,Analisis indikator SDG lainnya,,,
implementasi kebijakan pembangunan berkelanjutan,concept,Implementasi kebijakan pembangunan berkelanjutan,,,
sejarah dan geografi asia,topic_coarse,Sejarah dan Geografi Asia,,,
faktor strategis makkah komunitas jawi,topic_fine,Faktor strategis Makkah Komunitas Jawi,,,
lokasi strategis makkah,concept,Lokasi strategis Makkah,C4-Menganalisis,4.0,1.0
pembentukan komunitas jawi,concept,Pembentukan Komunitas Jawi,C4-Menganalisis,4.0,1.0
pusat penyebaran gagasan ke nusantara,concept,Pusat penyebaran gagasan ke Nusantara,C4-Menganalisis,4.0,1.0
q_197ea564c5,question,Analisislah faktor-faktor yang menjadikan Makkah sebagai lokasi strategis bagi terbentuknya 'Komunitas Jawi' dan pusat p,C4-Menganalisis,4.0,
konsep nasionalisme,concept,Konsep Nasionalisme,,,
sejarah interkoneksi bangsa asia,concept,Sejarah interkoneksi bangsa Asia,,,
dampak interkoneksi bangsa asia,concept,Dampak interkoneksi bangsa Asia,,,
perkembangan budaya jawi di nusantara,concept,Perkembangan budaya Jawi di Nusantara,,,
sejarah dan keberagaman budaya,topic_coarse,Sejarah dan Keberagaman Budaya,,,
perbandingan strategi tokoh lokal,topic_fine,Perbandingan Strategi Tokoh Lokal,,,
strategi sultan nuku,concept,Strategi Sultan Nuku,C4-Menganalisis,4.0,1.0
strategi ratu kalinyamat,concept,Strategi Ratu Kalinyamat,C4-Menganalisis,4.0,1.0
konfrontasi militer,concept,Konfrontasi militer,C4-Menganalisis,4.0,1.0
bertapa dan sayembara,concept,Bertapa dan sayembara,C4-Menganalisis,4.0,1.0
q_16c2ce8b9e,question,Bandingkan strategi yang digunakan Sultan Nuku (konfrontasi militer dan aliansi) dengan strategi awal Ratu Kalinyamat (b,C4-Menganalisis,4.0,
sejarah tokoh lokal,concept,Sejarah tokoh lokal,,,
strategi perlawanan,concept,Strategi perlawanan,,,
analisis dampak strategi,concept,Analisis dampak strategi,,,
perbandingan strategi tokoh nasional,concept,Perbandingan strategi tokoh nasional,,,
geografi dan pendekatan,topic_coarse,Geografi dan Pendekatan,,,
analisis fenomena banjir rob,topic_fine,Analisis Fenomena Banjir Rob,,,
analisis keruangan,concept,Analisis Keruangan,C4-Menganalisis,4.0,1.0
analisis lingkungan,concept,Analisis Lingkungan,C4-Menganalisis,4.0,1.0
q_cd5c0ba6cf,question,Uraikan bagaimana analisis fenomena banjir rob di Semarang menjadi contoh sempurna dari penerapan pendekatan kewilayahan,C4-Menganalisis,4.0,
konsep dasar geografi,concept,Konsep dasar Geografi,,,
konsep analisis keruangan,concept,Konsep Analisis Keruangan,,,
konsep analisis lingkungan,concept,Konsep Analisis Lingkungan,,,
penerapan teori geografi,concept,Penerapan Teori Geografi,,,
studi kasus geografi,concept,Studi Kasus Geografi,,,
empat tahap aksi sosial,concept,Empat Tahap Aksi Sosial,C4-Menganalisis,4.0,1.0
siklus proses,concept,Siklus Proses,C4-Menganalisis,4.0,1.0
perencanaan sebagai fondasi,concept,Perencanaan sebagai Fondasi,C4-Menganalisis,4.0,1.0
q_8932537493,question,"Analisislah mengapa empat tahap (Merencanakan, Melaksanakan, Monitoring, Mengevaluasi) disajikan sebagai sebuah siklus y",C4-Menganalisis,4.0,
pengenalan empat tahap aksi sosial,concept,Pengenalan Empat Tahap Aksi Sosial,,,
implementasi tahap pelaksanaan,concept,Implementasi Tahap Pelaksanaan,,,
pentingnya monitoring dan evaluasi,concept,Pentingnya Monitoring dan Evaluasi,,,
asas keanggotaan budi utomo,concept,Asas keanggotaan Budi Utomo,C4-Menganalisis,4.0,1.0
asas keanggotaan sarekat islam,concept,Asas keanggotaan Sarekat Islam,C4-Menganalisis,4.0,1.0
asas keanggotaan indische partij,concept,Asas keanggotaan Indische Partij,C4-Menganalisis,4.0,1.0
pengaruh perbedaan asas terhadap basis massa,concept,Pengaruh perbedaan asas terhadap basis massa,C4-Menganalisis,4.0,1.0
q_87b213065a,question,"Bandingkan perbedaan mendasar antara asas keanggotaan Budi Utomo, Sarekat Islam, dan Indische Partij, dan jelaskan bagai",C4-Menganalisis,4.0,
pemahaman tentang nasionalisme indonesia,concept,Pemahaman tentang Nasionalisme Indonesia,,,
pengetahuan tentang organisasi pergerakan awal,concept,Pengetahuan tentang organisasi pergerakan awal,,,
perkembangan organisasi pergerakan selanjutnya,concept,Perkembangan organisasi pergerakan selanjutnya,,,
faktor pendorong pergerakan nasional,concept,Faktor pendorong pergerakan nasional,,,
pemberontakan prri dan penyebarannya,topic_fine,Pemberontakan PRRI dan Penyebarannya,,,
ketidakseimbangan pusat-daerah,concept,Ketidakseimbangan Pusat-Daerah,C6-Mencipta,5.0,2.0
alokasi dana pembangunan,concept,Alokasi dana pembangunan,C5-Mengevaluasi,4.0,2.0
pemberontakan prri/di/tii,concept,Pemberontakan PRRI/DI/TII,C4-Menganalisis,4.0,1.0
faktor penyebaran konflik,concept,Faktor Penyebaran Konflik,C4-Menganalisis,4.0,1.0
q_6975fdf5f4,question,Analisislah mengapa pemberontakan DI/TII (yang ideologis) bisa menyebar ke berbagai daerah seperti Sulawesi Selatan dan ,C4-Menganalisis,4.0,
struktur pemerintahan pasca-konflik,concept,Struktur Pemerintahan Pasca-Konflik,,,
sejarah pemerintahan indonesia,topic_coarse,Sejarah Pemerintahan Indonesia,,,
perbandingan sistem pemerintahan ris dan nkri,topic_fine,Perbandingan Sistem Pemerintahan RIS dan NKRI,,,
sistem pemerintahan ris (parlementer),concept,Sistem Pemerintahan RIS (Parlementer),C4-Menganalisis,4.0,1.0
sistem pemerintahan nkri (17 agustus 1950),concept,Sistem Pemerintahan NKRI (17 Agustus 1950),C4-Menganalisis,4.0,1.0
persamaan sistem pemerintahan,concept,Persamaan sistem pemerintahan,C4-Menganalisis,4.0,1.0
q_0b563d888c,question,Bandingkan sistem pemerintahan RIS (Parlementer) dan sistem pemerintahan NKRI pada 17 Agustus 1950. Apa persamaannya?,C4-Menganalisis,4.0,
perkembangan sistem pemerintahan setelah kemerdekaan,concept,Perkembangan sistem pemerintahan setelah kemerdekaan,,,
peran csr dalam model pemberdayaan,topic_fine,Peran CSR dalam Model Pemberdayaan,,,
corporate social responsibility (csr),concept,Corporate Social Responsibility (CSR),C5-Mengevaluasi,4.0,2.0
model pemberdayaan bottom-up,concept,Model Pemberdayaan Bottom-Up,C6-Mencipta,5.0,3.0
q_48d599ef7f,question,Bagaimana peran Corporate Social Responsibility (CSR) dari sebuah perusahaan dapat menjadi jembatan antara model pemberd,C4-Menganalisis,4.0,
keunggulan dan kelemahan model pemberdayaan,concept,Keunggulan dan kelemahan model pemberdayaan,,,
implementasi csr dalam pembangunan,concept,Implementasi CSR dalam pembangunan,,,
efektivitas bioremediasi pencemaran tanah,topic_fine,Efektivitas Bioremediasi Pencemaran Tanah,,,
bioremediasi,concept,Bioremediasi,C5-Mengevaluasi,5.0,1.0
pencemaran tanah,concept,Pencemaran Tanah,C5-Mengevaluasi,5.0,1.0
solusi final,concept,Solusi Final,C5-Mengevaluasi,5.0,1.0
solusi sementara,concept,Solusi Sementara,C5-Mengevaluasi,5.0,1.0
q_887a9ac7ca,question,"Pertimbangkan efektivitas bioremediasi. Menurut Anda, apakah metode ini merupakan solusi final untuk mengatasi pencemara",C5-Mengevaluasi,5.0,
mengevaluasi,method,Mengevaluasi,,,
pencemaran lingkungan,concept,Pencemaran Lingkungan,,,
metode pelestarian lingkungan,concept,Metode Pelestarian Lingkungan,,,
teknik pengendalian pencemaran,concept,Teknik Pengendalian Pencemaran,,,
aspek keberlanjutan lingkungan,concept,Aspek Keberlanjutan Lingkungan,,,
peran pemerintah dalam keterpaduan lembaga,topic_fine,Peran Pemerintah dalam Keterpaduan Lembaga,,,
peran pemerintah dalam keterpaduan,concept,Peran Pemerintah dalam Keterpaduan,C5-Mengevaluasi,5.0,1.0
pemanfaatan dan pengelolaan ruang,concept,Pemanfaatan dan Pengelolaan Ruang,C5-Mengevaluasi,5.0,1.0
q_b3ea234429,question,Tentukan seberapa penting peran pemerintah dalam menjamin 'Keterpaduan' antar lembaga dalam penataan ruang. Apakah peran,C5-Mengevaluasi,5.0,
peran jalur rempah nusantara,topic_fine,Peran Jalur Rempah Nusantara,,,
interkoneksi global nusantara,concept,Interkoneksi global Nusantara,C5-Mengevaluasi,4.0,1.0
perdagangan rempah-rempah,concept,Perdagangan Rempah-rempah,C6-Mencipta,5.0,2.0
kondisi eropa abad 14-15,concept,Kondisi Eropa abad 14-15,C5-Mengevaluasi,4.0,1.0
kritik pernyataan sejarah,concept,Kritik pernyataan sejarah,C5-Mengevaluasi,4.0,1.0
q_ecea989355,question,Kritiklah pernyataan bahwa 'sebagian besar Eropa masih terbelakang' pada abad 14-15. Apakah pernyataan ini terlalu menye,C5-Mengevaluasi,4.0,
konteks sosial-ekonomi eropa abad pertengahan,concept,Konteks sosial-ekonomi Eropa abad pertengahan,,,
perbandingan sistem ekonomi global,concept,Perbandingan sistem ekonomi global,,,
faktor pendorong dan penghambat,topic_fine,Faktor Pendorong dan Penghambat,,,
impor vs produksi,concept,Impor vs Produksi,C5-Mengevaluasi,5.0,1.0
q_662934e2d5,question,Kritiklah gagasan bahwa suatu negara harus selalu mengimpor barang jika negara lain dapat memproduksinya dengan biaya le,C5-Mengevaluasi,5.0,
"faktor pendorong perdagangan (sumber daya, teknologi)",concept,"Faktor pendorong perdagangan (Sumber Daya, Teknologi)",,,
keunggulan komparatif,concept,Keunggulan Komparatif,,,
perbandingan dampak bank dan bpr,topic_fine,Perbandingan Dampak Bank dan BPR,,,
dampak ekonomi pedesaan,concept,Dampak Ekonomi Pedesaan,C5-Mengevaluasi,4.0,1.0
fungsi penghimpunan dan penyaluran dana,concept,Fungsi Penghimpunan dan Penyaluran Dana,C5-Mengevaluasi,4.0,1.0
q_9be3317114,question,"Menurut Anda, manakah yang memiliki dampak lebih langsung terhadap perekonomian individu di daerah pedesaan, Bank Umum a",C5-Mengevaluasi,4.0,
analisis kebijakan keuangan daerah,concept,Analisis Kebijakan Keuangan Daerah,,,
peran bank dalam pembangunan pedesaan,concept,Peran Bank dalam Pembangunan Pedesaan,,,
merkantilisme,concept,Merkantilisme,C5-Mengevaluasi,5.0,1.0
ekspor impor,concept,Ekspor Impor,C5-Mengevaluasi,5.0,1.0
analisis ekonomi,concept,Analisis Ekonomi,C5-Mengevaluasi,5.0,1.0
q_c32a9d8f3d,question,Pertimbangkan kondisi ekonomi Indonesia saat ini. Pilihlah satu teori perdagangan internasional yang menurut Anda paling,C5-Mengevaluasi,5.0,
pengertian teori perdagangan internasional,concept,Pengertian Teori Perdagangan Internasional,,,
peran partisipasi masyarakat pengelolaan,topic_fine,Peran Partisipasi Masyarakat Pengelolaan,,,
pengelolaan biodiversitas,concept,Pengelolaan Biodiversitas,C5-Mengevaluasi,5.0,1.0
keberlanjutan,concept,Keberlanjutan,C6-Mencipta,5.0,2.0
q_d04e75dbfc,question,Beri penilaian terhadap pentingnya peran partisipasi masyarakat dalam keberhasilan pengelolaan biodiversitas yang produk,C5-Mengevaluasi,5.0,
konsep keanekaragaman hayati,concept,Konsep Keanekaragaman Hayati,,,
konsep pengelolaan sumber daya,concept,Konsep Pengelolaan Sumber Daya,,,
strategi konservasi,concept,Strategi Konservasi,,,
dampak letak astronomis vs geografis,topic_fine,Dampak Letak Astronomis vs Geografis,,,
dampak perekonomian,concept,Dampak Perekonomian,C5-Mengevaluasi,4.0,1.0
q_2c349fd853,question,"Menurut Anda, manakah yang memberikan dampak lebih signifikan bagi perekonomian Indonesia saat ini: keuntungan dari leta",C5-Mengevaluasi,4.0,
pemahaman letak astronomis,concept,Pemahaman Letak Astronomis,,,
pemahaman letak geografis,concept,Pemahaman Letak Geografis,,,
analisis dampak geografis,concept,Analisis Dampak Geografis,,,
perbandingan faktor pendorong perekonomian,concept,Perbandingan Faktor Pendorong Perekonomian,,,
dampak fenomena iklim global,topic_fine,Dampak Fenomena Iklim Global,,,
dampak iklim ekstrem,concept,Dampak Iklim Ekstrem,C5-Mengevaluasi,5.0,1.0
tenaga endogen (seisme),concept,Tenaga Endogen (Seisme),C5-Mengevaluasi,5.0,1.0
bencana hidrometeorologis,concept,Bencana Hidrometeorologis,C6-Mencipta,5.0,2.0
q_60203e992a,question,"Berdasarkan dampak yang dijelaskan, manakah yang menurut Anda lebih membahayakan bagi kehidupan manusia dalam jangka pen",C5-Mengevaluasi,5.0,
proses geografis dan iklim,concept,Proses geografis dan iklim,,,
mitigasi dampak iklim,concept,Mitigasi dampak iklim,,,
perbandingan dana pensiun,topic_fine,Perbandingan Dana Pensiun,,,
keunggulan,concept,Keunggulan,C5-Mengevaluasi,5.0,1.0
karyawan berpindah pekerjaan,concept,Karyawan berpindah pekerjaan,C5-Mengevaluasi,5.0,1.0
q_d9d85f5165,question,Berikan penilaian Anda mengenai keunggulan Dana Pensiun Lembaga Keuangan (DPLK) dibandingkan Dana Pensiun Pemberi Kerja ,C5-Mengevaluasi,5.0,
pengertian dana pensiun,concept,Pengertian Dana Pensiun,,,
perbedaan dplk dan dppk,concept,Perbedaan DPLK dan DPPK,,,
analisis keuangan dana pensiun,concept,Analisis Keuangan Dana Pensiun,,,
prinsip fundamental pengguna internet pemula,topic_fine,Prinsip fundamental pengguna internet pemula,,,
"prinsip etika digital (respect, educate, protect)",concept,"Prinsip Etika Digital (Respect, Educate, Protect)",C5-Mengevaluasi,4.0,1.0
q_3a2b6f0240,question,"Tentukan prinsip mana (Respect, Educate, atau Protect) yang paling fundamental dan harus dipelajari pertama kali oleh pe",C5-Mengevaluasi,4.0,
pemahaman dasar tentang penggunaan internet,concept,Pemahaman dasar tentang penggunaan internet,,,
implementasi etika digital dalam interaksi online,concept,Implementasi etika digital dalam interaksi online,,,
status sosial dan prestise,topic_fine,Status Sosial dan Prestise,,,
orang terpinggirkan,concept,Orang Terpinggirkan,C5-Mengevaluasi,5.0,1.0
q_8f0105dbcd,question,Kritiklah gagasan bahwa 'setiap orang memiliki status'. Apakah pernyataan ini sepenuhnya benar jika mempertimbangkan ada,C5-Mengevaluasi,5.0,
ketahanan nasional,topic_coarse,Ketahanan Nasional,,,
efektivitas kerja sama impor pangan,topic_fine,Efektivitas Kerja Sama Impor Pangan,,,
kerja sama impor pangan,concept,Kerja Sama Impor Pangan,C5-Mengevaluasi,4.0,1.0
stabilitas ketersediaan kebutuhan,concept,Stabilitas Ketersediaan Kebutuhan,C5-Mengevaluasi,4.0,1.0
kelemahan strategi,concept,Kelemahan Strategi,C5-Mengevaluasi,4.0,1.0
q_0d9ebc991b,question,Nilailah efektivitas kerja sama impor pangan (seperti gandum) untuk 'Memantapkan Stabilitas Ketersediaan Kebutuhan'. Apa,C5-Mengevaluasi,4.0,
faktor penentu ketahanan,concept,Faktor Penentu Ketahanan,,,
langkah dalam penelitian sosial,topic_fine,Langkah dalam Penelitian Sosial,,,
pemecahan masalah sosial,concept,Pemecahan masalah sosial,C5-Mengevaluasi,4.0,1.0
krusialitas langkah,concept,Krusialitas langkah,C5-Mengevaluasi,4.0,1.0
argumen pendukung,concept,Argumen pendukung,C5-Mengevaluasi,4.0,1.0
q_ffd2b8ea0f,question,Pilihlah satu langkah dalam proses penelitian sosial yang menurut Anda paling krusial untuk keberhasilan pemecahan masal,C5-Mengevaluasi,4.0,
pemahaman proses pemecahan masalah,concept,Pemahaman proses pemecahan masalah,,,
pengenalan perspektif sosiologi,concept,Pengenalan perspektif sosiologi,,,
analisis hasil penelitian sosial,concept,Analisis hasil penelitian sosial,,,
penerapan solusi berbasis penelitian,concept,Penerapan solusi berbasis penelitian,,,
keberhasilan dan kegagalan orde lama,concept,Keberhasilan dan kegagalan Orde Lama,C5-Mengevaluasi,5.0,1.0
warisan pembangunan,concept,Warisan pembangunan,C5-Mengevaluasi,5.0,1.0
pembukaan uud 1945,concept,Pembukaan UUD 1945,C5-Mengevaluasi,5.0,1.0
q_c19c7659bf,question,"Pertimbangkan keberhasilan dan kegagalan pada masa Orde Lama. Menurut Anda, warisan terpenting apa yang ditinggalkan dar",C5-Mengevaluasi,5.0,
periode sejarah indonesia (orde lama),concept,Periode Sejarah Indonesia (Orde Lama),,,
konsep pembangunan indonesia selanjutnya,concept,Konsep Pembangunan Indonesia selanjutnya,,,
administrasi publik,topic_coarse,Administrasi Publik,,,
reformasi birokrasi dan budaya,topic_fine,Reformasi Birokrasi dan Budaya,,,
q_c099d63013,question,"Reformasi Birokrasi (RB) bertujuan mengubah budaya ""melayani penguasa"". Evaluasilah, seberapa sulit mengubah budaya patr",C5-Mengevaluasi,4.0,
implementasi kebijakan publik,concept,Implementasi Kebijakan Publik,,,
manajemen kinerja,concept,Manajemen Kinerja,,,
sosiologi dan pemecahan masalah,topic_coarse,Sosiologi dan Pemecahan Masalah,,,
kritik perspektif konflik dan negosiasi,topic_fine,Kritik Perspektif Konflik dan Negosiasi,,,
perspektif konflik,concept,Perspektif Konflik,C5-Mengevaluasi,4.0,1.0
negosiasi dan akomodasi,concept,Negosiasi dan Akomodasi,C5-Mengevaluasi,4.0,1.0
kekuatan kelompok,concept,Kekuatan Kelompok,C5-Mengevaluasi,4.0,1.0
q_e698ec64fe,question,"Kritiklah pendekatan perspektif Konflik. Menurut Anda, apa potensi kelemahan dari solusi 'negosiasi dan mencapai kesepak",C5-Mengevaluasi,4.0,
kritik,method,Kritik,,,
evaluasi,method,Evaluasi,,,
pendekatan perspektif sosiologi,concept,Pendekatan Perspektif Sosiologi,,,
konsep konflik sosial,concept,Konsep Konflik Sosial,,,
"pendekatan perspektif lain (misalnya, fungsionalisme)",concept,"Pendekatan Perspektif Lain (misalnya, Fungsionalisme)",,,
strategi resolusi konflik,concept,Strategi resolusi konflik,,,
model inisiasi pemberdayaan,topic_fine,Model Inisiasi Pemberdayaan,,,
q_72653344a8,question,Kritiklah pernyataan: 'Pemberdayaan komunitas hanya akan berhasil jika diinisiasi oleh pemerintah karena memiliki sumber,C5-Mengevaluasi,4.0,
perbedaan model pemberdayaan,concept,Perbedaan Model Pemberdayaan,,,
analisis kelebihan dan kelemahan model,concept,Analisis Kelebihan dan Kelemahan Model,,,
strategi implementasi pemberdayaan,concept,Strategi Implementasi Pemberdayaan,,,
tiga lempeng tektonik,concept,Tiga Lempeng Tektonik,C5-Mengevaluasi,5.0,1.0
cincin api,concept,Cincin Api,C5-Mengevaluasi,5.0,1.0
q_5174ec6180,question,Evaluasilah pernyataan: 'Posisi geologis Indonesia sebagai 'Cincin Api' lebih banyak membawa potensi sumber daya alam da,C5-Mengevaluasi,5.0,
ancaman bencana geologi,concept,Ancaman Bencana Geologi,,,
dampak aktivitas tektonik,concept,Dampak Aktivitas Tektonik,,,
dampak penetapan upah minimum,topic_fine,Dampak Penetapan Upah Minimum,,,
ketersediaan lapangan kerja,concept,Ketersediaan Lapangan Kerja,C5-Mengevaluasi,5.0,1.0
q_0aa0c1e3fa,question,Evaluasilah dampak penetapan UMP yang terlalu tinggi (jauh di atas pertumbuhan ekonomi) terhadap ketersediaan lapangan k,C5-Mengevaluasi,5.0,
konsep upah dan fungsi upah,concept,Konsep Upah dan Fungsi Upah,,,
konsep pertumbuhan ekonomi,concept,Konsep Pertumbuhan Ekonomi,,,
analisis kebijakan upah,concept,Analisis Kebijakan Upah,,,
fungsi distribusi pasar,topic_fine,Fungsi Distribusi Pasar,,,
fungsi distribusi,concept,Fungsi Distribusi,C6-Mencipta,5.0,2.0
pasar online vs pasar tradisional,concept,Pasar Online vs Pasar Tradisional,C5-Mengevaluasi,4.0,1.0
q_835ed23b80,question,Evaluasilah pernyataan: 'Pasar online lebih efektif dalam menjalankan fungsi distribusi dibandingkan pasar tradisional'.,C5-Mengevaluasi,4.0,
peran kelompok pelaku ekonomi lainnya,concept,Peran kelompok pelaku ekonomi lainnya,,,
analisis efektivitas pasar,concept,Analisis efektivitas pasar,,,
pilihan pembangunan berkelanjutan,topic_fine,Pilihan Pembangunan Berkelanjutan,,,
konversi lahan gambut untuk perkebunan,concept,Konversi lahan gambut untuk perkebunan,C5-Mengevaluasi,5.0,1.0
pelestarian kawasan konservasi,concept,Pelestarian kawasan konservasi,C5-Mengevaluasi,5.0,1.0
pdb jangka pendek vs keberlanjutan,concept,PDB jangka pendek vs keberlanjutan,C5-Mengevaluasi,5.0,1.0
q_78056fc19d,question,Pemerintah dihadapkan pada pilihan: mengonversi lahan gambut untuk perkebunan skala besar yang menjanjikan PDB tinggi da,C5-Mengevaluasi,5.0,
konsep keberlanjutan lingkungan,concept,Konsep keberlanjutan lingkungan,,,
kebijakan konservasi,concept,Kebijakan konservasi,,,
inflasi tinggi,concept,Inflasi Tinggi,C5-Mengevaluasi,5.0,1.0
dampak politik kebijakan fiskal,concept,Dampak Politik Kebijakan Fiskal,C5-Mengevaluasi,5.0,1.0
q_2b8e7c39ce,question,"Kebijakan Fiskal Kontraktif (menaikkan pajak, menurunkan belanja) seringkali tidak populer secara politik. Evaluasilah m",C5-Mengevaluasi,5.0,
hubungan fiskal dan moneter,concept,Hubungan Fiskal dan Moneter,,,
manajemen sumber daya manusia,topic_coarse,Manajemen Sumber Daya Manusia,,,
fungsi dan sistem upah,topic_fine,Fungsi dan Sistem Upah,,,
fungsi upah (insentif),concept,Fungsi Upah (Insentif),C5-Mengevaluasi,5.0,1.0
upah minimum (um),concept,Upah Minimum (UM),C5-Mengevaluasi,5.0,1.0
pendorong produktivitas,concept,Pendorong Produktivitas,C5-Mengevaluasi,5.0,1.0
sistem upah alternatif (premi/skala),concept,Sistem Upah Alternatif (Premi/Skala),C5-Mengevaluasi,5.0,1.0
q_b2ef18bd7d,question,"Konteks menyebut upah berfungsi sebagai ""insentif"". Evaluasilah, apakah penetapan Upah Minimum (UM) sudah cukup untuk ""m",C5-Mengevaluasi,5.0,
pengaruh upah terhadap produktivitas,concept,Pengaruh Upah terhadap Produktivitas,,,
peran dan interaksi pelaku ekonomi,topic_fine,Peran dan Interaksi Pelaku Ekonomi,,,
empat pelaku ekonomi,concept,Empat Pelaku Ekonomi,C5-Mengevaluasi,5.0,1.0
dampak penghilangan pelaku,concept,Dampak Penghilangan Pelaku,C5-Mengevaluasi,5.0,1.0
interdependensi pelaku ekonomi,concept,Interdependensi Pelaku Ekonomi,C5-Mengevaluasi,5.0,1.0
q_da339a6a24,question,"Tinjau kembali empat pelaku ekonomi. Jika salah satu dari mereka (misalnya Masyarakat Luar Negeri) tidak ada, bagaimana ",C5-Mengevaluasi,5.0,
model arus kegiatan ekonomi,concept,Model Arus Kegiatan Ekonomi,,,
analisis kebijakan ekonomi,concept,Analisis Kebijakan Ekonomi,,,
geografi fisik dan demografi,topic_coarse,Geografi Fisik dan Demografi,,,
pertumbuhan penduduk dan tantangan perkotaan asia,topic_fine,Pertumbuhan Penduduk dan Tantangan Perkotaan Asia,,,
pertumbuhan penduduk perkotaan,concept,Pertumbuhan penduduk perkotaan,C5-Mengevaluasi,4.0,1.0
tantangan perkotaan,concept,Tantangan perkotaan,C5-Mengevaluasi,4.0,1.0
asia,concept,Asia,C5-Mengevaluasi,4.0,1.0
evaluasi potensi masalah,concept,Evaluasi potensi masalah,C5-Mengevaluasi,4.0,1.0
q_54ff5a4f99,question,Pertimbangkan pernyataan bahwa pertumbuhan penduduk terbesar akan terjadi di perkotaan Asia. Berikan penilaian mengenai ,C5-Mengevaluasi,4.0,
pemahaman tentang distribusi populasi global,concept,Pemahaman tentang distribusi populasi global,,,
pengetahuan tentang karakteristik perkotaan,concept,Pengetahuan tentang karakteristik perkotaan,,,
kebijakan perencanaan kota,concept,Kebijakan perencanaan kota,,,
dampak perubahan iklim perkotaan,concept,Dampak perubahan iklim perkotaan,,,
kebijakan untuk mobilitas sosial,topic_fine,Kebijakan untuk Mobilitas Sosial,,,
mobilitas sosial cepat,concept,Mobilitas Sosial Cepat,C5-Mengevaluasi,5.0,1.0
permasalahan sosial,concept,Permasalahan Sosial,C5-Mengevaluasi,5.0,1.0
kebijakan publik,concept,Kebijakan Publik,C5-Mengevaluasi,5.0,1.0
q_f4887f4fd8,question,"Jika Anda seorang pemimpin masyarakat, kebijakan apa yang akan Anda prioritaskan untuk memaksimalkan 'mobilitas sosial y",C5-Mengevaluasi,5.0,
strategi pembangunan masyarakat,concept,Strategi Pembangunan Masyarakat,,,
risiko misinformasi kampanye sosial,topic_fine,Risiko Misinformasi Kampanye Sosial,,,
penyebaran misinformasi,concept,Penyebaran Misinformasi,C5-Mengevaluasi,5.0,1.0
peran ahli/pihak berwenang,concept,Peran Ahli/Pihak Berwenang,C5-Mengevaluasi,5.0,1.0
q_eaf6ec4691,question,Berikan penilaian terhadap potensi risiko penyebaran misinformasi dalam kampanye sosial yang tidak melibatkan ahli atau ,C5-Mengevaluasi,5.0,
efektivitas pendekatan multidimensional sartono kartodirdjo,topic_fine,Efektivitas Pendekatan Multidimensional Sartono Kartodirdjo,,,
rekonstruksi peristiwa sejarah,concept,Rekonstruksi peristiwa sejarah,C5-Mengevaluasi,4.0,1.0
kelebihan pendekatan sejarah,concept,Kelebihan pendekatan sejarah,C5-Mengevaluasi,4.0,1.0
kekurangan pendekatan sejarah,concept,Kekurangan pendekatan sejarah,C5-Mengevaluasi,4.0,1.0
q_cd1d1f4319,question,Nilailah efektivitas pendekatan multidimensional Sartono Kartodirdjo. Apa potensi kelebihan dan kekurangannya dalam upay,C5-Mengevaluasi,4.0,
pemahaman dasar tentang ilmu sejarah,concept,Pemahaman dasar tentang ilmu sejarah,,,
tujuan kegiatan produksi,topic_fine,Tujuan Kegiatan Produksi,,,
tujuan produksi perusahaan,concept,Tujuan produksi perusahaan,C5-Mengevaluasi,5.0,1.0
tujuan produksi masyarakat,concept,Tujuan produksi masyarakat,C5-Mengevaluasi,5.0,1.0
konflik tujuan ekonomi,concept,Konflik tujuan ekonomi,C5-Mengevaluasi,5.0,1.0
q_5ba4c7bcc1,question,"Tujuan khusus produksi bagi perusahaan adalah 'meningkatkan keuntungan', sementara tujuan utamanya adalah 'mencapai kema",C5-Mengevaluasi,5.0,
definisi produksi,concept,Definisi produksi,,,
analisis faktor produksi,concept,Analisis faktor produksi,,,
sumber sejarah dan rekonstruksi sosial,topic_fine,Sumber Sejarah dan Rekonstruksi Sosial,,,
cerita rakyat sebagai sumber,concept,Cerita Rakyat sebagai Sumber,C5-Mengevaluasi,4.0,1.0
rekonstruksi kehidupan sosial,concept,Rekonstruksi Kehidupan Sosial,C5-Mengevaluasi,4.0,1.0
kelebihan sumber,concept,Kelebihan Sumber,C5-Mengevaluasi,4.0,1.0
kelemahan sumber,concept,Kelemahan Sumber,C5-Mengevaluasi,4.0,1.0
q_872a39785f,question,Evaluasilah kelebihan dan kelemahan penggunaan cerita rakyat sebagai sumber untuk merekonstruksi kehidupan sosial masyar,C5-Mengevaluasi,4.0,
faktor dan perkembangan kebangsaan,topic_fine,Faktor dan Perkembangan Kebangsaan,,,
faktor internal,concept,Faktor internal,C5-Mengevaluasi,4.0,1.0
strategi organisasi,concept,Strategi organisasi,C5-Mengevaluasi,4.0,1.0
q_a3334459e3,question,Evaluasilah dampak dari keterbatasan awal Budi Utomo yang hanya berfokus pada priyayi Jawa dan Madura. Apakah hal ini me,C5-Mengevaluasi,4.0,
latar belakang kemunculan kebangsaan,concept,Latar belakang kemunculan kebangsaan,,,
eksploitasi ekonomi belanda (sistem tanam paksa),concept,Eksploitasi Ekonomi Belanda (Sistem Tanam Paksa),C5-Mengevaluasi,5.0,1.0
eksploitasi ekonomi jepang (romusha dan setoran wajib),concept,Eksploitasi Ekonomi Jepang (Romusha dan Setoran Wajib),C5-Mengevaluasi,5.0,1.0
q_cbbacf5c17,question,Bandingkan tingkat eksploitasi ekonomi antara masa penjajahan Belanda (sistem tanam paksa) dengan masa pendudukan Jepang,C5-Mengevaluasi,5.0,
pendudukan jepang di indonesia (1942-1945),concept,Pendudukan Jepang di Indonesia (1942-1945),,,
perjuangan kemerdekaan indonesia,concept,Perjuangan Kemerdekaan Indonesia,,,
q_6dabda8e75,question,"Menurut Anda, manakah jenis status yang paling adil dalam struktur masyarakat modern, 'ascribed' atau 'achieved'? Berika",C5-Mengevaluasi,5.0,
interaksi sosial dan struktur sosial,concept,Interaksi sosial dan struktur sosial,,,
pengaruh kondisi alam,topic_fine,Pengaruh Kondisi Alam,,,
bencana,concept,Bencana,C5-Mengevaluasi,4.0,1.0
manfaat,concept,Manfaat,C5-Mengevaluasi,4.0,1.0
q_fdd4bb75bd,question,Evaluasilah pernyataan: 'Memiliki banyak gunung api aktif lebih banyak mendatangkan bencana daripada manfaat bagi Indone,C5-Mengevaluasi,4.0,
analisis dampak bencana alam,concept,Analisis dampak bencana alam,,,
lingkungan dan ekologi,topic_coarse,Lingkungan dan Ekologi,,,
dampak pembuangan limbah industri,concept,Dampak pembuangan limbah industri,C5-Mengevaluasi,4.0,1.0
dampak penggunaan pestisida berlebih,concept,Dampak penggunaan pestisida berlebih,C5-Mengevaluasi,4.0,1.0
keberlangsungan ekosistem jangka panjang,concept,Keberlangsungan ekosistem jangka panjang,C5-Mengevaluasi,4.0,1.0
q_b89f7c84e3,question,"Berdasarkan dampak yang diuraikan, mana yang lebih berbahaya bagi keberlangsungan ekosistem jangka panjang: pembuangan l",C5-Mengevaluasi,4.0,
pengelolaan lingkungan berkelanjutan,concept,Pengelolaan lingkungan berkelanjutan,,,
dampak stratifikasi sosial berbasis kehormatan,topic_fine,Dampak Stratifikasi Sosial Berbasis Kehormatan,,,
kehormatan,concept,Kehormatan,C5-Mengevaluasi,5.0,1.0
q_7f5ce0df9b,question,"Pertimbangkan dampak positif dan negatif dari adanya stratifikasi sosial berbasis 'kehormatan' dalam sebuah komunitas, s",C5-Mengevaluasi,5.0,
ketidaksetaraan sosial,concept,Ketidaksetaraan Sosial,,,
dampak gaya hidup dinamis pada budaya lokal,topic_fine,Dampak Gaya Hidup Dinamis pada Budaya Lokal,,,
gaya hidup yang dinamis,concept,Gaya Hidup yang Dinamis,C5-Mengevaluasi,4.0,1.0
dampak budaya lokal,concept,Dampak Budaya Lokal,C5-Mengevaluasi,4.0,1.0
q_eea82b8a15,question,Evaluasilah dampak dari ciri 'gaya hidup yang dinamis' terhadap budaya lokal. Apakah ciri ini lebih banyak membawa penga,C5-Mengevaluasi,4.0,
globalisasi budaya,concept,Globalisasi Budaya,,,
pendekatan lingkungan,concept,Pendekatan Lingkungan,C6-Mencipta,5.0,2.0
objek material geografi,concept,Objek Material Geografi,C5-Mengevaluasi,5.0,1.0
q_9661d1f5f7,question,"Seandainya Anda adalah seorang kepala daerah, pertimbangkan manakah yang lebih prioritas untuk diatasi: masalah yang dia",C5-Mengevaluasi,5.0,
analisis masalah geografis,concept,Analisis Masalah Geografis,,,
aplikasi teori geografi,concept,Aplikasi Teori Geografi,,,
ilmu bumi dan antariksa,topic_coarse,Ilmu Bumi dan Antariksa,,,
peran dan fungsi atmosfer,topic_fine,Peran dan Fungsi Atmosfer,,,
perbandingan bumi dan mars,concept,Perbandingan Bumi dan Mars,C5-Mengevaluasi,4.0,1.0
q_304ec4d268,question,"Evaluasilah pernyataan ini: 'Tanpa atmosfer, Bumi akan menjadi planet mati seperti Mars'. Setujukah Anda? Berikan penila",C5-Mengevaluasi,4.0,
sifat dan komposisi atmosfer,concept,Sifat dan komposisi atmosfer,,,
dampak perubahan atmosfer,concept,Dampak Perubahan Atmosfer,,,
fenomena cuaca dan iklim,concept,Fenomena cuaca dan iklim,,,
ilmu kehidupan/geosfer,topic_coarse,Ilmu Kehidupan/Geosfer,,,
fungsi dan komposisi atmosfer,topic_fine,Fungsi dan Komposisi Atmosfer,,,
komposisi gas atmosfer,concept,Komposisi gas atmosfer,C5-Mengevaluasi,4.0,1.0
fungsi perlindungan atmosfer,concept,Fungsi perlindungan atmosfer,C5-Mengevaluasi,4.0,1.0
q_2fa1244c22,question,"Menurut Anda, lapisan atmosfer manakah yang paling vital bagi eksistensi manusia sehari-hari? Berikan justifikasi atas p",C5-Mengevaluasi,4.0,
definisi dan komponen dasar atmosfer,concept,Definisi dan komponen dasar atmosfer,,,
dampak perubahan komposisi atmosfer,concept,Dampak perubahan komposisi atmosfer,,,
dampak keragaman budaya indonesia,topic_fine,Dampak Keragaman Budaya Indonesia,,,
sisi positif keragaman budaya,concept,Sisi positif keragaman budaya,C5-Mengevaluasi,4.0,1.0
sisi negatif keragaman budaya,concept,Sisi negatif keragaman budaya,C5-Mengevaluasi,4.0,1.0
kekayaan budaya sebagai kekuatan,concept,Kekayaan budaya sebagai kekuatan,C5-Mengevaluasi,4.0,1.0
keragaman budaya sebagai tantangan,concept,Keragaman budaya sebagai tantangan,C5-Mengevaluasi,4.0,1.0
q_6585637d33,question,"Timbanglah sisi positif dan negatif dari keragaman budaya bagi Indonesia. Menurut Anda, apakah kekayaan budaya ini lebih",C5-Mengevaluasi,4.0,
konsep keragaman sosial budaya,concept,Konsep keragaman sosial budaya,,,
upaya pelestarian budaya,concept,Upaya pelestarian budaya,,,
integrasi sosial budaya,concept,Integrasi sosial budaya,,,
peran pimpinan dpr,concept,Peran Pimpinan DPR,C5-Mengevaluasi,4.0,1.0
soeharto,concept,Soeharto,C5-Mengevaluasi,4.0,1.0
q_3c41e1daa3,question,Evaluasilah peran pimpinan DPR (Harmoko) yang (meskipun bagian dari Orba) akhirnya meminta Soeharto mundur.,C5-Mengevaluasi,4.0,
transisi politik indonesia,concept,Transisi Politik Indonesia,,,
dampak pertempuran dalam perjuangan,topic_fine,Dampak Pertempuran dalam Perjuangan,,,
peristiwa proklamasi dan vacuum of power,concept,Peristiwa Proklamasi dan Vacuum of Power,C5-Mengevaluasi,4.0,1.0
"dampak moril pertempuran (surabaya, ambarawa, bandung)",concept,"Dampak Moril Pertempuran (Surabaya, Ambarawa, Bandung)",C5-Mengevaluasi,4.0,1.0
q_674f274b41,question,"Menurut Anda, di antara tiga pertempuran (Surabaya, Ambarawa, Bandung), manakah yang memiliki dampak moril (semangat jua",C5-Mengevaluasi,4.0,
latar belakang politik pasca-proklamasi,concept,Latar belakang politik pasca-proklamasi,,,
peristiwa kedatangan sekutu/nica,concept,Peristiwa kedatangan Sekutu/NICA,,,
analisis strategi perlawanan,concept,Analisis strategi perlawanan,,,
peran tokoh dalam pertempuran,concept,Peran tokoh dalam pertempuran,,,
fungsi dan peran atmosfer,topic_fine,Fungsi dan Peran Atmosfer,,,
perlindungan radiasi uv (stratosfer),concept,Perlindungan radiasi UV (Stratosfer),C5-Mengevaluasi,5.0,1.0
penyediaan oksigen oleh atmosfer,concept,Penyediaan oksigen oleh atmosfer,C5-Mengevaluasi,5.0,1.0
peran krusial atmosfer,concept,Peran krusial atmosfer,C5-Mengevaluasi,5.0,1.0
prioritas perlindungan,concept,Prioritas perlindungan,C5-Mengevaluasi,5.0,1.0
q_025e4b97cd,question,Pilihlah antara perlindungan dari radiasi UV oleh stratosfer atau penyediaan oksigen oleh atmosfer secara umum. Manakah ,C5-Mengevaluasi,5.0,
komposisi dan lapisan atmosfer,concept,Komposisi dan lapisan atmosfer,,,
dinamika atmosfer,concept,Dinamika atmosfer,,,
dampak globalisasi dan digital,topic_coarse,Dampak Globalisasi dan Digital,,,
kebijakan digitalisasi layanan publik,topic_fine,Kebijakan Digitalisasi Layanan Publik,,,
layanan digital,concept,Layanan Digital,C5-Mengevaluasi,5.0,1.0
keadilan sosial,concept,Keadilan Sosial,C6-Mencipta,5.0,2.0
kelompok rentan,concept,Kelompok Rentan,C5-Mengevaluasi,5.0,1.0
q_00d3fee831,question,"Berdasarkan informasi tentang kelompok rentan, berikan penilaian terhadap kebijakan pemerintah yang mendorong semua laya",C5-Mengevaluasi,5.0,
etika teknologi,concept,Etika Teknologi,,,
sumber pendapatan apbd,topic_fine,Sumber Pendapatan APBD,,,
alokasi dan distribusi keuangan daerah,concept,Alokasi dan Distribusi Keuangan Daerah,C5-Mengevaluasi,4.0,1.0
q_d7ee83a3c1,question,"Evaluasilah, di antara ""PAD"" dan ""Pendapatan Transfer"", sumber pendapatan mana yang seharusnya didorong peningkatannya o",C5-Mengevaluasi,4.0,
pengelolaan anggaran daerah,concept,Pengelolaan Anggaran Daerah,,,
perencanaan keuangan daerah,concept,Perencanaan Keuangan Daerah,,,
q_96bf442aca,question,"Menurut Anda, model pemberdayaan manakah (top-down atau bottom-up) yang lebih berkelanjutan untuk program pelestarian li",C5-Mengevaluasi,5.0,
kelebihan dan kelemahan model top-down,concept,Kelebihan dan Kelemahan Model Top-Down,,,
strategi pengembangan komunitas,concept,Strategi Pengembangan Komunitas,,,
definisi sejarah untuk pemula,topic_fine,Definisi Sejarah untuk Pemula,,,
definisi sejarah (spielvogel),concept,Definisi Sejarah (Spielvogel),C5-Mengevaluasi,4.0,1.0
definisi sejarah (e.h. carr),concept,Definisi Sejarah (E.H. Carr),C5-Mengevaluasi,4.0,1.0
pembelajaran sejarah,concept,Pembelajaran Sejarah,C5-Mengevaluasi,4.0,1.0
justifikasi pilihan,concept,Justifikasi Pilihan,C5-Mengevaluasi,4.0,1.0
q_a0c2421db7,question,"Menurut Anda, manakah definisi sejarah yang paling baik untuk diajarkan kepada siswa pemula: definisi sederhana dari Jac",C5-Mengevaluasi,4.0,
pendekatan metodologi sejarah,concept,Pendekatan metodologi sejarah,,,
perbandingan teori sejarah,concept,Perbandingan teori sejarah,,,
faktor-faktor pengaruh persebaran,topic_fine,Faktor-faktor Pengaruh Persebaran,,,
"iklim (suhu, kelembapan)",concept,"Iklim (suhu, kelembapan)",C5-Mengevaluasi,4.0,1.0
tanah,concept,Tanah,C5-Mengevaluasi,4.0,1.0
peran manusia hewan tumbuhan,concept,Peran manusia hewan tumbuhan,C5-Mengevaluasi,4.0,1.0
q_b697b41e48,question,Kritiklah pernyataan: 'Kesuburan tanah adalah satu-satunya penentu keberhasilan pertanian di suatu wilayah.' Gunakan fak,C5-Mengevaluasi,4.0,
analisis dampak faktor lingkungan terhadap ekosistem,concept,Analisis dampak faktor lingkungan terhadap ekosistem,,,
studi kasus persebaran spesies,concept,Studi kasus persebaran spesies,,,
politik etis dan program emigrasi,topic_fine,Politik Etis dan Program Emigrasi,,,
efektivitas program emigrasi,concept,Efektivitas Program Emigrasi,C5-Mengevaluasi,4.0,1.0
politik etis,concept,Politik Etis,C6-Mencipta,5.0,3.0
kesejahteraan rakyat,concept,Kesejahteraan Rakyat,C5-Mengevaluasi,4.0,1.0
kepentingan pemerintah kolonial,concept,Kepentingan Pemerintah Kolonial,C5-Mengevaluasi,4.0,1.0
q_b8ccf2fce9,question,Evaluasilah efektivitas program Emigrasi dalam Politik Etis. Apakah program tersebut benar-benar bertujuan untuk kesejah,C5-Mengevaluasi,4.0,
program emigrasi,concept,Program Emigrasi,,,
dampak kebijakan kolonial,concept,Dampak Kebijakan Kolonial,,,
perkembangan nasionalisme,concept,Perkembangan Nasionalisme,,,
definisi dan penyajian informasi,topic_fine,Definisi dan Penyajian Informasi,,,
efektivitas penyajian informasi,concept,Efektivitas Penyajian Informasi,C5-Mengevaluasi,5.0,1.0
q_aa88b0f846,question,Evaluasilah efektivitas penyajian informasi dalam teks: apakah definisi dan contoh yang diberikan sudah cukup untuk meya,C5-Mengevaluasi,5.0,
pemahaman konsep dasar perubahan iklim,concept,Pemahaman konsep dasar perubahan iklim,,,
analisis dampak perubahan iklim,concept,Analisis dampak perubahan iklim,,,
sintesis solusi mitigasi perubahan iklim,concept,Sintesis solusi mitigasi perubahan iklim,,,
keterbatasan indikator,concept,Keterbatasan Indikator,C5-Mengevaluasi,4.0,1.0
aspek yang terabaikan,concept,Aspek yang Terabaikan,C5-Mengevaluasi,4.0,1.0
q_c9254c93bc,question,Kritiklah penggunaan PDB sebagai satu-satunya indikator untuk mengukur kemajuan suatu negara. Aspek penting apa saja yan,C5-Mengevaluasi,4.0,
pengertian pdb,concept,Pengertian PDB,,,
indikator pertumbuhan ekonomi lainnya,concept,Indikator Pertumbuhan Ekonomi Lainnya,,,
perbandingan indikator ekonomi,concept,Perbandingan Indikator Ekonomi,,,
jenis-jenis penyebab pengangguran,topic_fine,Jenis-jenis Penyebab Pengangguran,,,
"penyebab pengangguran (konjungtural, struktural, friksional, musiman)",concept,"Penyebab Pengangguran (Konjungtural, Struktural, Friksional, Musiman)",C5-Mengevaluasi,4.0,1.0
sifat pengangguran,concept,Sifat Pengangguran,C5-Mengevaluasi,4.0,1.0
ekonomi dinamis,concept,Ekonomi Dinamis,C5-Mengevaluasi,4.0,1.0
q_9b9d66b9cf,question,"Di antara empat penyebab pengangguran (Konjungtural, Struktural, Friksional, Musiman), manakah yang menurut Anda paling ",C5-Mengevaluasi,4.0,
analisis kebijakan pengangguran,concept,Analisis Kebijakan Pengangguran,,,
dampak pengangguran terhadap pdb,concept,Dampak Pengangguran terhadap PDB,,,
letak dan zona waktu,topic_fine,Letak dan Zona Waktu,,,
pembagian zona waktu,concept,Pembagian Zona Waktu,C5-Mengevaluasi,4.0,1.0
efisiensi sistem zona waktu,concept,Efisiensi sistem zona waktu,C5-Mengevaluasi,4.0,1.0
q_4facdec0eb,question,Evaluasilah pembagian tiga zona waktu di Indonesia. Apakah sistem ini sudah efisien untuk negara kepulauan yang sangat l,C5-Mengevaluasi,4.0,
konsep zona waktu global,concept,Konsep zona waktu global,,,
efisiensi dan kerentanan uang elektronik,topic_fine,Efisiensi dan Kerentanan Uang Elektronik,,,
uang elektronik,concept,Uang Elektronik,C5-Mengevaluasi,4.0,1.0
efisiensi uang,concept,Efisiensi Uang,C5-Mengevaluasi,4.0,1.0
kerentanan uang,concept,Kerentanan Uang,C5-Mengevaluasi,4.0,1.0
q_670fd6bd0c,question,"Berikan penilaian terhadap pernyataan: 'Uang elektronik adalah bentuk uang yang paling efisien, namun juga yang paling r",C5-Mengevaluasi,4.0,
sistem pembayaran,concept,Sistem Pembayaran,,,
efektivitas pendekatan komunitas vs pendidikan formal,topic_fine,Efektivitas Pendekatan Komunitas vs Pendidikan Formal,,,
pendidikan formal,concept,Pendidikan Formal,C5-Mengevaluasi,4.0,1.0
q_9a8f8a5681,question,"Menilik masalah buta aksara, evaluasilah efektivitas pendekatan pemberdayaan berbasis komunitas dibandingkan dengan prog",C5-Mengevaluasi,4.0,
prinsip-prinsip komunitas,concept,Prinsip-prinsip Komunitas,,,
perencanaan program pemberdayaan,concept,Perencanaan Program Pemberdayaan,,,
analisis kebijakan pendidikan,concept,Analisis Kebijakan Pendidikan,,,
sosiologi konflik sosial,topic_coarse,Sosiologi Konflik Sosial,,,
definisi konflik sosial hukum vs sosiologis,topic_fine,Definisi Konflik Sosial Hukum vs Sosiologis,,,
definisi konflik sosial,concept,Definisi konflik sosial,C5-Mengevaluasi,4.0,1.0
pendekatan hukum,concept,Pendekatan Hukum,C5-Mengevaluasi,4.0,1.0
pendekatan sosiologis,concept,Pendekatan Sosiologis,C5-Mengevaluasi,4.0,1.0
analisis sosial,concept,Analisis Sosial,C5-Mengevaluasi,4.0,1.0
q_3848231705,question,Nilailah kelebihan dan kekurangan mendefinisikan konflik sosial secara hukum melalui undang-undang dibandingkan dengan m,C5-Mengevaluasi,4.0,
persaingan sehat,concept,Persaingan Sehat,C5-Mengevaluasi,4.0,1.0
analisis penyebab konflik,concept,Analisis penyebab konflik,,,
teori konflik sosial,concept,Teori konflik sosial,,,
kebijakan b.j. habibie di timor timur,topic_fine,Kebijakan B.J. Habibie di Timor Timur,,,
referendum timor timur,concept,Referendum Timor Timur,C5-Mengevaluasi,5.0,1.0
reformasi pembangunan,concept,Reformasi Pembangunan,C5-Mengevaluasi,5.0,1.0
checks and balances,concept,Checks and Balances,C5-Mengevaluasi,5.0,1.0
q_6cd924fb7b,question,"Evaluasilah keputusan B.J. Habibie untuk mengadakan referendum di Timor Timur. Apakah itu langkah yang tepat, atau terla",C5-Mengevaluasi,5.0,
kebijakan monumental era reformasi,concept,Kebijakan Monumental Era Reformasi,,,
peran arsiparis dalam historiografi,topic_fine,Peran Arsiparis dalam Historiografi,,,
objektivitas penulisan sejarah,concept,Objektivitas penulisan sejarah,C5-Mengevaluasi,4.0,1.0
keakuratan penulisan sejarah,concept,Keakuratan penulisan sejarah,C5-Mengevaluasi,4.0,1.0
peran arsiparis,concept,Peran arsiparis,C5-Mengevaluasi,4.0,1.0
peran sejarawan,concept,Peran sejarawan,C5-Mengevaluasi,4.0,1.0
q_7a3e205579,question,Evaluasilah pentingnya peran seorang arsiparis seperti Mona Lohanda dalam menjaga objektivitas dan keakuratan penulisan ,C5-Mengevaluasi,4.0,
pengertian penelitian sejarah,concept,Pengertian Penelitian Sejarah,,,
"tahapan penelitian sejarah (mengumpulkan, membuang, menarik kesimpulan)",concept,"Tahapan penelitian sejarah (mengumpulkan, membuang, menarik kesimpulan)",,,
evaluasi solusi penanganan konflik,topic_fine,Evaluasi Solusi Penanganan Konflik,,,
solusi jangka panjang,concept,Solusi Jangka Panjang,C5-Mengevaluasi,4.0,1.0
kritik kesimpulan,concept,Kritik Kesimpulan,C5-Mengevaluasi,4.0,1.0
q_ec3c7cedf4,question,Kritiklah kesimpulan sementara dari kasus Desa Sumber Aman. Apakah penyebutan 'mediasi' sebagai penanganan sudah cukup u,C5-Mengevaluasi,4.0,
perumusan strategi resolusi konflik,concept,Perumusan strategi resolusi konflik,,,
analisis dampak intervensi konflik,concept,Analisis dampak intervensi konflik,,,
faktor pembangkitan semangat persatuan,topic_fine,Faktor Pembangkitan Semangat Persatuan,,,
perang suci,concept,Perang Suci,C5-Mengevaluasi,4.0,1.0
pembaharuan islam,concept,Pembaharuan Islam,C5-Mengevaluasi,4.0,1.0
q_2e03a7e04e,question,"Menurut Anda, manakah yang lebih efektif dalam membangkitkan semangat persatuan melawan penjajah di abad ke-19: seruan '",C5-Mengevaluasi,4.0,
peran nasionalisme di asia abad ke-20,concept,Peran Nasionalisme di Asia Abad ke-20,,,
prioritas kebijakan pembangunan regional,topic_fine,Prioritas Kebijakan Pembangunan Regional,,,
pembangunan fisik komprehensif papua,concept,Pembangunan Fisik Komprehensif Papua,C5-Mengevaluasi,5.0,1.0
program literasi digital nasional,concept,Program Literasi Digital Nasional,C5-Mengevaluasi,5.0,1.0
kolaborasi dan partisipasi masyarakat,concept,Kolaborasi dan Partisipasi Masyarakat,C5-Mengevaluasi,5.0,1.0
q_7f1a64a448,question,Tentukan mana yang lebih prioritas untuk pemerintah Indonesia saat ini: mengalokasikan dana untuk pembangunan fisik komp,C5-Mengevaluasi,5.0,
analisis prioritas kebijakan,concept,Analisis prioritas kebijakan,,,
perumusan kebijakan publik,concept,Perumusan Kebijakan Publik,,,
analisis dampak program pembangunan,concept,Analisis Dampak Program Pembangunan,,,
pendidikan kewarganegaraan/sosial,topic_coarse,Pendidikan Kewarganegaraan/Sosial,,,
efektivitas kampanye lingkungan,topic_fine,Efektivitas Kampanye Lingkungan,,,
kampanye lingkungan recycle,concept,Kampanye Lingkungan Recycle,C5-Mengevaluasi,4.0,1.0
pendekatan holistik 5r,concept,Pendekatan Holistik 5R,C5-Mengevaluasi,4.0,1.0
keberlanjutan lingkungan,concept,Keberlanjutan Lingkungan,C5-Mengevaluasi,4.0,1.0
q_84913b31d6,question,Nilailah efektivitas kampanye lingkungan yang hanya berfokus pada 'Recycle' (daur ulang) dibandingkan dengan pendekatan ,C5-Mengevaluasi,4.0,
konsep dasar pengelolaan sampah,concept,Konsep dasar pengelolaan sampah,,,
perencanaan kebijakan lingkungan,concept,Perencanaan Kebijakan Lingkungan,,,
tujuan voc dan monopoli,topic_fine,Tujuan VOC dan Monopoli,,,
tujuan voc,concept,Tujuan VOC,C5-Mengevaluasi,5.0,1.0
monopoli perdagangan,concept,Monopoli perdagangan,C5-Mengevaluasi,5.0,1.0
persaingan pedagang,concept,Persaingan pedagang,C5-Mengevaluasi,5.0,1.0
keberhasilan strategi,concept,Keberhasilan strategi,C5-Mengevaluasi,5.0,1.0
q_8879a9f9d6,question,"Evaluasilah, apakah tujuan utama VOC untuk 'menghindari persaingan tidak sehat' antar pedagang Belanda dapat dianggap be",C5-Mengevaluasi,5.0,
latar belakang kolonialisme di indonesia,concept,Latar belakang kolonialisme di Indonesia,,,
dampak kebijakan monopoli,concept,Dampak kebijakan monopoli,,,
perbandingan strategi perdagangan,concept,Perbandingan strategi perdagangan,,,
pemberontakan daerah era demokrasi liberal,topic_fine,Pemberontakan Daerah Era Demokrasi Liberal,,,
di/tii,concept,DI/TII,C5-Mengevaluasi,5.0,1.0
prri/permesta,concept,PRRI/Permesta,C5-Mengevaluasi,4.0,2.0
ancaman disintegrasi pancasila,concept,Ancaman disintegrasi Pancasila,C5-Mengevaluasi,5.0,1.0
q_0afda0f534,question,"Di antara DI/TII dan PRRI/Permesta, manakah yang menurut Anda merupakan ancaman disintegrasi paling berbahaya bagi Panca",C5-Mengevaluasi,5.0,
dampak pemberontakan daerah,concept,Dampak Pemberontakan Daerah,,,
pancasila sebagai ideologi negara,concept,Pancasila sebagai Ideologi Negara,,,
sosiologi dan etika sosial,topic_coarse,Sosiologi dan Etika Sosial,,,
harmoni sosial dan isu lingkungan,topic_fine,Harmoni Sosial dan Isu Lingkungan,,,
harmoni dengan alam,concept,Harmoni dengan Alam,C5-Mengevaluasi,5.0,1.0
kesejahteraan bersama,concept,Kesejahteraan Bersama,C5-Mengevaluasi,5.0,1.0
hubungan antarmanusia,concept,Hubungan Antarmanusia,C5-Mengevaluasi,5.0,1.0
q_fe77a0b11d,question,Nilailah urgensi memasukkan 'harmoni dengan alam' dalam pembahasan harmoni sosial. Apakah isu lingkungan sama pentingnya,C5-Mengevaluasi,5.0,
demografi kependudukan,topic_coarse,Demografi Kependudukan,,,
klasifikasi pertumbuhan penduduk,topic_fine,Klasifikasi Pertumbuhan Penduduk,,,
pertumbuhan penduduk indonesia,concept,Pertumbuhan penduduk Indonesia,C5-Mengevaluasi,5.0,1.0
tantangan pembangunan berkelanjutan,concept,Tantangan pembangunan berkelanjutan,C5-Mengevaluasi,5.0,1.0
q_1f09f53584,question,"Berdasarkan teks, pertumbuhan penduduk Indonesia sebesar 1,49% per tahun digolongkan sebagai kategori 'sedang'. Berikan ",C5-Mengevaluasi,5.0,
definisi penduduk dan dinamika penduduk,concept,Definisi penduduk dan dinamika penduduk,,,
analisis dampak kebijakan kependudukan,concept,Analisis dampak kebijakan kependudukan,,,
solusi pengendalian pertumbuhan penduduk,concept,Solusi pengendalian pertumbuhan penduduk,,,
ekologi dan geografi,topic_coarse,Ekologi dan Geografi,,,
persebaran flora dan adaptasi lingkungan,topic_fine,Persebaran Flora dan Adaptasi Lingkungan,,,
pengaruh iklim terhadap pertanian,concept,Pengaruh Iklim terhadap Pertanian,C5-Mengevaluasi,4.0,1.0
klasifikasi zona ketinggian,concept,Klasifikasi Zona Ketinggian,C5-Mengevaluasi,4.0,1.0
efektivitas budidaya padi,concept,Efektivitas Budidaya Padi,C5-Mengevaluasi,4.0,1.0
q_552765ba7f,question,"Berdasarkan klasifikasi zona ketinggian, nilaialah efektivitas menanam padi di ketinggian 1.600 meter. Jelaskan alasan p",C5-Mengevaluasi,4.0,
pengertian iklim dan unsur-unsur iklim,concept,Pengertian Iklim dan Unsur-unsur Iklim,,,
sistem pertanian berbasis ketinggian,concept,Sistem Pertanian Berbasis Ketinggian,,,
manajemen keuangan pribadi,topic_coarse,Manajemen Keuangan Pribadi,,,
perbandingan instrumen keuangan jangka panjang,topic_fine,Perbandingan Instrumen Keuangan Jangka Panjang,,,
menabung di bank,concept,Menabung di bank,C5-Mengevaluasi,5.0,1.0
berinvestasi emas,concept,Berinvestasi emas,C5-Mengevaluasi,5.0,1.0
tujuan jangka panjang,concept,Tujuan jangka panjang,C5-Mengevaluasi,5.0,1.0
justifikasi/argumentasi,concept,Justifikasi/Argumentasi,C5-Mengevaluasi,5.0,1.0
q_a68cc7eb61,question,"Menurut pendapatmu, antara menabung di bank dan berinvestasi emas, manakah pilihan yang lebih superior untuk tujuan jang",C5-Mengevaluasi,5.0,
"konsep dasar pengelolaan keuangan (uang, pendapatan, tabungan, investasi)",concept,"Konsep dasar pengelolaan keuangan (uang, pendapatan, tabungan, investasi)",,,
strategi alokasi aset,concept,Strategi alokasi aset,,,
pemanfaatan berkelanjutan,topic_fine,Pemanfaatan Berkelanjutan,C5-Mengevaluasi,5.0,1.0
ancaman keberlanjutan,concept,Ancaman Keberlanjutan,C5-Mengevaluasi,5.0,1.0
q_5110019e9c,question,Kritisi pernyataan bahwa keanekaragaman hayati dapat dimanfaatkan secara berkelanjutan. Faktor-faktor apa saja di luar t,C5-Mengevaluasi,5.0,
strategi konservasi keanekaragaman hayati,concept,Strategi Konservasi Keanekaragaman Hayati,,,
pentingnya pengelolaan keuangan,topic_fine,Pentingnya Pengelolaan Keuangan,,,
dampak kurangnya literasi finansial,concept,Dampak Kurangnya Literasi Finansial,C5-Mengevaluasi,4.0,1.0
kritik pandangan umum,concept,Kritik Pandangan Umum,C5-Mengevaluasi,4.0,1.0
pentingnya pengelolaan keuangan untuk semua,concept,Pentingnya Pengelolaan Keuangan untuk Semua,C5-Mengevaluasi,4.0,1.0
q_9b75ecd23b,question,Kritiklah pandangan umum yang keliru di masyarakat bahwa kemampuan mengelola keuangan hanya diperlukan oleh orang kaya. ,C5-Mengevaluasi,4.0,
pemahaman konsep literasi finansial,concept,Pemahaman konsep Literasi Finansial,,,
strategi pengelolaan keuangan efektif,concept,Strategi Pengelolaan Keuangan Efektif,,,
pengungkapan dalam laporan keuangan,topic_fine,Pengungkapan dalam Laporan Keuangan,,,
catatan atas laporan keuangan,concept,Catatan Atas Laporan Keuangan,C5-Mengevaluasi,5.0,1.0
pengungkapan informasi,concept,Pengungkapan Informasi,C5-Mengevaluasi,5.0,1.0
pengguna laporan keuangan,concept,Pengguna Laporan Keuangan,C5-Mengevaluasi,5.0,1.0
q_7b08386975,question,Sebuah perusahaan memutuskan untuk tidak mengungkapkan dalam 'Catatan Atas Laporan Keuangan' bahwa mereka sedang menghad,C5-Mengevaluasi,5.0,
prinsip pengungkapan akuntansi,concept,Prinsip Pengungkapan Akuntansi,,,
asumsi dan pengakuan dalam akuntansi,concept,Asumsi dan Pengakuan dalam Akuntansi,,,
standar pelaporan keuangan,concept,Standar Pelaporan Keuangan,,,
kritik kebijakan nasakom,topic_fine,Kritik Kebijakan Nasakom,,,
kebijakan nasakom,concept,Kebijakan Nasakom,C5-Mengevaluasi,5.0,1.0
integrasi ideologi,concept,Integrasi Ideologi,C5-Mengevaluasi,5.0,1.0
strategi politik berkelanjutan,concept,Strategi Politik Berkelanjutan,C5-Mengevaluasi,5.0,1.0
q_d8cff5d428,question,"Kritiklah kebijakan Nasakom. Menurut Anda, apakah upaya menyatukan tiga ideologi yang berbeda secara fundamental merupak",C5-Mengevaluasi,5.0,
konsep ideologi pancasila,concept,Konsep Ideologi Pancasila,,,
sejarah orde lama,concept,Sejarah Orde Lama,,,
analisis kebijakan politik,concept,Analisis Kebijakan Politik,,,
perkembangan politik indonesia,concept,Perkembangan Politik Indonesia,,,
sosiologi dan lembaga sosial,topic_coarse,Sosiologi dan Lembaga Sosial,,,
efektivitas sanksi dalam era digital,topic_fine,Efektivitas Sanksi dalam Era Digital,,,
sanksi (celaan),concept,Sanksi (Celaan),C5-Mengevaluasi,5.0,1.0
penegakan norma,concept,Penegakan Norma,C5-Mengevaluasi,5.0,1.0
q_f4f1a4a084,question,"Menurut Anda, apakah sanksi berupa 'celaan' cukup efektif untuk menegakkan norma pada tingkatan Cara (Usage) di era digi",C5-Mengevaluasi,5.0,
konsep norma sosial,concept,Konsep Norma Sosial,,,
peran teknologi dalam pembentukan norma,concept,Peran Teknologi dalam Pembentukan Norma,,,
teori kontrol sosial,concept,Teori Kontrol Sosial,,,
prioritas penanganan bencana perkotaan,topic_fine,Prioritas penanganan bencana perkotaan,,,
kapasitas fisik,concept,Kapasitas Fisik,C5-Mengevaluasi,5.0,1.0
q_f5b6b9a5f8,question,"Menurut Anda, manakah yang lebih prioritas untuk ditangani di wilayah perkotaan padat penduduk seperti Jakarta yang rawa",C5-Mengevaluasi,5.0,
penilaian risiko bencana,concept,Penilaian Risiko Bencana,,,
peran dan sifat atmosfer,topic_fine,Peran dan Sifat Atmosfer,,,
peran atmosfer dalam menjaga suhu bumi,concept,Peran atmosfer dalam menjaga suhu bumi,C5-Mengevaluasi,5.0,1.0
sifat atmosfer (komposisi dan fungsi),concept,Sifat atmosfer (komposisi dan fungsi),C5-Mengevaluasi,5.0,1.0
q_6ec2f3e555,question,"Kritiklah gagasan bahwa pemanasan global adalah fenomena alam biasa yang tidak perlu dikhawatirkan, dengan menggunakan i",C5-Mengevaluasi,5.0,
solusi mitigasi pemanasan global,concept,Solusi mitigasi pemanasan global,,,
analisis kebijakan anggaran apbn,topic_fine,Analisis Kebijakan Anggaran APBN,,,
keadilan alokasi anggaran,concept,Keadilan alokasi anggaran,C5-Mengevaluasi,5.0,1.0
prioritas belanja pemerintah,concept,Prioritas belanja pemerintah,C5-Mengevaluasi,5.0,1.0
q_b6ac6b6192,question,Nilailah kebijakan pemerintah yang menaikkan anggaran Perlinsos. Apakah langkah ini sudah adil jika dilihat dari kemungk,C5-Mengevaluasi,5.0,
pemahaman tentang fungsi dan komponen apbn,concept,Pemahaman tentang fungsi dan komponen APBN,,,
pemahaman tentang konsep keadilan dalam alokasi sumber daya,concept,Pemahaman tentang konsep keadilan dalam alokasi sumber daya,,,
analisis dampak kebijakan fiskal terhadap sektor lain,concept,Analisis dampak kebijakan fiskal terhadap sektor lain,,,
perumusan kebijakan fiskal yang berkelanjutan,concept,Perumusan kebijakan fiskal yang berkelanjutan,,,
geopolitik internasional,topic_coarse,Geopolitik Internasional,,,
aspek geografis dalam politik,topic_fine,Aspek Geografis dalam Politik,,,
"aspek geopolitik (lokasi, luas, sumber daya)",concept,"Aspek Geopolitik (Lokasi, Luas, Sumber Daya)",C5-Mengevaluasi,4.0,1.0
lokasi strategis indonesia,concept,Lokasi Strategis Indonesia,C6-Mencipta,5.0,2.0
q_35e50b49da,question,Evaluasilah pernyataan: 'Luasnya wilayah Indonesia lebih memberikan tantangan daripada keuntungan dalam menjalin kerja s,C5-Mengevaluasi,4.0,
analisis keuntungan dan tantangan geopolitik,concept,Analisis Keuntungan dan Tantangan Geopolitik,,,
studi kasus kerja sama internasional,concept,Studi Kasus Kerja Sama Internasional,,,
faktor pendorong kedatangan bangsa eropa,topic_fine,Faktor Pendorong Kedatangan Bangsa Eropa,,,
motivasi 3g,concept,Motivasi 3G,C5-Mengevaluasi,5.0,1.0
dampak revolusi industri,concept,Dampak Revolusi Industri,C5-Mengevaluasi,5.0,1.0
q_2c74d3c1d8,question,"Menurut Anda, faktor pendorong manakah yang memiliki pengaruh terkuat bagi bangsa-bangsa Eropa untuk datang ke Indonesia",C5-Mengevaluasi,5.0,
pengetahuan tentang kondisi geografis indonesia,concept,Pengetahuan tentang kondisi geografis Indonesia,,,
pemahaman tentang kolonialisme,concept,Pemahaman tentang kolonialisme,,,
analisis dampak kolonialisme,concept,Analisis dampak kolonialisme,,,
perbandingan faktor pendorong kolonialisme,concept,Perbandingan faktor pendorong kolonialisme,,,
ekonomi lingkungan,topic_coarse,Ekonomi Lingkungan,,,
kritik model penebangan kayu,topic_fine,Kritik Model Penebangan Kayu,,,
model ekonomi berbasis penebangan kayu,concept,Model Ekonomi Berbasis Penebangan Kayu,C5-Mengevaluasi,4.0,1.0
reboisasi,concept,Reboisasi,C5-Mengevaluasi,4.0,1.0
dampak jangka panjang,concept,Dampak Jangka Panjang,C5-Mengevaluasi,5.0,2.0
ekonomi dan lingkungan,concept,Ekonomi dan Lingkungan,C5-Mengevaluasi,4.0,1.0
q_bf4ebba29a,question,Kritiklah model ekonomi yang hanya mengandalkan penebangan kayu bernilai tinggi seperti jati tanpa program reboisasi yan,C5-Mengevaluasi,4.0,
konsep dasar ekonomi sumber daya alam,concept,Konsep dasar ekonomi sumber daya alam,,,
prinsip keberlanjutan lingkungan,concept,Prinsip keberlanjutan lingkungan,,,
solusi ekonomi berkelanjutan,concept,Solusi Ekonomi Berkelanjutan,,,
kebijakan lingkungan,concept,Kebijakan Lingkungan,,,
dampak tindakan manusia pada ekologi,topic_fine,Dampak Tindakan Manusia pada Ekologi,,,
persebaran flora dan fauna,concept,Persebaran Flora dan Fauna,C6-Mencipta,5.0,2.0
"faktor pengaruh persebaran (iklim, tanah, manusia)",concept,"Faktor Pengaruh Persebaran (Iklim, Tanah, Manusia)",C5-Mengevaluasi,5.0,1.0
dampak tindakan manusia,concept,Dampak Tindakan Manusia,C5-Mengevaluasi,5.0,1.0
aspek ekologis,concept,Aspek Ekologis,C5-Mengevaluasi,5.0,1.0
q_e3a7e6fac3,question,Evaluasilah dampak dari tindakan manusia memindahkan tanaman kurma ke Indonesia. Apakah tindakan ini lebih banyak member,C5-Mengevaluasi,5.0,
analisis dampak perubahan lingkungan,concept,Analisis dampak perubahan lingkungan,,,
efektivitas skala prioritas,topic_fine,Efektivitas Skala Prioritas,,,
skala prioritas,concept,Skala Prioritas,C5-Mengevaluasi,4.0,1.0
q_f8af594888,question,Nilailah efektivitas penggunaan 'skala prioritas' sebagai alat untuk melawan gaya hidup konsumtif di kalangan remaja. Se,C5-Mengevaluasi,4.0,
strategi pengendalian keuangan,concept,Strategi Pengendalian Keuangan,,,
perilaku keuangan remaja,concept,Perilaku Keuangan Remaja,,,
penanganan dan penghentian konflik,topic_fine,Penanganan dan Penghentian Konflik,,,
penghentian konflik,concept,Penghentian Konflik,C5-Mengevaluasi,5.0,1.0
q_174e5f39e9,question,Kritiklah gagasan bahwa konflik bisa dihentikan sepenuhnya. Apakah 'manajemen konflik' merupakan pengakuan bahwa konflik,C5-Mengevaluasi,5.0,
tahapan perkembangan konflik,concept,Tahapan perkembangan konflik,,,
dampak konflik,concept,Dampak konflik,,,
jenis dan solusi pengangguran,topic_fine,Jenis dan Solusi Pengangguran,,,
proyek padat karya,concept,Proyek Padat Karya,C5-Mengevaluasi,4.0,1.0
solusi jangka panjang/pendek,concept,Solusi Jangka Panjang/Pendek,C5-Mengevaluasi,4.0,1.0
q_8d40977a0c,question,"Evaluasilah, apakah ""Kebijakan Fiskal"" (proyek padat karya) adalah solusi jangka panjang atau jangka pendek untuk pengan",C5-Mengevaluasi,4.0,
analisis dampak kebijakan fiskal,concept,Analisis Dampak Kebijakan Fiskal,,,
"versi masuknya islam (abad ke-7, ke-11, ke-13 m)",concept,"Versi masuknya Islam (Abad ke-7, ke-11, ke-13 M)",C5-Mengevaluasi,5.0,1.0
"bukti historis (permukiman, makam, prasasti/relief)",concept,"Bukti historis (Permukiman, Makam, Prasasti/Relief)",C5-Mengevaluasi,5.0,1.0
evaluasi bukti ilmiah,concept,Evaluasi bukti ilmiah,C5-Mengevaluasi,5.0,1.0
q_997664c735,question,"Di antara bukti-bukti yang diajukan untuk setiap teori, manakah yang menurut Anda paling meyakinkan secara ilmiah (misal",C5-Mengevaluasi,5.0,
pengetahuan dasar mengenai teori masuknya islam di nusantara,concept,Pengetahuan dasar mengenai teori masuknya Islam di Nusantara,,,
analisis perbandingan antar teori,concept,Analisis perbandingan antar teori,,,
penelitian sumber primer dan sekunder,concept,Penelitian sumber primer dan sekunder,,,
motivasi penjelajahan samudra,topic_fine,Motivasi Penjelajahan Samudra,,,
motivasi gospel,concept,Motivasi Gospel,C5-Mengevaluasi,5.0,1.0
masyarakat nusantara,concept,Masyarakat Nusantara,C5-Mengevaluasi,5.0,1.0
sistem kepercayaan lokal,concept,Sistem kepercayaan lokal,C5-Mengevaluasi,5.0,1.0
q_de86622edb,question,Berikan kritik terhadap motivasi 'Gospel' dari sudut pandang masyarakat Nusantara yang pada saat itu telah memiliki sist,C5-Mengevaluasi,5.0,
latar belakang sejarah perdagangan rempah-rempah,concept,Latar belakang sejarah perdagangan rempah-rempah,,,
pemahaman tentang agama dan kepercayaan lokal,concept,Pemahaman tentang agama dan kepercayaan lokal,,,
dampak kolonialisme terhadap budaya lokal,concept,Dampak kolonialisme terhadap budaya lokal,,,
perbandingan antara agama dan budaya,concept,Perbandingan antara agama dan budaya,,,
optimalisasi pemanfaatan sumber daya,topic_fine,Optimalisasi Pemanfaatan Sumber Daya,,,
keanekaragaman hayati indonesia,concept,Keanekaragaman Hayati Indonesia,C6-Mencipta,5.0,2.0
investasi nasional,concept,Investasi Nasional,C5-Mengevaluasi,5.0,1.0
pengembangan saintek,concept,Pengembangan Saintek,C5-Mengevaluasi,5.0,1.0
q_629d4129bb,question,"Di antara dua cara optimalisasi pemanfaatan (investasi nasional dan pengembangan saintek), manakah yang menurut Anda har",C5-Mengevaluasi,5.0,
pemahaman tentang nilai ekonomi keanekaragaman hayati,concept,Pemahaman tentang nilai ekonomi keanekaragaman hayati,,,
analisis kebijakan prioritas,concept,Analisis Kebijakan Prioritas,,,
efektivitas kerangka 5w+1h dalam dampak laten,topic_fine,Efektivitas kerangka 5W+1H dalam dampak laten,,,
dampak laten konflik,concept,Dampak laten konflik,C5-Mengevaluasi,4.0,1.0
pemecahan konflik,concept,Pemecahan Konflik,C6-Mencipta,5.0,2.0
q_eeb36c124f,question,"Nilailah efektivitas kerangka 5W+1H dalam mengungkap 'dampak laten' sebuah konflik. Apakah kerangka ini cukup, atau perl",C5-Mengevaluasi,4.0,
pemahaman mengenai penelitian berbasis pemecahan konflik,concept,Pemahaman mengenai penelitian berbasis pemecahan konflik,,,
pendekatan analisis konflik lain,concept,Pendekatan analisis konflik lain,,,
efektivitas apbn sebagai shock absorber,topic_fine,Efektivitas APBN sebagai shock absorber,,,
perlindungan ekonomi (shock absorber),concept,Perlindungan Ekonomi (Shock Absorber),C5-Mengevaluasi,5.0,1.0
program perlinsos,concept,Program Perlinsos,C5-Mengevaluasi,5.0,1.0
q_f13a2dbd45,question,"Menurut Anda, seberapa efektif penggunaan APBN sebagai 'shock absorber' ekonomi melalui program Perlinsos? Berikan penil",C5-Mengevaluasi,5.0,
evaluasi kebijakan ekonomi,concept,Evaluasi Kebijakan Ekonomi,,,
efektivitas contoh perubahan kecil,topic_fine,Efektivitas Contoh Perubahan Kecil,,,
pembangunan pasar,concept,Pembangunan Pasar,C5-Mengevaluasi,4.0,1.0
dampak terbatas,concept,Dampak Terbatas,C5-Mengevaluasi,4.0,1.0
q_75d93d5314,question,Beri penilaian terhadap efektivitas contoh 'pembangunan pasar' untuk menjelaskan konsep perubahan kecil. Apakah contoh t,C5-Mengevaluasi,4.0,
klasifikasi bentuk perubahan sosial,concept,Klasifikasi Bentuk Perubahan Sosial,,,
peningkatan belanja negara (g uparrow),concept,Peningkatan Belanja Negara (G uparrow),C6-Mencipta,5.0,2.0
penurunan pajak (t downarrow),concept,Penurunan Pajak (T downarrow),C5-Mengevaluasi,4.0,1.0
q_001e6e14a7,question,"Evaluasilah, di antara dua cara kebijakan ekspansif (menaikkan G atau menurunkan T ), manakah yang dampaknya lebih cepat",C5-Mengevaluasi,4.0,
hubungan regional global,topic_coarse,Hubungan Regional Global,,,
efektivitas organisasi regional vs global,topic_fine,Efektivitas Organisasi Regional vs Global,,,
organisasi regional (asean),concept,Organisasi Regional (ASEAN),C5-Mengevaluasi,4.0,1.0
organisasi global (pbb),concept,Organisasi Global (PBB),C5-Mengevaluasi,4.0,1.0
krisis ekonomi global,concept,Krisis Ekonomi Global,C5-Mengevaluasi,4.0,1.0
kelebihan dan kelemahan organisasi,concept,Kelebihan dan Kelemahan Organisasi,C5-Mengevaluasi,4.0,1.0
q_2873747a81,question,Nilailah efektivitas organisasi regional seperti ASEAN dalam menghadapi masalah berskala global seperti krisis ekonomi. ,C5-Mengevaluasi,4.0,
pemahaman keterkaitan sejarah regional dan global,concept,Pemahaman Keterkaitan Sejarah Regional dan Global,,,
perbandingan struktur tata kelola internasional,concept,Perbandingan Struktur Tata Kelola Internasional,,,
analisis respon kebijakan multilateral,concept,Analisis Respon Kebijakan Multilateral,,,
kriteria pemicu konflik,topic_fine,Kriteria Pemicu Konflik,,,
q_0c9f16a390,question,"Evaluasilah, di antara lima kriteria (Suku Bangsa, Ras, Klan, Agama, Profesi), manakah yang menurut Anda paling rawan me",C5-Mengevaluasi,4.0,
evaluasi rumusan masalah penelitian,topic_fine,Evaluasi Rumusan Masalah Penelitian,,,
definisi penelitian sosial,concept,Definisi Penelitian Sosial,C5-Mengevaluasi,4.0,1.0
kriteria rumusan masalah,concept,Kriteria Rumusan Masalah,C5-Mengevaluasi,4.0,1.0
pengumpulan dan analisis data,concept,Pengumpulan dan Analisis Data,C5-Mengevaluasi,4.0,1.0
q_2b8022df0c,question,Seorang siswa merumuskan masalah penelitian: 'Apakah remaja suka budaya skena?'. Evaluasilah kualitas rumusan masalah in,C5-Mengevaluasi,4.0,
sifat ilmu sosial,concept,Sifat Ilmu Sosial,,,
kesehatan dan pengobatan,topic_coarse,Kesehatan dan Pengobatan,,,
efektivitas program toga,topic_fine,Efektivitas Program TOGA,,,
program toga,concept,Program TOGA,C5-Mengevaluasi,4.0,1.0
pengobatan modern,concept,Pengobatan modern,C5-Mengevaluasi,4.0,1.0
relevansi kesehatan masyarakat,concept,Relevansi kesehatan masyarakat,C5-Mengevaluasi,4.0,1.0
q_7a66ae40f2,question,Nilailah efektivitas program TOGA sebagai alternatif pengobatan modern di era sekarang. Sejauh mana program ini masih re,C5-Mengevaluasi,4.0,
pengetahuan dasar tentang pengobatan tradisional/alternatif,concept,Pengetahuan dasar tentang pengobatan tradisional/alternatif,,,
perbandingan efektivitas pengobatan,concept,Perbandingan efektivitas pengobatan,,,
implementasi program kesehatan masyarakat,concept,Implementasi program kesehatan masyarakat,,,
q_0c29a01015,question,"Berdasarkan ragam bidang kerja sama yang dijelaskan, bidang manakah yang menurut Anda paling berpotensi menimbulkan konf",C5-Mengevaluasi,5.0,
analisis potensi konflik antar negara,concept,Analisis potensi konflik antar negara,,,
implikasi politik bebas aktif,topic_fine,Implikasi Politik Bebas Aktif,,,
politik bebas aktif,concept,Politik Bebas Aktif,C5-Mengevaluasi,5.0,1.0
risiko geopolitik,concept,Risiko Geopolitik,C5-Mengevaluasi,5.0,1.0
q_c635ac9a9c,question,"Evaluasilah risiko yang mungkin dihadapi Indonesia jika tidak menerapkan politik Bebas Aktif (misal, jika memilih salah ",C5-Mengevaluasi,5.0,
blok barat dan blok timur,concept,Blok Barat dan Blok Timur,,,
implementasi kebijakan luar negeri indonesia,concept,Implementasi Kebijakan Luar Negeri Indonesia,,,
penilaian slogan politik,topic_fine,Penilaian Slogan Politik,,,
slogan 'indië voor indiërs',concept,Slogan 'Indië voor Indiërs',C5-Mengevaluasi,5.0,1.0
sentimen kesukuan dan rasial,concept,Sentimen kesukuan dan rasial,C5-Mengevaluasi,5.0,1.0
q_d8e120d588,question,Berikan penilaian kritis terhadap slogan 'Indië voor Indiërs'. Sejauh mana slogan tersebut mampu mengatasi sentimen kesu,C5-Mengevaluasi,5.0,
ideologi kebangsaan,concept,Ideologi Kebangsaan,,,
"identifikasi potensi, masalah, peluang",concept,"Identifikasi Potensi, Masalah, Peluang",C5-Mengevaluasi,4.0,1.0
kelemahan internal komunitas,concept,Kelemahan Internal Komunitas,C5-Mengevaluasi,4.0,1.0
efektivitas program pemberdayaan,concept,Efektivitas Program Pemberdayaan,C5-Mengevaluasi,4.0,1.0
q_b2c0ea1b02,question,Evaluasilah efektivitas sebuah program pemberdayaan jika hanya berfokus pada pemanfaatan 'Opportunities' (peluang) tanpa,C5-Mengevaluasi,4.0,
upaya penguatan nasionalisme,topic_fine,Upaya Penguatan Nasionalisme,,,
upaya mengatasi masalah sosial globalisasi,concept,Upaya mengatasi masalah sosial globalisasi,C5-Mengevaluasi,5.0,1.0
q_8e3fd16133,question,"Dari kelima upaya yang disebutkan, manakah yang menurut Anda paling mendesak untuk diterapkan pada generasi muda saat in",C5-Mengevaluasi,5.0,
pemahaman tentang globalisasi dan tantangan sosial,concept,Pemahaman tentang globalisasi dan tantangan sosial,,,
strategi penanganan isu sosial kontemporer,concept,Strategi penanganan isu sosial kontemporer,,,
sejarah indonesia pasca kmb,topic_coarse,Sejarah Indonesia Pasca KMB,,,
pembubaran republik indonesia serikat,topic_fine,Pembubaran Republik Indonesia Serikat,,,
proses pembubaran ris,concept,Proses pembubaran RIS,C5-Mengevaluasi,4.0,1.0
sentimen persatuan rakyat,concept,Sentimen persatuan rakyat,C5-Mengevaluasi,4.0,1.0
q_6b02fd060a,question,Evaluasilah kecepatan proses pembubaran RIS (kurang dari 1 tahun). Apa yang ditunjukkan oleh fenomena ini mengenai senti,C5-Mengevaluasi,4.0,
perkembangan politik indonesia setelah ris,concept,Perkembangan politik Indonesia setelah RIS,,,
sosiologi/diferensiasi sosial,topic_coarse,Sosiologi/Diferensiasi Sosial,,,
kriteria diferensiasi sosial budaya,topic_fine,Kriteria Diferensiasi Sosial Budaya,,,
keberagaman masyarakat indonesia,concept,Keberagaman Masyarakat Indonesia,C5-Mengevaluasi,5.0,1.0
q_0f4887ed46,question,"Menurut Anda, apakah lima kriteria diferensiasi ini sudah cukup untuk memetakan keberagaman masyarakat Indonesia, atau a",C5-Mengevaluasi,5.0,
jenis-jenis diferensiasi sosial lainnya,concept,Jenis-jenis Diferensiasi Sosial lainnya,,,
penerapan perspektif sosiologi pada kasus sosial,topic_fine,Penerapan Perspektif Sosiologi pada Kasus Sosial,,,
bullying di sekolah,concept,Bullying di Sekolah,C5-Mengevaluasi,4.0,1.0
evaluasi solusi,concept,Evaluasi Solusi,C5-Mengevaluasi,4.0,1.0
q_df3f7e86ae,question,"Evaluasilah, di antara tiga perspektif sosiologi yang ada, manakah yang paling cocok untuk diterapkan dalam kasus bullyi",C5-Mengevaluasi,4.0,
tiga perspektif sosiologi,concept,Tiga Perspektif Sosiologi,,,
analisis kasus sosial,concept,Analisis Kasus Sosial,,,
kritik globalisasi dan dependensi,topic_fine,Kritik Globalisasi dan Dependensi,,,
pemerataan ekonomi,concept,Pemerataan Ekonomi,C5-Mengevaluasi,5.0,1.0
teori dependensi wallerstein,concept,Teori Dependensi Wallerstein,C5-Mengevaluasi,5.0,1.0
q_6ccd60329e,question,"Kritisi pernyataan bahwa globalisasi selalu mendorong pemerataan kemajuan ekonomi di seluruh dunia, dengan menggunakan k",C5-Mengevaluasi,5.0,
konsep pemerataan ekonomi,concept,Konsep Pemerataan Ekonomi,,,
teori ekonomi politik internasional,concept,Teori Ekonomi Politik Internasional,,,
studi kesenjangan global,concept,Studi Kesenjangan Global,,,
efektivitas narasi individu dalam sdgs,topic_fine,Efektivitas narasi individu dalam SDGs,,,
efektivitas kampanye global,concept,Efektivitas kampanye global,C5-Mengevaluasi,5.0,1.0
penyajian data dan statistik,concept,Penyajian data dan statistik,C5-Mengevaluasi,5.0,1.0
kisah individu (malala yousafzai),concept,Kisah individu (Malala Yousafzai),C5-Mengevaluasi,5.0,1.0
q_3659ef7600,question,Nilailah efektivitas menyoroti kisah individu seperti Malala Yousafzai dalam kampanye global seperti SDGs. Apakah pendek,C5-Mengevaluasi,5.0,
pemahaman tentang sdgs,concept,Pemahaman tentang SDGs,,,
perancangan strategi komunikasi sdgs,concept,Perancangan strategi komunikasi SDGs,,,
validitas sumber asal nama tempat,topic_fine,Validitas Sumber Asal Nama Tempat,,,
cerita rakyat (folklor),concept,Cerita Rakyat (Folklor),C5-Mengevaluasi,4.0,1.0
q_1f93c72d6e,question,Kritiklah pernyataan: 'Cerita rakyat (folklor) bukanlah sumber yang valid untuk menentukan asal-usul nama tempat karena ,C5-Mengevaluasi,4.0,
perbedaan aspek sejarah dan simbolis,concept,Perbedaan Aspek Sejarah dan Simbolis,,,
analisis sumber toponimi,concept,Analisis Sumber Toponimi,,,
metodologi penelitian toponimi,concept,Metodologi Penelitian Toponimi,,,
pemberontakan prri dan faktor keberlanjutan,topic_fine,Pemberontakan PRRI dan faktor keberlanjutan,,,
q_e90aad2c97,question,Evaluasilah mengapa pemberontakan DI/TII (dimulai 1949) bisa bertahan lama hingga akhirnya dipadamkan!,C5-Mengevaluasi,4.0,
penyelesaian konflik politik indonesia,concept,Penyelesaian konflik politik Indonesia,,,
pemberontakan di/tii,concept,Pemberontakan DI/TII,,,
aksi sosial dan perencanaan,topic_coarse,Aksi Sosial dan Perencanaan,,,
kritik analisis swot untuk aksi komunitas,topic_fine,Kritik Analisis SWOT untuk Aksi Komunitas,,,
perancangan aksi sosial,concept,Perancangan Aksi Sosial,C5-Mengevaluasi,4.0,1.0
kelemahan analisis,concept,Kelemahan Analisis,C5-Mengevaluasi,4.0,1.0
tingkat komunitas,concept,Tingkat Komunitas,C5-Mengevaluasi,4.0,1.0
q_229dede19e,question,Kritiklah pendekatan SWOT. Apakah ada kelemahan dalam menggunakan analisis ini untuk merancang aksi sosial di tingkat ko,C5-Mengevaluasi,4.0,
konsep dasar analisis swot,concept,Konsep dasar Analisis SWOT,,,
tahapan perencanaan aksi sosial,concept,Tahapan perencanaan aksi sosial,,,
metode perencanaan aksi sosial lain,concept,Metode perencanaan aksi sosial lain,,,
implementasi strategi sosial,concept,Implementasi strategi sosial,,,
proglobalisasi,concept,Proglobalisasi,C5-Mengevaluasi,5.0,1.0
kesejahteraan ekonomi dunia,concept,Kesejahteraan ekonomi dunia,C5-Mengevaluasi,5.0,1.0
keuntungan negara berkembang,concept,Keuntungan negara berkembang,C5-Mengevaluasi,5.0,1.0
skeptisisme globalisasi,concept,Skeptisisme globalisasi,C5-Mengevaluasi,5.0,1.0
q_9e2d0c9c9d,question,Evaluasilah argumen kaum skeptis bahwa globalisasi hanya menguntungkan negara maju. Apakah negara berkembang sama sekali,C5-Mengevaluasi,5.0,
dampak globalisasi terhadap ekonomi,concept,Dampak globalisasi terhadap ekonomi,,,
demografi dan sensus,topic_coarse,Demografi dan Sensus,,,
pemilihan metode sensus,topic_fine,Pemilihan Metode Sensus,,,
metode sensus (canvasser vs householder),concept,Metode Sensus (Canvasser vs Householder),C5-Mengevaluasi,4.0,1.0
kondisi geografis sulit,concept,Kondisi Geografis Sulit,C5-Mengevaluasi,4.0,1.0
tingkat pendidikan penduduk,concept,Tingkat Pendidikan Penduduk,C5-Mengevaluasi,4.0,1.0
q_805c6b184a,question,"Di negara dengan wilayah geografis yang sangat sulit dijangkau dan tingkat pendidikan penduduk yang rendah, evaluasilah ",C5-Mengevaluasi,4.0,
"proses demografi (natalitas, mortalitas, migrasi)",concept,"Proses Demografi (Natalitas, Mortalitas, Migrasi)",,,
analisis data sensus,concept,Analisis Data Sensus,,,
perencanaan pembangunan berkelanjutan,concept,Perencanaan Pembangunan Berkelanjutan,,,
peran pemerintah dalam ekonomi,concept,Peran Pemerintah dalam Ekonomi,C5-Mengevaluasi,5.0,1.0
peran rumah tangga konsumen (konsumen),concept,Peran Rumah Tangga Konsumen (Konsumen),C5-Mengevaluasi,5.0,1.0
peran pemerintah dalam produksi (bumn),concept,Peran Pemerintah dalam Produksi (BUMN),C5-Mengevaluasi,5.0,1.0
kesejahteraan masyarakat,concept,Kesejahteraan Masyarakat,C5-Mengevaluasi,4.0,2.0
q_d3cd1920a8,question,"Menurut Anda, manakah yang memiliki dampak lebih langsung terhadap kesejahteraan masyarakat: peran pemerintah sebagai ko",C5-Mengevaluasi,5.0,
kebijakan fiskal dan moneter,concept,Kebijakan Fiskal dan Moneter,,,
sistem lini produksi revolusi industri 2.0,topic_fine,Sistem Lini Produksi Revolusi Industri 2.0,,,
lini produksi,concept,Lini Produksi,C5-Mengevaluasi,4.0,1.0
nilai keahlian individu,concept,Nilai Keahlian Individu,C5-Mengevaluasi,4.0,1.0
revolusi industri 2.0,concept,Revolusi Industri 2.0,C5-Mengevaluasi,4.0,1.0
q_fde6b533c6,question,"Dari sudut pandang seorang pengrajin yang memiliki keahlian lengkap, nilailah sistem 'lini produksi' Revolusi Industri 2",C5-Mengevaluasi,4.0,
dampak sosial industri,concept,Dampak Sosial Industri,,,
program transmigrasi dan kepadatan penduduk,topic_fine,Program Transmigrasi dan Kepadatan Penduduk,,,
"dinamika penduduk (kelahiran, kematian, migrasi)",concept,"Dinamika Penduduk (Kelahiran, Kematian, Migrasi)",C5-Mengevaluasi,5.0,1.0
kepadatan penduduk pulau jawa,concept,Kepadatan Penduduk Pulau Jawa,C5-Mengevaluasi,5.0,1.0
program transmigrasi,concept,Program Transmigrasi,C5-Mengevaluasi,5.0,1.0
relevansi program,concept,Relevansi Program,C5-Mengevaluasi,5.0,1.0
q_f4f06edbe2,question,Nilailah urgensi program transmigrasi untuk mengatasi masalah kepadatan penduduk di Pulau Jawa. Apakah program ini masih,C5-Mengevaluasi,5.0,
konsep kepadatan penduduk,concept,Konsep kepadatan penduduk,,,
kebijakan pengendalian penduduk,concept,Kebijakan Pengendalian Penduduk,,,
dampak sosial transmigrasi,concept,Dampak Sosial Transmigrasi,,,
sosiologi/hubungan sosial,topic_coarse,Sosiologi/Hubungan Sosial,,,
sifat dasar konflik,topic_fine,Sifat Dasar Konflik,,,
destruktif,concept,Destruktif,C5-Mengevaluasi,4.0,1.0
akomodasi,concept,Akomodasi,C6-Mencipta,5.0,2.0
q_b31bb29e95,question,Evaluasilah pernyataan: 'Semua konflik pada dasarnya bersifat destruktif'. Setujukah Anda dengan pernyataan tersebut? Be,C5-Mengevaluasi,4.0,
perbedaan konflik dan persaingan,concept,Perbedaan Konflik dan Persaingan,,,
pelestarian rumah adat,topic_fine,Pelestarian Rumah Adat,,,
fungsi rumah adat,concept,Fungsi Rumah Adat,C5-Mengevaluasi,5.0,1.0
dampak pembangunan modern,concept,Dampak Pembangunan Modern,C5-Mengevaluasi,5.0,1.0
pelestarian budaya,concept,Pelestarian Budaya,C5-Mengevaluasi,5.0,1.0
q_8c9e3d037c,question,"Menurut Anda, seberapa penting melestarikan bentuk asli rumah adat seperti Joglo atau Honai di tengah desakan pembanguna",C5-Mengevaluasi,5.0,
pengertian budaya,concept,Pengertian Budaya,,,
peran budaya dalam identitas,concept,Peran Budaya dalam Identitas,,,
strategi konservasi warisan budaya,concept,Strategi Konservasi Warisan Budaya,,,
perbandingan kerentanan bioma,topic_fine,Perbandingan Kerentanan Bioma,,,
kerentanan terhadap penyakit dan hama,concept,Kerentanan terhadap penyakit dan hama,C5-Mengevaluasi,4.0,1.0
"faktor lingkungan (iklim, vegetasi)",concept,"Faktor lingkungan (iklim, vegetasi)",C5-Mengevaluasi,4.0,1.0
q_ab3b037390,question,"Evaluasilah pernyataan ini: 'Bioma Taiga, yang hanya terdiri dari satu spesies pohon, lebih rentan terhadap penyakit dan",C5-Mengevaluasi,4.0,
karakteristik vegetasi dominan,concept,Karakteristik vegetasi dominan,,,
perbandingan karakteristik bioma lain,concept,Perbandingan karakteristik bioma lain,,,
dampak perubahan iklim pada bioma,concept,Dampak perubahan iklim pada bioma,,,
kebijakan proteksi industri,topic_fine,Kebijakan Proteksi Industri,,,
industri bayi,concept,Industri Bayi,C5-Mengevaluasi,5.0,1.0
q_d7a3d0df34,question,Pilihlah kebijakan yang paling efektif untuk melindungi sebuah industri 'bayi' (infant industry) di negara berkembang: s,C5-Mengevaluasi,5.0,
instrumen pengendalian uang beredar,topic_fine,Instrumen Pengendalian Uang Beredar,,,
q_2d2fb573a9,question,"Di antara tiga instrumen (Pasar Terbuka, Diskonto, Cadangan Kas), manakah yang menurut Anda paling cepat dampaknya dalam",C5-Mengevaluasi,4.0,
perbedaan kebijakan ekspansif dan kontraktif,concept,Perbedaan Kebijakan Ekspansif dan Kontraktif,,,
analisis efektivitas kebijakan moneter,concept,Analisis Efektivitas Kebijakan Moneter,,,
dampak instrumen kebijakan moneter,concept,Dampak Instrumen Kebijakan Moneter,,,
faktor penyebab kesenjangan lapangan kerja,topic_fine,Faktor penyebab kesenjangan lapangan kerja,,,
ketersediaan lapangan pekerjaan,concept,Ketersediaan lapangan pekerjaan,C5-Mengevaluasi,4.0,1.0
kesenjangan keterampilan,concept,Kesenjangan keterampilan,C5-Mengevaluasi,4.0,1.0
q_b33c857a78,question,"Konteks menyebut ""ketersediaan yang terbatas"" pada ""Lapangan Pekerjaan"". Evaluasilah, apakah masalahnya hanya ""ketersedi",C5-Mengevaluasi,4.0,
solusi mengatasi kesenjangan keterampilan,concept,Solusi mengatasi kesenjangan keterampilan,,,
perbandingan pemanfaatan energi,topic_fine,Perbandingan Pemanfaatan Energi,,,
sda tidak dapat diperbarui,concept,SDA Tidak Dapat Diperbarui,C5-Mengevaluasi,5.0,1.0
keunggulan pemanfaatan jangka panjang,concept,Keunggulan Pemanfaatan Jangka Panjang,C5-Mengevaluasi,5.0,1.0
q_77178b9745,question,Berikan argumen untuk mendukung pernyataan bahwa pemanfaatan SDA Energi dari sumber yang dapat diperbarui (seperti sinar,C5-Mengevaluasi,5.0,
klasifikasi sda (jenis dan sifat),concept,Klasifikasi SDA (Jenis dan Sifat),,,
definisi sda dapat diperbarui dan tidak dapat diperbarui,concept,Definisi SDA Dapat Diperbarui dan Tidak Dapat Diperbarui,,,
dampak lingkungan pemanfaatan sda,concept,Dampak Lingkungan Pemanfaatan SDA,,,
alternatif energi terbarukan,concept,Alternatif Energi Terbarukan,,,
neraca pembayaran dan kesehatan ekonomi,topic_fine,Neraca Pembayaran dan Kesehatan Ekonomi,,,
surplus neraca pembayaran,concept,Surplus Neraca Pembayaran,C5-Mengevaluasi,4.0,1.0
kondisi perekonomian,concept,Kondisi Perekonomian,C5-Mengevaluasi,4.0,1.0
q_3eeee54391,question,Evaluasi pernyataan ini: 'Surplus neraca pembayaran yang besar selalu menunjukkan bahwa perekonomian suatu negara dalam ,C5-Mengevaluasi,4.0,
analisis kebijakan ekonomi internasional,concept,Analisis Kebijakan Ekonomi Internasional,,,
pembentukan struktur negara pasca proklamasi,topic_fine,Pembentukan Struktur Negara Pasca Proklamasi,,,
pembagian provinsi,concept,Pembagian Provinsi,C5-Mengevaluasi,4.0,1.0
kewenangan pemerintahan,concept,Kewenangan Pemerintahan,C5-Mengevaluasi,4.0,1.0
q_3489d76b57,question,Evaluasilah keputusan untuk membagi Indonesia yang sangat luas menjadi hanya 8 Provinsi pada Sidang PPKI II. Apakah ini ,C5-Mengevaluasi,4.0,
pembentukan negara,concept,Pembentukan Negara,C6-Mencipta,5.0,1.0
pembentukan daerah,concept,Pembentukan Daerah,,,
peran partisipasi generasi muda,topic_fine,Peran Partisipasi Generasi Muda,,,
q_2f0da1f44d,question,Kritiklah gagasan bahwa 'kampanye sosial' cukup untuk membangun harmoni. Argumen apa yang bisa diajukan untuk mendukung ,C5-Mengevaluasi,4.0,
bentuk partisipasi sosial,concept,Bentuk Partisipasi Sosial,,,
pemberdayaan,concept,Pemberdayaan,,,
proses aksi sosial,topic_coarse,Proses Aksi Sosial,,,
tahapan proses aksi sosial,topic_fine,Tahapan Proses Aksi Sosial,C5-Mengevaluasi,4.0,1.0
tahap mengevaluasi,concept,Tahap Mengevaluasi,C5-Mengevaluasi,4.0,1.0
konsekuensi pengabaian evaluasi,concept,Konsekuensi Pengabaian Evaluasi,C5-Mengevaluasi,4.0,1.0
q_f2b6331a68,question,Nilailah pentingnya tahap 'Mengevaluasi' dalam keseluruhan proses. Apa konsekuensi jika tahap ini diabaikan setelah aksi,C5-Mengevaluasi,4.0,
langkah-langkah proses aksi sosial,concept,Langkah-langkah Proses Aksi Sosial,,,
perencanaan,concept,Perencanaan,,,
implementasi kebijakan sosial,concept,Implementasi Kebijakan Sosial,,,
dampak kebijakan jepang,topic_fine,Dampak Kebijakan Jepang,,,
kebijakan politik jepang,concept,Kebijakan Politik Jepang,C5-Mengevaluasi,5.0,1.0
sistem pemerintahan tonarigumi,concept,Sistem Pemerintahan Tonarigumi,C5-Mengevaluasi,5.0,1.0
q_bc139cbabd,question,"Dari seluruh kebijakan yang diterapkan Jepang, manakah yang menurut Anda memberikan dampak jangka panjang paling signifi",C5-Mengevaluasi,5.0,
periode revolusi fisik,concept,Periode Revolusi Fisik,,,
perkembangan fintech di indonesia,topic_fine,Perkembangan Fintech di Indonesia,,,
q_6556678603,question,"Konteks menyebut fintech berkembang ""pesat"". Evaluasilah apakah kecepatan perkembangan ini lebih banyak membawa manfaat ",C5-Mengevaluasi,5.0,
analisis risiko dan manfaat fintech,concept,Analisis Risiko dan Manfaat Fintech,,,
ilmu politik dan pembangunan,topic_coarse,Ilmu Politik dan Pembangunan,,,
efektivitas demokrasi parlementer,topic_fine,Efektivitas Demokrasi Parlementer,,,
stabilitas negara,concept,Stabilitas Negara,C5-Mengevaluasi,5.0,1.0
dampak kebijakan,concept,Dampak Kebijakan,C5-Mengevaluasi,5.0,1.0
q_07f06cc283,question,"Berdasarkan dampaknya terhadap stabilitas, nilailah efektivitas sistem Demokrasi Parlementer bagi negara yang baru merde",C5-Mengevaluasi,5.0,
kritik eksploitasi terumbu karang,topic_fine,Kritik Eksploitasi Terumbu Karang,,,
eksploitasi sumber daya,concept,Eksploitasi Sumber Daya,C5-Mengevaluasi,4.0,1.0
empat pilar pembangunan berkelanjutan,concept,Empat Pilar Pembangunan Berkelanjutan,C5-Mengevaluasi,4.0,1.0
q_38ecba2c5c,question,Kritiklah tindakan eksploitasi terumbu karang dengan bom ikan dari sudut pandang empat pilar pembangunan berkelanjutan.,C5-Mengevaluasi,4.0,
konsep eksploitasi lingkungan,concept,Konsep Eksploitasi Lingkungan,,,
strategi konservasi sumber daya alam,concept,Strategi konservasi sumber daya alam,,,
analogi laporan keuangan,topic_fine,Analogi Laporan Keuangan,,,
uang saku siswa,concept,Uang Saku Siswa,C5-Mengevaluasi,4.0,1.0
efektivitas analogi,concept,Efektivitas Analogi,C5-Mengevaluasi,4.0,1.0
kelebihan dan kekurangan,concept,Kelebihan dan Kekurangan,C5-Mengevaluasi,4.0,1.0
q_0b9b978c34,question,Kritiklah efektivitas penggunaan analogi uang saku siswa untuk menjelaskan konsep laporan keuangan perusahaan. Apa keleb,C5-Mengevaluasi,4.0,
konsep dasar pencatatan keuangan,concept,Konsep dasar pencatatan keuangan,,,
penyajian laporan keuangan formal,concept,Penyajian Laporan Keuangan Formal,,,
prinsip akuntansi,concept,Prinsip Akuntansi,,,
tahapan sejarah globalisasi,topic_fine,Tahapan Sejarah Globalisasi,,,
jalur sutra dan jalur rempah,concept,Jalur Sutra dan Jalur Rempah,C5-Mengevaluasi,5.0,1.0
pembentukan sistem dunia,concept,Pembentukan Sistem Dunia,C5-Mengevaluasi,5.0,1.0
q_0dc658b99a,question,"Di antara berbagai tahapan sejarah globalisasi yang dipaparkan, evaluasilah tahapan mana yang menurut Anda paling fundam",C5-Mengevaluasi,5.0,
sejarah jalur sutra/rempah,concept,Sejarah Jalur Sutra/Rempah,,,
struktur dunia kontemporer,concept,Struktur Dunia Kontemporer,,,
sejarah militer asia,topic_coarse,Sejarah Militer Asia,,,
evaluasi keputusan strategis perang,topic_fine,Evaluasi Keputusan Strategis Perang,,,
keputusan militer letnan jenderal hein ter poorten,concept,Keputusan Militer Letnan Jenderal Hein ter Poorten,C5-Mengevaluasi,5.0,1.0
situasi militer perang pasifik,concept,Situasi Militer Perang Pasifik,C5-Mengevaluasi,5.0,1.0
serah tanpa syarat,concept,Serah Tanpa Syarat,C5-Mengevaluasi,5.0,1.0
pilihan strategis terbaik,concept,Pilihan Strategis Terbaik,C5-Mengevaluasi,5.0,1.0
q_0869bcfc92,question,Evaluasilah keputusan Letnan Jenderal Hein ter Poorten untuk menyerah tanpa syarat di Kalijati. Apakah itu merupakan pil,C5-Mengevaluasi,5.0,
pengetahuan tentang perang pasifik,concept,Pengetahuan tentang Perang Pasifik,,,
pemahaman tentang situasi militer saat itu,concept,Pemahaman tentang situasi militer saat itu,,,
analisis dampak keputusan strategis,concept,Analisis dampak keputusan strategis,,,
perbandingan strategi militer,concept,Perbandingan strategi militer,,,
tahapan penelitian sejarah dan subjektivitas,topic_fine,Tahapan Penelitian Sejarah dan Subjektivitas,,,
subjektivitas peneliti,concept,Subjektivitas peneliti,C5-Mengevaluasi,4.0,1.0
q_3eea1e8692,question,"Menurut Anda, manakah tahapan penelitian sejarah yang paling rawan terhadap subjektivitas peneliti? Berikan justifikasi ",C5-Mengevaluasi,4.0,
empat kegiatan penelitian sejarah menurut louis gottschalk,concept,Empat kegiatan penelitian sejarah menurut Louis Gottschalk,,,
interpretasi sejarah,concept,Interpretasi sejarah,,,
faktor-faktor yang mempengaruhi permintaan,topic_fine,Faktor-faktor yang Mempengaruhi Permintaan,,,
perilaku konsumen,concept,Perilaku konsumen,C5-Mengevaluasi,4.0,1.0
faktor-faktor permintaan,concept,Faktor-faktor Permintaan,C5-Mengevaluasi,4.0,1.0
q_4e71b10fda,question,Nilailah apakah daftar faktor yang memengaruhi permintaan dalam teks sudah lengkap untuk menjelaskan semua perilaku kons,C5-Mengevaluasi,4.0,
konsep dasar permintaan,concept,Konsep Dasar Permintaan,,,
kritik wilayah formal,topic_fine,Kritik Wilayah Formal,,,
kriteria pengelompokan wilayah,concept,Kriteria Pengelompokan Wilayah,C5-Mengevaluasi,5.0,1.0
karakteristik sosial,concept,Karakteristik Sosial,C5-Mengevaluasi,5.0,1.0
evaluasi konsep,concept,Evaluasi Konsep,C5-Mengevaluasi,5.0,1.0
q_dd1d0cfb67,question,"Kritiklah konsep wilayah formal yang hanya didasarkan pada satu kriteria, misalnya 'wilayah miskin' hanya berdasarkan pe",C5-Mengevaluasi,5.0,
konsep wilayah formal,concept,Konsep Wilayah Formal,,,
wilayah nodal,concept,Wilayah Nodal,,,
pajak dan keuangan negara,topic_coarse,Pajak dan Keuangan Negara,,,
definisi dan fungsi pajak,topic_fine,Definisi dan Fungsi Pajak,,,
hubungan pajak dan pembangunan negara,concept,Hubungan Pajak dan Pembangunan Negara,C5-Mengevaluasi,4.0,1.0
q_0a605d75f4,question,Setujukah Anda dengan pernyataan bahwa 'kegagalan memungut pajak secara efektif adalah akar dari kegagalan pembangunan s,C5-Mengevaluasi,4.0,
relevansi nilai budi pekerti dalam cerita rakyat,topic_fine,Relevansi Nilai Budi Pekerti dalam Cerita Rakyat,,,
pewarisan nilai budi pekerti,concept,Pewarisan nilai budi pekerti,C5-Mengevaluasi,5.0,1.0
cerita rakyat,concept,Cerita Rakyat,C6-Mencipta,5.0,2.0
relevansi pendidikan,concept,Relevansi pendidikan,C5-Mengevaluasi,5.0,1.0
q_be60859c86,question,"Menurut Anda, apakah pewarisan nilai budi pekerti melalui cerita rakyat masih relevan untuk mendidik anak-anak di era di",C5-Mengevaluasi,5.0,
peran media digital dalam pendidikan,concept,Peran media digital dalam pendidikan,,,
metode pendidikan karakter,concept,Metode pendidikan karakter,,,
"jenis sumber sejarah (tertulis, benda, lisan)",concept,"Jenis sumber sejarah (tertulis, benda, lisan)",C5-Mengevaluasi,4.0,1.0
objektivitas sumber sejarah,concept,Objektivitas sumber sejarah,C5-Mengevaluasi,4.0,1.0
justifikasi pilihan sumber,concept,Justifikasi pilihan sumber,C5-Mengevaluasi,4.0,1.0
q_c61d9abc12,question,"Di antara tiga jenis sumber sejarah (tertulis, benda, lisan), manakah yang menurut Anda paling objektif dalam menyajikan",C5-Mengevaluasi,4.0,
kritik pembangunan kota,topic_fine,Kritik Pembangunan Kota,,,
keseimbangan sosial lingkungan,concept,Keseimbangan sosial lingkungan,C5-Mengevaluasi,5.0,1.0
biaya sosial dan lingkungan,concept,Biaya sosial dan lingkungan,C5-Mengevaluasi,5.0,1.0
pencapaian ekonomi,concept,Pencapaian ekonomi,C5-Mengevaluasi,5.0,1.0
q_653994060b,question,"Kritiklah pendekatan pembangunan di Semarang. Menurut Anda, apakah pencapaian ekonomi kota tersebut sepadan dengan biaya",C5-Mengevaluasi,5.0,
analisis dampak pembangunan,concept,Analisis dampak pembangunan,,,
ekonomi dan ketenagakerjaan,topic_coarse,Ekonomi dan Ketenagakerjaan,,,
evaluasi formula upah minimum,topic_fine,Evaluasi Formula Upah Minimum,,,
formula upah minimum (um),concept,Formula Upah Minimum (UM),C6-Mencipta,5.0,2.0
kebutuhan hidup layak (khl),concept,Kebutuhan Hidup Layak (KHL),C5-Mengevaluasi,4.0,1.0
inflasi dan pertumbuhan ekonomi,concept,Inflasi dan Pertumbuhan Ekonomi,C5-Mengevaluasi,4.0,1.0
q_2af8e326c1,question,"Evaluasilah pergeseran formula UM dari KHL (Kebutuhan Hidup Layak) ke ""inflasi + pertumbuhan ekonomi"". Manakah yang menu",C5-Mengevaluasi,4.0,
konsep kebutuhan hidup layak (khl),concept,Konsep Kebutuhan Hidup Layak (KHL),,,
analisis kebijakan upah minimum,concept,Analisis Kebijakan Upah Minimum,,,
prioritas peningkatan infrastruktur dan edukasi,topic_fine,Prioritas Peningkatan Infrastruktur dan Edukasi,,,
akses internet,concept,Akses Internet,C5-Mengevaluasi,5.0,1.0
pemerataan,concept,Pemerataan,C6-Mencipta,5.0,3.0
edukasi,concept,Edukasi,C5-Mengevaluasi,5.0,1.0
q_3304403d9e,question,"Menurut Anda, manakah yang lebih mendesak untuk ditingkatkan oleh pemerintah: pemerataan akses internet atau program edu",C5-Mengevaluasi,5.0,
kebijakan publik digital,concept,Kebijakan Publik Digital,,,
dampak sosial teknologi,concept,Dampak Sosial Teknologi,,,
kesehatan,concept,Kesehatan,C5-Mengevaluasi,5.0,1.0
q_efa6896a6f,question,"Jika Anda harus memilih satu dari tiga komponen IPM (kesehatan, pendidikan, pendapatan) yang paling krusial untuk diprio",C5-Mengevaluasi,5.0,
komponen ipm,concept,Komponen IPM,,,
analisis perbandingan ipm antar negara,concept,Analisis perbandingan IPM antar negara,,,
pengukuran kesejahteraan dan ipm,topic_fine,Pengukuran Kesejahteraan dan IPM,,,
pendapatan nasional kasar (pnk),concept,Pendapatan Nasional Kasar (PNK),C5-Mengevaluasi,4.0,1.0
q_3e93df4a30,question,"Evaluasilah, apakah Pendapatan Nasional Kasar (PNK) merupakan indikator yang adil untuk mengukur kesejahteraan seluruh p",C5-Mengevaluasi,4.0,
konsep indeks pembangunan manusia (ipm),concept,Konsep Indeks Pembangunan Manusia (IPM),,,
analisis kualitas sdm,concept,Analisis Kualitas SDM,,,
adaptasi budaya dan arsitektur,topic_fine,Adaptasi Budaya dan Arsitektur,,,
budaya (cara hidup),concept,Budaya (cara hidup),C5-Mengevaluasi,4.0,1.0
adaptasi iklim,concept,Adaptasi iklim,C5-Mengevaluasi,4.0,1.0
aturan adat suku baduy,concept,Aturan adat Suku Baduy,C5-Mengevaluasi,4.0,1.0
solusi arsitektur modern (ac/dehumidifier),concept,Solusi arsitektur modern (AC/dehumidifier),C5-Mengevaluasi,4.0,1.0
q_4fcd142932,question,Evaluasilah efektivitas aturan adat Suku Baduy tentang arah rumah sebagai solusi adaptasi iklim. Apakah cara ini lebih b,C5-Mengevaluasi,4.0,
konsep adaptasi lingkungan,concept,Konsep Adaptasi Lingkungan,,,
perbandingan solusi arsitektur,concept,Perbandingan Solusi Arsitektur,,,
keadilan alokasi dana,concept,Keadilan alokasi dana,C5-Mengevaluasi,4.0,1.0
otonomi daerah,concept,Otonomi daerah,C5-Mengevaluasi,4.0,1.0
q_df48d47244,question,"Evaluasilah, apakah tuntutan PRRI/Permesta (keadilan alokasi dana dan otonomi) merupakan tuntutan yang wajar?",C5-Mengevaluasi,4.0,
pemberontakan permesta,concept,Pemberontakan Permesta,,,
bentuk kerja sama internasional,topic_fine,Bentuk Kerja Sama Internasional,,,
"kerja sama internasional (bilateral, regional, multilateral)",concept,"Kerja Sama Internasional (Bilateral, Regional, Multilateral)",C5-Mengevaluasi,4.0,1.0
sumber daya alam unggulan malaysia,concept,Sumber Daya Alam Unggulan Malaysia,C5-Mengevaluasi,4.0,1.0
signifikansi ekonomi global,concept,Signifikansi Ekonomi Global,C5-Mengevaluasi,4.0,1.0
q_f4aeae1a89,question,Pilihlah salah satu sumber daya alam unggulan Malaysia (misalnya karet atau timah) dan evaluasilah signifikansinya bagi ,C5-Mengevaluasi,4.0,
analisis dampak ekonomi,concept,Analisis dampak ekonomi,,,
perbandingan tokoh sejarah lokal,topic_fine,Perbandingan Tokoh Sejarah Lokal,,,
tantangan kekuasaan,concept,Tantangan Kekuasaan,C5-Mengevaluasi,4.0,1.0
evaluasi kompleksitas,concept,Evaluasi Kompleksitas,C5-Mengevaluasi,4.0,1.0
q_aaac309015,question,"Dari kedua tokoh tersebut, siapakah yang menghadapi tantangan lebih kompleks dalam meraih dan mempertahankan kekuasaanny",C5-Mengevaluasi,4.0,
analisis dan evaluasi,method,Analisis dan Evaluasi,,,
pemahaman tentang konteks perjuangan,concept,Pemahaman tentang konteks perjuangan,,,
perbandingan tokoh sejarah nasional,concept,Perbandingan tokoh sejarah nasional,,,
perlindungan bencana alam,concept,Perlindungan bencana alam,C5-Mengevaluasi,4.0,1.0
kontribusi konservasi,concept,Kontribusi konservasi,C5-Mengevaluasi,4.0,1.0
q_c0ce21eddd,question,"Pilihlah antara Hutan Lindung dan Hutan Konservasi, mana yang memberikan kontribusi lebih langsung terhadap perlindungan",C5-Mengevaluasi,4.0,
manajemen sumber daya hutan,concept,Manajemen Sumber Daya Hutan,,,
prinsip bebas aktif dan perang dingin,topic_fine,Prinsip Bebas Aktif dan Perang Dingin,,,
kekuatan moral,concept,Kekuatan Moral,C5-Mengevaluasi,5.0,1.0
q_8bec72a656,question,"GNB bertujuan menjadi ""kekuatan moral"". Evaluasilah seberapa efektif ""kekuatan moral"" dalam menghadapi dua blok militer ",C5-Mengevaluasi,5.0,
implikasi kebijakan luar negeri indonesia,concept,Implikasi Kebijakan Luar Negeri Indonesia,,,
peran indonesia dalam diplomasi internasional,concept,Peran Indonesia dalam Diplomasi Internasional,,,
ilmu lingkungan dan sumber daya air,topic_coarse,Ilmu Lingkungan dan Sumber Daya Air,,,
perlindungan ekosistem air,topic_fine,Perlindungan Ekosistem Air,,,
ekosistem rawa-rawa,concept,Ekosistem rawa-rawa,C5-Mengevaluasi,5.0,1.0
ekosistem danau,concept,Ekosistem danau,C5-Mengevaluasi,5.0,1.0
prioritas perlindungan sumber daya air,concept,Prioritas perlindungan sumber daya air,C5-Mengevaluasi,5.0,1.0
q_441101e377,question,"Menurut Anda, manakah yang lebih mendesak untuk dilindungi di Indonesia: ekosistem rawa-rawa atau ekosistem danau? Berik",C5-Mengevaluasi,5.0,
karakteristik ekosistem air,concept,Karakteristik ekosistem air,,,
kebijakan konservasi sumber daya air,concept,Kebijakan konservasi sumber daya air,,,
kebijakan seikerei dan dampak sosial,topic_fine,Kebijakan Seikerei dan Dampak Sosial,,,
kebijakan seikerei,concept,Kebijakan Seikerei,C5-Mengevaluasi,4.0,1.0
resistensi sosial,concept,Resistensi Sosial,C5-Mengevaluasi,4.0,1.0
resistensi keagamaan,concept,Resistensi Keagamaan,C5-Mengevaluasi,4.0,1.0
dampak politik jepang,concept,Dampak Politik Jepang,C5-Mengevaluasi,4.0,1.0
q_45ccdf1f11,question,Evaluasi kebijakan Seikerei. Mengapa kebijakan yang tampak sederhana ini menimbulkan resistensi sosial dan keagamaan yan,C5-Mengevaluasi,4.0,
dampak pendudukan jepang di bidang politik,concept,Dampak Pendudukan Jepang di Bidang Politik,,,
perlawanan nasionalis,concept,Perlawanan Nasionalis,,,
hidrologi dan sumber daya air,topic_coarse,Hidrologi dan Sumber Daya Air,,,
prioritas pemanfaatan waduk,topic_fine,Prioritas Pemanfaatan Waduk,,,
konflik pemanfaatan sumber daya air,concept,Konflik Pemanfaatan Sumber Daya Air,C5-Mengevaluasi,5.0,1.0
irigasi pertanian,concept,Irigasi Pertanian,C5-Mengevaluasi,5.0,1.0
pengembangan pariwisata,concept,Pengembangan Pariwisata,C5-Mengevaluasi,5.0,1.0
penilaian prioritas,concept,Penilaian Prioritas,C5-Mengevaluasi,5.0,1.0
q_a112aa3272,question,Terdapat konflik antara kebutuhan irigasi pertanian dan pengembangan pariwisata di sekitar sebuah waduk. Berikan penilai,C5-Mengevaluasi,5.0,
pemanfaatan sumber daya air,concept,Pemanfaatan Sumber Daya Air,,,
aspek hukum lingkungan,concept,Aspek Hukum Lingkungan,,,
trilogi pembangunan orde baru,topic_fine,Trilogi Pembangunan Orde Baru,,,
"pilar stabilitas (dwifungsi abri, kemenangan golkar, fusi partai)",concept,"Pilar Stabilitas (Dwifungsi ABRI, Kemenangan Golkar, Fusi Partai)",C5-Mengevaluasi,5.0,1.0
q_28bfc1729c,question,"Evaluasilah Trilogi Pembangunan . Apakah pilar ""Pemerataan"" benar-benar berhasil, mengingat adanya kesenjangan dan KKN?",C5-Mengevaluasi,5.0,
korupsi dan kolusi (kkn),concept,Korupsi dan Kolusi (KKN),,,
faktor interaksi wilayah ullman,concept,Faktor interaksi wilayah Ullman,C5-Mengevaluasi,5.0,1.0
q_0dbfe39195,question,"Menurut Anda, manakah dari tiga faktor Ullman yang menjadi syarat paling fundamental agar interaksi dapat terjadi pertam",C5-Mengevaluasi,5.0,
definisi interaksi antarruang,concept,Definisi interaksi antarruang,,,
tiga faktor utama interaksi wilayah ullman,concept,Tiga faktor utama interaksi wilayah Ullman,,,
jenis-jenis interaksi antarruang,concept,Jenis-jenis interaksi antarruang,,,
dampak interaksi antarruang,concept,Dampak interaksi antarruang,,,
transisi energi dan kelestarian,topic_fine,Transisi Energi dan Kelestarian,,,
pembentukan sumber daya energi tak terbarukan (minyak bumi),concept,Pembentukan sumber daya energi tak terbarukan (minyak bumi),C5-Mengevaluasi,5.0,1.0
kebijakan transisi energi,concept,Kebijakan transisi energi,C5-Mengevaluasi,5.0,1.0
urgensi kebijakan,concept,Urgensi kebijakan,C5-Mengevaluasi,5.0,1.0
q_de21758cde,question,"Menimbang fakta bahwa minyak bumi dan gas bumi terbentuk selama jutaan tahun, evaluasilah urgensi kebijakan pemerintah u",C5-Mengevaluasi,5.0,
klasifikasi sumber daya alam (terbarukan vs tak terbarukan),concept,Klasifikasi sumber daya alam (terbarukan vs tak terbarukan),,,
pemahaman tentang pembentukan sumber daya energi,concept,Pemahaman tentang pembentukan sumber daya energi,,,
analisis dampak kebijakan energi,concept,Analisis dampak kebijakan energi,,,
perbandingan sumber energi,concept,Perbandingan sumber energi,,,
pengukuran kemiskinan dan sdgs,topic_fine,Pengukuran Kemiskinan dan SDGs,,,
standar kemiskinan ($2/hari),concept,Standar kemiskinan ($2/hari),C5-Mengevaluasi,4.0,1.0
kelemahan pengukuran,concept,Kelemahan pengukuran,C5-Mengevaluasi,4.0,1.0
q_0939ee8b0d,question,Kritiklah penggunaan standar 'pendapatan kurang dari 2 Dolar Amerika Serikat per hari' sebagai satu-satunya tolok ukur k,C5-Mengevaluasi,4.0,
konsep tujuan pembangunan berkelanjutan (sdgs),concept,Konsep Tujuan Pembangunan Berkelanjutan (SDGs),,,
metode pengukuran kemiskinan alternatif,concept,Metode pengukuran kemiskinan alternatif,,,
ekonomi dan sosial,topic_coarse,Ekonomi dan Sosial,,,
q_b00837d907,question,"Nilai Rasio Gini Indonesia adalah 0,388. Berikan penilaian Anda, apakah angka ini menunjukkan tingkat ketimpangan yang '",C5-Mengevaluasi,5.0,
pengertian rasio gini,concept,Pengertian Rasio Gini,,,
analisis dampak ketimpangan,concept,Analisis Dampak Ketimpangan,,,
kebijakan pengurangan ketimpangan,concept,Kebijakan Pengurangan Ketimpangan,,,
manfaat flora dan fauna,topic_fine,Manfaat Flora dan Fauna,C5-Mengevaluasi,4.0,1.0
keberlangsungan negara indonesia,concept,Keberlangsungan Negara Indonesia,C5-Mengevaluasi,4.0,1.0
pangan,concept,Pangan,C5-Mengevaluasi,4.0,1.0
q_7dc0ae9a05,question,"Dari empat manfaat flora dan fauna yang disebutkan (pangan, kesehatan, ekonomi, ekosistem), mana yang menurut Anda palin",C5-Mengevaluasi,4.0,
peran pers sebagai pilar keempat,topic_fine,Peran Pers sebagai Pilar Keempat,,,
fungsi pers,concept,Fungsi Pers,C5-Mengevaluasi,5.0,1.0
q_a655432138,question,"Menurut Anda, apakah ""pilar keempat demokrasi"" (pers) di Indonesia saat ini sudah menjalankan fungsinya dengan ideal?",C5-Mengevaluasi,5.0,
peran media dalam demokrasi,concept,Peran media dalam demokrasi,,,
tantangan kebebasan pers saat ini,concept,Tantangan kebebasan pers saat ini,,,
sistem politik indonesia,concept,Sistem politik Indonesia,,,
karakteristik negara kepulauan,concept,Karakteristik Negara Kepulauan,C5-Mengevaluasi,4.0,1.0
q_aed7edecbe,question,Nilailah pentingnya pembagian tiga zona waktu bagi sebuah negara kepulauan yang sangat luas seperti Indonesia. Apakah si,C5-Mengevaluasi,4.0,
pengaruh iklim dan kehidupan sosial,concept,Pengaruh Iklim dan Kehidupan Sosial,,,
sistem pemerintahan wilayah,concept,Sistem Pemerintahan Wilayah,,,
peran laskar rakyat dan tkr,topic_fine,Peran Laskar Rakyat dan TKR,,,
laskar rakyat independen,concept,Laskar Rakyat independen,C5-Mengevaluasi,5.0,1.0
tkr (tentara kerakyatan republik),concept,TKR (Tentara Kerakyatan Republik),C5-Mengevaluasi,5.0,1.0
dampak independensi milisi,concept,Dampak independensi milisi,C5-Mengevaluasi,5.0,1.0
q_0d370ea015,question,"Evaluasilah, apakah keberadaan ""Laskar Rakyat"" yang independen (tidak terkoordinasi) justru menyulitkan atau membantu TK",C5-Mengevaluasi,5.0,
peran tentara resmi (bkr/tkr),concept,Peran Tentara Resmi (BKR/TKR),,,
konsep revolusi sosial,concept,Konsep Revolusi Sosial,,,
strategi perang revolusi,concept,Strategi Perang Revolusi,,,
jenis fintech crowdfunding,topic_fine,Jenis Fintech Crowdfunding,,,
pendanaan proyek sosial,concept,Pendanaan proyek sosial,C5-Mengevaluasi,5.0,1.0
pendanaan proyek bisnis,concept,Pendanaan proyek bisnis,C5-Mengevaluasi,5.0,1.0
q_7315f5c763,question,"Evaluasilah seberapa penting peran Crowdfunding dalam mendanai ""proyek sosial"" dibandingkan ""proyek bisnis""?",C5-Mengevaluasi,5.0,
peran harmoko dan siupp,topic_fine,Peran Harmoko dan SIUPP,,,
harmoko (menteri penerangan orba),concept,Harmoko (Menteri Penerangan Orba),C5-Mengevaluasi,4.0,1.0
q_1628ffd4f3,question,Evaluasilah peran Harmoko (Menteri Penerangan Orba) yang menggunakan SIUPP untuk membredel Tempo . Apakah tindakan itu l,C5-Mengevaluasi,4.0,
paradigma dalam kebijakan luar negeri,topic_fine,Paradigma dalam Kebijakan Luar Negeri,,,
realisme,concept,Realisme,C6-Mencipta,5.0,2.0
liberalisme,concept,Liberalisme,C6-Mencipta,5.0,2.0
kepentingan nasional indonesia,concept,Kepentingan nasional Indonesia,C5-Mengevaluasi,5.0,1.0
q_ce5f17eb76,question,"Jika Anda seorang pembuat kebijakan luar negeri Indonesia, manakah di antara paradigma Realisme dan Liberalisme yang aka",C5-Mengevaluasi,5.0,
konsep kerja sama antarnegara,concept,Konsep kerja sama antarnegara,,,
konsep interdependensi antarnegara,concept,Konsep interdependensi antarnegara,,,
fungsi upah (menjamin kehidupan layak),concept,Fungsi Upah (Menjamin Kehidupan Layak),C5-Mengevaluasi,5.0,1.0
sistem upah berdasarkan hasil (borongan),concept,Sistem Upah Berdasarkan Hasil (Borongan),C5-Mengevaluasi,5.0,1.0
potensi pengabaian fungsi upah,concept,Potensi Pengabaian Fungsi Upah,C5-Mengevaluasi,5.0,1.0
q_e9bece21d8,question,"Menurut Anda, apakah sistem ""borongan"" (berdasarkan hasil) berpotensi mengabaikan fungsi upah untuk ""menjamin kehidupan ",C5-Mengevaluasi,5.0,
definisi dan fungsi upah,concept,Definisi dan Fungsi Upah,,,
implikasi sistem upah terhadap produktivitas,concept,Implikasi Sistem Upah terhadap Produktivitas,,,
bentuk interaksi sosial disosiatif,topic_fine,Bentuk Interaksi Sosial Disosiatif,,,
tatanan masyarakat,concept,Tatanan Masyarakat,C5-Mengevaluasi,5.0,1.0
q_9fcee13c9c,question,"Menurut Anda, bentuk interaksi sosial disosiatif manakah yang paling merusak tatanan masyarakat? Berikan alasan untuk me",C5-Mengevaluasi,5.0,
interaksi asosiatif,concept,Interaksi Asosiatif,,,
tokoh perjuangan sejarah lokal,topic_fine,Tokoh Perjuangan Sejarah Lokal,,,
kegigihan,concept,Kegigihan,C5-Mengevaluasi,4.0,1.0
perjuangan tokoh daerah,concept,Perjuangan Tokoh Daerah,C5-Mengevaluasi,4.0,1.0
q_44d4252412,question,"Nilailah sifat 'kegigihan' Sultan Nuku. Apakah sifat ini merupakan aset terbesarnya, atau ada kualitas lain yang lebih p",C5-Mengevaluasi,4.0,
analisis strategi perjuangan,concept,Analisis strategi perjuangan,,,
perbandingan tokoh sejarah,concept,Perbandingan tokoh sejarah,,,
perbedaan cuaca dan iklim,topic_fine,Perbedaan Cuaca dan Iklim,,,
dampak ekonomi (pertanian),concept,Dampak Ekonomi (Pertanian),C5-Mengevaluasi,5.0,1.0
dampak sosial (perikanan),concept,Dampak Sosial (Perikanan),C5-Mengevaluasi,5.0,1.0
kondisi iklim tropis,concept,Kondisi Iklim Tropis,C5-Mengevaluasi,5.0,1.0
q_59b9cdcb3b,question,"Menurut Anda, dampak perubahan iklim di bidang manakah, ekonomi (pertanian) atau sosial (perikanan), yang memiliki konse",C5-Mengevaluasi,5.0,
neraca pembayaran dan kebijakan perdagangan,topic_fine,Neraca Pembayaran dan Kebijakan Perdagangan,,,
kebijakan pembatasan impor,concept,Kebijakan Pembatasan Impor,C5-Mengevaluasi,4.0,1.0
neraca perdagangan defisit,concept,Neraca Perdagangan Defisit,C5-Mengevaluasi,4.0,1.0
dampak negatif kebijakan,concept,Dampak Negatif Kebijakan,C5-Mengevaluasi,4.0,1.0
q_0e246f4b65,question,Nilailah efektivitas kebijakan pembatasan impor untuk memperbaiki neraca perdagangan yang defisit. Apa potensi dampak ne,C5-Mengevaluasi,4.0,
konsep neraca pembayaran,concept,Konsep Neraca Pembayaran,,,
konsep neraca perdagangan,concept,Konsep Neraca Perdagangan,,,
analisis kebijakan fiskal/moneter,concept,Analisis Kebijakan Fiskal/Moneter,,,
analisis dampak ekonomi internasional,concept,Analisis Dampak Ekonomi Internasional,,,
peran sarekat islam,topic_fine,Peran Sarekat Islam,,,
sarekat islam,concept,Sarekat Islam,C5-Mengevaluasi,4.0,1.0
organisasi massa,concept,Organisasi massa,C5-Mengevaluasi,4.0,1.0
kekuatan/kelemahan,concept,Kekuatan/Kelemahan,C5-Mengevaluasi,4.0,1.0
fondasi negara majemuk,concept,Fondasi negara majemuk,C5-Mengevaluasi,4.0,1.0
q_570e62fe19,question,Nilailah signifikansi Sarekat Islam sebagai organisasi massa pertama di Indonesia. Apakah keanggotaannya yang terbuka be,C5-Mengevaluasi,4.0,
struktur politik indonesia,concept,Struktur Politik Indonesia,,,
pembangunan negara,topic_coarse,Pembangunan Negara,,,
indikator keberhasilan pembangunan,topic_fine,Indikator Keberhasilan Pembangunan,,,
pertumbuhan ekonomi (pdb),concept,Pertumbuhan Ekonomi (PDB),C5-Mengevaluasi,5.0,1.0
kualitas kehidupan (ipm),concept,Kualitas Kehidupan (IPM),C5-Mengevaluasi,5.0,1.0
q_3b2788dec8,question,"Menurut Anda, manakah indikator yang lebih komprehensif dalam menilai keberhasilan pembangunan sebuah negara: Pertumbuha",C5-Mengevaluasi,5.0,
teori pembangunan,concept,Teori Pembangunan,,,
perubahan sistem pemerintahan pasca proklamasi,topic_fine,Perubahan Sistem Pemerintahan Pasca Proklamasi,,,
sistem pemerintahan (presidensial vs parlementer),concept,Sistem Pemerintahan (Presidensial vs Parlementer),C5-Mengevaluasi,4.0,1.0
sidang ppki i dan ii,concept,Sidang PPKI I dan II,C5-Mengevaluasi,4.0,1.0
q_22957feb35,question,"Evaluasilah, apakah perubahan dari sistem Presidensial ke Parlementer dalam waktu singkat (Agustus ke November 1945) mer",C5-Mengevaluasi,4.0,
pembentukan negara pasca proklamasi,concept,Pembentukan Negara Pasca Proklamasi,,,
periode demokrasi parlementer,concept,Periode Demokrasi Parlementer,,,
pengaruh budaya asing dan geografis,topic_fine,Pengaruh budaya asing dan geografis,,,
pengaruh hindu-buddha,concept,Pengaruh Hindu-Buddha,C5-Mengevaluasi,5.0,1.0
kebudayaan asli nusantara,concept,Kebudayaan asli Nusantara,C5-Mengevaluasi,5.0,1.0
akulturasi budaya,concept,Akulturasi budaya,C5-Mengevaluasi,5.0,1.0
kondisi geografis,concept,Kondisi geografis,C5-Mengevaluasi,5.0,1.0
q_06e69519b9,question,Kritiklah gagasan bahwa pengaruh Hindu-Buddha sepenuhnya menggantikan kebudayaan asli masyarakat Nusantara. Apakah teks ,C5-Mengevaluasi,5.0,
proses akulturasi,concept,Proses akulturasi,,,
peristiwa g30s dan tuntutan rakyat,topic_fine,Peristiwa G30S dan Tuntutan Rakyat,,,
tuntutan rakyat,concept,Tuntutan Rakyat,C5-Mengevaluasi,4.0,1.0
q_e10991c34f,question,"TRITURA berisi tiga tuntutan. Evaluasilah, manakah dari ketiga tuntutan tersebut (Bubarkan PKI, Rombak Kabinet, Turunkan",C5-Mengevaluasi,4.0,
latar belakang politik demokrasi terpimpin,concept,Latar belakang politik Demokrasi Terpimpin,,,
peran soeharto,concept,Peran Soeharto,,,
perbandingan pdb dan pnb,topic_fine,Perbandingan PDB dan PNB,,,
pengukuran kesehatan ekonomi,concept,Pengukuran kesehatan ekonomi,C5-Mengevaluasi,5.0,1.0
q_6e50b5ef75,question,"Di antara PDB dan PNB, manakah yang menurut Anda lebih akurat untuk mengukur ""kesehatan ekonomi"" internal atau domestik ",C5-Mengevaluasi,5.0,
analisis indikator ekonomi lain,concept,Analisis Indikator Ekonomi Lain,,,
dampak akulturasi terhadap kebudayaan asli,topic_fine,Dampak Akulturasi terhadap Kebudayaan Asli,,,
akulturasi,concept,Akulturasi,C5-Mengevaluasi,5.0,1.0
kebudayaan asli,concept,Kebudayaan Asli,C5-Mengevaluasi,5.0,1.0
dampak akulturasi,concept,Dampak Akulturasi,C5-Mengevaluasi,5.0,1.0
q_5744c65f46,question,Nilailah dampak akulturasi terhadap kebudayaan asli. Apakah akulturasi selalu menguntungkan atau justru dapat mengancam ,C5-Mengevaluasi,5.0,
difusi budaya,concept,Difusi Budaya,,,
asimilasi budaya,concept,Asimilasi Budaya,,,
kritik sistem barter,topic_fine,Kritik Sistem Barter,,,
efisiensi ekonomi,concept,Efisiensi Ekonomi,C5-Mengevaluasi,4.0,1.0
negara modern,concept,Negara Modern,C5-Mengevaluasi,4.0,1.0
kelangkaan sumber daya,concept,Kelangkaan Sumber Daya,C5-Mengevaluasi,4.0,1.0
q_70ba4b4cbe,question,Kritiklah sistem barter dari sudut pandang efisiensi untuk sebuah negara modern dengan jutaan penduduk. Mungkinkah siste,C5-Mengevaluasi,4.0,
sistem pertukaran modern,concept,Sistem Pertukaran Modern,,,
efektivitas forum komunikasi pembangunan,topic_fine,Efektivitas Forum Komunikasi Pembangunan,,,
forum komunikasi pembangunan,concept,Forum Komunikasi Pembangunan,C5-Mengevaluasi,4.0,1.0
efektivitas,concept,Efektivitas,C5-Mengevaluasi,4.0,1.0
tantangan pelaksanaan,concept,Tantangan Pelaksanaan,C5-Mengevaluasi,4.0,1.0
q_f2ddae5801,question,Pertimbangkan efektivitas 'forum komunikasi pembangunan'. Apa tantangan terbesar yang mungkin dihadapi dalam pelaksanaan,C5-Mengevaluasi,4.0,
strategi implementasi pembangunan,concept,Strategi Implementasi Pembangunan,,,
evaluasi kebijakan publik,concept,Evaluasi Kebijakan Publik,,,
keamanan dan stabilitas perbatasan,concept,Keamanan dan stabilitas perbatasan,C5-Mengevaluasi,5.0,1.0
q_9e1328f5ca,question,Apakah keberadaan General Border Committee (GBC) sudah cukup untuk menjamin keamanan dan stabilitas di seluruh wilayah p,C5-Mengevaluasi,5.0,
analisis efektivitas kerja sama internasional,concept,Analisis efektivitas kerja sama internasional,,,
efek rumah kaca dan gas rumah kaca,topic_fine,Efek Rumah Kaca dan Gas Rumah Kaca,,,
karbon dioksida (co2),concept,Karbon Dioksida (CO2),C5-Mengevaluasi,4.0,1.0
uap air,concept,Uap Air,C5-Mengevaluasi,4.0,1.0
q_c09ccea67f,question,"Evaluasi argumen berikut: 'Karena uap air adalah gas rumah kaca paling melimpah, maka upaya manusia mengurangi CO2 tidak",C5-Mengevaluasi,4.0,
peran gas rumah kaca,concept,Peran Gas Rumah Kaca,,,
upaya mitigasi perubahan iklim,concept,Upaya Mitigasi Perubahan Iklim,,,
urgensi penanganan perubahan iklim,topic_fine,Urgensi Penanganan Perubahan Iklim,,,
dampak perubahan iklim (hilangnya pulau/lahan),concept,Dampak Perubahan Iklim (Hilangnya pulau/lahan),C5-Mengevaluasi,5.0,1.0
penilaian urgensi,concept,Penilaian Urgensi,C5-Mengevaluasi,5.0,1.0
q_23d8a28ca3,question,"Berdasarkan data potensi hilangnya 2.000 pulau dan lahan pertanian, berikan penilaian Anda mengenai tingkat urgensi pena",C5-Mengevaluasi,5.0,
pemahaman konsep perubahan iklim,concept,Pemahaman konsep Perubahan Iklim,,,
strategi mitigasi dan adaptasi perubahan iklim,concept,Strategi Mitigasi dan Adaptasi Perubahan Iklim,,,
strategi tokoh lokal,topic_fine,Strategi Tokoh Lokal,,,
kekuatan militer,concept,Kekuatan militer,C5-Mengevaluasi,5.0,1.0
aliansi multikultur (papua),concept,Aliansi multikultur (Papua),C5-Mengevaluasi,5.0,1.0
diplomasi internasional (inggris),concept,Diplomasi internasional (Inggris),C5-Mengevaluasi,5.0,1.0
q_a875647203,question,Evaluasilah efektivitas strategi Sultan Nuku dalam menggabungkan kekuatan militer dengan aliansi multikultur (Papua) dan,C5-Mengevaluasi,5.0,
analisis strategi tokoh lain,concept,Analisis strategi tokoh lain,,,
dampak keberagaman budaya,concept,Dampak keberagaman budaya,,,
dinamika pergantian kurikulum,topic_fine,Dinamika Pergantian Kurikulum,,,
"pergantian kurikulum (kbk, ktsp, k-13)",concept,"Pergantian Kurikulum (KBK, KTSP, K-13)",C5-Mengevaluasi,4.0,1.0
dampak pergantian kurikulum terhadap siswa,concept,Dampak Pergantian Kurikulum terhadap Siswa,C5-Mengevaluasi,4.0,1.0
dampak pergantian kurikulum terhadap guru,concept,Dampak Pergantian Kurikulum terhadap Guru,C5-Mengevaluasi,4.0,1.0
q_cb65e284b6,question,"Pergantian kurikulum (KBK, KTSP, K-13) terjadi sangat dinamis. Evaluasilah, apakah pergantian yang terlalu sering ini ba",C5-Mengevaluasi,4.0,
sejarah kebijakan pendidikan,concept,Sejarah Kebijakan Pendidikan,,,
analisis efektivitas kurikulum,concept,Analisis Efektivitas Kurikulum,,,
perancangan kurikulum,concept,Perancangan Kurikulum,,,
solusi dan penyebab pemanasan global,topic_fine,Solusi dan Penyebab Pemanasan Global,,,
sumber emisi gas rumah kaca,concept,Sumber Emisi Gas Rumah Kaca,C5-Mengevaluasi,5.0,1.0
q_5227f3e0c9,question,"Kritiklah gagasan yang hanya berfokus pada penanaman pohon sebagai satu-satunya solusi untuk pemanasan global, dengan me",C5-Mengevaluasi,5.0,
startup teknologi,concept,Startup Teknologi,C5-Mengevaluasi,5.0,1.0
q_f47fe8db9c,question,Tentukan teori mana (Klasik atau Schumpeter) yang memberikan penjelasan lebih baik untuk pertumbuhan ekonomi yang didoro,C5-Mengevaluasi,5.0,
teori pertumbuhan ekonomi modern,concept,Teori Pertumbuhan Ekonomi Modern,,,
pertumbuhan ekonomi dan kesejahteraan,topic_fine,Pertumbuhan Ekonomi dan Kesejahteraan,,,
q_0b8f60984e,question,"Evaluasilah pernyataan berikut: 'Semakin tinggi laju pertumbuhan ekonomi, semakin sejahtera masyarakat suatu negara.' Be",C5-Mengevaluasi,4.0,
indikator lain pertumbuhan ekonomi,concept,Indikator Lain Pertumbuhan Ekonomi,,,
pengukuran kesejahteraan ekonomi,concept,Pengukuran Kesejahteraan Ekonomi,,,
respons organisasi islam terhadap orde baru,topic_fine,Respons Organisasi Islam terhadap Orde Baru,,,
asas tunggal pancasila,concept,Asas Tunggal Pancasila,C5-Mengevaluasi,5.0,1.0
kompromi strategis,concept,Kompromi Strategis,C5-Mengevaluasi,5.0,1.0
q_0f37782989,question,Evaluasilah keputusan NU dan Muhammadiyah untuk menerima Asas Tunggal Pancasila (respons adaptif). Apakah ini bentuk kom,C5-Mengevaluasi,5.0,
dampak kebijakan politik,concept,Dampak Kebijakan Politik,,,
strategi politik organisasi islam,concept,Strategi Politik Organisasi Islam,,,
peran mahasiswa dalam pergantian kekuasaan,topic_fine,Peran Mahasiswa dalam Pergantian Kekuasaan,,,
peran mahasiswa (kami/kappi),concept,Peran Mahasiswa (KAMI/KAPPI),C5-Mengevaluasi,4.0,1.0
pergantian kekuasaan,concept,Pergantian Kekuasaan,C5-Mengevaluasi,4.0,1.0
q_c68f422597,question,Evaluasilah peran mahasiswa (KAMI/KAPPI) dalam proses pergantian kekuasaan ini. Seberapa besar dampaknya?,C5-Mengevaluasi,4.0,
penumpasan oleh soeharto,concept,Penumpasan oleh Soeharto,,,
dampak politik pasca-g30s,concept,Dampak politik pasca-G30S,,,
sejarah dan perdagangan nusantara,topic_coarse,Sejarah dan Perdagangan Nusantara,,,
penilaian istilah historis nusantara,topic_fine,Penilaian istilah historis Nusantara,,,
komoditas unggulan nusantara,concept,Komoditas unggulan Nusantara,C5-Mengevaluasi,5.0,1.0
istilah 'negeri emas',concept,Istilah 'negeri emas',C5-Mengevaluasi,5.0,1.0
sumber-sumber kuno,concept,Sumber-sumber kuno,C5-Mengevaluasi,5.0,1.0
q_8f43b4bcdf,question,"Berikan penilaian Anda, seberapa akurat penggunaan istilah 'negeri emas' untuk menggambarkan Nusantara berdasarkan sumbe",C5-Mengevaluasi,5.0,
sejarah komoditas nusantara,concept,Sejarah komoditas Nusantara,,,
analisis jalur perdagangan dunia,concept,Analisis jalur perdagangan dunia,,,
peran nusantara dalam jalur sutra,concept,Peran Nusantara dalam Jalur Sutra,,,
kearifan lokal dan komunitas,topic_coarse,Kearifan Lokal dan Komunitas,,,
identitas komunitas,concept,Identitas Komunitas,C5-Mengevaluasi,5.0,1.0
q_d849714361,question,"Menurut Anda, manakah dari empat fungsi kearifan lokal yang paling penting untuk dipertahankan oleh sebuah komunitas aga",C5-Mengevaluasi,5.0,
strategi pelestarian kearifan lokal,concept,Strategi Pelestarian Kearifan Lokal,,,
dampak globalisasi terhadap budaya,concept,Dampak Globalisasi terhadap Budaya,,,
keputusan strategis atom,topic_fine,Keputusan Strategis Atom,,,
keputusan amerika serikat menjatuhkan bom atom,concept,Keputusan Amerika Serikat menjatuhkan bom atom,C5-Mengevaluasi,5.0,1.0
pengakhiran perang dunia ii,concept,Pengakhiran Perang Dunia II,C5-Mengevaluasi,5.0,1.0
argumen militer,concept,Argumen militer,C5-Mengevaluasi,5.0,1.0
argumen kemanusiaan,concept,Argumen kemanusiaan,C5-Mengevaluasi,5.0,1.0
q_3bcf7d858a,question,"Menurut Anda, apakah keputusan Amerika Serikat menjatuhkan bom atom dapat dibenarkan demi mengakhiri Perang Dunia II leb",C5-Mengevaluasi,5.0,
dampak etika senjata nuklir,concept,Dampak etika senjata nuklir,,,
perbandingan efektivitas perlawanan,topic_fine,Perbandingan efektivitas perlawanan,,,
perlawanan fisik (contoh: perang diponegoro),concept,Perlawanan fisik (Contoh: Perang Diponegoro),C5-Mengevaluasi,4.0,1.0
perjuangan organisasi (contoh: sarekat islam),concept,Perjuangan organisasi (Contoh: Sarekat Islam),C5-Mengevaluasi,4.0,1.0
dampak jangka panjang persatuan nasional,concept,Dampak jangka panjang persatuan nasional,C5-Mengevaluasi,4.0,1.0
q_a9178fd99a,question,Bandingkan efektivitas antara perlawanan fisik seperti Perang Diponegoro dengan perjuangan organisasi seperti Sarekat Is,C5-Mengevaluasi,4.0,
periode perlawanan bangsa indonesia,concept,Periode perlawanan bangsa Indonesia,,,
karakteristik perlawanan kedaerahan vs organisasi,concept,Karakteristik perlawanan kedaerahan vs organisasi,,,
perkembangan nasionalisme indonesia,concept,Perkembangan nasionalisme Indonesia,,,
nasionalisme asia dan faktor pendorong,topic_fine,Nasionalisme Asia dan Faktor Pendorong,,,
faktor internal dan eksternal,concept,Faktor Internal dan Eksternal,C5-Mengevaluasi,5.0,1.0
kemenangan jepang atas rusia,concept,Kemenangan Jepang atas Rusia,C5-Mengevaluasi,5.0,1.0
q_200d6a8214,question,Kritisi pandangan yang menyatakan bahwa kemenangan Jepang atas Rusia adalah satu-satunya faktor terpenting bagi kebangki,C5-Mengevaluasi,5.0,
fenomena nasionalisme asia,concept,Fenomena Nasionalisme Asia,,,
perbandingan faktor pendorong kebangkitan bangsa,concept,Perbandingan faktor pendorong kebangkitan bangsa,,,
karakteristik desa dan perubahan,topic_fine,Karakteristik Desa dan Perubahan,,,
urbanisasi,concept,Urbanisasi,C5-Mengevaluasi,5.0,1.0
perubahan wilayah,concept,Perubahan wilayah,C5-Mengevaluasi,5.0,1.0
q_3d9266e635,question,"Di antara lima karakteristik desa yang disebutkan, manakah yang menurut Anda paling rentan mengalami perubahan akibat mo",C5-Mengevaluasi,5.0,
dampak urbanisasi,concept,Dampak urbanisasi,,,
pengembangan wilayah perkotaan,concept,Pengembangan wilayah perkotaan,,,
tindakan golongan muda dan kekosongan kekuasaan,topic_fine,Tindakan Golongan Muda dan Kekosongan Kekuasaan,,,
tindakan penculikan soekarno-hatta,concept,Tindakan Penculikan Soekarno-Hatta,C5-Mengevaluasi,4.0,1.0
efektivitas tindakan,concept,Efektivitas Tindakan,C5-Mengevaluasi,4.0,1.0
pembenaran tindakan,concept,Pembenaran Tindakan,C5-Mengevaluasi,4.0,1.0
kemerdekaan indonesia,concept,Kemerdekaan Indonesia,C5-Mengevaluasi,4.0,1.0
q_09fdaca5b6,question,Evaluasi efektivitas tindakan golongan muda dalam 'menculik' Soekarno-Hatta ke Rengasdengklok. Apakah tindakan tersebut ,C5-Mengevaluasi,4.0,
peristiwa kekalahan jepang,concept,Peristiwa Kekalahan Jepang,,,
perjuangan fisik indonesia,concept,Perjuangan Fisik Indonesia,,,
dampak perubahan iklim di indonesia,topic_fine,Dampak Perubahan Iklim di Indonesia,,,
kerusakan lahan pertanian,concept,Kerusakan lahan pertanian,C5-Mengevaluasi,5.0,1.0
prioritas penanganan kebijakan,concept,Prioritas penanganan kebijakan,C5-Mengevaluasi,5.0,1.0
q_e1574b8e4d,question,"Menurut Anda, dampak manakah yang lebih mendesak untuk ditangani oleh pemerintah pusat: hilangnya pulau-pulau kecil di K",C5-Mengevaluasi,5.0,
pemahaman dampak perubahan iklim,concept,Pemahaman dampak perubahan iklim,,,
penyusunan strategi mitigasi dan adaptasi,concept,Penyusunan strategi mitigasi dan adaptasi,,,
analisis kebijakan lingkungan,concept,Analisis Kebijakan Lingkungan,,,
pentingnya pengelolaan geopolitik,topic_fine,Pentingnya Pengelolaan Geopolitik,,,
potensi geopolitik indonesia,concept,Potensi Geopolitik Indonesia,C5-Mengevaluasi,5.0,1.0
pengelolaan optimal dan berkelanjutan,concept,Pengelolaan Optimal dan Berkelanjutan,C5-Mengevaluasi,5.0,1.0
aspek lokasi geografis,concept,Aspek Lokasi Geografis,C5-Mengevaluasi,5.0,1.0
q_0451eadce1,question,Pertimbangkan pentingnya pengelolaan yang optimal dan berkelanjutan. Seberapa krusial hal ini dalam menjaga potensi geop,C5-Mengevaluasi,5.0,
strategi kerja sama internasional,concept,Strategi Kerja Sama Internasional,,,
analisis sumber daya alam,concept,Analisis Sumber Daya Alam,,,
dampak konsumerisme terhadap individu,topic_fine,Dampak Konsumerisme terhadap Individu,,,
stabilitas keuangan pribadi,concept,Stabilitas Keuangan Pribadi,C5-Mengevaluasi,4.0,1.0
q_fdb78792b0,question,Kritiklah dampak konsumerisme terhadap stabilitas keuangan pribadi dan kepekaan sosial seorang individu di tengah masyar,C5-Mengevaluasi,4.0,
pemahaman tentang konsumerisme,concept,Pemahaman tentang Konsumerisme,,,
area perbaikan ekonomi digital,topic_fine,Area perbaikan ekonomi digital,C5-Mengevaluasi,5.0,1.0
infrastruktur,concept,Infrastruktur,C5-Mengevaluasi,5.0,1.0
sdm,concept,SDM,C5-Mengevaluasi,5.0,1.0
q_3ccd7f4bd3,question,"Di antara empat area yang perlu diperbaiki (infrastruktur, perlindungan konsumen, SDM, dan ekosistem), mana yang menurut",C5-Mengevaluasi,5.0,
strategi kebijakan ekonomi digital,concept,Strategi Kebijakan Ekonomi Digital,,,
pembangunan industri dan lingkungan,topic_coarse,Pembangunan Industri dan Lingkungan,,,
efektivitas solusi pengelolaan sampah plastik,topic_fine,Efektivitas solusi pengelolaan sampah plastik,,,
pembangunan pabrik daur ulang pet,concept,Pembangunan pabrik daur ulang PET,C5-Mengevaluasi,5.0,1.0
masalah sampah plastik nasional,concept,Masalah sampah plastik nasional,C5-Mengevaluasi,5.0,1.0
kelebihan solusi,concept,Kelebihan solusi,C5-Mengevaluasi,5.0,1.0
potensi kekurangan solusi,concept,Potensi kekurangan solusi,C5-Mengevaluasi,5.0,1.0
q_16b4329f96,question,Kritisi efektivitas pembangunan pabrik daur ulang PET sebagai solusi tunggal untuk mengatasi masalah sampah plastik nasi,C5-Mengevaluasi,5.0,
konsep pembangunan berkelanjutan,concept,Konsep Pembangunan Berkelanjutan,,,
proses industrialisasi,concept,Proses industrialisasi,,,
analisis kebijakan pengelolaan sampah,concept,Analisis kebijakan pengelolaan sampah,,,
alternatif solusi masalah lingkungan,concept,Alternatif solusi masalah lingkungan,,,
pembuatan pupuk organik,topic_fine,Pembuatan Pupuk Organik,,,
pelestarian tanah,concept,Pelestarian Tanah,C6-Mencipta,5.0,1.0
pemanfaatan limbah rumah tangga,concept,Pemanfaatan Limbah Rumah Tangga,C6-Mencipta,5.0,1.0
pupuk organik sederhana,concept,Pupuk Organik Sederhana,C6-Mencipta,5.0,1.0
q_6effd9d759,question,"Ciptakan sebuah ide untuk membuat pupuk organik sederhana di lingkungan rumah dengan memanfaatkan limbah rumah tangga, s",C6-Mencipta,5.0,
mencipta,method,Mencipta,,,
upaya pelestarian tanah,concept,Upaya Pelestarian Tanah,,,
pengelolaan sampah,concept,Pengelolaan Sampah,,,
ekologi pertanian,concept,Ekologi Pertanian,,,
ilmu geografi/tata ruang,topic_coarse,Ilmu Geografi/Tata Ruang,,,
pentingnya rencana tata ruang,topic_fine,Pentingnya Rencana Tata Ruang,,,
q_43d53bbd63,question,"Gagaskan sebuah kampanye media sosial untuk meningkatkan kesadaran publik mengenai pentingnya rencana tata ruang, dengan",C6-Mencipta,5.0,
pengertian penataan ruang,concept,Pengertian Penataan Ruang,,,
implementasi rencana tata ruang,concept,Implementasi Rencana Tata Ruang,,,
peran jalur rempah sebagai melting pot,topic_fine,Peran Jalur Rempah sebagai Melting Pot,,,
sejarah interkoneksi global nusantara,concept,Sejarah Interkoneksi Global Nusantara,C6-Mencipta,5.0,1.0
nusantara sebagai melting pot,concept,Nusantara sebagai Melting Pot,C6-Mencipta,5.0,1.0
duta besar dan kerja sama internasional,concept,Duta Besar dan Kerja Sama Internasional,C6-Mencipta,5.0,1.0
q_e314ad4a96,question,Tulislah sebuah draf pidato singkat untuk seorang duta besar Indonesia yang mempromosikan kerja sama internasional denga,C6-Mencipta,5.0,
warisan budaya global,concept,Warisan Budaya Global,,,
indeks keterbukaan perdagangan,concept,Indeks Keterbukaan Perdagangan,C6-Mencipta,5.0,1.0
q_33fde2d6fd,question,Kembangkan sebuah konsep 'Indeks Keterbukaan Perdagangan' bagi sebuah perusahaan untuk menilai suatu negara. Indeks ini ,C6-Mencipta,5.0,
model ekonomi perdagangan,concept,Model Ekonomi Perdagangan,,,
produk simpanan bpr,topic_fine,Produk Simpanan BPR,,,
produk simpanan,concept,Produk Simpanan,C6-Mencipta,5.0,1.0
larangan bpr,concept,Larangan BPR,C6-Mencipta,5.0,1.0
q_4ac656fff3,question,"Rancanglah sebuah produk simpanan sederhana dari sebuah BPR yang ditujukan khusus untuk pelajar, dengan mempertimbangkan",C6-Mencipta,5.0,
fungsi bank/bpr,concept,Fungsi Bank/BPR,,,
regulasi produk keuangan,concept,Regulasi Produk Keuangan,,,
analisis risiko produk,concept,Analisis Risiko Produk,,,
pemilihan produk ekspor berdasarkan teori,topic_fine,Pemilihan Produk Ekspor Berdasarkan Teori,,,
teori keunggulan mutlak,concept,Teori Keunggulan Mutlak,C6-Mencipta,5.0,1.0
pembuatan diagram alur,concept,Pembuatan Diagram Alur,C6-Mencipta,5.0,1.0
q_24a2cbf00e,question,Susunlah sebuah diagram alur (flowchart) untuk membantu seorang pengusaha memutuskan produk apa yang sebaiknya diekspor ,C6-Mencipta,5.0,
konsep ekspor dan impor,concept,Konsep Ekspor dan Impor,,,
analisis dampak kebijakan perdagangan,concept,Analisis Dampak Kebijakan Perdagangan,,,
model perdagangan internasional,concept,Model Perdagangan Internasional,,,
strategi pengelolaan daerah aliran sungai,topic_fine,Strategi Pengelolaan Daerah Aliran Sungai,,,
pengelolaan daerah aliran sungai (das),concept,Pengelolaan Daerah Aliran Sungai (DAS),C6-Mencipta,5.0,1.0
pembangunan bioregional,concept,Pembangunan Bioregional,C6-Mencipta,5.0,1.0
integrasi strategi,concept,Integrasi Strategi,C6-Mencipta,5.0,1.0
q_38aada1a41,question,Susunlah sebuah kerangka strategi pengelolaan Daerah Aliran Sungai (DAS) yang mengintegrasikan minimal tiga elemen lain ,C6-Mencipta,5.0,
konsep pembangunan bioregional,concept,Konsep Pembangunan Bioregional,,,
perencanaan lingkungan berkelanjutan,concept,Perencanaan Lingkungan Berkelanjutan,,,
ekologi terapan,concept,Ekologi Terapan,,,
analisis letak astronomis dan geografis,topic_fine,Analisis Letak Astronomis dan Geografis,,,
letak astronomis (lintang dan bujur),concept,Letak Astronomis (Lintang dan Bujur),C6-Mencipta,5.0,1.0
konsep perancangan paket wisata,concept,Konsep Perancangan Paket Wisata,C6-Mencipta,5.0,1.0
q_727f04fbf9,question,Rancanglah sebuah konsep 'Paket Wisata Edukasi Geografis' selama 7 hari yang rutenya melintasi ketiga zona waktu di Indo,C6-Mencipta,5.0,
pemahaman letak astronomis indonesia,concept,Pemahaman Letak Astronomis Indonesia,,,
pemahaman konsep geografis,concept,Pemahaman Konsep Geografis,,,
analisis letak geologis indonesia,concept,Analisis Letak Geologis Indonesia,,,
perancangan rute wisata berbasis geografi,concept,Perancangan Rute Wisata Berbasis Geografi,,,
geografi iklim global,topic_coarse,Geografi Iklim Global,,,
proses la nina dan dampak bencana,topic_fine,Proses La Nina dan Dampak Bencana,,,
anomali suhu la nina,concept,Anomali Suhu La Nina,C6-Mencipta,5.0,1.0
peningkatan curah hujan,concept,Peningkatan Curah Hujan,C6-Mencipta,5.0,1.0
q_431a4ca8b8,question,Rancanglah sebuah bagan alur sederhana yang menggambarkan proses dari munculnya anomali suhu La Nina di Pasifik hingga t,C6-Mencipta,5.0,
proses geografis cuaca dan iklim,concept,Proses geografis cuaca dan iklim,,,
fenomena la nina,concept,Fenomena La Nina,,,
analisis dampak ekonomi dari perubahan iklim,concept,Analisis dampak ekonomi dari perubahan iklim,,,
pemodelan prediksi bencana hidrometeorologis,concept,Pemodelan prediksi bencana hidrometeorologis,,,
dana pensiun lembaga keuangan,topic_fine,Dana Pensiun Lembaga Keuangan,,,
pekerja seni dan kreatif,concept,Pekerja Seni dan Kreatif,C6-Mencipta,5.0,1.0
penghasilan tidak tetap,concept,Penghasilan Tidak Tetap,C6-Mencipta,5.0,1.0
desain skema,concept,Desain Skema,C6-Mencipta,5.0,1.0
q_c9d6fad6f6,question,Kembangkan sebuah skema Dana Pensiun Lembaga Keuangan (DPLK) yang menarik bagi para pekerja seni dan pekerja kreatif (fr,C6-Mencipta,5.0,
konsep dana pensiun,concept,Konsep Dana Pensiun,,,
perancangan produk keuangan,concept,Perancangan Produk Keuangan,,,
manajemen risiko pensiun,concept,Manajemen Risiko Pensiun,,,
etika interaksi dunia digital,topic_fine,Etika Interaksi Dunia Digital,,,
respect (penghormatan),concept,Respect (Penghormatan),C6-Mencipta,5.0,1.0
educate (pendidikan/kesadaran),concept,Educate (Pendidikan/Kesadaran),C6-Mencipta,5.0,1.0
dunia digital,concept,Dunia Digital,C6-Mencipta,5.0,1.0
q_3d4d9b86c2,question,Kembangkan sebuah konsep infografis yang menjelaskan 'Hal-hal yang Harus Diperhatikan dalam Berinteraksi di Dunia Digita,C6-Mencipta,5.0,
kewarganegaraan digital,concept,Kewarganegaraan Digital,,,
q_2391eefacb,question,"Ciptakan sebuah jenis status sosial baru selain dari tiga yang ada di teks. Beri nama, definisikan, dan berikan contoh k",C6-Mencipta,5.0,
konsep status sosial,concept,Konsep Status Sosial,,,
"jenis-jenis status sosial (assigned, achieved, assigned)",concept,"Jenis-jenis Status Sosial (Assigned, Achieved, Assigned)",,,
hubungan antar status sosial,concept,Hubungan Antar Status Sosial,,,
strategi ketahanan wilayah,topic_fine,Strategi Ketahanan Wilayah,,,
stabilitas ketersediaan kebutuhan penduduk,concept,Stabilitas ketersediaan kebutuhan penduduk,C6-Mencipta,5.0,1.0
kerja sama antarprovinsi,concept,Kerja sama antarprovinsi,C6-Mencipta,5.0,1.0
q_f64437d9cc,question,"Formulasikan sebuah strategi alternatif selain impor untuk 'Memantapkan Stabilitas Ketersediaan Kebutuhan Penduduk', yan",C6-Mencipta,5.0,
implementasi strategi ketahanan nasional,concept,Implementasi strategi ketahanan nasional,,,
pengembangan potensi daerah,concept,Pengembangan potensi daerah,,,
penelitian masalah sosial,topic_fine,Penelitian Masalah Sosial,,,
identifikasi masalah,concept,Identifikasi Masalah,C6-Mencipta,5.0,2.0
penemuan alternatif solusi,concept,Penemuan Alternatif Solusi,C6-Mencipta,5.0,2.0
q_ca3488b1de,question,Buatlah sebuah diagram alur (flowchart) sederhana yang menggambarkan bagaimana Anda akan meneliti masalah 'tingginya tin,C6-Mencipta,5.0,
pemikiran sistematis,method,Pemikiran Sistematis,,,
pemahaman proses kognitif,concept,Pemahaman Proses Kognitif,,,
analisis data penelitian sosial,concept,Analisis data penelitian sosial,,,
ilmu sosial dan sejarah,topic_coarse,Ilmu Sosial dan Sejarah,,,
pembangunan nasional orde lama,topic_fine,Pembangunan Nasional Orde Lama,,,
prestasi internasional,concept,Prestasi Internasional,C6-Mencipta,5.0,1.0
q_0d81490c65,question,Susunlah sebuah proposal untuk pameran foto sejarah dengan tema 'Wajah Ganda Orde Lama: Antara Krisis Politik dan Presta,C6-Mencipta,5.0,
periode sejarah orde lama,concept,Periode Sejarah Orde Lama,,,
analisis kebijakan sejarah,concept,Analisis Kebijakan Sejarah,,,
perencanaan pameran,concept,Perencanaan Pameran,,,
strategi pencegahan kkn,topic_fine,Strategi pencegahan KKN,,,
pencegahan kkn,concept,Pencegahan KKN,C6-Mencipta,5.0,1.0
q_c8c8d26cf3,question,Usulkan satu cara (selain UU ASN) untuk mempercepat Reformasi Birokrasi agar bebas KKN!,C6-Mencipta,5.0,
pengukuran kinerja birokrasi,concept,Pengukuran Kinerja Birokrasi,,,
pembuatan pertanyaan angket bullying,topic_fine,Pembuatan pertanyaan angket bullying,,,
pengembangan instrumen survei,concept,Pengembangan instrumen survei,C6-Mencipta,5.0,1.0
q_13cb36b1cf,question,Buatlah tiga pertanyaan utama untuk angket terbatas yang akan disebarkan oleh kelompok Andi untuk mengonfirmasi keberada,C6-Mencipta,5.0,
pemahaman konsep pemecahan masalah,concept,Pemahaman konsep pemecahan masalah,,,
penggabungan aksi sosial dan seni budaya,topic_fine,Penggabungan Aksi Sosial dan Seni Budaya,,,
aksi pemberdayaan,concept,Aksi Pemberdayaan,C6-Mencipta,5.0,1.0
sosial,concept,Sosial,C6-Mencipta,5.0,1.0
seni budaya,concept,Seni Budaya,C6-Mencipta,5.0,1.0
kampanye anti-perundungan,concept,Kampanye Anti-Perundungan,C6-Mencipta,5.0,1.0
q_bd4b2fb310,question,"Formulasikan sebuah ide kegiatan yang menggabungkan aksi pemberdayaan bidang sosial dan seni budaya. Contohnya, sebuah p",C6-Mencipta,5.0,
model pemberdayaan (top-down/bottom-up),concept,Model Pemberdayaan (Top-down/Bottom-up),,,
analisis dampak program,concept,Analisis Dampak Program,,,
adaptasi fenomena geologis,topic_fine,Adaptasi Fenomena Geologis,,,
lempeng tektonik,concept,Lempeng Tektonik,C6-Mencipta,5.0,1.0
adaptasi komunitas,concept,Adaptasi Komunitas,C6-Mencipta,5.0,1.0
q_32d5214788,question,Buatlah sebuah skenario cerita pendek tentang sebuah komunitas yang hidup di Pulau Buton dan harus beradaptasi dengan fe,C6-Mencipta,5.0,
analisis dampak bencana,concept,Analisis Dampak Bencana,,,
perencanaan mitigasi bencana,concept,Perencanaan Mitigasi Bencana,,,
dampak penghapusan upah minimum,topic_fine,Dampak Penghapusan Upah Minimum,,,
q_deace8291d,question,Prediksikan apa yang akan terjadi jika pemerintah menghapuskan kebijakan Upah Minimum (UM)!,C6-Mencipta,5.0,
analisis prediksi,method,Analisis Prediksi,,,
konsep upah,concept,Konsep Upah,,,
kebijakan upah lainnya,concept,Kebijakan Upah Lainnya,,,
interaksi pasar,concept,Interaksi Pasar,C6-Mencipta,5.0,1.0
q_96943c0871,question,Buatlah sebuah cerita pendek tentang seorang petani (sebagai RTP) yang juga berperan sebagai RTK dan berinteraksi dengan,C6-Mencipta,5.0,
rumah tangga konsumen,concept,Rumah Tangga Konsumen,,,
manfaat kesehatan keanekaragaman hayati,concept,Manfaat Kesehatan Keanekaragaman Hayati,C6-Mencipta,5.0,1.0
contoh keanekaragaman hayati (flora/fauna),concept,Contoh Keanekaragaman Hayati (Flora/Fauna),C6-Mencipta,5.0,1.0
kampanye media sosial,concept,Kampanye Media Sosial,C6-Mencipta,5.0,2.0
q_1afded38ca,question,Kembangkan sebuah konsep kampanye untuk media sosial yang bertujuan meningkatkan kesadaran publik tentang manfaat keseha,C6-Mencipta,5.0,
pemahaman tentang keanekaragaman hayati,concept,Pemahaman tentang Keanekaragaman Hayati,,,
perancangan strategi komunikasi,concept,Perancangan Strategi Komunikasi,,,
pemasaran lingkungan,concept,Pemasaran Lingkungan,,,
q_eb9271b822,question,Prediksikan apa yang akan terjadi pada APBN (Konteks A) jika pemerintah menerapkan Kebijakan Fiskal Ekspansif 172 melalu,C6-Mencipta,5.0,
analisis/prediksi,method,Analisis/Prediksi,,,
hubungan antara belanja pemerintah dan apbn,concept,Hubungan antara belanja pemerintah dan APBN,,,
dampak kebijakan fiskal terhadap perekonomian,concept,Dampak Kebijakan Fiskal terhadap Perekonomian,,,
perbandingan upah minimum,topic_fine,Perbandingan Upah Minimum,,,
faktor penentu perbedaan upah,concept,Faktor penentu perbedaan upah,C6-Mencipta,5.0,1.0
q_b5cdb51dc7,question,"Buatlah hipotesis, mengapa UMK di kawasan industri (misal Kabupaten Bekasi) bisa jauh lebih tinggi daripada UMP provinsi",C6-Mencipta,5.0,
perancangan kebijakan upah,concept,Perancangan Kebijakan Upah,,,
evaluasi kebijakan upah,concept,Evaluasi Kebijakan Upah,,,
peran pelaku ekonomi dan kebijakan,topic_fine,Peran Pelaku Ekonomi dan Kebijakan,,,
pelaku ekonomi (rumah tangga pemerintahan),concept,Pelaku Ekonomi (Rumah Tangga Pemerintahan),C6-Mencipta,5.0,1.0
produsen kecil,concept,Produsen Kecil,C6-Mencipta,5.0,1.0
pemasaran online,concept,Pemasaran Online,C6-Mencipta,5.0,1.0
program pemerintah desa,concept,Program Pemerintah Desa,C6-Mencipta,5.0,2.0
q_357149fcb4,question,Gagaskan sebuah program sederhana yang bisa dijalankan oleh pemerintah desa (Rumah Tangga Pemerintahan) untuk membantu p,C6-Mencipta,5.0,
geografi dan budaya,topic_coarse,Geografi dan Budaya,,,
program pertukaran pelajar antar benua,topic_fine,Program Pertukaran Pelajar Antar Benua,,,
keragaman budaya,concept,Keragaman Budaya,C6-Mencipta,5.0,1.0
pertukaran pelajar internasional,concept,Pertukaran Pelajar Internasional,C6-Mencipta,5.0,1.0
batas antar benua,concept,Batas Antar Benua,C6-Mencipta,5.0,1.0
studi kasus eropa dan asia,concept,Studi Kasus Eropa dan Asia,C6-Mencipta,5.0,1.0
q_7d0ee3a9e6,question,Kembangkan sebuah ide untuk program pertukaran pelajar internasional yang bertujuan untuk mempelajari keragaman budaya s,C6-Mencipta,5.0,
pemahaman tentang keragaman budaya,concept,Pemahaman tentang Keragaman Budaya,,,
perencanaan program internasional,concept,Perencanaan Program Internasional,,,
analisis dampak budaya,concept,Analisis Dampak Budaya,,,
kesenjangan antar generasi teknologi,topic_fine,Kesenjangan Antar Generasi Teknologi,,,
culture lag,concept,Culture Lag,C6-Mencipta,5.0,1.0
program komunitas,concept,Program Komunitas,C6-Mencipta,5.0,1.0
jembatan antar generasi,concept,Jembatan Antar Generasi,C6-Mencipta,5.0,1.0
teknologi digital,concept,Teknologi Digital,C6-Mencipta,5.0,3.0
q_0df46f986e,question,Gagaslah sebuah ide program komunitas untuk menjembatani kesenjangan antar generasi yang disebabkan oleh 'culture lag' d,C6-Mencipta,5.0,
strategi adaptasi teknologi,concept,Strategi Adaptasi Teknologi,,,
pengembangan program sosial,concept,Pengembangan Program Sosial,,,
manajemen pendidikan,topic_coarse,Manajemen Pendidikan,,,
mekanisme audiensi publik sekolah,topic_fine,Mekanisme Audiensi Publik Sekolah,,,
kebijakan sekolah,concept,Kebijakan Sekolah,C6-Mencipta,5.0,1.0
aspirasi siswa,concept,Aspirasi Siswa,C6-Mencipta,5.0,1.0
implementasi,concept,Implementasi,C6-Mencipta,5.0,1.0
q_6d67487044,question,Formulasikan tiga rekomendasi kebijakan untuk kepala sekolah Anda tentang cara melembagakan mekanisme 'audiensi publik' ,C6-Mencipta,5.0,
peran generasi muda dalam harmoni sosial,concept,Peran Generasi Muda dalam Harmoni Sosial,,,
strategi komunikasi sekolah,concept,Strategi Komunikasi Sekolah,,,
pengembangan program sekolah,concept,Pengembangan Program Sekolah,,,
penerapan metodologi sejarah modern,topic_fine,Penerapan Metodologi Sejarah Modern,,,
prinsip sejarawan modern,concept,Prinsip Sejarawan Modern,C6-Mencipta,5.0,1.0
penelitian peristiwa terkini,concept,Penelitian Peristiwa Terkini,C6-Mencipta,5.0,1.0
film dokumenter mini,concept,Film Dokumenter Mini,C6-Mencipta,5.0,1.0
q_49a1c45245,question,"Buatlah proposal satu halaman untuk sebuah proyek film dokumenter mini berjudul 'Jejak Herodotus di Era Digital', yang m",C6-Mencipta,5.0,
pemahaman dasar ilmu sejarah,concept,Pemahaman Dasar Ilmu Sejarah,,,
penulisan karya ilmiah,concept,Penulisan Karya Ilmiah,,,
ekonomi dasar,topic_coarse,Ekonomi Dasar,,,
sistem produksi dan faktor produksi,topic_fine,Sistem Produksi dan Faktor Produksi,,,
faktor produksi,concept,Faktor Produksi,C6-Mencipta,5.0,1.0
produksi barang,concept,Produksi Barang,C6-Mencipta,5.0,1.0
produksi kompos,concept,Produksi Kompos,C6-Mencipta,5.0,1.0
q_dee28877e1,question,Gambarkan sebuah sistem produksi sederhana untuk membuat kompos dari sampah organik rumah tangga. Rincikan faktor-faktor,C6-Mencipta,5.0,
jenis-jenis produksi (barang modal dan barang konsumsi),concept,Jenis-jenis Produksi (Barang Modal dan Barang Konsumsi),,,
unsur dan ciri peristiwa sejarah,topic_fine,Unsur dan Ciri Peristiwa Sejarah,,,
mencipta kerangka cerita rakyat,concept,Mencipta kerangka cerita rakyat,C6-Mencipta,5.0,1.0
q_fe544cbf86,question,Buatlah sebuah kerangka cerita rakyat (dongeng) singkat yang menjelaskan mengapa petir dan guntur selalu muncul bersamaa,C6-Mencipta,5.0,
pemahaman konsep dasar sejarah,concept,Pemahaman konsep dasar sejarah,,,
analisis narasi cerita rakyat,concept,Analisis narasi cerita rakyat,,,
penulisan karya fiksi,concept,Penulisan karya fiksi,,,
pembentukan organisasi pergerakan nasional,topic_fine,Pembentukan Organisasi Pergerakan Nasional,,,
faktor eksternal nasionalisme,concept,Faktor Eksternal Nasionalisme,C6-Mencipta,5.0,1.0
"organisasi pergerakan nasional (budi utomo, si, ip)",concept,"Organisasi Pergerakan Nasional (Budi Utomo, SI, IP)",C6-Mencipta,5.0,1.0
q_33ebdc202a,question,Buatlah sebuah diagram alir (flowchart) yang menggambarkan bagaimana faktor internal dan eksternal secara bersama-sama m,C6-Mencipta,5.0,
dampak sosial ekonomi romusha,topic_fine,Dampak Sosial Ekonomi Romusha,,,
pengalaman romusha,concept,Pengalaman Romusha,C6-Mencipta,5.0,1.0
kesulitan ekonomi,concept,Kesulitan Ekonomi,C6-Mencipta,5.0,1.0
sudut pandang perempuan,concept,Sudut Pandang Perempuan,C6-Mencipta,5.0,1.0
q_8c52d3706f,question,"Tulislah sebuah catatan harian dari sudut pandang seorang perempuan yang suaminya direkrut sebagai Romusha, yang menggam",C6-Mencipta,5.0,
c6-mencipta,method,C6-Mencipta,,,
dampak pendudukan jepang di bidang kehidupan lain,concept,Dampak Pendudukan Jepang di Bidang Kehidupan Lain,,,
konflik peran dalam status sosial,topic_fine,Konflik Peran dalam Status Sosial,,,
status diberikan (assigned status),concept,Status Diberikan (Assigned Status),C6-Mencipta,5.0,1.0
q_7d83cd92e9,question,Rancanglah sebuah cerita pendek yang tokoh utamanya berhasil menyelesaikan sebuah 'konflik peran' yang kompleks antara s,C6-Mencipta,5.0,
kaitan letak geologis dan risiko gempa,topic_fine,Kaitan Letak Geologis dan Risiko Gempa,,,
letak geologis indonesia,concept,Letak Geologis Indonesia,C6-Mencipta,5.0,1.0
penyebab risiko gempa bumi,concept,Penyebab Risiko Gempa Bumi,C6-Mencipta,5.0,1.0
kampanye sadar bencana,concept,Kampanye Sadar Bencana,C6-Mencipta,5.0,1.0
visualisasi informasi,concept,Visualisasi Informasi,C6-Mencipta,5.0,1.0
q_c81e82d28d,question,Buatlah sebuah konsep poster untuk kampanye sadar bencana yang menjelaskan secara sederhana kaitan antara letak geologis,C6-Mencipta,5.0,
pengertian letak geografis,concept,Pengertian Letak Geografis,,,
pengertian bencana alam,concept,Pengertian Bencana Alam,,,
peta risiko bencana,concept,Peta Risiko Bencana,,,
lingkungan dan sejarah bumi,topic_coarse,Lingkungan dan Sejarah Bumi,,,
dampak pemanasan global dan konservasi,topic_fine,Dampak Pemanasan Global dan Konservasi,,,
kerusakan bumi,concept,Kerusakan bumi,C6-Mencipta,5.0,1.0
aktivitas program sekolah,concept,Aktivitas program sekolah,C6-Mencipta,5.0,1.0
q_4924b15845,question,Kembangkan sebuah ide untuk program sekolah bernama 'Satu Hari untuk Bumi' yang terinspirasi dari masalah pemanasan glob,C6-Mencipta,5.0,
solusi lingkungan,concept,Solusi lingkungan,,,
konservasi alam,concept,Konservasi alam,,,
model struktur organisasi startup,topic_fine,Model Struktur Organisasi Startup,,,
struktur organisasi,concept,Struktur Organisasi,C6-Mencipta,5.0,1.0
hierarki kekuasaan,concept,Hierarki Kekuasaan,C6-Mencipta,5.0,1.0
keahlian (expertise),concept,Keahlian (Expertise),C6-Mencipta,5.0,1.0
q_4bf5d71e7d,question,Gambarkan sebuah model struktur organisasi untuk sebuah perusahaan rintisan (startup) yang secara eksplisit mencoba untu,C6-Mencipta,5.0,
desain organisasi,concept,Desain Organisasi,,,
teori organisasi,concept,Teori Organisasi,,,
sosiologi dan etika digital,topic_coarse,Sosiologi dan Etika Digital,,,
penyusunan kode etik warganet,topic_fine,Penyusunan Kode Etik Warganet,,,
kode etik warganet,concept,Kode Etik Warganet,C6-Mencipta,5.0,1.0
prinsip mike ribble,concept,Prinsip Mike Ribble,C6-Mencipta,5.0,1.0
q_b7cb707750,question,"Buatlah sebuah draf 'Kode Etik Warganet Kelas' yang terdiri dari 5 aturan utama, yang mengintegrasikan ketiga prinsip da",C6-Mencipta,5.0,
analisis dampak teknologi informasi,concept,Analisis Dampak Teknologi Informasi,,,
geografi dan aplikasi,topic_coarse,Geografi dan Aplikasi,,,
penerapan pendekatan geografi,topic_fine,Penerapan Pendekatan Geografi,,,
q_a839a44511,question,Ciptakan sebuah narasi atau cerita pendek yang menggambarkan bagaimana seorang ahli geografi menggunakan ketiga pendekat,C6-Mencipta,5.0,
tiga pendekatan geografi,concept,Tiga Pendekatan Geografi,,,
pemecahan masalah berbasis geografi,concept,Pemecahan Masalah Berbasis Geografi,,,
lapisan atmosfer dan representasi visual,topic_fine,Lapisan Atmosfer dan Representasi Visual,,,
lima lapisan atmosfer,concept,Lima lapisan atmosfer,C6-Mencipta,5.0,1.0
aktivitas utama per lapisan,concept,Aktivitas utama per lapisan,C6-Mencipta,5.0,1.0
representasi visual/desain poster,concept,Representasi visual/Desain poster,C6-Mencipta,5.0,1.0
q_53c58ff54a,question,Buatlah sebuah konsep poster sederhana yang menggambarkan 5 lapisan atmosfer beserta satu ikon aktivitas utama di setiap,C6-Mencipta,5.0,
struktur dan komposisi lapisan atmosfer,concept,Struktur dan komposisi lapisan atmosfer,,,
analisis dampak perubahan atmosfer,concept,Analisis dampak perubahan atmosfer,,,
pemodelan atmosfer,concept,Pemodelan atmosfer,,,
peran dan perlindungan atmosfer,topic_fine,Peran dan Perlindungan Atmosfer,,,
kampanye slogan,concept,Kampanye Slogan,C6-Mencipta,5.0,1.0
q_d2872d62a3,question,"Rancanglah sebuah slogan kampanye yang terdiri dari maksimal 10 kata untuk mengajak masyarakat menjaga atmosfer, berdasa",C6-Mencipta,5.0,
pemahaman tentang fungsi atmosfer,concept,Pemahaman tentang fungsi atmosfer,,,
pemahaman tentang pemanasan global,concept,Pemahaman tentang pemanasan global,,,
perumusan kebijakan lingkungan,concept,Perumusan kebijakan lingkungan,,,
desain arsitektur budaya,topic_coarse,Desain Arsitektur Budaya,,,
integrasi prinsip arsitektur lokal,topic_fine,Integrasi Prinsip Arsitektur Lokal,,,
budaya (definisi dan komponen),concept,Budaya (definisi dan komponen),C6-Mencipta,5.0,1.0
adaptasi iklim (rumah panggung pesisir),concept,Adaptasi Iklim (rumah panggung pesisir),C6-Mencipta,5.0,1.0
filosofi arsitektur (suku baduy),concept,Filosofi Arsitektur (Suku Baduy),C6-Mencipta,5.0,1.0
desain 'rumah eko-modern nusantara',concept,Desain 'Rumah Eko-Modern Nusantara',C6-Mencipta,5.0,1.0
q_a773f238ae,question,Buatlah sebuah ide desain 'Rumah Eko-Modern Nusantara' yang menggabungkan prinsip adaptasi iklim dari rumah panggung pes,C6-Mencipta,5.0,
pemahaman tentang budaya,concept,Pemahaman tentang Budaya,,,
pengetahuan tentang adaptasi iklim,concept,Pengetahuan tentang Adaptasi Iklim,,,
pengetahuan tentang arsitektur tradisional,concept,Pengetahuan tentang Arsitektur Tradisional,,,
analisis desain arsitektur,concept,Analisis Desain Arsitektur,,,
perancangan berbasis kearifan lokal,concept,Perancangan Berbasis Kearifan Lokal,,,
sejarah ekonomi dan politik,topic_coarse,Sejarah Ekonomi dan Politik,,,
perkembangan politik orde baru,concept,Perkembangan Politik Orde Baru,C6-Mencipta,5.0,1.0
q_84af70f719,question,Prediksikan apa yang akan terjadi jika Tragedi Trisakti (12 Mei) tidak pernah terjadi!,C6-Mencipta,5.0,
akibat tragedi trisakti,concept,Akibat Tragedi Trisakti,,,
strategi perlawanan di bandung,topic_fine,Strategi Perlawanan di Bandung,,,
strategi alternatif,concept,Strategi alternatif,C6-Mencipta,5.0,2.0
perlawanan terhadap ultimatum sekutu,concept,Perlawanan terhadap Ultimatum Sekutu,C6-Mencipta,5.0,1.0
situasi pasca proklamasi,concept,Situasi Pasca Proklamasi,C6-Mencipta,5.0,1.0
q_4a30782571,question,"Rancanglah sebuah strategi alternatif selain ""bumi hangus"" yang bisa dilakukan TRI di Bandung untuk melawan ultimatum Se",C6-Mencipta,5.0,
latar belakang vacuum of power,concept,Latar Belakang Vacuum of Power,,,
peran afnei dan nica,concept,Peran AFNEI dan NICA,,,
peristiwa bandung lautan api,concept,Peristiwa Bandung Lautan Api,,,
diplomasi perjuangan,concept,Diplomasi Perjuangan,,,
ilmu lingkungan/atmosfer,topic_coarse,Ilmu Lingkungan/Atmosfer,,,
perancangan kegiatan hari atmosfer sedunia,topic_fine,Perancangan Kegiatan Hari Atmosfer Sedunia,,,
edukasi lingkungan,concept,Edukasi Lingkungan,C6-Mencipta,5.0,1.0
aksi nyata kebersihan udara,concept,Aksi Nyata Kebersihan Udara,C6-Mencipta,5.0,1.0
q_a0cc4a6b92,question,"Formulasikan sebuah proposal mini berisi ide kegiatan 'Hari Atmosfer Sedunia' di sekolah, yang mencakup satu kegiatan ed",C6-Mencipta,5.0,
perencanaan proyek lingkungan,concept,Perencanaan proyek lingkungan,,,
implementasi kampanye kesadaran lingkungan,concept,Implementasi kampanye kesadaran lingkungan,,,
transformasi sosial dan masalah,topic_fine,Transformasi Sosial dan Masalah,,,
skenario hipotetis,concept,Skenario Hipotetis,C6-Mencipta,5.0,1.0
q_f04b79dfb3,question,Ciptakan sebuah skenario hipotetis mengenai transformasi sosial yang mungkin terjadi di sebuah kota kecil setelah dibang,C6-Mencipta,5.0,
peningkatan pendapatan asli daerah,topic_fine,Peningkatan Pendapatan Asli Daerah,,,
sektor pariwisata,concept,Sektor Pariwisata,C6-Mencipta,5.0,2.0
perancangan program,concept,Perancangan Program,C6-Mencipta,5.0,3.0
alokasi anggaran,concept,Alokasi Anggaran,C6-Mencipta,5.0,1.0
q_c65e64ab95,question,"Rancanglah sebuah program sederhana yang dapat dilakukan Pemda untuk meningkatkan ""PAD"" di sektor pariwisata!",C6-Mencipta,5.0,
konsep apbd,concept,Konsep APBD,,,
sumber pendapatan daerah,concept,Sumber Pendapatan Daerah,,,
analisis kebijakan fiskal daerah,concept,Analisis Kebijakan Fiskal Daerah,,,
pengelolaan pendapatan daerah,concept,Pengelolaan Pendapatan Daerah,,,
pernikahan dini,concept,Pernikahan Dini,C6-Mencipta,5.0,1.0
q_9ee4766b39,question,"Rancanglah sebuah program pemberdayaan model bottom-up untuk mengatasi masalah pernikahan dini di suatu komunitas, denga",C6-Mencipta,5.0,
implementasi program sosial,concept,Implementasi Program Sosial,,,
kerangka penulisan sejarah singkat,topic_fine,Kerangka Penulisan Sejarah Singkat,,,
perkembangan smartphone,concept,Perkembangan Smartphone,C6-Mencipta,5.0,1.0
q_f4deb5096e,question,Rancanglah sebuah kerangka penulisan sejarah singkat tentang 'Perkembangan Penggunaan Smartphone di Kalangan Pelajar di ,C6-Mencipta,5.0,
konsep sejarah,concept,Konsep Sejarah,,,
penulisan sejarah,concept,Penulisan Sejarah,,,
ekologi dan biogeografi,topic_coarse,Ekologi dan Biogeografi,,,
kolonisasi flora oleh fauna,topic_fine,Kolonisasi Flora oleh Fauna,,,
proses kolonisasi,concept,Proses Kolonisasi,C6-Mencipta,5.0,1.0
adaptasi spesies,concept,Adaptasi Spesies,C6-Mencipta,5.0,1.0
q_e67c63e30b,question,Gambarkan sebuah skema atau alur yang menunjukkan bagaimana seekor burung dapat memulai kolonisasi tumbuhan di sebuah pu,C6-Mencipta,5.0,
faktor-faktor yang mempengaruhi persebaran flora dan fauna,concept,Faktor-faktor yang mempengaruhi persebaran flora dan fauna,,,
interaksi ekosistem,concept,Interaksi Ekosistem,,,
siklus biogeokimia,concept,Siklus Biogeokimia,,,
pergerakan nasional dan politik etis,topic_fine,Pergerakan Nasional dan Politik Etis,,,
pergerakan nasional,concept,Pergerakan Nasional,C6-Mencipta,5.0,1.0
penggalangan dana pendidikan,concept,Penggalangan Dana Pendidikan,C6-Mencipta,5.0,1.0
q_0609bc4adc,question,"Buatlah sebuah rancangan poster untuk menggalang dana pendidikan bagi kaum pribumi pada awal abad ke-20, dengan mengadap",C6-Mencipta,5.0,
perjuangan bangsa melawan penjajahan,concept,Perjuangan bangsa melawan penjajahan,,,
strategi perjuangan nasional,concept,Strategi Perjuangan Nasional,,,
perubahan iklim dan lingkungan,topic_coarse,Perubahan Iklim dan Lingkungan,,,
kampanye kesadaran dampak kenaikan permukaan laut,topic_fine,Kampanye Kesadaran Dampak Kenaikan Permukaan Laut,,,
dampak kenaikan permukaan laut,concept,Dampak Kenaikan Permukaan Laut,C6-Mencipta,5.0,1.0
media sosial,concept,Media Sosial,C6-Mencipta,5.0,1.0
pemasaran kampanye,concept,Pemasaran Kampanye,C6-Mencipta,5.0,1.0
kesadaran lingkungan,concept,Kesadaran lingkungan,C6-Mencipta,5.0,2.0
q_6a14a755eb,question,Kembangkan sebuah ide kampanye di media sosial dengan tagar tertentu untuk meningkatkan kesadaran tentang dampak kenaika,C6-Mencipta,5.0,
pemahaman tentang perubahan iklim,concept,Pemahaman tentang Perubahan Iklim,,,
pengetahuan tentang kenaikan permukaan laut,concept,Pengetahuan tentang Kenaikan Permukaan Laut,,,
analisis data dampak lingkungan,concept,Analisis Data Dampak Lingkungan,,,
strategi komunikasi publik,concept,Strategi Komunikasi Publik,,,
pertumbuhan ekonomi digital,concept,Pertumbuhan Ekonomi Digital,C6-Mencipta,5.0,1.0
teori harrod-domar,concept,Teori Harrod-Domar,C6-Mencipta,5.0,2.0
faktor pertumbuhan ekonomi,concept,Faktor pertumbuhan ekonomi,C6-Mencipta,5.0,1.0
q_d6ffff170c,question,Gagaskan sebuah teori pertumbuhan ekonomi baru yang disebut 'Teori Pertumbuhan Ekonomi Digital'. Faktor-faktor utama apa,C6-Mencipta,5.0,
model pertumbuhan ekonomi baru,concept,Model Pertumbuhan Ekonomi Baru,,,
kebijakan sisi penawaran pengangguran musiman,topic_fine,Kebijakan Sisi Penawaran Pengangguran Musiman,,,
pengangguran musiman,concept,Pengangguran Musiman,C6-Mencipta,5.0,1.0
kebijakan sisi penawaran,concept,Kebijakan Sisi Penawaran,C6-Mencipta,5.0,1.0
q_36e865dc1f,question,"Rancanglah sebuah program ""Kebijakan Sisi Penawaran"" yang spesifik untuk mengatasi ""pengangguran musiman"" bagi pekerja d",C6-Mencipta,5.0,
model peramalan tenaga kerja,concept,Model Peramalan Tenaga Kerja,,,
letak astronomis dan dampaknya,topic_fine,Letak Astronomis dan Dampaknya,,,
hutan hujan tropis,concept,Hutan Hujan Tropis,C6-Mencipta,5.0,1.0
paru-paru dunia,concept,Paru-paru Dunia,C6-Mencipta,5.0,1.0
kesadaran generasi muda,concept,Kesadaran Generasi Muda,C6-Mencipta,5.0,1.0
q_06513be795,question,Kembangkan sebuah gagasan kampanye nasional dengan slogan dan tiga program utama untuk meningkatkan kesadaran generasi m,C6-Mencipta,5.0,
geografis indonesia,concept,Geografis Indonesia,,,
evolusi uang dari barter ke fiat,topic_fine,Evolusi Uang dari Barter ke Fiat,,,
pra-uang,concept,Pra-uang,C6-Mencipta,5.0,1.0
barter,concept,Barter,C6-Mencipta,5.0,1.0
kelemahan barter,concept,Kelemahan Barter,C6-Mencipta,5.0,1.0
uang fiat,concept,Uang Fiat,C6-Mencipta,5.0,1.0
q_d2bdf329a5,question,"Gambarkan dalam bentuk diagram alur (cukup deskripsikan alurnya) proses evolusi uang dari barter hingga uang fiat, serta",C6-Mencipta,5.0,
sistem pertukaran barter,concept,Sistem pertukaran barter,,,
sistem moneter modern,concept,Sistem moneter modern,,,
pelestarian kearifan lokal,topic_fine,Pelestarian Kearifan Lokal,,,
q_3104263256,question,Buatlah sebuah skenario kampanye sosial untuk mengajak generasi muda melestarikan kearifan lokal. Kampanye tersebut haru,C6-Mencipta,5.0,
strategi komunikasi sosial,concept,Strategi Komunikasi Sosial,,,
komunikasi dan etika,topic_coarse,Komunikasi dan Etika,,,
pengembangan kode etik debat,topic_fine,Pengembangan Kode Etik Debat,,,
konflik konstruktif,concept,Konflik Konstruktif,C6-Mencipta,5.0,1.0
konflik destruktif,concept,Konflik Destruktif,C6-Mencipta,5.0,1.0
kode etik,concept,Kode Etik,C6-Mencipta,5.0,1.0
q_f9565a324a,question,"Kembangkan sebuah 'kode etik' yang terdiri dari tiga aturan utama untuk debat kelas, yang dirancang untuk menjaga agar p",C6-Mencipta,5.0,
pemahaman tentang konflik sosial,concept,Pemahaman tentang Konflik Sosial,,,
pemahaman tentang persaingan,concept,Pemahaman tentang Persaingan,,,
negosiasi,concept,Negosiasi,,,
era reformasi dan mpr,topic_fine,Era Reformasi dan MPR,,,
q_bb75683dab,question,"Buatlah skenario, apa yang akan terjadi jika MPR menolak menghapus Dwifungsi ABRI pada Sidang Istimewa 1998!",C6-Mencipta,5.0,
peran mpr,concept,Peran MPR,,,
pemerintahan yang bersih,concept,Pemerintahan yang Bersih,,,
kritik internal surat pribadi,topic_fine,Kritik Internal Surat Pribadi,,,
analisis isi surat,concept,Analisis Isi Surat,C6-Mencipta,5.0,1.0
validitas bukti,concept,Validitas Bukti,C6-Mencipta,5.0,1.0
sintesis pertanyaan kritis,concept,Sintesis Pertanyaan Kritis,C6-Mencipta,5.0,1.0
q_9fb3a7593a,question,Buatlah sebuah daftar periksa (checklist) yang berisi lima pertanyaan kunci untuk melakukan kritik internal terhadap seb,C6-Mencipta,5.0,
pemahaman tentang penelitian sejarah,concept,Pemahaman tentang penelitian sejarah,,,
kritik eksternal sumber,concept,Kritik Eksternal Sumber,,,
penulisan laporan sejarah,concept,Penulisan Laporan Sejarah,,,
penggalian akar masalah konflik,topic_fine,Penggalian Akar Masalah Konflik,,,
wawancara mendalam,concept,Wawancara Mendalam,C6-Mencipta,5.0,1.0
analisis akar masalah,concept,Analisis Akar Masalah,C6-Mencipta,5.0,1.0
q_e9188b1eaa,question,Rancanglah lima pertanyaan wawancara utama untuk diajukan kepada seorang tokoh masyarakat di Desa Sumber Aman guna mengg,C6-Mencipta,5.0,
perancangan pertanyaan wawancara,method,Perancangan Pertanyaan Wawancara,,,
pemahaman tahapan penelitian konflik,concept,Pemahaman Tahapan Penelitian Konflik,,,
metode analisis data kualitatif,concept,Metode Analisis Data Kualitatif,,,
intervensi resolusi konflik,concept,Intervensi Resolusi Konflik,,,
nasionalisme dan aksi sosial,topic_coarse,Nasionalisme dan Aksi Sosial,,,
perancangan manifesto pemuda,topic_fine,Perancangan Manifesto Pemuda,,,
satyagraha,concept,Satyagraha,C6-Mencipta,5.0,1.0
masalah sosial indonesia,concept,Masalah Sosial Indonesia,C6-Mencipta,5.0,1.0
q_b2db8c963e,question,Rancanglah sebuah manifesto singkat untuk sebuah organisasi pemuda modern yang terinspirasi dari semangat 'Komunitas Jaw,C6-Mencipta,5.0,
filosofi satyagraha,concept,Filosofi Satyagraha,,,
implementasi gerakan sosial,concept,Implementasi Gerakan Sosial,,,
teori organisasi pemuda,concept,Teori Organisasi Pemuda,,,
aplikasi edukasi kearifan lokal,topic_fine,Aplikasi Edukasi Kearifan Lokal,,,
kearifan lokal (gemah ripah loh jinawi),concept,Kearifan Lokal (Gemah Ripah Loh Jinawi),C6-Mencipta,5.0,1.0
edukasi generasi muda,concept,Edukasi Generasi Muda,C6-Mencipta,5.0,1.0
digitalisasi,concept,Digitalisasi,C6-Mencipta,5.0,1.0
kolaborasi masyarakat,concept,Kolaborasi Masyarakat,C6-Mencipta,5.0,1.0
q_813f4db93f,question,Kembangkan sebuah konsep aplikasi edukasi yang bertujuan untuk menanamkan nilai kearifan lokal (seperti gemah ripah loh ,C6-Mencipta,5.0,
implementasi teknologi dalam pelestarian budaya,concept,Implementasi Teknologi dalam Pelestarian Budaya,,,
pengembangan kurikulum berbasis kearifan lokal,concept,Pengembangan Kurikulum Berbasis Kearifan Lokal,,,
promosi produk lokal,topic_fine,Promosi Produk Lokal,,,
pembuatan slogan,concept,Pembuatan Slogan,C6-Mencipta,5.0,1.0
perancangan kampanye media sosial,concept,Perancangan Kampanye Media Sosial,C6-Mencipta,5.0,1.0
q_062a3d2d7e,question,Kembangkan sebuah slogan dan program kampanye satu minggu di media sosial untuk mendorong teman-temanmu agar lebih serin,C6-Mencipta,5.0,
strategi pemasaran produk lokal,concept,Strategi Pemasaran Produk Lokal,,,
sejarah kolonialisme nusantara,topic_coarse,Sejarah Kolonialisme Nusantara,,,
piagam persekutuan dagang voc,topic_fine,Piagam Persekutuan Dagang VOC,,,
penciptaan pasal piagam dagang,concept,Penciptaan Pasal Piagam Dagang,C6-Mencipta,5.0,1.0
penandingian kekuatan voc,concept,Penandingian Kekuatan VOC,C6-Mencipta,5.0,1.0
hak istimewa voc,concept,Hak Istimewa VOC,C6-Mencipta,5.0,1.0
q_da3f18e2e6,question,Ciptakan tiga pasal utama dalam sebuah piagam persekutuan dagang antar kerajaan di Nusantara yang bertujuan untuk menand,C6-Mencipta,5.0,
struktur dan tujuan voc,concept,Struktur dan tujuan VOC,,,
dampak perjanjian dagang,concept,Dampak Perjanjian Dagang,,,
perbandingan kekuatan kerajaan nusantara,concept,Perbandingan Kekuatan Kerajaan Nusantara,,,
inspirasi pemberontakan daerah,topic_fine,Inspirasi Pemberontakan Daerah,,,
pemberontakan di/tii jawa barat,concept,Pemberontakan DI/TII Jawa Barat,C6-Mencipta,5.0,1.0
pemberontakan daerah lain,concept,Pemberontakan Daerah Lain,C6-Mencipta,5.0,1.0
motivasi pemberontakan,concept,Motivasi Pemberontakan,C6-Mencipta,5.0,1.0
q_c21782e531,question,"Buatlah hipotesis, mengapa pemberontakan DI/TII di Jawa Barat (Kartosuwiryo) menjadi inspirasi bagi daerah lain (Kahar M",C6-Mencipta,5.0,
ketidakseimbangan otonomi daerah,concept,Ketidakseimbangan Otonomi Daerah,,,
struktur pemerintahan era demokrasi liberal,concept,Struktur Pemerintahan Era Demokrasi Liberal,,,
sosiologi dan harmoni sosial,topic_coarse,Sosiologi dan Harmoni Sosial,,,
proposal gerakan keadilan sosial,topic_fine,Proposal Gerakan Keadilan Sosial,,,
kesenjangan sosial,concept,Kesenjangan Sosial,C6-Mencipta,5.0,1.0
program konkret,concept,Program Konkret,C6-Mencipta,5.0,1.0
q_40de98cbd6,question,"Susunlah sebuah proposal singkat untuk 'Gerakan Keadilan Sosial' di lingkungan Anda, yang bertujuan untuk mengurangi kes",C6-Mencipta,5.0,
analisis kebijakan sosial,concept,Analisis Kebijakan Sosial,,,
penggunaan data sensus penduduk,topic_fine,Penggunaan Data Sensus Penduduk,,,
data sensus penduduk (de jure),concept,Data Sensus Penduduk (de jure),C6-Mencipta,5.0,1.0
perencanaan fasilitas umum,concept,Perencanaan Fasilitas Umum,C6-Mencipta,5.0,1.0
diagram alur (flowchart),concept,Diagram Alur (Flowchart),C6-Mencipta,5.0,1.0
q_53aefeac3b,question,Buatlah sebuah diagram alur (flowchart) yang menggambarkan bagaimana seorang perencana kota menggunakan data dari sensus,C6-Mencipta,5.0,
konsep dinamika demografi,concept,Konsep Dinamika Demografi,,,
analisis kebutuhan infrastruktur,concept,Analisis Kebutuhan Infrastruktur,,,
model perencanaan kota,concept,Model Perencanaan Kota,,,
reboisasi dan adaptasi tumbuhan,topic_fine,Reboisasi dan Adaptasi Tumbuhan,,,
faktor persebaran flora,concept,Faktor persebaran flora,C6-Mencipta,5.0,1.0
karakteristik tumbuhan (tropophyta/xerophyta),concept,Karakteristik tumbuhan (Tropophyta/Xerophyta),C6-Mencipta,5.0,1.0
kondisi lahan (kering dan tandus),concept,Kondisi lahan (kering dan tandus),C6-Mencipta,5.0,1.0
peran manusia dalam reboisasi,concept,Peran manusia dalam reboisasi,C6-Mencipta,5.0,1.0
q_15ef8f0911,question,"Ciptakan sebuah proposal singkat untuk program reboisasi di lahan bekas tambang yang kering dan tandus, dengan memilih j",C6-Mencipta,5.0,
klasifikasi tumbuhan berdasarkan adaptasi lingkungan,concept,Klasifikasi tumbuhan berdasarkan adaptasi lingkungan,,,
perencanaan konservasi ekosistem,concept,Perencanaan konservasi ekosistem,,,
studi kasus reboisasi,concept,Studi kasus reboisasi,,,
perencanaan alokasi keuangan bulanan,topic_fine,Perencanaan Alokasi Keuangan Bulanan,,,
tabungan,concept,Tabungan,C6-Mencipta,5.0,1.0
investasi reksadana,concept,Investasi Reksadana,C6-Mencipta,5.0,1.0
q_47fbde59b7,question,"Buatlah sebuah rencana alokasi keuangan bulanan untuk seorang pelajar SMP yang menerima uang saku Rp400.000 per bulan, d",C6-Mencipta,5.0,
penganggaran keuangan jangka panjang,concept,Penganggaran keuangan jangka panjang,,,
model bisnis bioprospeksi etis,topic_fine,Model Bisnis Bioprospeksi Etis,,,
pembagian keuntungan adil,concept,Pembagian Keuntungan Adil,C6-Mencipta,5.0,1.0
pengetahuan tradisional,concept,Pengetahuan Tradisional,C6-Mencipta,5.0,1.0
q_50e63a11f2,question,"Rancang sebuah model bisnis 'bioprospeksi' yang etis dan berkelanjutan, yang memastikan adanya pembagian keuntungan yang",C6-Mencipta,5.0,
perancangan model bisnis,method,Perancangan Model Bisnis,,,
etika bisnis,concept,Etika Bisnis,,,
analisis risiko bioprospeksi,concept,Analisis Risiko Bioprospeksi,,,
regulasi keanekaragaman hayati,concept,Regulasi Keanekaragaman Hayati,,,
pengambilan keputusan pembelian barang,topic_fine,Pengambilan Keputusan Pembelian Barang,,,
kebutuhan sekunder/tersier,concept,Kebutuhan Sekunder/Tersier,C6-Mencipta,5.0,1.0
perilaku konsumtif,concept,Perilaku Konsumtif,C6-Mencipta,5.0,1.0
checklist keputusan pembelian,concept,Checklist Keputusan Pembelian,C6-Mencipta,5.0,1.0
q_eca82bde04,question,Kembangkan sebuah daftar periksa (checklist) yang terdiri dari 5 pertanyaan kunci yang harus ditanyakan pada diri sendir,C6-Mencipta,5.0,
pemahaman literasi finansial,concept,Pemahaman Literasi Finansial,,,
strategi penganggaran,concept,Strategi Penganggaran,,,
pencatatan keuangan pribadi,concept,Pencatatan Keuangan Pribadi,C6-Mencipta,5.0,1.0
pemasukan dan pengeluaran,concept,Pemasukan dan Pengeluaran,C6-Mencipta,5.0,1.0
ringkasan laba/rugi,concept,Ringkasan Laba/Rugi,C6-Mencipta,5.0,1.0
q_51649e5867,question,Gagaslah sebuah konsep aplikasi seluler sederhana bernama 'Dompet Pelajar' yang dapat membantu siswa mencatat pemasukan ,C6-Mencipta,5.0,
analisis laporan keuangan,concept,Analisis Laporan Keuangan,,,
sistem aplikasi keuangan,concept,Sistem Aplikasi Keuangan,,,
ilmu politik/sejarah,topic_coarse,Ilmu Politik/Sejarah,,,
pidato kampanye nasakom presiden sukarno,topic_fine,Pidato Kampanye Nasakom Presiden Sukarno,,,
"nasakom (nasionalisme, agama, komunisme)",concept,"Nasakom (Nasionalisme, Agama, Komunisme)",C6-Mencipta,5.0,1.0
persatuan ideologi,concept,Persatuan Ideologi,C6-Mencipta,5.0,1.0
pidato politik,concept,Pidato Politik,C6-Mencipta,5.0,1.0
q_66040bc571,question,"Buatlah sebuah draf pidato singkat untuk Presiden Sukarno saat mengumumkan kampanye Nasakom, yang bertujuan meyakinkan r",C6-Mencipta,5.0,
ideologi pancasila/nasakom,concept,Ideologi Pancasila/Nasakom,,,
implementasi kebijakan politik,concept,Implementasi Kebijakan Politik,,,
perkembangan politik orde lama,concept,Perkembangan Politik Orde Lama,,,
perancangan norma klub buku,topic_fine,Perancangan Norma Klub Buku,,,
"tingkatan norma (cara, kebiasaan, tata kelakuan)",concept,"Tingkatan Norma (Cara, Kebiasaan, Tata Kelakuan)",C6-Mencipta,5.0,1.0
sanksi pelanggaran,concept,Sanksi Pelanggaran,C6-Mencipta,5.0,1.0
q_1738dc978f,question,Rancanglah tiga aturan dasar (norma) untuk sebuah klub pecinta buku di sekolah. Klasifikasikan setiap aturan ke dalam ti,C6-Mencipta,5.0,
analisis fungsi lembaga sosial,concept,Analisis Fungsi Lembaga Sosial,,,
penerapan teori norma,concept,Penerapan Teori Norma,,,
peningkatan kapasitas keluarga tsunami,topic_fine,Peningkatan Kapasitas Keluarga Tsunami,,,
"dinamika bencana (kerentanan, ancaman, kapasitas)",concept,"Dinamika Bencana (Kerentanan, Ancaman, Kapasitas)",C6-Mencipta,5.0,1.0
"kerentanan sosial, fisik, lingkungan, ekonomi",concept,"Kerentanan Sosial, Fisik, Lingkungan, Ekonomi",C6-Mencipta,5.0,1.0
peningkatan kapasitas keluarga,concept,Peningkatan Kapasitas Keluarga,C6-Mencipta,5.0,1.0
q_85e09d98a3,question,"Rancang sebuah poster sederhana yang ditujukan untuk anak-anak sekolah dasar di wilayah pesisir, yang isinya mengkampany",C6-Mencipta,5.0,
"konsep kerentanan (sosial, fisik, lingkungan, ekonomi)",concept,"Konsep Kerentanan (Sosial, Fisik, Lingkungan, Ekonomi)",,,
perencanaan tanggap darurat,concept,Perencanaan Tanggap Darurat,,,
lingkungan dan keberlanjutan,topic_coarse,Lingkungan dan Keberlanjutan,,,
aksi mengurangi pemanasan global di sekolah,topic_fine,Aksi mengurangi pemanasan global di sekolah,,,
aksi konkret,concept,Aksi konkret,C6-Mencipta,5.0,1.0
pengurangan emisi,concept,Pengurangan Emisi,C6-Mencipta,5.0,2.0
q_120b64115a,question,Susunlah tiga langkah aksi konkret yang dapat dilakukan oleh seorang siswa untuk membantu mengurangi laju pemanasan glob,C6-Mencipta,5.0,
implementasi solusi berkelanjutan,concept,Implementasi solusi berkelanjutan,,,
pengajuan dan persetujuan apbn,topic_fine,Pengajuan dan Persetujuan APBN,,,
fungsi stabilisasi,concept,Fungsi Stabilisasi,C6-Mencipta,5.0,1.0
anggaran kesehatan,concept,Anggaran Kesehatan,C6-Mencipta,5.0,1.0
q_88c29a3fc3,question,"Andaikan Anda adalah Menteri Keuangan, tuliskan draf pidato singkat (3-4 kalimat) yang ditujukan kepada DPR untuk meyaki",C6-Mencipta,5.0,
pemahaman tentang apbn,concept,Pemahaman tentang APBN,,,
peran menteri keuangan,concept,Peran Menteri Keuangan,,,
penyusunan rancangan undang-undang,concept,Penyusunan Rancangan Undang-Undang,,,
geopolitik dan kerjasama internasional,topic_coarse,Geopolitik dan Kerjasama Internasional,,,
kerjasama sister city pesisir,topic_fine,Kerjasama Sister City Pesisir,,,
pengelolaan garis pantai,concept,Pengelolaan Garis Pantai,C6-Mencipta,5.0,1.0
sumber daya maritim,concept,Sumber Daya Maritim,C6-Mencipta,5.0,1.0
q_7bb2404de3,question,Buatlah sebuah gagasan program kerja sama 'sister city' antara salah satu kota pesisir di Indonesia dengan kota di Kanad,C6-Mencipta,5.0,
aspek geografis wilayah,concept,Aspek Geografis Wilayah,,,
studi kasus kerjasama internasional,concept,Studi Kasus Kerjasama Internasional,,,
dampak hipotetis rempah-rempah,topic_fine,Dampak Hipotetis Rempah-rempah,,,
skenario alternatif sejarah,concept,Skenario Alternatif Sejarah,C6-Mencipta,5.0,1.0
q_61f7479b33,question,"Buatlah sebuah skenario alternatif: jika rempah-rempah ternyata juga dapat tumbuh subur di Eropa Selatan, bagaimana kira",C6-Mencipta,5.0,
analisis dampak kebijakan kolonial,concept,Analisis dampak kebijakan kolonial,,,
perbandingan sejarah alternatif,concept,Perbandingan sejarah alternatif,,,
rencana bisnis,topic_coarse,Rencana Bisnis,,,
pengembangan produk minuman herbal,topic_fine,Pengembangan Produk Minuman Herbal,,,
rencana bisnis sederhana,concept,Rencana Bisnis Sederhana,C6-Mencipta,5.0,1.0
produk minuman kesehatan herbal,concept,Produk Minuman Kesehatan Herbal,C6-Mencipta,5.0,1.0
bahan baku tanaman toga,concept,Bahan Baku Tanaman TOGA,C6-Mencipta,5.0,1.0
budidaya pekarangan rumah,concept,Budidaya Pekarangan Rumah,C6-Mencipta,5.0,1.0
q_4297532000,question,Susunlah sebuah rencana bisnis sederhana untuk produk 'minuman kesehatan herbal' yang bahan bakunya berasal dari tanaman,C6-Mencipta,5.0,
konsep dasar rencana bisnis,concept,Konsep dasar rencana bisnis,,,
pengetahuan tentang tanaman toga,concept,Pengetahuan tentang tanaman TOGA,,,
analisis pasar dan pemasaran,concept,Analisis Pasar dan Pemasaran,,,
manajemen produksi produk herbal,concept,Manajemen Produksi Produk Herbal,,,
dampak perubahan iklim pada vegetasi,topic_fine,Dampak Perubahan Iklim pada Vegetasi,,,
peningkatan suhu global,concept,Peningkatan Suhu Global,C6-Mencipta,5.0,1.0
zona vegetasi (daerah sejuk),concept,Zona Vegetasi (Daerah Sejuk),C6-Mencipta,5.0,1.0
hipotesis,concept,Hipotesis,C6-Mencipta,5.0,1.0
q_8fe34e3a7c,question,Buatlah sebuah hipotesis mengenai apa yang akan terjadi pada vegetasi di zona 'Daerah Sejuk' jika suhu global rata-rata ,C6-Mencipta,5.0,
pengertian iklim,concept,Pengertian Iklim,,,
faktor-faktor yang mempengaruhi persebaran flora,concept,Faktor-faktor yang mempengaruhi persebaran flora,,,
pemodelan ekologis,concept,Pemodelan Ekologis,,,
kegiatan edukasi literasi keuangan,topic_fine,Kegiatan Edukasi Literasi Keuangan,,,
cakupan literasi finansial,concept,Cakupan Literasi Finansial,C6-Mencipta,5.0,1.0
penerapan pengetahuan keuangan,concept,Penerapan Pengetahuan Keuangan,C6-Mencipta,5.0,1.0
q_a3427cfeb2,question,"Gagaslah sebuah ide kegiatan di sekolah (misalnya, seminar, kompetisi, atau klub) yang dapat membantu siswa lain untuk l",C6-Mencipta,5.0,
pemahaman dasar literasi finansial,concept,Pemahaman dasar Literasi Finansial,,,
implementasi pengelolaan keuangan pribadi,concept,Implementasi Pengelolaan Keuangan Pribadi,,,
analisis risiko keuangan,concept,Analisis Risiko Keuangan,,,
rekomendasi kebijakan pencegahan konflik,topic_fine,Rekomendasi Kebijakan Pencegahan Konflik,,,
kebijakan pemerintah desa,concept,Kebijakan Pemerintah Desa,C6-Mencipta,5.0,1.0
q_17a515063b,question,Susunlah sebuah proposal singkat berisi tiga rekomendasi kebijakan bagi pemerintah desa untuk menekan angka perkelahian ,C6-Mencipta,5.0,
dampak revolusi ai terhadap pengangguran struktural,topic_fine,Dampak Revolusi AI terhadap Pengangguran Struktural,,,
revolusi ai,concept,Revolusi AI,C6-Mencipta,5.0,1.0
prediksi/sintesis,concept,Prediksi/Sintesis,C6-Mencipta,5.0,1.0
q_b5fe79bc98,question,"Prediksikan apa yang akan terjadi pada ""pengangguran struktural"" jika terjadi revolusi AI (Kecerdasan Buatan) yang masif",C6-Mencipta,5.0,
definisi pengangguran struktural,concept,Definisi Pengangguran Struktural,,,
konsep teknologi dan pasar kerja,concept,Konsep Teknologi dan Pasar Kerja,,,
kebijakan tenaga kerja masa depan,concept,Kebijakan Tenaga Kerja Masa Depan,,,
otomatisasi dan keterampilan baru,concept,Otomatisasi dan Keterampilan Baru,,,
pembentukan corak islam melalui teori,topic_fine,Pembentukan corak Islam melalui teori,,,
"teori masuknya islam (gujarat, persia, tiongkok, arab)",concept,"Teori masuknya Islam (Gujarat, Persia, Tiongkok, Arab)",C6-Mencipta,5.0,1.0
pengaruh multikultural dalam islam nusantara,concept,Pengaruh multikultural dalam Islam Nusantara,C6-Mencipta,5.0,1.0
kerangka narasi film dokumenter,concept,Kerangka narasi film dokumenter,C6-Mencipta,5.0,1.0
sintesis teori sejarah,concept,Sintesis teori sejarah,C6-Mencipta,5.0,1.0
q_7a4e837826,question,Rancanglah sebuah kerangka narasi untuk film dokumenter singkat berjudul 'Mozaik Islam Nusantara' yang menjelaskan bagai,C6-Mencipta,5.0,
pengetahuan dasar mengenai jejak awal islam di nusantara,concept,Pengetahuan dasar mengenai jejak awal Islam di Nusantara,,,
analisis dampak sosial budaya islam di indonesia,concept,Analisis dampak sosial budaya Islam di Indonesia,,,
studi kasus penyebaran agama,concept,Studi kasus penyebaran agama,,,
pengaruh geografis terhadap kolonialisme,topic_fine,Pengaruh Geografis terhadap Kolonialisme,,,
daya tarik penjelajahan eropa,concept,Daya Tarik Penjelajahan Eropa,C6-Mencipta,5.0,1.0
lahirnya voc,concept,Lahirnya VOC,C6-Mencipta,5.0,1.0
q_cb257392ff,question,Buatlah sebuah diagram alur yang menggambarkan bagaimana kondisi geografis Indonesia secara langsung dan tidak langsung ,C6-Mencipta,5.0,
pengetahuan tentang letak geografis indonesia,concept,Pengetahuan tentang letak geografis Indonesia,,,
pemahaman tentang motif penjelajahan samudra,concept,Pemahaman tentang motif penjelajahan samudra,,,
peran voc dalam ekonomi global,concept,Peran VOC dalam Ekonomi Global,,,
pengembangan kelembagaan konservasi,topic_fine,Pengembangan Kelembagaan Konservasi,,,
rangkaian kelembagaan berbasis masyarakat,concept,Rangkaian Kelembagaan Berbasis Masyarakat,C6-Mencipta,5.0,1.0
pengembangan proposal,concept,Pengembangan Proposal,C6-Mencipta,5.0,1.0
peran pemerintah daerah,concept,Peran Pemerintah Daerah,C6-Mencipta,5.0,1.0
q_c43b69898f,question,Buatlah sebuah proposal singkat kepada pemerintah daerah untuk mengembangkan 'rangkaian kelembagaan berbasis masyarakat',C6-Mencipta,5.0,
pengetahuan tentang konservasi,concept,Pengetahuan tentang konservasi,,,
perencanaan program konservasi,concept,Perencanaan Program Konservasi,,,
implementasi kebijakan lingkungan,concept,Implementasi Kebijakan Lingkungan,,,
model lapisan konflik sosial,topic_fine,Model Lapisan Konflik Sosial,,,
model alternatif konflik sosial,concept,Model alternatif konflik sosial,C6-Mencipta,5.0,1.0
lapisan konflik sosial,concept,Lapisan konflik sosial,C6-Mencipta,5.0,1.0
q_ebef9055f5,question,Ciptakan sebuah diagram atau model alternatif selain 'gunung es' untuk menjelaskan lapisan-lapisan dalam sebuah konflik ,C6-Mencipta,5.0,
perancangan program apbn,topic_fine,Perancangan Program APBN,,,
fungsi alokasi (mengurangi pengangguran),concept,Fungsi Alokasi (mengurangi pengangguran),C6-Mencipta,5.0,1.0
fungsi distribusi (keadilan),concept,Fungsi Distribusi (keadilan),C6-Mencipta,5.0,1.0
q_feb079831b,question,Rancanglah sebuah program baru menggunakan dana APBN yang secara spesifik mengintegrasikan fungsi alokasi (mengurangi pe,C6-Mencipta,5.0,
konsep fungsi fiskal,concept,Konsep fungsi fiskal,,,
evaluasi kebijakan fiskal,concept,Evaluasi Kebijakan Fiskal,,,
perbedaan pandangan generasi tentang perubahan,topic_fine,Perbedaan pandangan generasi tentang perubahan,,,
perubahan sosial antargenerasi,concept,Perubahan Sosial Antargenerasi,C6-Mencipta,5.0,1.0
dampak era industri 4.0,concept,Dampak Era Industri 4.0,C6-Mencipta,5.0,1.0
perubahan nilai dan perilaku,concept,Perubahan Nilai dan Perilaku,C6-Mencipta,5.0,1.0
q_dc41314adc,question,Tulislah sebuah naskah dialog antara seorang kakek yang mengalami perubahan besar pasca-kemerdekaan dengan cucunya yang ,C6-Mencipta,5.0,
pemahaman konsep perubahan sosial,concept,Pemahaman konsep Perubahan Sosial,,,
sintesis solusi adaptasi sosial,concept,Sintesis solusi adaptasi sosial,,,
kebijakan fiskal dan stagflasi,topic_fine,Kebijakan Fiskal dan Stagflasi,,,
stagflasi,concept,Stagflasi,C6-Mencipta,5.0,1.0
q_8cdfb09a32,question,"Rancanglah sebuah paket Kebijakan Fiskal (kombinasi G dan T) untuk mengatasi ""stagflasi"" (situasi di mana resesi dan inf",C6-Mencipta,5.0,
jenis kebijakan fiskal (ekspansif dan kontraktif),concept,Jenis Kebijakan Fiskal (Ekspansif dan Kontraktif),,,
keterkaitan peristiwa regional dan global,topic_fine,Keterkaitan Peristiwa Regional dan Global,,,
keterkaitan regional-global,concept,Keterkaitan Regional-Global,C6-Mencipta,5.0,1.0
dampak peristiwa global,concept,Dampak Peristiwa Global,C6-Mencipta,5.0,1.0
kemerdekaan lokal,concept,Kemerdekaan Lokal,C6-Mencipta,5.0,1.0
q_2e8a5374bf,question,"Tuliskan sebuah narasi pendek dari sudut pandang seorang pemuda Indonesia pada tahun 1945, yang menjelaskan bagaimana pe",C6-Mencipta,5.0,
pemahaman keterkaitan sejarah,concept,Pemahaman Keterkaitan Sejarah,,,
analisis sebab akibat sejarah,concept,Analisis Sebab Akibat Sejarah,,,
perubahan diferensiasi menjadi stratifikasi,topic_fine,Perubahan Diferensiasi menjadi Stratifikasi,,,
profesi,concept,Profesi,C6-Mencipta,5.0,1.0
q_06060fe421,question,"Rancanglah sebuah skenario di mana diferensiasi berdasarkan ""Profesi"" berubah menjadi stratifikasi (bertingkat)!",C6-Mencipta,5.0,
faktor penyebab perubahan sosial,concept,Faktor Penyebab Perubahan Sosial,,,
kerangka penelitian sederhana,topic_fine,Kerangka Penelitian Sederhana,,,
tahapan penelitian (langkah 1 sampai 4),concept,Tahapan Penelitian (Langkah 1 sampai 4),C6-Mencipta,5.0,1.0
pola konsumsi makanan cepat saji,concept,Pola Konsumsi Makanan Cepat Saji,C6-Mencipta,5.0,1.0
metode penelitian ilmiah,concept,Metode Penelitian Ilmiah,C6-Mencipta,5.0,1.0
q_22fdb8e2d1,question,"Rancanglah sebuah kerangka penelitian sederhana (mencakup langkah 1 sampai 4) untuk topik baru, yaitu 'Pola Konsumsi Mak",C6-Mencipta,5.0,
perancangan/mencipta,method,Perancangan/Mencipta,,,
definisi penelitian,concept,Definisi Penelitian,,,
desain penelitian spesifik,concept,Desain Penelitian Spesifik,,,
kebijakan perlindungan flora fauna endemik,topic_fine,Kebijakan Perlindungan Flora Fauna Endemik,,,
ancaman kepunahan,concept,Ancaman Kepunahan,C6-Mencipta,5.0,1.0
ekowisata,concept,Ekowisata,C6-Mencipta,5.0,2.0
q_ed38c5536a,question,Tulislah sebuah naskah pidato singkat untuk Menteri Lingkungan Hidup yang berisi usulan kebijakan untuk melindungi flora,C6-Mencipta,5.0,
strategi ekowisata berkelanjutan,concept,Strategi Ekowisata Berkelanjutan,,,
pariwisata,concept,Pariwisata,C6-Mencipta,5.0,1.0
q_607fbfd686,question,Rancanglah sebuah program kerja sama baru di bidang pariwisata antara Indonesia dan Malaysia yang menggabungkan objek wi,C6-Mencipta,5.0,
perancangan program kerja sama,concept,Perancangan program kerja sama,,,
reaksi blok barat terhadap kaa 1955,topic_fine,Reaksi Blok Barat terhadap KAA 1955,,,
blok barat (as),concept,Blok Barat (AS),C6-Mencipta,5.0,1.0
konferensi asia afrika (kaa) 1955,concept,Konferensi Asia Afrika (KAA) 1955,C6-Mencipta,5.0,1.0
q_73914840ee,question,Prediksikan bagaimana reaksi Blok Barat (AS) terhadap penyelenggaraan KAA 1955!,C6-Mencipta,5.0,
analisis dan prediksi,method,Analisis dan Prediksi,,,
prinsip politik luar negeri bebas aktif,concept,Prinsip Politik Luar Negeri Bebas Aktif,,,
dampak kaa 1955,concept,Dampak KAA 1955,,,
hubungan indonesia-as,concept,Hubungan Indonesia-AS,,,
perdebatan strategi perjuangan bangsa,topic_fine,Perdebatan strategi perjuangan bangsa,,,
strategi perjuangan,concept,Strategi Perjuangan,C6-Mencipta,5.0,1.0
q_bb744c23a6,question,Tulislah sebuah dialog singkat antara seorang anggota Budi Utomo yang moderat dengan seorang anggota Indische Partij yan,C6-Mencipta,5.0,
latar belakang organisasi pergerakan,concept,Latar belakang organisasi pergerakan,,,
perkembangan politik indonesia pasca-1900,concept,Perkembangan politik Indonesia pasca-1900,,,
metode pelaksanaan program,topic_fine,Metode Pelaksanaan Program,,,
peningkatan keterampilan pengolahan produk,concept,Peningkatan Keterampilan Pengolahan Produk,C6-Mencipta,5.0,1.0
implementasi rencana,concept,Implementasi Rencana,C6-Mencipta,5.0,1.0
q_df38ad9213,question,"Buatlah kerangka singkat untuk bagian 'Metode Pelaksanaan' dalam proposal pemberdayaan komunitas udang rebon, yang beris",C6-Mencipta,5.0,
evaluasi keberlanjutan program,concept,Evaluasi Keberlanjutan Program,,,
pendidikan karakter dan sosial,topic_coarse,Pendidikan Karakter dan Sosial,,,
upaya mengatasi globalisasi,concept,Upaya mengatasi globalisasi,C6-Mencipta,5.0,1.0
proyek penguatan profil pelajar pancasila (p5),concept,Proyek Penguatan Profil Pelajar Pancasila (P5),C6-Mencipta,5.0,1.0
integrasi isu sosial,concept,Integrasi isu sosial,C6-Mencipta,5.0,1.0
q_8bb2235d20,question,Rancanglah sebuah konsep 'Proyek Penguatan Profil Pelajar Pancasila' (P5) yang mengintegrasikan minimal tiga dari lima u,C6-Mencipta,5.0,
pemahaman tentang konsep nasionalisme,concept,Pemahaman tentang konsep nasionalisme,,,
perancangan kurikulum berbasis proyek,concept,Perancangan kurikulum berbasis proyek,,,
implementasi proyek sosial,concept,Implementasi proyek sosial,,,
sistem pemerintahan parlementer ris,topic_fine,Sistem Pemerintahan Parlementer RIS,,,
sistem parlementer,concept,Sistem Parlementer,C6-Mencipta,5.0,1.0
q_41df329054,question,"Buatlah hipotesis, mengapa sistem Parlementer dipertahankan dalam UUDS 1950!",C6-Mencipta,5.0,
konstitusi ris,concept,Konstitusi RIS,,,
perkembangan politik pasca-kmb,concept,Perkembangan politik pasca-KMB,,,
kriteria diferensiasi sosial budaya baru,topic_fine,Kriteria Diferensiasi Sosial Budaya Baru,,,
generasi muda era digital,concept,Generasi Muda Era Digital,C6-Mencipta,5.0,1.0
q_2dad1c238c,question,Usulkan satu kriteria diferensiasi sosial budaya baru (selain 5 yang disebut) yang relevan untuk generasi muda di era di,C6-Mencipta,5.0,
analisis keberagaman budaya,concept,Analisis Keberagaman Budaya,,,
isu sosial kontemporer,concept,Isu Sosial Kontemporer,,,
perumusan judul penelitian,topic_fine,Perumusan Judul Penelitian,C6-Mencipta,5.0,1.0
q_400f0da8d2,question,"Rancanglah sebuah judul penelitian yang spesifik untuk kasus yang diangkat oleh kelompok Andi, setelah mereka selesai me",C6-Mencipta,5.0,
globalisasi dan ekonomi,topic_coarse,Globalisasi dan Ekonomi,,,
pemanfaatan revolusi industri 4.0,topic_fine,Pemanfaatan Revolusi Industri 4.0,,,
pembangunan ekonomi lokal,concept,Pembangunan Ekonomi Lokal,C6-Mencipta,5.0,1.0
konektivitas digital,concept,Konektivitas Digital,C6-Mencipta,5.0,1.0
q_5c0c31925d,question,Buatlah sebuah skenario singkat tentang bagaimana sebuah desa terpencil di Indonesia dapat memanfaatkan globalisasi era ,C6-Mencipta,5.0,
konsep revolusi industri 4.0,concept,Konsep Revolusi Industri 4.0,,,
strategi pengembangan umkm,concept,Strategi Pengembangan UMKM,,,
dampak teknologi terhadap masyarakat,concept,Dampak Teknologi terhadap Masyarakat,,,
penambahan tujuan sdg,topic_fine,Penambahan Tujuan SDG,,,
tantangan generasi muda,concept,Tantangan generasi muda,C6-Mencipta,5.0,1.0
sintesis/kreasi solusi,concept,Sintesis/Kreasi solusi,C6-Mencipta,5.0,1.0
q_4ef5389890,question,"Jika Anda diminta untuk menambahkan SDG ke-18 yang relevan dengan tantangan generasi muda saat ini, apa nama tujuan ters",C6-Mencipta,5.0,
pemahaman tentang isi 17 poin sdgs,concept,Pemahaman tentang isi 17 poin SDGs,,,
perumusan kebijakan pembangunan berkelanjutan,concept,Perumusan kebijakan pembangunan berkelanjutan,,,
toponimi dan studi,topic_coarse,Toponimi dan Studi,,,
metode penelusuran toponimi,topic_fine,Metode Penelusuran Toponimi,,,
cara menelusuri toponimi,concept,Cara Menelusuri Toponimi,C6-Mencipta,5.0,1.0
konsep infografis,concept,Konsep Infografis,C6-Mencipta,5.0,1.0
pemilihan ikon,concept,Pemilihan Ikon,C6-Mencipta,5.0,1.0
deskripsi singkat,concept,Deskripsi Singkat,C6-Mencipta,5.0,1.0
q_b077e83366,question,Kembangkan sebuah konsep infografis untuk menjelaskan 5 cara menelusuri toponimi kepada teman sebaya Anda. Tentukan judu,C6-Mencipta,5.0,
pemahaman dasar toponimi,concept,Pemahaman Dasar Toponimi,,,
pembuatan karya visual,concept,Pembuatan Karya Visual,,,
pemberontakan di/tii aceh,topic_fine,Pemberontakan DI/TII Aceh,C6-Mencipta,5.0,1.0
penyebab ketidakpuasan daerah,concept,Penyebab ketidakpuasan daerah,C6-Mencipta,5.0,1.0
solusi non-militer,concept,Solusi non-militer,C6-Mencipta,5.0,1.0
pemerintah pusat,concept,Pemerintah pusat,C6-Mencipta,5.0,1.0
q_1c6334f262,question,Usulkan sebuah solusi non-militer yang mungkin bisa ditempuh pemerintah pusat untuk menghentikan pemberontakan DI/TII Ac,C6-Mencipta,5.0,
latar belakang era demokrasi liberal,concept,Latar belakang Era Demokrasi Liberal,,,
analisis kebijakan pemerintah pusat,concept,Analisis kebijakan pemerintah pusat,,,
studi kasus konflik daerah,concept,Studi kasus konflik daerah,,,
kerangka proposal kegiatan,concept,Kerangka Proposal Kegiatan,C6-Mencipta,5.0,1.0
identifikasi isu sosial,concept,Identifikasi Isu Sosial,C6-Mencipta,5.0,1.0
q_f301920942,question,Buatlah sebuah kerangka proposal kegiatan sederhana untuk mengatasi isu 'anak putus sekolah' di lingkungan Anda. Proposa,C6-Mencipta,5.0,
"tahapan aksi sosial (merencanakan, melaksanakan, monitoring, mengevaluasi)",concept,"Tahapan Aksi Sosial (Merencanakan, Melaksanakan, Monitoring, Mengevaluasi)",,,
pelaksanaan kegiatan,concept,Pelaksanaan Kegiatan,,,
globalisasi dan isu global,topic_coarse,Globalisasi dan Isu Global,,,
simulasi forum multilateral sekolah,topic_fine,Simulasi Forum Multilateral Sekolah,,,
globalisasi dan kesejahteraan ekonomi,concept,Globalisasi dan Kesejahteraan Ekonomi,C6-Mencipta,5.0,1.0
kerja sama antarnegara (g20),concept,Kerja Sama Antarnegara (G20),C6-Mencipta,5.0,1.0
pemecahan isu global (sampah plastik),concept,Pemecahan Isu Global (Sampah Plastik),C6-Mencipta,5.0,1.0
simulasi peran delegasi,concept,Simulasi Peran Delegasi,C6-Mencipta,5.0,1.0
q_913b98351c,question,"Gagaskan sebuah ide acara di tingkat sekolah yang dapat mensimulasikan forum G20, di mana siswa berperan sebagai delegas",C6-Mencipta,5.0,
peran organisasi internasional,concept,Peran Organisasi Internasional,,,
analisis kebijakan internasional,concept,Analisis Kebijakan Internasional,,,
desain proyek edukasi,concept,Desain Proyek Edukasi,,,
demografi dan kebijakan,topic_coarse,Demografi dan Kebijakan,,,
pengelolaan dampak pertumbuhan penduduk,topic_fine,Pengelolaan Dampak Pertumbuhan Penduduk,,,
dampak pertumbuhan penduduk cepat,concept,Dampak Pertumbuhan Penduduk Cepat,C6-Mencipta,5.0,1.0
pendidikan anak usia dini (paud),concept,Pendidikan Anak Usia Dini (PAUD),C6-Mencipta,5.0,1.0
q_972a091a56,question,Rancanglah sebuah program sederhana untuk pemerintah desa yang bertujuan mengelola dampak negatif dari pertumbuhan pendu,C6-Mencipta,5.0,
perencanaan pembangunan daerah,concept,Perencanaan Pembangunan Daerah,,,
kebijakan keluarga berencana,concept,Kebijakan Keluarga Berencana,,,
alur interaksi pelaku ekonomi,topic_fine,Alur Interaksi Pelaku Ekonomi,,,
"pelaku ekonomi (rtk, rtp, pemerintah)",concept,"Pelaku Ekonomi (RTK, RTP, Pemerintah)",C6-Mencipta,5.0,1.0
alur interaksi ekonomi,concept,Alur Interaksi Ekonomi,C6-Mencipta,5.0,1.0
konsumsi dan distribusi,concept,Konsumsi dan Distribusi,C6-Mencipta,5.0,1.0
peran pemerintah (pajak),concept,Peran Pemerintah (Pajak),C6-Mencipta,5.0,1.0
q_506183928a,question,"Rancanglah sebuah diagram sederhana yang menggambarkan alur interaksi ekonomi antara sebuah warung sembako (RTP), seoran",C6-Mencipta,5.0,
model arus ekonomi,concept,Model Arus Ekonomi,,,
adaptasi umkm era industri 4.0,topic_fine,Adaptasi UMKM Era Industri 4.0,,,
adaptasi umkm,concept,Adaptasi UMKM,C6-Mencipta,5.0,1.0
proposal program pemerintah daerah,concept,Proposal Program Pemerintah Daerah,C6-Mencipta,5.0,1.0
persaingan bisnis,concept,Persaingan Bisnis,C6-Mencipta,5.0,1.0
q_f58c6cff43,question,"Ciptakan sebuah proposal program untuk pemerintah daerah guna mempersiapkan UMKM (Usaha Mikro, Kecil, dan Menengah) agar",C6-Mencipta,5.0,
peran umkm,concept,Peran UMKM,,,
strategi implementasi teknologi industri 4.0,concept,Strategi Implementasi Teknologi Industri 4.0,,,
kebijakan pembangunan daerah,concept,Kebijakan Pembangunan Daerah,,,
konsep program migrasi baru,topic_fine,Konsep Program Migrasi Baru,,,
transmigrasi digital,concept,Transmigrasi Digital,C6-Mencipta,5.0,1.0
q_9e35874b33,question,"Ciptakan sebuah konsep program migrasi baru yang disebut 'Transmigrasi Digital', yang bertujuan mengurangi kepadatan fis",C6-Mencipta,5.0,
analisis kebijakan pembangunan wilayah,concept,Analisis Kebijakan Pembangunan Wilayah,,,
skenario konflik kesenjangan sosial-ekonomi,topic_fine,Skenario konflik kesenjangan sosial-ekonomi,,,
kesenjangan sosial-ekonomi,concept,Kesenjangan sosial-ekonomi,C6-Mencipta,5.0,1.0
penyebab konflik (uu),concept,Penyebab konflik (UU),C6-Mencipta,5.0,1.0
penciptaan skenario,concept,Penciptaan skenario,C6-Mencipta,5.0,1.0
q_0fff3652a2,question,Buatlah sebuah skenario singkat tentang konflik yang terjadi di lingkungan sekolah yang berakar dari 'kesenjangan sosial,C6-Mencipta,5.0,
konsep kesenjangan sosial-ekonomi,concept,Konsep kesenjangan sosial-ekonomi,,,
analisis dampak konflik,concept,Analisis dampak konflik,,,
budaya dan keragaman,topic_coarse,Budaya dan Keragaman,,,
skenario cerita pendek lintas budaya,topic_fine,Skenario cerita pendek lintas budaya,,,
saling menghargai budaya,concept,Saling Menghargai Budaya,C6-Mencipta,5.0,1.0
adaptasi lintas wilayah,concept,Adaptasi Lintas Wilayah,C6-Mencipta,5.0,1.0
q_e5eb2f816e,question,Gambarkan sebuah skenario cerita pendek tentang pertemuan dua orang dari wilayah dengan iklim yang sangat berbeda di Ind,C6-Mencipta,5.0,
pemahaman konsep budaya,concept,Pemahaman Konsep Budaya,,,
analisis perbandingan budaya,concept,Analisis Perbandingan Budaya,,,
penerapan nilai toleransi,concept,Penerapan Nilai Toleransi,,,
ekologi bioma,topic_coarse,Ekologi Bioma,,,
rantai makanan bioma tundra,topic_fine,Rantai Makanan Bioma Tundra,,,
tingkat trofik,concept,Tingkat Trofik,C6-Mencipta,5.0,1.0
produksi primer,concept,Produksi Primer,C6-Mencipta,5.0,1.0
q_e02e2a4147,question,"Buatlah sebuah sketsa rantai makanan sederhana yang mungkin terjadi di bioma Tundra selama musim panas yang singkat, mel",C6-Mencipta,5.0,
konsep dasar ekologi,concept,Konsep Dasar Ekologi,,,
adaptasi organisme,concept,Adaptasi Organisme,,,
kebijakan proteksi dan impor,topic_fine,Kebijakan Proteksi dan Impor,,,
larangan impor total,concept,Larangan Impor Total,C6-Mencipta,5.0,1.0
kombinasi kebijakan moderat,concept,Kombinasi Kebijakan Moderat,C6-Mencipta,5.0,1.0
q_1b7bdf0833,question,"Susunlah sebuah argumen tandingan untuk menolak kebijakan larangan impor total terhadap produk elektronik, dengan mengus",C6-Mencipta,5.0,
kebijakan non-protektif,concept,Kebijakan Non-Protektif,,,
perancangan paket kebijakan moneter,topic_fine,Perancangan Paket Kebijakan Moneter,,,
q_167e7bed70,question,"Rancanglah sebuah paket kebijakan moneter (menggunakan ketiga instrumen) untuk mengatasi ""hiperinflasi""!",C6-Mencipta,5.0,
jenis-jenis kebijakan moneter (ekspansif dan kontraktif),concept,Jenis-jenis Kebijakan Moneter (Ekspansif dan Kontraktif),,,
siklus bisnis dan kebijakan moneter,concept,Siklus Bisnis dan Kebijakan Moneter,,,
dampak infrastruktur terhadap demografi,topic_fine,Dampak Infrastruktur terhadap Demografi,,,
akses infrastruktur dasar,concept,Akses Infrastruktur Dasar,C6-Mencipta,5.0,1.0
q_57c2af84fb,question,"Buatlah sebuah hipotesis mengenai dampak jangka panjang terhadap ""Kondisi Demografi"" (Faktor 1) jika ""Akses Infrastruktu",C6-Mencipta,5.0,
faktor penyebab kesenjangan,concept,Faktor penyebab kesenjangan,,,
klasifikasi dan pemanfaatan sda,topic_fine,Klasifikasi dan Pemanfaatan SDA,,,
konsep hutan agro-konservasi,concept,Konsep Hutan Agro-Konservasi,C6-Mencipta,5.0,1.0
fungsi produksi dan konservasi,concept,Fungsi Produksi dan Konservasi,C6-Mencipta,5.0,1.0
q_06de977987,question,Buatlah sebuah proposal untuk jenis hutan baru bernama 'Hutan Agro-Konservasi' yang menggabungkan fungsi produksi (perta,C6-Mencipta,5.0,
neraca pembayaran dan jasa,topic_fine,Neraca Pembayaran dan Jasa,,,
surplus neraca jasa,concept,Surplus Neraca Jasa,C6-Mencipta,5.0,1.0
inovasi kebijakan ekonomi,concept,Inovasi Kebijakan Ekonomi,C6-Mencipta,5.0,1.0
q_1b932ddeff,question,"Rancanglah sebuah program pemerintah yang inovatif untuk meningkatkan surplus pada komponen Neraca Jasa, di luar sektor ",C6-Mencipta,5.0,
sejarah pembentukan negara,topic_coarse,Sejarah Pembentukan Negara,,,
struktur pembagian wilayah alternatif,topic_fine,Struktur Pembagian Wilayah Alternatif,,,
struktur pemerintahan,concept,Struktur Pemerintahan,C6-Mencipta,5.0,1.0
pembagian wilayah,concept,Pembagian Wilayah,C6-Mencipta,5.0,1.0
q_499c093f3a,question,Rancanglah sebuah struktur alternatif pembagian wilayah selain 8 provinsi yang mungkin bisa dipertimbangkan PPKI!,C6-Mencipta,5.0,
kampanye sosial dan audiensi publik,topic_fine,Kampanye Sosial dan Audiensi Publik,,,
q_571c632728,question,Gagaskan sebuah format acara baru yang menggabungkan jangkauan luas dari 'kampanye sosial' dengan interaktivitas dari 'a,C6-Mencipta,5.0,
harmoni sosial era digital,topic_coarse,Harmoni Sosial Era Digital,,,
kategori isu sosial baru,topic_fine,Kategori Isu Sosial Baru,,,
isu sosial baru,concept,Isu Sosial Baru,C6-Mencipta,5.0,1.0
q_81908a9a65,question,"Gagaslah sebuah kategori isu sosial baru selain empat yang sudah disebutkan (Lingkungan, Pendidikan, Ekonomi, Sosial Bud",C6-Mencipta,5.0,
empat langkah harmoni sosial,concept,Empat Langkah Harmoni Sosial,,,
perencanaan isu sosial,concept,Perencanaan Isu Sosial,,,
analisis isu digital,concept,Analisis Isu Digital,,,
dampak sosial politik dan organisasi,topic_fine,Dampak Sosial Politik dan Organisasi,,,
seinendan,concept,Seinendan,C6-Mencipta,5.0,1.0
kekhawatiran romusha,concept,Kekhawatiran Romusha,C6-Mencipta,5.0,1.0
konflik generasi,concept,Konflik Generasi,C6-Mencipta,5.0,1.0
q_462868ac86,question,Buatlah sebuah naskah dialog singkat antara seorang pemuda yang ingin bergabung dengan Seinendan karena tergiur propagan,C6-Mencipta,5.0,
peran pemuda,concept,Peran Pemuda,,,
perubahan modal pengusaha mikro,topic_fine,Perubahan Modal Pengusaha Mikro,,,
q_23389966c1,question,"Prediksikan bagaimana ""Ekonomi Digital"" akan mengubah cara ""pengusaha mikro"" mendapatkan modal dalam 10 tahun ke depan!",C6-Mencipta,5.0,
dampak ekonomi digital pada umkm,concept,Dampak Ekonomi Digital pada UMKM,,,
transisi demokrasi parlementer ke terpimpin,topic_fine,Transisi Demokrasi Parlementer ke Terpimpin,,,
faktor pemicu transisi,concept,Faktor Pemicu Transisi,C6-Mencipta,5.0,1.0
proses transisi,concept,Proses Transisi,C6-Mencipta,5.0,1.0
q_d893a065c3,question,Rancanglah sebuah bagan alur (flowchart) yang menggambarkan proses transisi dari sistem Demokrasi Parlementer ke Demokra,C6-Mencipta,5.0,
sistem pemerintahan orde baru,concept,Sistem Pemerintahan Orde Baru,,,
inovasi mesin perontok padi,topic_fine,Inovasi Mesin Perontok Padi,,,
ekonomi ramah lingkungan,concept,Ekonomi Ramah Lingkungan,C6-Mencipta,5.0,1.0
q_83835e18a3,question,Gagaskan sebuah inovasi untuk menggantikan penggunaan mesin perontok padi tradisional yang dapat mengatasi kelangkaan mo,C6-Mencipta,5.0,
implementasi solusi inovatif,concept,Implementasi Solusi Inovatif,,,
analisis dampak teknologi pertanian,concept,Analisis Dampak Teknologi Pertanian,,,
penggunaan laporan laba rugi,topic_fine,Penggunaan Laporan Laba Rugi,,,
pengambilan keputusan manajerial,concept,Pengambilan Keputusan Manajerial,C6-Mencipta,5.0,1.0
promosi,concept,Promosi,C6-Mencipta,5.0,1.0
efisiensi biaya,concept,Efisiensi Biaya,C6-Mencipta,5.0,1.0
q_a304b7b9a0,question,Gambarkan sebuah diagram alir (flowchart) yang menunjukkan bagaimana seorang manajer dapat menggunakan Laporan Laba Rugi,C6-Mencipta,5.0,
pemahaman laporan keuangan,concept,Pemahaman Laporan Keuangan,,,
pengambilan keputusan strategis,concept,Pengambilan Keputusan Strategis,,,
sosiologi/konsep globalisasi,topic_coarse,Sosiologi/Konsep Globalisasi,,,
definisi alternatif globalisasi,topic_fine,Definisi Alternatif Globalisasi,,,
pertukaran (guillen),concept,Pertukaran (Guillen),C6-Mencipta,5.0,1.0
likuiditas (ritzer),concept,Likuiditas (Ritzer),C6-Mencipta,5.0,1.0
q_fb26e0e41f,question,Rancanglah sebuah definisi globalisasi alternatif yang menggabungkan ide 'pertukaran' dari Guillen dan 'likuiditas' dari,C6-Mencipta,5.0,
konsep pertukaran,concept,Konsep Pertukaran,,,
konsep likuiditas,concept,Konsep Likuiditas,,,
studi kasus globalisasi,concept,Studi Kasus Globalisasi,,,
strategi kritik propaganda,topic_fine,Strategi Kritik Propaganda,,,
propaganda kawasan kemakmuran bersama asia timur raya,concept,Propaganda Kawasan Kemakmuran Bersama Asia Timur Raya,C6-Mencipta,5.0,1.0
kritik terselubung,concept,Kritik Terselubung,C6-Mencipta,5.0,1.0
diplomasi tandingan,concept,Diplomasi Tandingan,C6-Mencipta,5.0,1.0
q_ff3ea4afea,question,Buatlah sebuah kerangka pidato tandingan dari seorang tokoh nasionalis Indonesia yang secara terselubung mengkritik prop,C6-Mencipta,5.0,
pemahaman latar belakang ekspansi jepang,concept,Pemahaman latar belakang ekspansi Jepang,,,
analisis strategi diplomasi,concept,Analisis strategi diplomasi,,,
studi kasus perlawanan politik,concept,Studi kasus perlawanan politik,,,
perancangan kerangka penelitian sejarah,topic_fine,Perancangan Kerangka Penelitian Sejarah,,,
kerangka penelitian sejarah,concept,Kerangka Penelitian Sejarah,C6-Mencipta,5.0,1.0
tahap heuristik,concept,Tahap Heuristik,C6-Mencipta,5.0,1.0
q_fe175e85ca,question,Rancanglah sebuah kerangka penelitian sederhana untuk topik 'Sejarah Gedung Sekolahmu Sejak Didirikan Hingga Sekarang'. ,C6-Mencipta,5.0,
perancangan,method,Perancangan,,,
identifikasi,method,Identifikasi,,,
tahap kritik sumber,concept,Tahap Kritik Sumber,,,
tahap interpretasi,concept,Tahap Interpretasi,,,
interaksi permintaan dan penawaran,topic_fine,Interaksi Permintaan dan Penawaran,,,
prediksi pasar,concept,Prediksi Pasar,C6-Mencipta,5.0,1.0
q_55030539c8,question,Gambarkan sebuah diagram alur (flowchart) sederhana yang menunjukkan bagaimana informasi tentang 'prediksi kenaikan harg,C6-Mencipta,5.0,
kurva permintaan dan penawaran,concept,Kurva Permintaan dan Penawaran,,,
analisis elastisitas permintaan,concept,Analisis Elastisitas Permintaan,,,
model penentuan harga pasar,concept,Model Penentuan Harga Pasar,,,
geografi wilayah,topic_coarse,Geografi Wilayah,,,
sistem perwilayahan formal,topic_fine,Sistem Perwilayahan Formal,,,
potensi wisata,concept,Potensi Wisata,C6-Mencipta,5.0,1.0
kategorisasi wilayah,concept,Kategorisasi Wilayah,C6-Mencipta,5.0,1.0
q_36d1fa672b,question,Gagaslah sebuah sistem perwilayahan formal untuk provinsi Anda berdasarkan 'potensi wisata'. Ciptakan minimal tiga kateg,C6-Mencipta,5.0,
pajak dan konsep dasar,topic_coarse,Pajak dan Konsep Dasar,,,
pentingnya pajak dalam kehidupan,topic_fine,Pentingnya Pajak dalam Kehidupan,,,
fungsi pajak (penerimaan negara),concept,Fungsi Pajak (Penerimaan Negara),C6-Mencipta,5.0,1.0
sikap terhadap pajak,concept,Sikap terhadap Pajak,C6-Mencipta,5.0,1.0
pentingnya kontribusi pajak,concept,Pentingnya Kontribusi Pajak,C6-Mencipta,5.0,1.0
q_dca022107a,question,"Buatlah sebuah cerita naratif pendek tentang seorang siswa yang awalnya tidak peduli tentang pajak, kemudian menyadari p",C6-Mencipta,5.0,
pemahaman dasar mengenai definisi dan ciri-ciri pajak,concept,Pemahaman dasar mengenai definisi dan ciri-ciri pajak,,,
studi kasus implementasi pajak,concept,Studi kasus implementasi pajak,,,
penciptaan cerita legenda,topic_fine,Penciptaan Cerita Legenda,,,
q_8ffa0c7203,question,"Ciptakan sebuah cerita legenda baru yang berasal dari lingkungan sekitarmu (misalnya, tentang sebuah pohon tua, bukit, a",C6-Mencipta,5.0,
analisis cerita rakyat,concept,Analisis Cerita Rakyat,,,
penulisan narasi sejarah,concept,Penulisan Narasi Sejarah,,,
verifikasi kebenaran historis sumber,topic_fine,Verifikasi Kebenaran Historis Sumber,,,
peristiwa sejarah,concept,Peristiwa Sejarah,C6-Mencipta,5.0,1.0
"ciri-ciri sejarah (unik, abadi, penting)",concept,"Ciri-ciri Sejarah (Unik, Abadi, Penting)",C6-Mencipta,5.0,1.0
q_5782de87bf,question,Rancanglah sebuah proposal penelitian sederhana untuk memverifikasi kebenaran historis dari cerita 'Batu Mamberoki dan T,C6-Mencipta,5.0,
mencipta (merancang proposal penelitian),method,Mencipta (Merancang Proposal Penelitian),,,
penulisan karya ilmiah sejarah,concept,Penulisan Karya Ilmiah Sejarah,,,
kerangka rencana tata ruang wilayah,topic_fine,Kerangka Rencana Tata Ruang Wilayah,,,
indeks kebahagiaan penduduk,concept,Indeks kebahagiaan penduduk,C6-Mencipta,5.0,1.0
q_d3c489b2af,question,Buatlah sebuah kerangka Rencana Tata Ruang Wilayah (RTRW) sederhana untuk sebuah kota baru yang memprioritaskan indeks k,C6-Mencipta,5.0,
implementasi paradigma pengembangan wilayah,concept,Implementasi paradigma pengembangan wilayah,,,
analisis kebijakan tata ruang,concept,Analisis kebijakan tata ruang,,,
dampak variabel ekonomi terhadap upah,topic_fine,Dampak Variabel Ekonomi terhadap Upah,,,
q_c98a142f82,question,"Prediksikan apa yang akan terjadi pada tingkat upah jika ""pertumbuhan ekonomi"" suatu daerah negatif, namun ""inflasi"" san",C6-Mencipta,5.0,
konsep dasar upah dan sistem pemberian upah,concept,Konsep dasar upah dan sistem pemberian upah,,,
pemahaman mengenai hubungan antara pertumbuhan ekonomi dan inflasi,concept,Pemahaman mengenai hubungan antara pertumbuhan ekonomi dan inflasi,,,
analisis kebijakan fiskal dan moneter,concept,Analisis kebijakan fiskal dan moneter,,,
pemodelan ekonomi makro,concept,Pemodelan ekonomi makro,,,
panduan identifikasi berita hoaks,topic_fine,Panduan Identifikasi Berita Hoaks,,,
identifikasi berita hoaks,concept,Identifikasi Berita Hoaks,C6-Mencipta,5.0,1.0
panduan 3 langkah,concept,Panduan 3 Langkah,C6-Mencipta,5.0,1.0
pengguna media sosial pemula,concept,Pengguna Media Sosial Pemula,C6-Mencipta,5.0,1.0
q_9b6148d139,question,"Buatlah sebuah konsep infografis yang berisi panduan 3 langkah untuk mengidentifikasi berita hoaks, yang ditujukan bagi ",C6-Mencipta,5.0,
pemahaman masyarakat digital,concept,Pemahaman Masyarakat Digital,,,
pembuatan konten edukasi,concept,Pembuatan Konten Edukasi,,,
etika berkomunikasi digital,concept,Etika Berkomunikasi Digital,,,
produk domestik bruto (pdb/gdp),concept,Produk Domestik Bruto (PDB/GDP),C6-Mencipta,5.0,1.0
kredit lunak,concept,Kredit Lunak,C6-Mencipta,5.0,2.0
peningkatan pdb lokal,concept,Peningkatan PDB Lokal,C6-Mencipta,5.0,1.0
q_83b9bb6a65,question,Bayangkan Anda adalah seorang kepala desa. Buatlah sebuah proposal singkat (3-4 kalimat) kepada pemerintah daerah untuk ,C6-Mencipta,5.0,
konsep pembangunan dan indikator ekonomi,concept,Konsep Pembangunan dan Indikator Ekonomi,,,
analisis kebijakan fiskal lokal,concept,Analisis Kebijakan Fiskal Lokal,,,
perumusan proposal pemerintah,concept,Perumusan Proposal Pemerintah,,,
pengelolaan keuangan aplikasi mobile,topic_fine,Pengelolaan Keuangan Aplikasi Mobile,,,
pemanfaatan bonus demografi,concept,Pemanfaatan Bonus Demografi,C6-Mencipta,5.0,1.0
aplikasi mobile sederhana,concept,Aplikasi Mobile Sederhana,C6-Mencipta,5.0,1.0
q_91b89f93a2,question,Ciptakan sebuah konsep aplikasi mobile sederhana yang dapat membantu generasi muda mengelola keuangan mereka secara efek,C6-Mencipta,5.0,
konsep dasar keuangan pribadi,concept,Konsep Dasar Keuangan Pribadi,,,
desain antarmuka aplikasi,concept,Desain Antarmuka Aplikasi,,,
analisis kebutuhan pengguna,concept,Analisis Kebutuhan Pengguna,,,
kampanye promosi keragaman budaya,topic_fine,Kampanye Promosi Keragaman Budaya,,,
kebudayaan indonesia,concept,Kebudayaan Indonesia,C6-Mencipta,5.0,1.0
slogan kampanye,concept,Slogan Kampanye,C6-Mencipta,5.0,2.0
program media sosial,concept,Program Media Sosial,C6-Mencipta,5.0,1.0
kebanggaan keragaman,concept,Kebanggaan Keragaman,C6-Mencipta,5.0,1.0
q_ba5640e2e0,question,Ciptakan sebuah slogan dan tiga poin program untuk kampanye media sosial yang ditujukan bagi remaja untuk mempromosikan ,C6-Mencipta,5.0,
analisis dampak kebudayaan,concept,Analisis Dampak Kebudayaan,,,
alokasi dana pusat ke daerah,topic_fine,Alokasi Dana Pusat ke Daerah,,,
ketidakseimbangan relasi pusat-daerah,concept,Ketidakseimbangan Relasi Pusat-Daerah,C6-Mencipta,5.0,1.0
kebijakan alokasi dana yang adil,concept,Kebijakan Alokasi Dana yang Adil,C6-Mencipta,5.0,1.0
q_6ee860520a,question,Rancanglah sebuah kebijakan alokasi dana (Pusat ke Daerah) yang adil untuk mencegah terulangnya pemberontakan seperti PR,C6-Mencipta,5.0,
dampak kebijakan otonomi daerah,concept,Dampak Kebijakan Otonomi Daerah,,,
"bentuk kerja sama internasional (bilateral, regional, multilateral)",concept,"Bentuk kerja sama internasional (Bilateral, Regional, Multilateral)",C6-Mencipta,5.0,1.0
perlindungan pekerja migran indonesia (pmi),concept,Perlindungan Pekerja Migran Indonesia (PMI),C6-Mencipta,5.0,1.0
rekomendasi kebijakan strategis,concept,Rekomendasi kebijakan strategis,C6-Mencipta,5.0,1.0
q_5ec1c23bd8,question,Formulasikan sebuah rekomendasi kebijakan yang terdiri dari dua langkah strategis untuk pemerintah Indonesia guna mening,C6-Mencipta,5.0,
pemahaman mengenai jenis-jenis kerja sama internasional,concept,Pemahaman mengenai jenis-jenis kerja sama internasional,,,
perumusan strategi diplomasi,concept,Perumusan strategi diplomasi,,,
perjanjian kerja sama dagang tokoh lokal,topic_fine,Perjanjian Kerja Sama Dagang Tokoh Lokal,,,
pedagang banten,concept,Pedagang Banten,C6-Mencipta,5.0,1.0
perjanjian kerja sama dagang,concept,Perjanjian Kerja Sama Dagang,C6-Mencipta,5.0,1.0
dialog imajiner,concept,Dialog Imajiner,C6-Mencipta,5.0,1.0
q_d8c2516ba9,question,Tulislah sebuah dialog imajiner antara Ratu Kalinyamat dengan seorang pedagang dari Banten untuk menyepakati sebuah perj,C6-Mencipta,5.0,
analisis dampak perjanjian dagang,concept,Analisis dampak perjanjian dagang,,,
penulisan naskah dialog,concept,Penulisan naskah dialog,,,
pengelolaan lahan bekas tambang,topic_fine,Pengelolaan Lahan Bekas Tambang,,,
transformasi lahan bekas tambang,concept,Transformasi Lahan Bekas Tambang,C6-Mencipta,5.0,1.0
penciptaan sda ruang dan hayati baru,concept,Penciptaan SDA Ruang dan Hayati Baru,C6-Mencipta,5.0,1.0
q_4115f94e98,question,Susunlah sebuah rencana sederhana untuk mengubah lahan bekas tambang yang tidak produktif menjadi kawasan yang memiliki ,C6-Mencipta,5.0,
perencanaan sederhana,method,Perencanaan Sederhana,,,
rencana pengembangan lingkungan,concept,Rencana Pengembangan Lingkungan,,,
ekologi lanskap,concept,Ekologi Lanskap,,,
perkembangan konferensi kolombo ke kaa bandung,topic_fine,Perkembangan Konferensi Kolombo ke KAA Bandung,,,
konferensi kolombo,concept,Konferensi Kolombo,C6-Mencipta,5.0,1.0
konferensi asia afrika (kaa) bandung,concept,Konferensi Asia Afrika (KAA) Bandung,C6-Mencipta,5.0,1.0
hipotesis/sintesis,concept,Hipotesis/Sintesis,C6-Mencipta,5.0,1.0
q_29b3c10b3c,question,"Buatlah hipotesis, mengapa Konferensi Kolombo (diinisiasi Ali Sastroamidjojo) berlanjut menjadi KAA yang lebih besar di ",C6-Mencipta,5.0,
dampak politik luar negeri indonesia pasca kaa,concept,Dampak Politik Luar Negeri Indonesia pasca KAA,,,
peran indonesia dalam gerakan non-blok,concept,Peran Indonesia dalam Gerakan Non-Blok,,,
ekowisata dan lingkungan,topic_coarse,Ekowisata dan Lingkungan,,,
pengembangan ekowisata rawa kalimantan,topic_fine,Pengembangan ekowisata rawa Kalimantan,,,
manfaat ekonomi masyarakat lokal,concept,Manfaat ekonomi masyarakat lokal,C6-Mencipta,5.0,1.0
kelestarian ekosistem,concept,Kelestarian ekosistem,C6-Mencipta,5.0,1.0
q_55ad0faa35,question,Buatlah sebuah proposal sederhana untuk pengembangan ekowisata di kawasan rawa-rawa Kalimantan yang dapat memberikan man,C6-Mencipta,5.0,
konsep ekowisata,concept,Konsep ekowisata,,,
aspek konservasi lingkungan,concept,Aspek konservasi lingkungan,,,
perencanaan proyek berkelanjutan,concept,Perencanaan proyek berkelanjutan,,,
analisis dampak ekowisata,concept,Analisis dampak ekowisata,,,
perancangan kurikulum masa pendudukan,topic_fine,Perancangan Kurikulum Masa Pendudukan,,,
"indoktrinasi jepang (taiso, bahasa jepang)",concept,"Indoktrinasi Jepang (Taiso, Bahasa Jepang)",C6-Mencipta,5.0,1.0
penanaman nasionalisme terselubung (sejarah lokal),concept,Penanaman Nasionalisme Terselubung (Sejarah Lokal),C6-Mencipta,5.0,1.0
penggunaan bahasa indonesia,concept,Penggunaan Bahasa Indonesia,C6-Mencipta,5.0,1.0
keseimbangan kurikulum,concept,Keseimbangan Kurikulum,C6-Mencipta,5.0,1.0
q_61f72d0a34,question,Rancanglah sebuah konsep kurikulum satu hari di sekolah pada masa pendudukan Jepang yang secara seimbang menunjukkan ind,C6-Mencipta,5.0,
strategi perlawanan nasionalisme,concept,Strategi Perlawanan Nasionalisme,,,
pembentukan identitas nasional,concept,Pembentukan Identitas Nasional,,,
konservasi air bersih,topic_fine,Konservasi Air Bersih,,,
keterbatasan air tawar,concept,Keterbatasan Air Tawar,C6-Mencipta,5.0,1.0
penghematan air,concept,Penghematan Air,C6-Mencipta,5.0,1.0
q_227f905b1a,question,"Ciptakan sebuah slogan kampanye yang efektif untuk mengajak masyarakat menghemat penggunaan air bersih, dengan mempertim",C6-Mencipta,5.0,
solusi pengelolaan sumber daya air,concept,Solusi Pengelolaan Sumber Daya Air,,,
peran dwifungsi abri,topic_fine,Peran Dwifungsi ABRI,,,
q_3ea945663b,question,"Buatlah hipotesis, mengapa militer (ABRI) mau menerima peran Dwifungsi (sosial-politik)!",C6-Mencipta,5.0,
konsep stabilitas politik orde baru,concept,Konsep Stabilitas Politik Orde Baru,,,
implikasi dwifungsi abri,concept,Implikasi Dwifungsi ABRI,,,
faktor-faktor interaksi wilayah,topic_fine,Faktor-faktor Interaksi Wilayah,,,
saling melengkapi (regional complementarity),concept,Saling Melengkapi (Regional Complementarity),C6-Mencipta,5.0,1.0
interaksi,concept,Interaksi,C6-Mencipta,5.0,1.0
q_9cb8b8aa20,question,"Rancanglah sebuah skenario fiktif yang melibatkan tiga wilayah (misalnya, Wilayah Hutan, Wilayah Tambang, dan Wilayah Pe",C6-Mencipta,5.0,
dampak interaksi wilayah,concept,Dampak Interaksi Wilayah,,,
teori interaksi wilayah lainnya,concept,Teori Interaksi Wilayah Lainnya,,,
karakteristik dan klasifikasi hutan,topic_fine,Karakteristik dan Klasifikasi Hutan,,,
"definisi hutan (luas, tinggi pohon, tutupan kanopi)",concept,"Definisi Hutan (luas, tinggi pohon, tutupan kanopi)",C6-Mencipta,5.0,1.0
konsep hutan kota mini,concept,Konsep Hutan Kota Mini,C6-Mencipta,5.0,1.0
"kriteria hutan (luas, tinggi pohon, tutupan kanopi)",concept,"Kriteria Hutan (luas, tinggi pohon, tutupan kanopi)",C6-Mencipta,5.0,1.0
q_b682b0096e,question,"Berdasarkan definisi hutan yang ada (luas, tinggi pohon, tutupan kanopi), rancanglah sebuah konsep 'hutan kota' mini unt",C6-Mencipta,5.0,
perancangan lingkungan berkelanjutan,concept,Perancangan Lingkungan Berkelanjutan,,,
konsep konservasi lingkungan,concept,Konsep Konservasi Lingkungan,,,
kampanye sdg 6 di sekolah,topic_fine,Kampanye SDG 6 di Sekolah,,,
perancangan slogan,concept,Perancangan Slogan,C6-Mencipta,5.0,1.0
perancangan kegiatan kampanye,concept,Perancangan Kegiatan Kampanye,C6-Mencipta,5.0,1.0
q_cf0675a8fb,question,Rancanglah sebuah slogan dan tiga kegiatan utama untuk kampanye di sekolahmu yang bertujuan mempromosikan SDG 6 (Air Ber,C6-Mencipta,5.0,
perencanaan implementasi program,concept,Perencanaan implementasi program,,,
analisis dampak kampanye,concept,Analisis dampak kampanye,,,
ketimpangan ekonomi dan kemiskinan,topic_fine,Ketimpangan Ekonomi dan Kemiskinan,,,
lingkungan kerja kompetitif,concept,Lingkungan Kerja Kompetitif,C6-Mencipta,5.0,1.0
q_0cadd4f04b,question,"Tulislah sebuah narasi singkat (3-4 kalimat) dari sudut pandang seseorang yang tidak miskin secara absolut, namun terus-",C6-Mencipta,5.0,
pemahaman rasio gini,concept,Pemahaman Rasio Gini,,,
solusi pengurangan kemiskinan,concept,Solusi Pengurangan Kemiskinan,,,
lingkungan dan konservasi,topic_coarse,Lingkungan dan Konservasi,,,
kampanye perlindungan harimau,topic_fine,Kampanye Perlindungan Harimau,,,
pentingnya melindungi harimau,concept,Pentingnya melindungi harimau,C6-Mencipta,5.0,1.0
peran harimau sebagai penjaga ekosistem,concept,Peran harimau sebagai penjaga ekosistem,C6-Mencipta,5.0,1.0
konsep poster kampanye,concept,Konsep poster kampanye,C6-Mencipta,5.0,1.0
q_788bb8980a,question,Buatlah sebuah konsep poster kampanye untuk meningkatkan kesadaran masyarakat tentang pentingnya melindungi harimau seba,C6-Mencipta,5.0,
pemahaman ekosistem,concept,Pemahaman ekosistem,,,
desain media kampanye,concept,Desain media kampanye,,,
strategi advokasi lingkungan,concept,Strategi advokasi lingkungan,,,
pembatasan pers orde baru,topic_fine,Pembatasan Pers Orde Baru,,,
q_5786bf5501,question,"Buatlah hipotesis, mengapa rezim Orde Baru sangat takut pada pers bebas (sehingga membredel Tempo)!",C6-Mencipta,5.0,
dampak uu pers no. 40/1999,concept,Dampak UU Pers No. 40/1999,,,
perkembangan media pasca reformasi,concept,Perkembangan Media Pasca Reformasi,,,
geografi dan pertanian,topic_coarse,Geografi dan Pertanian,,,
pemodelan kalender tanam,topic_fine,Pemodelan Kalender Tanam,,,
siklus musim (hujan dan kemarau),concept,Siklus Musim (Hujan dan Kemarau),C6-Mencipta,5.0,1.0
rekomendasi jenis tanaman,concept,Rekomendasi Jenis Tanaman,C6-Mencipta,5.0,1.0
kegiatan pertanian,concept,Kegiatan Pertanian,C6-Mencipta,5.0,1.0
kalender tanam sederhana,concept,Kalender Tanam Sederhana,C6-Mencipta,5.0,1.0
q_f6304c2bad,question,"Kembangkan sebuah model kalender tanam sederhana untuk petani di Pulau Jawa, yang berisi rekomendasi jenis tanaman dan k",C6-Mencipta,5.0,
pemahaman tentang kondisi alam dan iklim,concept,Pemahaman tentang kondisi alam dan iklim,,,
pengetahuan tentang jenis tanaman pertanian,concept,Pengetahuan tentang jenis tanaman pertanian,,,
analisis dampak perubahan iklim terhadap pertanian,concept,Analisis dampak perubahan iklim terhadap pertanian,,,
perancangan sistem irigasi berbasis musim,concept,Perancangan sistem irigasi berbasis musim,,,
peran seniman dalam semangat juang rakyat,topic_fine,Peran Seniman dalam Semangat Juang Rakyat,,,
semangat juang rakyat,concept,Semangat Juang Rakyat,C6-Mencipta,5.0,1.0
peran seniman (ismail marzuki/chairil anwar),concept,Peran Seniman (Ismail Marzuki/Chairil Anwar),C6-Mencipta,5.0,1.0
q_f19ee47555,question,Prediksikan apa yang akan terjadi pada semangat juang rakyat jika tidak ada seniman seperti Ismail Marzuki atau Chairil ,C6-Mencipta,5.0,
dampak budaya dalam perjuangan,concept,Dampak Budaya dalam Perjuangan,,,
seni sebagai alat perlawanan,concept,Seni sebagai Alat Perlawanan,,,
microfinance dan pengentasan kemiskinan,topic_fine,Microfinance dan Pengentasan Kemiskinan,,,
pengentasan kemiskinan,concept,Pengentasan Kemiskinan,C6-Mencipta,5.0,1.0
layanan keuangan digital,concept,Layanan Keuangan Digital,C6-Mencipta,5.0,1.0
q_f6a7e6d060,question,"Buatlah sebuah hipotesis, bagaimana layanan ""Microfinance"" dapat secara langsung ""mendukung pengentasan kemiskinan""!",C6-Mencipta,5.0,
definisi microfinance,concept,Definisi Microfinance,,,
analisis dampak fintech,concept,Analisis Dampak Fintech,,,
model pengembangan produk keuangan sosial,concept,Model Pengembangan Produk Keuangan Sosial,,,
penanganan informasi hoaks,topic_fine,Penanganan Informasi Hoaks,,,
mekanisme penanganan,concept,Mekanisme Penanganan,C6-Mencipta,5.0,1.0
reformasi media,concept,Reformasi Media,C6-Mencipta,5.0,1.0
q_19ad840317,question,"Usulkan sebuah mekanisme (selain memblokir) untuk menangani ""informasi hoaks"" tanpa mencederai ""kebebasan berekspresi""!",C6-Mencipta,5.0,
pemahaman tentang kebebasan pers,concept,Pemahaman tentang kebebasan pers,,,
pemahaman tentang peran media dalam demokrasi,concept,Pemahaman tentang peran media dalam demokrasi,,,
etika jurnalisme,concept,Etika Jurnalisme,,,
konsep realisme kooperatif,topic_fine,Konsep Realisme Kooperatif,,,
kepentingan keamanan negara,concept,Kepentingan Keamanan Negara,C6-Mencipta,5.0,1.0
q_d9800bf51e,question,"Kembangkan sebuah konsep baru yang Anda sebut 'Realisme Kooperatif', yang memadukan pandangan Realisme tentang kepenting",C6-Mencipta,5.0,
sistem pembayaran upah,topic_fine,Sistem Pembayaran Upah,,,
sistem upah skala,concept,Sistem Upah Skala,C6-Mencipta,5.0,1.0
biaya hidup,concept,Biaya Hidup,C6-Mencipta,5.0,1.0
keuntungan pekerja,concept,Keuntungan Pekerja,C6-Mencipta,5.0,1.0
q_92d5046ba6,question,"Buatlah sebuah skenario di mana sistem upah ""indeks"" (berdasarkan biaya hidup) lebih menguntungkan pekerja daripada sist",C6-Mencipta,5.0,
analisis perbandingan sistem upah,concept,Analisis perbandingan sistem upah,,,
perancangan struktur kompensasi,concept,Perancangan struktur kompensasi,,,
penerapan kerja sama sosial,topic_fine,Penerapan Kerja Sama Sosial,,,
kerja sama (gotong royong),concept,Kerja Sama (Gotong Royong),C6-Mencipta,5.0,1.0
q_802f3ae493,question,Rancanglah sebuah poster sederhana yang berisi ajakan untuk melakukan kerja sama (gotong royong) di lingkungan sekolah!,C6-Mencipta,5.0,
syarat terjadinya interaksi sosial (kontak sosial dan komunikasi),concept,Syarat Terjadinya Interaksi Sosial (Kontak Sosial dan Komunikasi),,,
analisis bentuk-bentuk interaksi sosial,concept,Analisis bentuk-bentuk interaksi sosial,,,
penerapan konsep sosiologi dalam konteks sosial,concept,Penerapan konsep sosiologi dalam konteks sosial,,,
perjuangan tokoh lokal,topic_fine,Perjuangan Tokoh Lokal,,,
persatuan maluku dan papua,concept,Persatuan Maluku dan Papua,C6-Mencipta,5.0,1.0
semangat perjuangan,concept,Semangat Perjuangan,C6-Mencipta,5.0,1.0
q_0dd9c981c3,question,Ciptakan sebuah slogan atau semboyan yang merangkum semangat perjuangan Sultan Nuku dalam mempersatukan Maluku dan Papua,C6-Mencipta,5.0,
analisis peran tokoh sejarah,concept,Analisis peran tokoh sejarah,,,
penciptaan narasi/slogan,concept,Penciptaan narasi/slogan,,,
musim pancaroba,concept,Musim Pancaroba,C6-Mencipta,5.0,1.0
slogan kampanye kesehatan,concept,Slogan Kampanye Kesehatan,C6-Mencipta,5.0,1.0
q_4ad0827ad8,question,Rancanglah sebuah slogan yang terdiri dari maksimal 10 kata untuk kampanye kesehatan di sekolah saat menghadapi musim pa,C6-Mencipta,5.0,
memahami perbedaan cuaca dan iklim,concept,Memahami perbedaan cuaca dan iklim,,,
perancangan kampanye komunikasi,concept,Perancangan kampanye komunikasi,,,
transaksi ekonomi digital,concept,Transaksi Ekonomi Digital,C6-Mencipta,5.0,1.0
kewajiban pembayaran,concept,Kewajiban Pembayaran,C6-Mencipta,5.0,1.0
justifikasi ekonomi,concept,Justifikasi Ekonomi,C6-Mencipta,5.0,1.0
q_57abcea57d,question,Formulasikan sebuah usulan komponen baru dalam neraca pembayaran yang secara spesifik mencatat 'Transaksi Ekonomi Digita,C6-Mencipta,5.0,
analisis kebijakan moneter internasional,concept,Analisis Kebijakan Moneter Internasional,,,
sejarah nasionalisme indonesia,topic_coarse,Sejarah Nasionalisme Indonesia,,,
inspirasi budi utomo untuk pembangunan daerah,topic_fine,Inspirasi Budi Utomo untuk pembangunan daerah,,,
pendidikan budi utomo,concept,Pendidikan Budi Utomo,C6-Mencipta,5.0,1.0
program kerja organisasi mahasiswa,concept,Program kerja organisasi mahasiswa,C6-Mencipta,5.0,1.0
pembangunan daerah tertinggal,concept,Pembangunan daerah tertinggal,C6-Mencipta,5.0,1.0
q_4ecd063558,question,Gagaskan nama dan tiga program kerja utama untuk sebuah organisasi mahasiswa di masa kini yang terinspirasi oleh semanga,C6-Mencipta,5.0,
pengetahuan tentang budi utomo,concept,Pengetahuan tentang Budi Utomo,,,
peran organisasi mahasiswa dalam pembangunan,concept,Peran organisasi mahasiswa dalam pembangunan,,,
strategi pengembangan daerah tertinggal,concept,Strategi pengembangan daerah tertinggal,,,
beasiswa wirausaha muda,concept,Beasiswa Wirausaha Muda,C6-Mencipta,5.0,1.0
q_b72f06f21b,question,"Rancanglah sebuah program redistribusi pendapatan baru yang disebut 'Beasiswa Wirausaha Muda', yang menggabungkan elemen",C6-Mencipta,5.0,
konsep program sosial/ekonomi,concept,Konsep program sosial/ekonomi,,,
prinsip kredit lunak,concept,Prinsip kredit lunak,,,
prinsip asuransi,concept,Prinsip asuransi,,,
perancangan kebijakan publik,concept,Perancangan kebijakan publik,,,
analisis dampak program ekonomi,concept,Analisis dampak program ekonomi,,,
sidang panitia persiapan kemerdekaan indonesia,topic_fine,Sidang Panitia Persiapan Kemerdekaan Indonesia,,,
pengesahan uud 1945,concept,Pengesahan UUD 1945,C6-Mencipta,5.0,1.0
konsekuensi kegagalan konstitusi,concept,Konsekuensi kegagalan konstitusi,C6-Mencipta,5.0,1.0
q_cdfcda7236,question,"Buatlah skenario, apa yang akan terjadi jika Sidang PPKI I gagal mengesahkan UUD 1945!",C6-Mencipta,5.0,
proklamasi kemerdekaan 17 agustus 1945,concept,Proklamasi Kemerdekaan 17 Agustus 1945,,,
peran panitia persiapan kemerdekaan indonesia (ppki),concept,Peran Panitia Persiapan Kemerdekaan Indonesia (PPKI),,,
pembentukan struktur pemerintahan negara,concept,Pembentukan struktur pemerintahan negara,,,
warisan budaya hindu-buddha,topic_fine,Warisan Budaya Hindu-Buddha,,,
candi sebagai warisan budaya,concept,Candi sebagai warisan budaya,C6-Mencipta,5.0,1.0
perbandingan warisan budaya,concept,Perbandingan warisan budaya,C6-Mencipta,5.0,1.0
faktor penentu warisan budaya,concept,Faktor penentu warisan budaya,C6-Mencipta,5.0,1.0
q_bc1d0ef117,question,Susunlah sebuah hipotesis yang menjelaskan mengapa candi menjadi warisan budaya yang paling menonjol dari periode Hindu-,C6-Mencipta,5.0,
periode hindu-buddha di indonesia,concept,Periode Hindu-Buddha di Indonesia,,,
analisis warisan budaya non-fisik,concept,Analisis warisan budaya non-fisik,,,
studi perbandingan kebudayaan,concept,Studi perbandingan kebudayaan,,,
dampak peristiwa g30s dan supersemar,topic_fine,Dampak Peristiwa G30S dan Supersemar,,,
konsekuensi politik,concept,Konsekuensi politik,C6-Mencipta,5.0,2.0
era demokrasi terpimpin,concept,Era Demokrasi Terpimpin,C6-Mencipta,5.0,1.0
q_74c2eeb3de,question,Prediksikan apa yang akan terjadi jika Mayjen Soeharto tidak diberi Supersemar oleh Soekarno!,C6-Mencipta,5.0,
peran pki,concept,Peran PKI,C6-Mencipta,5.0,1.0
perkembangan politik pasca-g30s,concept,Perkembangan politik pasca-G30S,,,
q_99fd5fa970,question,Buatlah sebuah skenario fiktif di mana nilai PNB suatu negara bisa lebih besar daripada PDB-nya!,C6-Mencipta,5.0,
prinsip pengaturan kompetisi,topic_fine,Prinsip Pengaturan Kompetisi,,,
q_d7e47e35ea,question,Ciptakan sebuah 'aturan main' untuk sebuah kompetisi antarkelas yang dirancang sedemikian rupa untuk meminimalkan potens,C6-Mencipta,5.0,
pembentukan norma sosial,concept,Pembentukan Norma Sosial,,,
definisi alternatif ilmu ekonomi,topic_fine,Definisi Alternatif Ilmu Ekonomi,,,
kebutuhan tak terbatas vs sumber daya terbatas,concept,Kebutuhan tak terbatas vs sumber daya terbatas,C6-Mencipta,5.0,1.0
keberlanjutan (sustainability),concept,Keberlanjutan (Sustainability),C6-Mencipta,5.0,1.0
q_cb3bebdaff,question,"Kembangkan sebuah definisi alternatif tentang 'ilmu ekonomi' yang relevan untuk generasi muda saat ini, dengan memasukka",C6-Mencipta,5.0,
analisis kebijakan ekonomi modern,concept,Analisis kebijakan ekonomi modern,,,
strategi pengentasan kemiskinan,topic_fine,Strategi Pengentasan Kemiskinan,,,
pendekatan top-down,concept,Pendekatan Top-Down,C6-Mencipta,5.0,1.0
pendekatan bottom-up,concept,Pendekatan Bottom-Up,C6-Mencipta,5.0,1.0
proposal kebijakan,concept,Proposal Kebijakan,C6-Mencipta,5.0,1.0
q_2230066eb4,question,"Tuliskan sebuah proposal singkat (satu paragraf) yang ditujukan kepada kepala daerah, mengusulkan peralihan dari pendeka",C6-Mencipta,5.0,
pemahaman konsep pembangunan,concept,Pemahaman konsep Pembangunan,,,
analisis kebijakan,concept,Analisis Kebijakan,,,
q_863d19343f,question,Susunlah sebuah ide untuk 'Dialog Budaya' antara Indonesia dan Malaysia yang bertujuan untuk memperkuat pemahaman bersam,C6-Mencipta,5.0,
analisis dampak kerja sama,concept,Analisis dampak kerja sama,,,
pemanasan global dan mitigasi,topic_fine,Pemanasan Global dan Mitigasi,,,
pengurangan jejak karbon,concept,Pengurangan Jejak Karbon,C6-Mencipta,5.0,1.0
q_ee47993405,question,"Rancanglah sebuah poster kampanye yang ditujukan untuk siswa SMA, yang mengkomunikasikan tiga tindakan sederhana untuk m",C6-Mencipta,5.0,
energi terbarukan,concept,Energi Terbarukan,,,
perbedaan cuaca dan perubahan iklim,topic_fine,Perbedaan Cuaca dan Perubahan Iklim,,,
perbedaan jangka waktu,concept,Perbedaan Jangka Waktu,C6-Mencipta,5.0,1.0
q_0c4ded2c38,question,"Rancanglah sebuah poster sederhana yang ditujukan untuk siswa SMP, yang secara visual menjelaskan perbedaan antara cuaca",C6-Mencipta,5.0,
pemahaman dasar tentang cuaca,concept,Pemahaman dasar tentang cuaca,,,
variabel iklim,concept,Variabel Iklim,,,
strategi alternatif tokoh sejarah,topic_fine,Strategi alternatif tokoh sejarah,,,
perlawanan terhadap bangsa asing,concept,Perlawanan terhadap bangsa asing,C6-Mencipta,5.0,1.0
dukungan asing,concept,Dukungan asing,C6-Mencipta,5.0,1.0
q_c03907ed87,question,Rancanglah sebuah strategi alternatif bagi Sultan Nuku jika seandainya Inggris menolak untuk memberikan dukungan kepadan,C6-Mencipta,5.0,
sejarah lokal maluku,concept,Sejarah lokal Maluku,,,
kondisi politik tahun 1794,concept,Kondisi politik tahun 1794,,,
peran tokoh dalam diplomasi,concept,Peran tokoh dalam diplomasi,,,
alasan durasi wajib belajar 9 tahun,topic_fine,Alasan durasi Wajib Belajar 9 tahun,,,
q_b9fbd046bc,question,"Buatlah hipotesis, mengapa program Wajib Belajar awalnya hanya 9 tahun dan tidak langsung 12 tahun!",C6-Mencipta,5.0,
analisis kausalitas,method,Analisis Kausalitas,,,
pemahaman kebijakan era reformasi,concept,Pemahaman Kebijakan Era Reformasi,,,
konsep alokasi anggaran negara,concept,Konsep Alokasi Anggaran Negara,,,
analisis efektivitas program bos,concept,Analisis Efektivitas Program BOS,,,
perbandingan kebijakan pendidikan sebelumnya,concept,Perbandingan Kebijakan Pendidikan Sebelumnya,,,
pengurangan emisi sekolah,topic_fine,Pengurangan Emisi Sekolah,,,
program sekolah hijau,concept,Program Sekolah Hijau,C6-Mencipta,5.0,1.0
q_c812d9955d,question,Susunlah proposal singkat untuk program 'Sekolah Hijau' yang menargetkan pengurangan emisi dari tiga sumber berbeda yang,C6-Mencipta,5.0,
solusi energi terbarukan,concept,Solusi Energi Terbarukan,,,
pertumbuhan ekonomi dan teori,topic_fine,Pertumbuhan Ekonomi dan Teori,,,
akumulasi modal,concept,Akumulasi Modal,C6-Mencipta,5.0,1.0
investasi sumber daya manusia,concept,Investasi Sumber Daya Manusia,C6-Mencipta,5.0,1.0
teori endogen,concept,Teori Endogen,C6-Mencipta,5.0,1.0
q_8e9543ff33,question,Buatlah hipotesis mengenai hasil pertumbuhan ekonomi jangka panjang suatu negara jika negara tersebut hanya berfokus pad,C6-Mencipta,5.0,
model pertumbuhan ekonomi,concept,Model Pertumbuhan Ekonomi,,,
perumusan kebijakan pertumbuhan ekonomi,topic_fine,Perumusan Kebijakan Pertumbuhan Ekonomi,,,
kerangka kebijakan ekonomi,concept,Kerangka Kebijakan Ekonomi,C6-Mencipta,5.0,1.0
q_d66b606329,question,Rancanglah sebuah kerangka kebijakan ekonomi sederhana untuk negara fiktif 'Astoria' yang bertujuan mencapai pertumbuhan,C6-Mencipta,5.0,
prinsip teori klasik,concept,Prinsip Teori Klasik,,,
prinsip teori harrod-domar,concept,Prinsip Teori Harrod-Domar,,,
respon kebijakan terhadap resistensi,topic_fine,Respon Kebijakan terhadap Resistensi,,,
resistensi mahasiswa (malari),concept,Resistensi Mahasiswa (Malari),C6-Mencipta,5.0,1.0
kebijakan pemerintah (nkk/bkk),concept,Kebijakan Pemerintah (NKK/BKK),C6-Mencipta,5.0,1.0
respons otoritas,concept,Respons Otoritas,C6-Mencipta,5.0,1.0
q_15d877180e,question,"Buatlah hipotesis, mengapa resistensi mahasiswa (Malari) ditanggapi dengan kebijakan (NKK/BKK), sementara resistensi eli",C6-Mencipta,5.0,
dampak kebijakan orde baru,concept,Dampak Kebijakan Orde Baru,,,
studi kasus penindasan politik,concept,Studi Kasus Penindasan Politik,,,
dampak peristiwa g30s 1965,topic_fine,Dampak Peristiwa G30S 1965,,,
q_526070b1de,question,Prediksikan nasib TRITURA jika G30S 1965 tidak pernah terjadi!,C6-Mencipta,5.0,
isi tuntutan tritura,concept,Isi tuntutan TRITURA,,,
sejarah dan budaya nusantara,topic_coarse,Sejarah dan Budaya Nusantara,,,
pengaruh hindu-buddha melalui perdagangan,topic_fine,Pengaruh Hindu-Buddha melalui perdagangan,,,
pengaruh budaya dan agama hindu-buddha,concept,Pengaruh budaya dan agama Hindu-Buddha,C6-Mencipta,5.0,1.0
komoditas unggulan,concept,Komoditas unggulan,C6-Mencipta,5.0,1.0
q_891120d0aa,question,Buatlah sebuah diagram alur (flowchart) yang menggambarkan proses masuknya pengaruh budaya dan agama Hindu-Buddha ke Nus,C6-Mencipta,5.0,
kerajaan bercorak hindu-buddha,concept,Kerajaan bercorak Hindu-Buddha,,,
program mengatasi sampah plastik,topic_fine,Program mengatasi sampah plastik,,,
kearifan lokal (daur ulang),concept,Kearifan Lokal (Daur Ulang),C6-Mencipta,5.0,1.0
prinsip komunitas (tujuan bersama),concept,Prinsip Komunitas (Tujuan Bersama),C6-Mencipta,5.0,1.0
q_fe026e3955,question,"Buatlah sebuah gagasan program pemberdayaan komunitas untuk mengatasi masalah sampah plastik di lingkungan sekolahmu, de",C6-Mencipta,5.0,
perencanaan program,concept,Perencanaan Program,,,
implementasi solusi sosial,concept,Implementasi Solusi Sosial,,,
sejarah dan media,topic_coarse,Sejarah dan Media,,,
verifikasi informasi melalui studi kasus,topic_fine,Verifikasi Informasi melalui Studi Kasus,,,
propaganda kemenangan jepang,concept,Propaganda Kemenangan Jepang,C6-Mencipta,5.0,1.0
verifikasi informasi,concept,Verifikasi Informasi,C6-Mencipta,5.0,1.0
q_6c4b083fef,question,"Kembangkan sebuah ide kampanye media sosial untuk siswa SMA tentang pentingnya memverifikasi informasi, dengan menggunak",C6-Mencipta,5.0,
pemahaman tentang perang dunia ii,concept,Pemahaman tentang Perang Dunia II,,,
konsep dasar propaganda,concept,Konsep dasar propaganda,,,
analisis efektivitas kampanye,concept,Analisis Efektivitas Kampanye,,,
etika media digital,concept,Etika Media Digital,,,
sejarah perlawanan indonesia,topic_coarse,Sejarah Perlawanan Indonesia,,,
evolusi perlawanan sebelum dan sesudah 1908,topic_fine,Evolusi Perlawanan Sebelum dan Sesudah 1908,,,
q_5f44ac03f8,question,Rancanglah sebuah skema atau diagram alur yang menggambarkan evolusi perlawanan bangsa Indonesia dari sebelum 1908 hingg,C6-Mencipta,5.0,
perjuangan nasional,concept,Perjuangan Nasional,,,
sejarah nasionalisme asia,topic_coarse,Sejarah Nasionalisme Asia,,,
perdebatan strategi kemajuan bangsa,topic_fine,Perdebatan strategi kemajuan bangsa,,,
perlawanan moral,concept,Perlawanan Moral,C6-Mencipta,5.0,1.0
kekuatan militer dan industri,concept,Kekuatan Militer dan Industri,C6-Mencipta,5.0,1.0
q_0005f30809,question,Tuliskan sebuah skenario dialog imajiner antara Mahatma Gandhi dan Kaisar Meiji yang memperdebatkan cara terbaik untuk m,C6-Mencipta,5.0,
perbandingan ideologi politik,concept,Perbandingan Ideologi Politik,,,
studi kasus kebangkitan bangsa,concept,Studi Kasus Kebangkitan Bangsa,,,
geografi sosial wilayah,topic_coarse,Geografi Sosial Wilayah,,,
pengukuran kesehatan sosial desa,topic_fine,Pengukuran Kesehatan Sosial Desa,,,
indeks alternatif,concept,Indeks alternatif,C6-Mencipta,5.0,1.0
kesehatan sosial desa,concept,Kesehatan sosial desa,C6-Mencipta,5.0,1.0
"karakteristik desa (kekerabatan, gotong royong, sistem sosial)",concept,"Karakteristik desa (kekerabatan, gotong royong, sistem sosial)",C6-Mencipta,5.0,1.0
q_4df24a0e0f,question,"Buatlah sebuah konsep 'indeks' alternatif selain IDM untuk mengukur 'kesehatan sosial' sebuah desa, dengan menggunakan t",C6-Mencipta,5.0,
konsep desa dan perkotaan,concept,Konsep desa dan perkotaan,,,
pengukuran indeks,concept,Pengukuran indeks,,,
pengembangan kebijakan sosial desa,concept,Pengembangan kebijakan sosial desa,,,
proses perumusan naskah proklamasi,topic_fine,Proses Perumusan Naskah Proklamasi,,,
perdebatan golongan tua dan muda,concept,Perdebatan Golongan Tua dan Muda,C6-Mencipta,5.0,1.0
negosiasi di rengasdengklok,concept,Negosiasi di Rengasdengklok,C6-Mencipta,5.0,1.0
perumusan naskah proklamasi,concept,Perumusan Naskah Proklamasi,C6-Mencipta,5.0,1.0
q_950c57e2e1,question,"Buatlah sebuah naskah drama singkat dengan tiga adegan yang menggambarkan: perdebatan golongan tua dan muda, negosiasi d",C6-Mencipta,5.0,
latar belakang kekalahan jepang dalam pd ii,concept,Latar belakang kekalahan Jepang dalam PD II,,,
pembacaan naskah proklamasi,concept,Pembacaan Naskah Proklamasi,,,
perubahan iklim dan adaptasi,topic_coarse,Perubahan Iklim dan Adaptasi,,,
konsep desa tangguh iklim pesisir,topic_fine,Konsep Desa Tangguh Iklim Pesisir,,,
hilangnya sumber daya tambak,concept,Hilangnya sumber daya tambak,C6-Mencipta,5.0,1.0
desa tangguh iklim,concept,Desa tangguh iklim,C6-Mencipta,5.0,1.0
solusi adaptasi,concept,Solusi adaptasi,C6-Mencipta,5.0,1.0
q_4fb2cb20ea,question,Rancanglah sebuah konsep 'desa tangguh iklim' di wilayah pesisir Demak yang mengintegrasikan solusi untuk masalah kenaik,C6-Mencipta,5.0,
perancangan kebijakan mitigasi dan adaptasi,concept,Perancangan kebijakan mitigasi dan adaptasi,,,
pengembangan model ekosistem pesisir berkelanjutan,concept,Pengembangan model ekosistem pesisir berkelanjutan,,,
geopolitik dan indonesia,topic_coarse,Geopolitik dan Indonesia,,,
aspek strategis wilayah geografis,topic_fine,Aspek Strategis Wilayah Geografis,,,
geopolitik (definisi),concept,Geopolitik (definisi),C6-Mencipta,5.0,1.0
"aspek strategis wilayah (lokasi, luas, sumber daya alam)",concept,"Aspek strategis wilayah (lokasi, luas, sumber daya alam)",C6-Mencipta,5.0,1.0
q_daddd699a8,question,Ciptakan sebuah slogan beserta tiga poin penjelasannya untuk kampanye 'Indonesia: Poros Maritim Dunia' yang didasarkan s,C6-Mencipta,5.0,
kesenjangan budaya era digital,topic_fine,Kesenjangan Budaya Era Digital,,,
cultural lag,concept,Cultural Lag,C6-Mencipta,5.0,1.0
teknologi (budaya material),concept,Teknologi (Budaya Material),C6-Mencipta,5.0,1.0
nilai sosial (budaya non-material),concept,Nilai Sosial (Budaya Non-Material),C6-Mencipta,5.0,1.0
kebijakan inovatif,concept,Kebijakan Inovatif,C6-Mencipta,5.0,1.0
q_b46b22b60a,question,Gagaskan sebuah kebijakan inovatif di tingkat sekolah yang dapat membantu siswa menyeimbangkan antara penggunaan teknolo,C6-Mencipta,5.0,
pemahaman tentang neokolonialisme,concept,Pemahaman tentang Neokolonialisme,,,
konsep budaya material dan non-material,concept,Konsep Budaya Material dan Non-Material,,,
analisis dampak kebijakan,concept,Analisis Dampak Kebijakan,,,
strategi adaptasi sosial,concept,Strategi Adaptasi Sosial,,,
pendidikan dan pengembangan sdm,topic_coarse,Pendidikan dan Pengembangan SDM,,,
perancangan program keahlian teknologi,topic_fine,Perancangan Program Keahlian Teknologi,,,
pengembangan sumber daya manusia,concept,Pengembangan Sumber Daya Manusia,C6-Mencipta,5.0,1.0
keahlian teknologi,concept,Keahlian Teknologi,C6-Mencipta,5.0,1.0
sistem pendidikan,concept,Sistem Pendidikan,C6-Mencipta,5.0,1.0
q_87508a4f7d,question,Buatlah sebuah kerangka program untuk meningkatkan 'sumber daya manusia yang memiliki keahlian khusus di bidang teknolog,C6-Mencipta,5.0,
pemahaman tentang kebutuhan sdm,concept,Pemahaman tentang kebutuhan SDM,,,
pengetahuan tentang teknologi,concept,Pengetahuan tentang teknologi,,,
implementasi program pelatihan,concept,Implementasi Program Pelatihan,,,
evaluasi kurikulum teknologi,concept,Evaluasi Kurikulum Teknologi,,,
ekonomi dan keberlanjutan,topic_coarse,Ekonomi dan Keberlanjutan,,,
ekonomi sirkular dan kampanye,topic_fine,Ekonomi Sirkular dan Kampanye,,,
ekonomi sirkular,concept,Ekonomi Sirkular,C6-Mencipta,5.0,1.0
pabrik daur ulang pet,concept,Pabrik Daur Ulang PET,C6-Mencipta,5.0,1.0
q_2f34145a45,question,"Susunlah sebuah slogan dan tiga poin kampanye untuk mengajak masyarakat berpartisipasi dalam ekonomi sirkular, terinspir",C6-Mencipta,5.0,
konsep ekonomi sirkular,concept,Konsep Ekonomi Sirkular,,,
penerapan prinsip pembangunan berkelanjutan,concept,Penerapan Prinsip Pembangunan Berkelanjutan,,,
